gamma,n_0,A_V_max,M_gas,r_out
0.0,1.0,0.3723038669202102,2709836090.7978516,2969.183015992889
0.02247191011235955,1.0,0.33830940138657056,2907597755.045037,3251.0626272019053
0.0449438202247191,1.0,0.3069263565582558,3137935085.3014083,3573.7417346585094
0.06741573033707865,1.0,0.2780309899989263,3406471769.498267,3943.9779473488993
0.0898876404494382,1.0,0.2514874613624533,3720167412.44001,4369.936456794493
0.11235955056179775,1.0,0.22699727409497297,4078702333.6236115,4857.861055138572
0.1348314606741573,1.0,0.20314671820883148,4396585829.113766,5379.165915706182
0.15730337078651685,1.0,0.18026281538183084,4655268599.091568,5930.362821547333
0.1797752808988764,1.0,0.15886943925816438,4863426806.188473,6518.574687788951
0.20224719101123595,1.0,0.1392126028449019,5026637409.20003,7149.714596517445
0.2247191011235955,1.0,0.121397662358754,5151710781.439056,7830.762540952056
0.24719101123595505,1.0,0.1054298442471169,5246132948.318045,8570.021020537637
0.2696629213483146,1.0,0.09125637897221973,5319793478.5289545,9378.794166167516
0.29213483146067415,1.0,0.07431827755601733,4322781510.198546,9476.201084119359
0.3146067415730337,1.0,0.06002221570090288,3390244965.4076247,9449.870938752587
0.33707865168539325,1.0,0.048557829930197464,2662194382.7868986,9426.112714280707
0.3595505617977528,1.0,0.03932037488117654,2086642631.9130592,9394.143997116651
0.38202247191011235,1.0,0.03187158325373675,1632156522.3691294,9353.171266447787
0.4044943820224719,1.0,0.02588716699539996,1279410974.3671572,9318.256761858593
0.42696629213483145,1.0,0.02105826421057754,1002515914.2808689,9280.462063638743
0.449438202247191,1.0,0.01714714570911514,783073349.888937,9229.819849598378
0.47191011235955055,1.0,0.013980261865161823,610126127.2104226,9168.573711881412
0.4943820224719101,1.0,0.011429633915063863,477280502.59866977,9120.38908297151
0.5168539325842696,1.0,0.009350722344771013,370899671.665318,9046.769617786975
0.5393258426966292,1.0,0.00767185011558942,289260871.0444206,8984.760445298149
0.5617977528089888,1.0,0.0063053341472470974,224947654.91987687,8910.973562883973
0.5842696629213483,1.0,0.005188469911155241,173714689.29064497,8810.32508107006
0.6067415730337078,1.0,0.004285728551589786,135069841.00532424,8733.287441520935
0.6292134831460674,1.0,0.0035454685251395304,104245283.15227087,8627.913178076084
0.651685393258427,1.0,0.0029405184357734725,80221276.69899073,8510.774445597332
0.6741573033707865,1.0,0.0024474904490744036,61894469.40172004,8401.918614381066
0.696629213483146,1.0,0.0020398710671627124,47075188.63958471,8240.507961721989
0.7191011235955056,1.0,0.0017084293978910825,36126775.49757583,8110.507921126952
0.7415730337078652,1.0,0.0014334303875004131,27291507.59756762,7924.165843487964
0.7640449438202247,1.0,0.0012085064715664357,20738867.07968808,7758.491213513838
0.7865168539325842,1.0,0.001022956336714319,15727112.720170677,7585.5618436944615
0.8089887640449438,1.0,0.0008686331260636718,11779653.085723968,7370.865541917451
0.8314606741573034,1.0,0.0007395570512711341,8631102.199901847,7085.387523873394
0.8539325842696629,1.0,0.0006334412762030015,6384925.955758807,6835.36789019568
0.8764044943820224,1.0,0.0005448960235746083,4676076.526470273,6557.688849172025
0.898876404494382,1.0,0.00047052430766265127,3356020.711908393,6225.149496159806
0.9213483146067416,1.0,0.0004081646189153641,2371956.160879683,5859.092685920407
0.9438202247191011,1.0,0.0003556605328976784,1641700.0832842984,5451.131353705626
0.9662921348314606,1.0,0.0003123981507845384,1176887.5692917777,5151.386695466807
0.9887640449438202,1.0,0.0002747198426326716,776191.2175131819,4664.264805303376
1.0112359550561798,1.0,0.00024314419728151674,514085.54102085123,4222.41451871966
1.0337078651685392,1.0,0.00021620335757827484,330242.77403943933,3754.686448870412
1.0561797752808988,1.0,0.00019354544509132777,215943.43632115447,3360.0331534374977
1.0786516853932584,1.0,0.00017338135663505033,123348.81641309267,2795.098903255905
1.101123595505618,1.0,0.00015691991291244878,79479.72801749985,2466.5117740408946
1.1235955056179776,1.0,0.00014211719922714198,44317.77392333096,2008.9423430423476
1.146067415730337,1.0,0.00012955327289749282,25552.187041391608,1657.6545388705674
1.1685393258426966,1.0,0.00011779018670872049,11153.397194473177,1169.338297483451
1.1910112359550562,1.0,0.00010883307712527528,7300.443872221708,1022.9532191150433
1.2134831460674156,1.0,0.00010055,4067.665208041747,814.9299860363776
1.2359550561797752,1.0,9.299695900844078e-05,2000.5799591945224,601.3312839780116
1.2584269662921348,1.0,8.652066674612571e-05,1073.8938763383278,462.88851301215584
1.2808988764044944,1.0,8.037175138463189e-05,467.2088009101221,313.1431245843425
1.303370786516854,1.0,7.546976501846797e-05,282.07749619395355,254.29975223137754
1.3258426966292134,1.0,7.074552407989705e-05,141.26440790976892,183.6452636015246
1.348314606741573,1.0,6.60162900329463e-05,54.20264187517118,111.86325318149406
1.3707865168539326,1.0,6.248822657722413e-05,33.73709334426278,90.44073474258253
1.393258426966292,1.0,5.935070353606502e-05,22.249714694554687,75.34403084116718
1.4157303370786516,1.0,5.62858136196473e-05,13.051609364321898,57.986101535700676
1.4382022471910112,1.0,5.375033434967439e-05,9.325870767846986,50.2497205602074
1.4606741573033708,1.0,5.055519086054591e-05,3.866019409713228,30.445541952945632
1.4831460674157304,1.0,4.895841750266061e-05,3.967161569204553,33.02455712917651
1.5056179775280898,1.0,4.6761305022927674e-05,2.5280877423284482,26.10803059879338
1.5280898876404494,1.0,4.40135788176115e-05,1.0740769455671684,15.564156223440435
1.550561797752809,1.0,4.307087077488156e-05,1.2846433591556454,18.628803477407516
1.5730337078651684,1.0,4.08244050318242e-05,0.650198722421634,12.286417762088968
1.595505617977528,1.0,3.929352387921016e-05,0.48744711341212965,10.571845461802193
1.6179775280898876,1.0,3.822021912619612e-05,0.45756448680809836,10.643911224957161
1.6404494382022472,1.0,3.707674530540641e-05,0.3982319296747516,10.139925720999544
1.6629213483146068,1.0,3.5421433925601104e-05,0.24502327526061143,7.45342988961615
1.6853932584269662,1.0,3.4081180353144956e-05,0.1784541481054079,6.16216553044302
1.7078651685393258,1.0,3.356439815406792e-05,0.20075646503976113,7.0599453380272355
1.7303370786516854,1.0,3.160389463391968e-05,0.10049953590771278,4.334438899201295
1.7528089887640448,1.0,3.160389463391968e-05,0.13924916854947006,5.836544569451093
1.7752808988764044,1.0,3.0573063926726976e-05,0.10887583024345977,5.020461036595493
1.797752808988764,1.0,2.926994583980243e-05,0.07316607489441328,3.8027666830441054
1.8202247191011236,1.0,2.8480811166754316e-05,0.06360868961359799,3.52882989953006
1.8426966292134832,1.0,2.7966827752877878e-05,0.06260694472282188,3.6213297508556654
1.8651685393258426,1.0,2.7443438783362984e-05,0.06091146271220285,3.682676760382342
1.8876404494382022,1.0,2.6386208510755704e-05,0.04438348303580515,2.923736385296229
1.9101123595505618,1.0,2.5873271874818293e-05,0.04216027021519908,2.9014635035234426
1.9325842696629212,1.0,2.536059157902878e-05,0.039727824940784785,2.8577983447027955
1.9550561797752808,1.0,2.4772791793018466e-05,0.03571752631878224,2.6972309562649315
1.9775280898876404,1.0,2.418499200700815e-05,0.0318459121250069,2.5217226018498136
2.0,1.0,2.352089713120501e-05,0.027196119794970695,2.2620675070368246
0.0,1.1114029869356505,0.3937043270874628,2594352757.234267,2825.151764695629
0.02247191011235955,1.1114029869356505,0.3578994803318648,2777403011.593188,3089.2440800031404
0.0449438202247191,1.1114029869356505,0.3248135706724441,2990742125.341245,3391.475793777824
0.06741573033707865,1.1114029869356505,0.29432512220194207,3239417722.02004,3738.0616112138187
0.0898876404494382,1.1114029869356505,0.26633596141272237,3531249238.419539,4137.130178453825
0.11235955056179775,1.1114029869356505,0.24062286435535735,3871035655.1395125,4596.60606444484
0.1348314606741573,1.1114029869356505,0.2162484782838845,4217154280.6928554,5106.14307199958
0.15730337078651685,1.1114029869356505,0.1925599967646271,4504396454.408383,5644.102077856678
0.1797752808988764,1.1114029869356505,0.17014343282786726,4734283453.451518,6214.678552772967
0.20224719101123595,1.1114029869356505,0.14947449800909135,4924214956.436084,6829.226476016475
0.2247191011235955,1.1114029869356505,0.1305720618639864,5065484334.751594,7487.14066327238
0.24719101123595505,1.1114029869356505,0.11358160184712585,5176392579.306583,8201.636890449976
0.2696629213483146,1.1114029869356505,0.09840116718588922,5254406769.108063,8976.13778966361
0.29213483146067415,1.1114029869356505,0.08265783556682361,4787289537.480424,9455.891446317202
0.3146067415730337,1.1114029869356505,0.06679102010089705,3764939473.104367,9440.295822032182
0.33707865168539325,1.1114029869356505,0.05399609395782595,2950579148.2592444,9410.529450287664
0.3595505617977528,1.1114029869356505,0.04372223047057248,2313750985.002998,9380.98351074966
0.38202247191011235,1.1114029869356505,0.03546186696156654,1815602875.8288207,9352.09368195079
0.4044943820224719,1.1114029869356505,0.028785029547360355,1420137165.2839735,9310.070203969128
0.42696629213483145,1.1114029869356505,0.02340848315371239,1111787856.298319,9269.551166899204
0.449438202247191,1.1114029869356505,0.019064023477812345,869405778.641569,9223.401738788196
0.47191011235955055,1.1114029869356505,0.015545242886885847,678070041.8732939,9166.161339612821
0.4943820224719101,1.1114029869356505,0.01270193289088056,529143594.0907816,9109.476393019562
0.5168539325842696,1.1114029869356505,0.010398062591022193,412593998.3113114,9048.418975718654
0.5393258426966292,1.1114029869356505,0.008527127324731999,321074893.2184023,8978.679750865485
0.5617977528089888,1.1114029869356505,0.007008697379076714,249819414.90301022,8907.010916585643
0.5842696629213483,1.1114029869356505,0.00577094556695895,193667304.45852807,8820.611931550386
0.6067415730337078,1.1114029869356505,0.004762005070803006,149717942.25356704,8722.696576913113
0.6292134831460674,1.1114029869356505,0.0039416923499426375,115963001.4988138,8630.4347969153
0.651685393258427,1.1114029869356505,0.00326967311441993,89352604.73349339,8518.02271137535
0.6741573033707865,1.1114029869356505,0.002719127351270543,68550523.66586682,8388.794289933589
0.696629213483146,1.1114029869356505,0.002267516362934232,52343726.10521413,8241.69012524884
0.7191011235955056,1.1114029869356505,0.0018980384084603024,40005263.336203486,8097.148144880197
0.7415730337078652,1.1114029869356505,0.001594705395262752,30558222.573798392,7949.945028882328
0.7640449438202247,1.1114029869356505,0.0013432280088859277,23047971.889084205,7758.002598315058
0.7865168539325842,1.1114029869356505,0.0011368767068005484,17463055.446656205,7582.147632527186
0.8089887640449438,1.1114029869356505,0.0009646821741238782,12988288.949333541,7343.956005584251
0.8314606741573034,1.1114029869356505,0.0008223423186499727,9636943.202771971,7100.273543946394
0.8539325842696629,1.1114029869356505,0.0007040256564349465,7094668.408345628,6834.508863468134
0.8764044943820224,1.1114029869356505,0.0006058902219666966,5225600.172868255,6574.517014551809
0.898876404494382,1.1114029869356505,0.0005230464117769845,3738202.3069395167,6231.630561549704
0.9213483146067416,1.1114029869356505,0.00045431713326106395,2693571.871263105,5919.993679689113
0.9438202247191011,1.1114029869356505,0.0003957702232011611,1860046.4365329943,5502.309349073441
0.9662921348314606,1.1114029869356505,0.0003471598149710384,1304796.5888444034,5145.115525585811
0.9887640449438202,1.1114029869356505,0.00030577959683715777,887163.9546170406,4729.611847201209
1.0112359550561798,1.1114029869356505,0.0002699815158703689,560214.7715519388,4180.763242115695
1.0337078651685392,1.1114029869356505,0.00024033662157730694,368550.0889819743,3762.532511236078
1.0561797752808988,1.1114029869356505,0.00021498927911072936,236639.0724140559,3335.7099322792765
1.0786516853932584,1.1114029869356505,0.00019291314245732292,141292.4208230181,2839.3423112240325
1.101123595505618,1.1114029869356505,0.00017338135663505033,74262.57675642746,2251.0970063077907
1.1235955056179776,1.1114029869356505,0.00015779124722368527,47682.08803129788,1974.4801896413992
1.146067415730337,1.1114029869356505,0.00014401398985950636,28579.81209394797,1663.3336602522902
1.1685393258426966,1.1114029869356505,0.00013159499943961257,14955.544082951057,1295.5369615323887
1.1910112359550562,1.1114029869356505,0.00012074049425117716,7569.886979282901,984.4562859391021
1.2134831460674156,1.1114029869356505,0.00011160793328716918,4289.862358796023,791.3529222950704
1.2359550561797752,1.1114029869356505,0.00010330412775103146,2175.864232713938,593.9979922191724
1.2584269662921348,1.1114029869356505,9.569170899114191e-05,972.2543925114219,411.47213019566425
1.2808988764044944,1.1114029869356505,8.909017955744464e-05,465.48997105373036,293.8502442156478
1.303370786516854,1.1114029869356505,8.375794131421127e-05,294.97101037953547,245.3283317781967
1.3258426966292134,1.1114029869356505,7.850135789163702e-05,146.89416923012033,176.48810763296146
1.348314606741573,1.1114029869356505,7.415492848146643e-05,91.81015306922913,144.37015214427197
1.3707865168539326,1.1114029869356505,6.961956004400619e-05,41.1327192733024,95.72828013907571
1.393258426966292,1.1114029869356505,6.60162900329463e-05,25.49358572238856,76.78621454750228
1.4157303370786516,1.1114029869356505,6.248822657722413e-05,13.950729683523232,56.575909226635886
1.4382022471910112,1.1114029869356505,5.935070353606502e-05,8.26293665886889,43.463404628430986
1.4606741573033708,1.1114029869356505,5.7025040734266624e-05,6.946329307016943,41.59095032201433
1.4831460674157304,1.1114029869356505,5.375033434967439e-05,3.010223413755319,25.68157416616591
1.5056179775280898,1.1114029869356505,5.203057429431195e-05,2.912993775074292,26.745739556238973
1.5280898876404494,1.1114029869356505,4.94942966376601e-05,1.6214710074966778,19.15797424929412
1.550561797752809,1.1114029869356505,4.7886659232661646e-05,1.4428129753978751,18.76384102066931
1.5730337078651684,1.1114029869356505,4.547876500377161e-05,0.7639298709903102,12.772891616959612
1.595505617977528,1.1114029869356505,4.40135788176115e-05,0.6497115021654708,12.026431583641719
1.6179775280898876,1.1114029869356505,4.2549595976893116e-05,0.5291534860272249,10.953026228558212
1.6404494382022472,1.1114029869356505,4.08244050318242e-05,0.3588447833376925,8.697589298817268
1.6629213483146068,1.1114029869356505,3.929352387921016e-05,0.2624048801513058,7.251193245237352
1.6853932584269662,1.1114029869356505,3.822021912619612e-05,0.2349167329333021,6.99940719877088
1.7078651685393258,1.1114029869356505,3.707674530540641e-05,0.19758798137459466,6.432862313641068
1.7303370786516854,1.1114029869356505,3.60404458494455e-05,0.1713156515572138,6.035805467670367
1.7528089887640448,1.1114029869356505,3.480242200175671e-05,0.130913491136391,5.115169496282549
1.7752808988764044,1.1114029869356505,3.4081180353144956e-05,0.12765780954637576,5.240227074955168
1.797752808988764,1.1114029869356505,3.25841463939938e-05,0.0832652490274048,3.8761101921309935
1.8202247191011236,1.1114029869356505,3.160389463391968e-05,0.06918507918955104,3.467081985017232
1.8426966292134832,1.1114029869356505,3.108835045869034e-05,0.06977263864157279,3.6295955682770713
1.8651685393258426,1.1114029869356505,3.0573063926726976e-05,0.07020086792042429,3.7978764583988944
1.8876404494382022,1.1114029869356505,2.926994583980243e-05,0.04816990292472476,2.8651883235254934
1.9101123595505618,1.1114029869356505,2.8480811166754316e-05,0.041676761700695744,2.622403810867227
1.9325842696629212,1.1114029869356505,2.7966827752877878e-05,0.04008319924971214,2.6252508968333808
1.9550561797752808,1.1114029869356505,2.7443438783362984e-05,0.03814611175297939,2.6032034508826998
1.9775280898876404,1.1114029869356505,2.6920049813848087e-05,0.03604576640183121,2.563630351440866
2.0,1.1114029869356505,2.6386208510755704e-05,0.03364971188294249,2.494915391718938
0.0,1.2352165993694857,0.416490153254878,2486577912.1401806,2689.1123314339534
0.02247191011235955,1.2352165993694857,0.3786924748713651,2654226026.0433893,2935.8699263668846
0.0449438202247191,1.2352165993694857,0.3438150752369175,2851766436.3536334,3218.908868582751
0.06741573033707865,1.2352165993694857,0.311642385705561,3081914106.3423715,3543.287696278553
0.0898876404494382,1.2352165993694857,0.2820441035714998,3350359820.5579495,3915.928726039546
0.11235955056179775,1.2352165993694857,0.2548734341692436,3663973097.1623883,4345.137497865091
0.1348314606741573,1.2352165993694857,0.22981838249617006,4022178712.6878176,4837.216426681822
0.15730337078651685,1.2352165993694857,0.2054580259796012,4340007068.952473,5363.405692190881
0.1797752808988764,1.2352165993694857,0.1821215235382604,4598368097.511902,5919.944886783213
0.20224719101123595,1.2352165993694857,0.1603445618222363,4806396935.479774,6514.279671438071
0.2247191011235955,1.2352165993694857,0.14037018116538008,4969750674.329072,7152.493138701111
0.24719101123595505,1.2352165993694857,0.12230419076769353,5096361197.034417,7842.364944593586
0.2696629213483146,1.2352165993694857,0.10614148124725918,5194004360.92376,8592.76174870006
0.29213483146067415,1.2352165993694857,0.09176241565908416,5260655890.3428545,9407.756351506043
0.3146067415730337,1.2352165993694857,0.07431827755601733,4177092272.8789997,9426.577239532935
0.33707865168539325,1.2352165993694857,0.060091115905661484,3278556827.4116874,9403.230027628093
0.3595505617977528,1.2352165993694857,0.04861857291201935,2564623749.2988462,9365.933343783465
0.38202247191011235,1.2352165993694857,0.03944407414842475,2016068676.351409,9344.158699791948
0.4044943820224719,1.2352165993694857,0.032011256532842605,1576565610.5070863,9301.971328974138
0.42696629213483145,1.2352165993694857,0.02603526230422271,1235553699.8255785,9265.812080283564
0.449438202247191,1.2352165993694857,0.02119311169418727,964528962.353946,9213.96315957024
0.47191011235955055,1.2352165993694857,0.01728151582363969,752572407.5296524,9158.645891674652
0.4943820224719101,1.2352165993694857,0.014122199807442011,587798831.2625765,9105.502501012661
0.5168539325842696,1.2352165993694857,0.011559386708536113,458206995.42766106,9043.780601965187
0.5393258426966292,1.2352165993694857,0.009482739955834308,357313127.687969,8981.89384078853
0.5617977528089888,1.2352165993694857,0.007788967398985389,277090891.6014481,8898.304475951878
0.5842696629213483,1.2352165993694857,0.0064144847471008775,215046803.4653564,8816.140821812432
0.6067415730337078,1.2352165993694857,0.00529305318192754,166278290.20539755,8719.112601530633
0.6292134831460674,1.2352165993694857,0.004381629137989331,128877729.74309209,8629.481128713647
0.651685393258427,1.2352165993694857,0.0036340811888461097,99226720.70858873,8514.378569320215
0.6741573033707865,1.2352165993694857,0.0030220886393385192,76119184.60639961,8384.955423081017
0.696629213483146,1.2352165993694857,0.002521395033974583,58335989.488667704,8251.056596598619
0.7191011235955056,1.2352165993694857,0.0021115356808558477,44758403.71146777,8120.31591563863
0.7415730337078652,1.2352165993694857,0.0017727770502677116,34001655.6490912,7953.61401894862
0.7640449438202247,1.2352165993694857,0.001493059706776381,25626008.410015915,7759.082923804697
0.7865168539325842,1.2352165993694857,0.0012630010986460355,19320838.517064117,7566.375526726914
0.8089887640449438,1.2352165993694857,0.0010723297240635117,14450181.229687775,7347.184804470503
0.8314606741573034,1.2352165993694857,0.0009142400857574851,10740037.709019408,7109.079352545931
0.8539325842696629,1.2352165993694857,0.0007830046444260572,7944280.243423172,6858.209540311079
0.8764044943820224,1.2352165993694857,0.0006724821871181505,5708539.250524471,6521.241536279869
0.898876404494382,1.2352165993694857,0.0005817615836118652,4195629.103508115,6260.678373717386
0.9213483146067416,1.2352165993694857,0.0005044743132866168,2952957.0984034124,5881.040066929581
0.9438202247191011,1.2352165993694857,0.0004402254121187724,2093815.4642601504,5536.476027931876
0.9662921348314606,1.2352165993694857,0.00038556092197942425,1431669.3902391887,5112.683242301876
0.9887640449438202,1.2352165993694857,0.00033946328570819096,964673.7869479521,4678.412879378254
1.0112359550561798,1.2352165993694857,0.0003001096179800889,624571.2856270924,4187.278155045406
1.0337078651685392,1.2352165993694857,0.0002673869884201493,419218.75038389675,3807.1304954685393
1.0561797752808988,1.2352165993694857,0.00023909235156735638,267123.62732749054,3362.469012861107
1.0786516853932584,1.2352165993694857,0.00021407834092372779,150600.0498520806,2778.171147213846
1.101123595505618,1.2352165993694857,0.00019354544509132777,93906.95517565112,2409.4099162284956
1.1235955056179776,1.2352165993694857,0.0001750527509302255,50005.66652525726,1914.3222614465526
1.146067415730337,1.2352165993694857,0.00015982300128166864,30186.973914946597,1618.2630367262902
1.1685393258426966,1.2352165993694857,0.0001465198027351979,17755.38693227433,1343.0528055062161
1.1910112359550562,1.2352165993694857,0.0001339748376642986,7907.801006528452,951.3059536809458
1.2134831460674156,1.2352165993694857,0.00012344852440959514,3938.7149960396496,711.0995276942181
1.2359550561797752,1.2352165993694857,0.00011447061692679325,2138.633106120768,554.0251806852305
1.2584269662921348,1.2352165993694857,0.00010661818028405849,1198.6532414681712,436.7173070025241
1.2808988764044944,1.2352165993694857,9.893565220332994e-05,500.52437251024105,288.2518984501569
1.303370786516854,1.2352165993694857,9.299695900844078e-05,314.37507986236915,239.34062057064423
1.3258426966292134,1.2352165993694857,8.760745904303852e-05,194.1074014340251,195.70869851943542
1.348314606741573,1.2352165993694857,8.207648134698311e-05,86.17510112848159,130.33120577313457
1.3707865168539326,1.2352165993694857,7.752343077128236e-05,49.220288851831704,100.16838045848239
1.393258426966292,1.2352165993694857,7.337651199043712e-05,28.41257624750452,76.91885448560797
1.4157303370786516,1.2352165993694857,6.961956004400619e-05,16.926066450826237,59.79531534828824
1.4382022471910112,1.2352165993694857,6.60162900329463e-05,9.437723803217292,44.229740906319826
1.4606741573033708,1.2352165993694857,6.318757320405947e-05,6.957014200568989,38.872223703662534
1.4831460674157304,1.2352165993694857,6.052247321507015e-05,5.031383927484054,33.60373711754666
1.5056179775280898,1.2352165993694857,5.765859377523937e-05,2.9563665383064732,25.169294749051154
1.5280898876404494,1.2352165993694857,5.475413450099777e-05,1.589778912195171,17.595798392275046
1.550561797752809,1.2352165993694857,5.3223722488430175e-05,1.6054091829892583,18.778763915584996
1.5730337078651684,1.2352165993694857,5.055519086054591e-05,0.8529936719352175,12.814433534665538
1.595505617977528,1.2352165993694857,4.895841750266061e-05,0.7371460124562742,12.203779502197113
1.6179775280898876,1.2352165993694857,4.736297774378975e-05,0.6104015979488725,11.25069705918324
1.6404494382022472,1.2352165993694857,4.547876500377161e-05,0.41947644603583756,9.024632086319716
1.6629213483146068,1.2352165993694857,4.40135788176115e-05,0.3418542199665467,8.158327021137216
1.6853932584269662,1.2352165993694857,4.2549595976893116e-05,0.2699716033320471,7.178077821955661
1.7078651685393258,1.2352165993694857,4.150782777216401e-05,0.2540502522057428,7.191929020969425
1.7303370786516854,1.2352165993694857,4.0140982291484384e-05,0.19835580203731268,6.23082058835384
1.7528089887640448,1.2352165993694857,3.8774136810804756e-05,0.15183136867300562,5.289695488183143
1.7752808988764044,1.2352165993694857,3.7666301441587486e-05,0.12856947850015582,4.843009132403518
1.797752808988764,1.2352165993694857,3.655846607237022e-05,0.10694725942008786,4.35736064724683
1.8202247191011236,1.2352165993694857,3.5421433925601104e-05,0.08663370267532916,3.822824763107413
1.8426966292134832,1.2352165993694857,3.480242200175671e-05,0.08650640828134055,3.976325461457387
1.8651685393258426,1.2352165993694857,3.356439815406792e-05,0.065276886863535,3.266022355116947
1.8876404494382022,1.2352165993694857,3.25841463939938e-05,0.05464031110741079,2.9154022098626027
1.9101123595505618,1.2352165993694857,3.160389463391968e-05,0.04548426988095567,2.5816863833616934
1.9325842696629212,1.2352165993694857,3.108835045869034e-05,0.0446490452925948,2.6304182081219762
1.9550561797752808,1.2352165993694857,3.0573063926726976e-05,0.04364048710252892,2.671122829241544
1.9775280898876404,1.2352165993694857,2.9921504883264703e-05,0.040100874119502194,2.5659035290887573
2.0,1.2352165993694857,2.926994583980243e-05,0.036555715248411835,2.4433393327382564
0.0,1.3728234180517433,0.4403831431451135,2379857230.9118752,2558.3975780136016
0.02247191011235955,1.3728234180517433,0.40076247790411396,2537552450.3209014,2790.440911641183
0.0449438202247191,1.3728234180517433,0.36400077475682224,2720368743.4059224,3055.44525902669
0.06741573033707865,1.3728234180517433,0.33005730737591066,2933463417.7758594,3359.0588870032498
0.0898876404494382,1.3728234180517433,0.2988033057114712,3181914309.4538946,3707.631409978684
0.11235955056179775,1.3728234180517433,0.2700844056317086,3471570596.131121,4108.660273049
0.1348314606741573,1.3728234180517433,0.24380764423013276,3812885295.33848,4572.541013506316
0.15730337078651685,1.3728234180517433,0.21888972541069232,4159106578.7219896,5086.762358063917
0.1797752808988764,1.3728234180517433,0.19470834237872192,4446232869.1799965,5629.856099878381
0.20224719101123595,1.3728234180517433,0.17187881240989072,4677296308.986463,6206.787295044454
0.2247191011235955,1.3728234180517433,0.15082998788981278,4865066498.230735,6826.92031234106
0.24719101123595505,1.3728234180517433,0.13163735139343424,5007003168.31015,7492.615274026545
0.2696629213483146,1.3728234180517433,0.11440363273851756,5117537252.27698,8215.441526719982
0.29213483146067415,1.3728234180517433,0.09902201472817701,5193980709.074639,8998.674253622186
0.3146067415730337,1.3728234180517433,0.08269966448460703,4631977049.9893465,9410.120608514011
0.33707865168539325,1.3728234180517433,0.06684546553156025,3634351594.2284627,9386.795804097406
0.3595505617977528,1.3728234180517433,0.05410683450564336,2850370816.9616313,9359.747361648857
0.38202247191011235,1.3728234180517433,0.04386491401465488,2235707459.3550196,9330.959574969189
0.4044943820224719,1.3728234180517433,0.03561740717182637,1753334987.0898988,9299.741525248854
0.42696629213483145,1.3728234180517433,0.028952505202285102,1371657910.9550216,9257.901716713177
0.449438202247191,1.3728234180517433,0.02356615021461484,1070982986.0332749,9207.298917316703
0.47191011235955055,1.3728234180517433,0.019217975576789968,836301605.0502746,9155.348176608433
0.4943820224719101,1.3728234180517433,0.015707227461446528,653998356.9488378,9107.070801126158
0.5168539325842696,1.3728234180517433,0.012850799909514994,508820575.04354966,9038.63398183481
0.5393258426966292,1.3728234180517433,0.010536754587955041,395830201.0639538,8968.289257712086
0.5617977528089888,1.3728234180517433,0.008661666885486259,308368939.2363691,8901.646273058459
0.5842696629213483,1.3728234180517433,0.007130780804165059,238937195.1055634,8813.842995429895
0.6067415730337078,1.3728234180517433,0.0058835124795647495,184678381.09923196,8715.5769776616
0.6292134831460674,1.3728234180517433,0.004868350012381156,142785540.5054408,8617.114040418173
0.651685393258427,1.3728234180517433,0.004040815957972979,110485608.63388799,8520.301254071113
0.6741573033707865,1.3728234180517433,0.003360981412141076,84892749.32155313,8396.767468517039
0.696629213483146,1.3728234180517433,0.002802682448553551,64836302.08372971,8250.55346859472
0.7191011235955056,1.3728234180517433,0.002347031233779161,49741741.983652614,8119.606232024038
0.7415730337078652,1.3728234180517433,0.001968692290765573,37511412.592306346,7927.215090292964
0.7640449438202247,1.3728234180517433,0.0016599652345177646,28543935.30114721,7766.398400196159
0.7865168539325842,1.3728234180517433,0.0014045399642509857,21576199.21173696,7582.426333244299
0.8089887640449438,1.3728234180517433,0.001192558653016983,16151760.122240392,7366.047298750748
0.8314606741573034,1.3728234180517433,0.0010160601402277735,11925126.938308144,7105.720988193155
0.8539325842696629,1.3728234180517433,0.0008696588439297586,8757205.633280214,6831.863095556885
0.8764044943820224,1.3728234180517433,0.0007484891097806794,6456461.112090896,6575.016103132492
0.898876404494382,1.3728234180517433,0.0006464670774296685,4650279.468124208,6252.377681059961
0.9213483146067416,1.3728234180517433,0.0005602934059194837,3247701.649016604,5851.3358885655225
0.9438202247191011,1.3728234180517433,0.0004893322770513627,2330733.137510819,5540.605599961455
0.9662921348314606,1.3728234180517433,0.00042845329115216675,1586446.3855561037,5105.141036648433
0.9887640449438202,1.3728234180517433,0.00037712611529246983,1063268.5192315977,4659.050180382115
1.0112359550561798,1.3728234180517433,0.000333995906422809,713751.0094292231,4246.257435440888
1.0337078651685392,1.3728234180517433,0.0002962841758048382,434837.17396019935,3675.7202517179207
1.0561797752808988,1.3728234180517433,0.00026531261273294714,285346.34887583856,3294.5692740999625
1.0786516853932584,1.3728234180517433,0.00023846793993900366,177963.04516834862,2868.2416839798852
1.101123595505618,1.3728234180517433,0.00021498927911072936,102641.80729441621,2388.31038066071
1.1235955056179776,1.3728234180517433,0.00019477483659919532,57590.98662015467,1950.9760223348712
1.146067415730337,1.3728234180517433,0.00017780830676149024,34726.80077405166,1648.6246198749864
1.1685393258426966,1.3728234180517433,0.00016257855711293334,18583.338019419887,1299.7220594694477
1.1910112359550562,1.3728234180517433,0.0001496001284186949,10519.624970089233,1050.6905639277209
1.2134831460674156,1.3728234180517433,0.00013755025859118195,4838.2068869539335,752.0602599135872
1.2359550561797752,1.3728234180517433,0.0001273943863267538,2510.292022862999,571.4398808394501
1.2584269662921348,1.3728234180517433,0.00011880287681766721,1486.1596532691824,465.0199312438795
1.2808988764044944,1.3728234180517433,0.00011049715850437518,681.2303888724028,324.30736116880655
1.303370786516854,1.3728234180517433,0.00010330412775103146,341.8632037716227,236.28356358990226
1.3258426966292134,1.3728234180517433,9.7164189383476e-05,197.39982713892007,185.59703960785265
1.348314606741573,1.3728234180517433,9.123991499197461e-05,96.58812733272771,130.99896402326038
1.3707865168539326,1.3728234180517433,8.652066674612571e-05,64.63247507405018,110.96508192326898
1.393258426966292,1.3728234180517433,8.153571349023799e-05,31.34923583529911,76.57141275997122
1.4157303370786516,1.3728234180517433,7.752343077128236e-05,20.177811870737294,62.500034248246735
1.4382022471910112,1.3728234180517433,7.337651199043712e-05,10.51531870859832,44.300192511100406
1.4606741573033708,1.3728234180517433,7.021041887046181e-05,7.669459916668498,38.66737641561562
1.4831460674157304,1.3728234180517433,6.693163679879281e-05,4.753031140814284,30.19059061596963
1.5056179775280898,1.3728234180517433,6.38869198308948e-05,2.997452065346059,23.670372818880097
1.5280898876404494,1.3728234180517433,6.162007809021524e-05,2.516842860605863,22.370026825628617
1.550561797752809,1.3728234180517433,5.882129288962021e-05,1.5239589588241733,16.845745716235704
1.5730337078651684,1.3728234180517433,5.62858136196473e-05,0.9892421680119282,13.201288463290613
1.595505617977528,1.3728234180517433,5.475413450099777e-05,0.9603279712470317,13.660560890578518
1.6179775280898876,1.3728234180517433,5.269737380152941e-05,0.6968802078616078,11.470670560910275
1.6404494382022472,1.3728234180517433,5.055519086054591e-05,0.46818432585084213,9.052553547321759
1.6629213483146068,1.3728234180517433,4.895841750266061e-05,0.3868576495865357,8.268350854745032
1.6853932584269662,1.3728234180517433,4.736297774378975e-05,0.3095939500776421,7.349494879497955
1.7078651685393258,1.3728234180517433,4.547876500377161e-05,0.21440994684598016,5.826484760532055
1.7303370786516854,1.3728234180517433,4.40135788176115e-05,0.17269506811496324,5.155559186013115
1.7528089887640448,1.3728234180517433,4.307087077488156e-05,0.16716731897469556,5.250653837774752
1.7752808988764044,1.3728234180517433,4.2028581686050094e-05,0.15308329077374563,5.117365194231676
1.797752808988764,1.3728234180517433,4.08244050318242e-05,0.12853771968624692,4.642982258267977
1.8202247191011236,1.3728234180517433,3.929352387921016e-05,0.09366435007663587,3.7372596134320433
1.8426966292134832,1.3728234180517433,3.8774136810804756e-05,0.09996731601174008,4.108161726038263
1.8651685393258426,1.3728234180517433,3.7666301441587486e-05,0.08332095991778904,3.6714367069092444
1.8876404494382022,1.3728234180517433,3.655846607237022e-05,0.06878998089613113,3.243057124626233
1.9101123595505618,1.3728234180517433,3.5421433925601104e-05,0.05589189976580738,2.815056936502624
1.9325842696629212,1.3728234180517433,3.480242200175671e-05,0.054269403920493064,2.8453128184494316
1.9550561797752808,1.3728234180517433,3.4081180353144956e-05,0.05036826534486577,2.7626161459114567
1.9775280898876404,1.3728234180517433,3.25841463939938e-05,0.035618964043604734,2.0992739822908537
2.0,1.3728234180517433,3.25841463939938e-05,0.041431535288963366,2.4875619169402636
0.0,1.5257600473579167,0.46591848696215327,2281715351.383957,2435.4601923830783
0.02247191011235955,1.5257600473579167,0.42409330559479796,2425274839.862139,2651.8928700019583
0.0449438202247191,1.5257600473579167,0.38544488578495945,2595963418.999267,2900.529298802851
0.06741573033707865,1.5257600473579167,0.3496366777279398,2793234334.1176715,3184.6700059552772
0.0898876404494382,1.5257600473579167,0.31663219107190277,3023112435.641271,3510.684713856863
0.11235955056179775,1.5257600473579167,0.28629409305488207,3291354421.678497,3885.6635578717264
0.1348314606741573,1.5257600473579167,0.25846591439738054,3604825155.8932476,4318.090794530977
0.15730337078651685,1.5257600473579167,0.23278694198935648,3960836890.8868446,4813.545709722195
0.1797752808988764,1.5257600473579167,0.20792300461805394,4280247440.433443,5345.316051916062
0.20224719101123595,1.5257600473579167,0.18411350933996104,4538333665.354752,5907.212603131486
0.2247191011235955,1.5257600473579167,0.1619332539554182,4746069373.993198,6507.583392101933
0.24719101123595505,1.5257600473579167,0.14160609041646166,4907066671.640828,7151.551379798479
0.2696629213483146,1.5257600473579167,0.12328542144558864,5036027490.481773,7850.6274705484775
0.29213483146067415,1.5257600473579167,0.10689127703769016,5131889968.302703,8609.090861163624
0.3146067415730337,1.5257600473579167,0.09199601884244482,5125334897.869366,9385.109138066311
0.33707865168539325,1.5257600473579167,0.07439361466314275,4033076263.1336565,9373.229253599915
0.3595505617977528,1.5257600473579167,0.06019471353404163,3161602268.7675047,9345.723029831952
0.38202247191011235,1.5257600473579167,0.048778675833453626,2477319631.5343738,9314.345814479128
0.4044943820224719,1.5257600473579167,0.03958291166433701,1939040883.0290794,9277.006688490195
0.42696629213483145,1.5257600473579167,0.032181021220237534,1518821509.8435357,9240.275199905602
0.449438202247191,1.5257600473579167,0.026216484424421725,1191142735.906674,9206.17341979703
0.47191011235955055,1.5257600473579167,0.021365976956748214,927912610.6302167,9146.14786989775
0.4943820224719101,1.5257600473579167,0.017455383058840587,724425061.4838843,9092.2347217015
0.5168539325842696,1.5257600473579167,0.014285993805014083,564777163.6564468,9031.66200954156
0.5393258426966292,1.5257600473579167,0.011713369728333561,439475723.17167556,8962.597459803508
0.5617977528089888,1.5257600473579167,0.009629245827297139,342538861.5434271,8898.021453579278
0.5842696629213483,1.5257600473579167,0.007928545437575997,265716195.046168,8814.619931021212
0.6067415730337078,1.5257600473579167,0.0065420397344608285,205493096.50810704,8718.629355645795
0.6292134831460674,1.5257600473579167,0.0054129301210108765,158865727.05913353,8620.04104706282
0.651685393258427,1.5257600473579167,0.004490420556713287,122529366.11532506,8511.58678916815
0.6741573033707865,1.5257600473579167,0.0037360573919765637,94348157.34686083,8395.931226302211
0.696629213483146,1.5257600473579167,0.0031161678668293136,72190494.9257881,8256.419228564537
0.7191011235955056,1.5257600473579167,0.0026067781638491336,54946908.38532852,8097.365588476826
0.7415730337078652,1.5257600473579167,0.00218864895315348,41750120.42053033,7931.771592025429
0.7640449438202247,1.5257600473579167,0.0018446328966661729,31657623.373378083,7758.738335311915
0.7865168539325842,1.5257600473579167,0.0015603444611019357,23865817.46784077,7565.765526381996
0.8089887640449438,1.5257600473579167,0.0013237404523241758,17714197.12391343,7321.220677240109
0.8314606741573034,1.5257600473579167,0.0011297498726077963,13306318.724173449,7118.47675180777
0.8539325842696629,1.5257600473579167,0.0009669314170788762,9771238.5530693,6844.2066916559115
0.8764044943820224,1.5257600473579167,0.000830915133700237,7069290.821418593,6528.723122638667
0.898876404494382,1.5257600473579167,0.0007183724153495658,5154171.87645258,6244.057439960211
0.9213483146067416,1.5257600473579167,0.0006232746097501685,3655302.571489778,5886.798302014137
0.9438202247191011,1.5257600473579167,0.0005433522854510858,2551672.1863337285,5500.067026790074
0.9662921348314606,1.5257600473579167,0.0004763255974792836,1771306.5134084744,5116.598588087845
0.9887640449438202,1.5257600473579167,0.00041966614199964936,1209703.4803817165,4713.501356715453
1.0112359550561798,1.5257600473579167,0.00037145897000804315,804281.110881942,4275.738489543772
1.0337078651685392,1.5257600473579167,0.00032997391194717794,506401.9347677617,3764.0777458841776
1.0561797752808988,1.5257600473579167,0.0002947051127226657,312586.384215613,3270.132070546663
1.0786516853932584,1.5257600473579167,0.00026531261273294714,203440.38455508286,2910.5738372883734
1.101123595505618,1.5257600473579167,0.00023909235156735638,116191.89523488042,2411.5051176757875
1.1235955056179776,1.5257600473579167,0.00021620335757827484,61483.40785763289,1909.5802707270766
1.146067415730337,1.5257600473579167,0.00019760259157214618,38480.781974197576,1645.963564567465
1.1685393258426966,1.5257600473579167,0.0001807819481781163,21030.194750958894,1312.5969700456776
1.1910112359550562,1.5257600473579167,0.00016620298194545857,11514.865197120937,1041.8741626632168
1.2134831460674156,1.5257600473579167,0.00015321312577519869,5874.088973693353,790.1953346678667
1.2359550561797752,1.5257600473579167,0.00014136252579400474,2614.159387802772,550.7378178643962
1.2584269662921348,1.5257600473579167,0.00013159499943961257,1432.3565667623009,428.48320622096304
1.2808988764044944,1.5257600473579167,0.00012250803344233453,683.4707277615397,305.56221471405513
1.303370786516854,1.5257600473579167,0.00011506652350153274,416.90304097464525,249.56842974818548
1.3258426966292134,1.5257600473579167,0.00010772507511888761,198.1590839382059,174.64831481231167
1.348314606741573,1.5257600473579167,0.0001016508251375,118.43464081777589,139.02937325835018
1.3707865168539326,1.5257600473579167,9.569170899114191e-05,59.13989422687444,98.48175693270927
1.393258426966292,1.5257600473579167,9.057411089050041e-05,34.18793988131897,75.67366869047633
1.4157303370786516,1.5257600473579167,8.58299853881471e-05,19.49788322596211,57.21784556543047
1.4382022471910112,1.5257600473579167,8.207648134698311e-05,14.640411821850657,51.17384173559503
1.4606741573033708,1.5257600473579167,7.752343077128236e-05,6.880737761797562,33.64702416177185
1.4831460674157304,1.5257600473579167,7.415492848146643e-05,4.788316723533628,28.29833244394813
1.5056179775280898,1.5257600473579167,7.074552407989705e-05,2.9964942478416146,22.051639134299695
1.5280898876404494,1.5257600473579167,6.838090705642166e-05,2.672057832849333,21.685550774903827
1.550561797752809,1.5257600473579167,6.548354825881688e-05,1.7728359068400659,17.38368486678968
1.5730337078651684,1.5257600473579167,6.318757320405947e-05,1.4270475212065308,15.841730734969316
1.595505617977528,1.5257600473579167,6.052247321507015e-05,0.9283769741855127,12.372881907012205
1.6179775280898876,1.5257600473579167,5.8292146816212105e-05,0.6915610045327976,10.571415964088143
1.6404494382022472,1.5257600473579167,5.62858136196473e-05,0.5408844480339978,9.312502963381295
1.6629213483146068,1.5257600473579167,5.375033434967439e-05,0.336313739899057,6.891001825108247
1.6853932584269662,1.5257600473579167,5.269737380152941e-05,0.3519511743444537,7.475777070744815
1.7078651685393258,1.5257600473579167,5.055519086054591e-05,0.2391200799526166,5.841835257040745
1.7303370786516854,1.5257600473579167,4.94942966376601e-05,0.23669687868932734,6.065811532157676
1.7528089887640448,1.5257600473579167,4.7886659232661646e-05,0.1869846599842443,5.27719534823081
1.7752808988764044,1.5257600473579167,4.6761305022927674e-05,0.17346091608783307,5.19722324149133
1.797752808988764,1.5257600473579167,4.547876500377161e-05,0.14871842176462804,4.797138339306155
1.8202247191011236,1.5257600473579167,4.40135788176115e-05,0.11715723216258844,4.118172881571008
1.8426966292134832,1.5257600473579167,4.307087077488156e-05,0.11015178277051363,4.078655349357764
1.8651685393258426,1.5257600473579167,4.150782777216401e-05,0.08192458821739974,3.310107130296568
1.8876404494382022,1.5257600473579167,4.08244050318242e-05,0.0817829239016796,3.436147848022756
1.9101123595505618,1.5257600473579167,3.929352387921016e-05,0.060693800898956145,2.7591907635279975
1.9325842696629212,1.5257600473579167,3.8774136810804756e-05,0.06226416297974839,2.926119690888398
1.9550561797752808,1.5257600473579167,3.7666301441587486e-05,0.05221830619206949,2.5965543247444804
1.9775280898876404,1.5257600473579167,3.707674530540641e-05,0.05151041163512849,2.6583939535695778
2.0,1.5257600473579167,3.60404458494455e-05,0.043518552717055785,2.3622848229144875
0.0,1.6957342739806682,0.49298295188004515,2188277061.8627915,2318.662100870969
0.02247191011235955,1.6957342739806682,0.44898326148769147,2320786042.450409,2521.190777607705
0.0449438202247191,1.6957342739806682,0.4082265631228791,2478020158.97017,2753.6449001468322
0.06741573033707865,1.6957342739806682,0.37045503879717484,2660568229.5366592,3019.504527165968
0.0898876404494382,1.6957342739806682,0.33559088874364157,2872915859.7864633,3324.263952199086
0.11235955056179775,1.6957342739806682,0.3035467307465272,3121480047.5442243,3674.92402566485
0.1348314606741573,1.6957342739806682,0.2741082665241742,3410744121.222435,4078.6031518956293
0.15730337078651685,1.6957342739806682,0.24720311379446164,3752130558.2661076,4546.313846162052
0.1797752808988764,1.6957342739806682,0.22170333599065564,4097772553.729647,5064.941643538765
0.20224719101123595,1.6957342739806682,0.19700413094736963,4384642474.790184,5613.1022110025515
0.2247191011235955,1.6957342739806682,0.17373688564346687,4616422079.109948,6196.17382377546
0.24719101123595505,1.6957342739806682,0.15229837686877237,4802762195.570198,6822.194030250623
0.2696629213483146,1.6957342739806682,0.1327986326185935,4945060713.027994,7495.502916934864
0.29213483146067415,1.6957342739806682,0.11530976464975626,5055218725.681161,8226.628175078033
0.3146067415730337,1.6957342739806682,0.09976361266938104,5139267507.760106,9024.48581663045
0.33707865168539325,1.6957342739806682,0.08277000311204837,4466515474.937151,9351.591923848111
0.3595505617977528,1.6957342739806682,0.06700174030596888,3511444807.2781916,9335.492922096197
0.38202247191011235,1.6957342739806682,0.054284285677201186,2752028542.921421,9306.034904668606
0.4044943820224719,1.6957342739806682,0.04406359618451342,2158707119.070167,9277.35706256641
0.42696629213483145,1.6957342739806682,0.03580956478925802,1689316168.3681762,9238.180996140056
0.449438202247191,1.6957342739806682,0.029147183304714927,1320537423.9644985,9193.062466963887
0.47191011235955055,1.6957342739806682,0.023757825272634137,1029945961.4105703,9137.948994063563
0.4943820224719101,1.6957342739806682,0.019412305189909218,805055551.2487941,9088.913116724512
0.5168539325842696,1.6957342739806682,0.015890225995866265,628461570.2603256,9033.539875181186
0.5393258426966292,1.6957342739806682,0.013023760950301907,488278923.93310976,8959.258306481295
0.5617977528089888,1.6957342739806682,0.010705383332096589,380498994.12384254,8894.245423748502
0.5842696629213483,1.6957342739806682,0.008812075308208649,294767313.0656151,8806.23057650914
0.6067415730337078,1.6957342739806682,0.007273293485954933,228426948.4818967,8717.930115986157
0.6292134831460674,1.6957342739806682,0.006017754139677416,176603446.84349215,8619.695677988422
0.651685393258427,1.6957342739806682,0.0049925919974406815,136320068.73796716,8514.33275181421
0.6741573033707865,1.6957342739806682,0.004148767445229783,104108893.14128959,8369.223458700326
0.696629213483146,1.6957342739806682,0.003462417113154125,79981369.38713005,8244.45732070582
0.7191011235955056,1.6957342739806682,0.0028983816382006735,61193203.553552106,8104.00805131252
0.7415730337078652,1.6957342739806682,0.002433352775505785,46489649.98040084,7937.9293986267885
0.7640449438202247,1.6957342739806682,0.0020510688260521994,35289909.97461137,7768.680190150968
0.7865168539325842,1.6957342739806682,0.0017342891972421356,26517093.637502708,7564.415627521499
0.8089887640449438,1.6957342739806682,0.0014723058568444436,19816688.997305635,7342.753423265376
0.8314606741573034,1.6957342739806682,0.0012549902271971347,14699664.112571144,7098.401129302758
0.8539325842696629,1.6957342739806682,0.0010745719187909726,10842420.478109604,6838.861231585796
0.8764044943820224,1.6957342739806682,0.0009237145283021171,7875725.220512768,6535.903073536353
0.898876404494382,1.6957342739806682,0.0007980845887616953,5693907.244924991,6225.977701485662
0.9213483146067416,1.6957342739806682,0.0006928985679546076,4076039.4677947606,5896.067158655404
0.9438202247191011,1.6957342739806682,0.0006038894995992545,2834543.8863948146,5498.626390889201
0.9662921348314606,1.6957342739806682,0.000529135546639804,1950986.3799030562,5093.885255650673
0.9887640449438202,1.6957342739806682,0.00046642856495683307,1344195.4741689477,4712.935905983093
1.0112359550561798,1.6957342739806682,0.000412905475065122,896267.6165763697,4281.401140152988
1.0337078651685392,1.6957342739806682,0.0003671216065827999,576231.1021137193,3809.3782103890967
1.0561797752808988,1.6957342739806682,0.00032784508987946444,355475.4225858717,3308.924100349841
1.0786516853932584,1.6957342739806682,0.0002947051127226657,222555.61224616866,2886.6687157444353
1.101123595505618,1.6957342739806682,0.00026594526903931363,132227.1286196594,2441.7021566944404
1.1235955056179776,1.6957342739806682,0.00024033662157730694,68724.06372184439,1915.375892452161
1.146067415730337,1.6957342739806682,0.00021908736326545268,39351.88260428259,1573.6797584131323
1.1685393258426966,1.6957342739806682,0.0002010305617183696,23829.476254880945,1326.5176471192838
1.1910112359550562,1.6957342739806682,0.0001848020717826898,13017.304331608273,1051.71083334192
1.2134831460674156,1.6957342739806682,0.00017048002543104245,6839.974151412652,811.0747013302749
1.2359550561797752,1.6957342739806682,0.00015779124722368527,3469.744753901659,609.0369110850324
1.2584269662921348,1.6957342739806682,0.0001465198027351979,1716.8563357207722,447.47614045368755
1.2808988764044944,1.6957342739806682,0.00013634294969640083,803.9983674630569,315.82224956928064
1.303370786516854,1.6957342739806682,0.0001273943863267538,394.2583396327701,226.91024214748882
1.3258426966292134,1.6957342739806682,0.00012009462177334052,250.21425961619104,188.48099970493692
1.348314606741573,1.6957342739806682,0.00011303869867527883,134.67064341656595,140.96479171135582
1.3707865168539326,1.6957342739806682,0.00010661818028405849,72.49648065042307,104.58692169984678
1.393258426966292,1.6957342739806682,0.000101100275,44.84519063030142,83.89416113964265
1.4157303370786516,1.6957342739806682,9.569170899114191e-05,24.27835350013417,61.47248710930376
1.4382022471910112,1.6957342739806682,9.123991499197461e-05,16.396724965450865,51.425460396074136
1.4606741573033708,1.6957342739806682,8.652066674612571e-05,8.750643202035546,36.72441944156232
1.4831460674157304,1.6957342739806682,8.264682740222464e-05,5.805548594569477,29.967934051792177
1.5056179775280898,1.6957342739806682,7.904060857058285e-05,3.88230679225366,24.43259533710378
1.5280898876404494,1.6957342739806682,7.60074999009772e-05,2.979445867263644,21.733517137874124
1.550561797752809,1.6957342739806682,7.284009194446489e-05,2.016789649298784,17.664859749656255
1.5730337078651684,1.6957342739806682,7.021041887046181e-05,1.575628543471998,15.768935657158758
1.595505617977528,1.6957342739806682,6.693163679879281e-05,0.9155737019512891,11.36681005533223
1.6179775280898876,1.6957342739806682,6.495107272245566e-05,0.8162067347645148,11.039128923507851
1.6404494382022472,1.6957342739806682,6.248822657722413e-05,0.5867347724023614,9.14870481879815
1.6629213483146068,1.6957342739806682,6.052247321507015e-05,0.4860353164332639,8.373153705170093
1.6853932584269662,1.6957342739806682,5.882129288962021e-05,0.4286938709185343,8.010606696576053
1.7078651685393258,1.6957342739806682,5.62858136196473e-05,0.27427832049045675,5.984299189140865
1.7303370786516854,1.6957342739806682,5.475413450099777e-05,0.24139561010793045,5.674149736313745
1.7528089887640448,1.6957342739806682,5.3223722488430175e-05,0.2079636762284986,5.280130976513556
1.7752808988764044,1.6957342739806682,5.203057429431195e-05,0.1968478954780896,5.284738803636789
1.797752808988764,1.6957342739806682,5.055519086054591e-05,0.16584492828795394,4.810288838788182
1.8202247191011236,1.6957342739806682,4.895841750266061e-05,0.13196836068971735,4.163889666648311
1.8426966292134832,1.6957342739806682,4.7886659232661646e-05,0.12314375183975478,4.098714288225095
1.8651685393258426,1.6957342739806682,4.6159632302065595e-05,0.09180452482120836,3.3331732166187646
1.8876404494382022,1.6957342739806682,4.495628686034144e-05,0.07998452989303083,3.0794651328940814
1.9101123595505618,1.6957342739806682,4.40135788176115e-05,0.0744930341049046,3.00668031123817
1.9325842696629212,1.6957342739806682,4.307087077488156e-05,0.06871714627720882,2.9080779166811093
1.9550561797752808,1.6957342739806682,4.2028581686050094e-05,0.06093060540543421,2.7115861700550017
1.9775280898876404,1.6957342739806682,4.08244050318242e-05,0.051190641235460035,2.4031322215833866
2.0,1.6957342739806682,4.0140982291484384e-05,0.04957407741625159,2.4160901383337903
0.0,1.8846441371512714,0.5216729571790351,2099322442.5010664,2207.6957608931066
0.02247191011235955,1.8846441371512714,0.47538357602113407,2221166557.801695,2397.0017022505112
0.0449438202247191,1.8846441371512714,0.43235288885559736,2364773385.3983727,2613.83633567194
0.06741573033707865,1.8846441371512714,0.392591626453052,2534860339.7921233,2862.9870925644614
0.0898876404494382,1.8846441371512714,0.3557873215341765,2731488804.7578335,3148.0396748886315
0.11235955056179775,1.8846441371512714,0.32190333757550565,2960879996.792133,3475.561772429861
0.1348314606741573,1.8846441371512714,0.290801061265841,3229243228.9897046,3852.979258849167
0.15730337078651685,1.8846441371512714,0.2622821531198758,3542478445.842989,4288.572750383162
0.1797752808988764,1.8846441371512714,0.2360745448276948,3903077759.097909,4790.288831135604
0.20224719101123595,1.8846441371512714,0.21055349021730765,4216938013.3724513,5324.598362954526
0.2247191011235955,1.8846441371512714,0.18624737983754555,4474633433.196056,5891.776817833676
0.24719101123595505,1.8846441371512714,0.16365235119347965,4682832048.411498,6498.5263722605305
0.2696629213483146,1.8846441371512714,0.1429818279920766,4844777009.707839,7149.958002364807
0.29213483146067415,1.8846441371512714,0.12435929266333744,4971892950.417717,7856.001574337413
0.3146067415730337,1.8846441371512714,0.10774244554347696,5069527471.730896,8624.672941174525
0.33707865168539325,1.8846441371512714,0.09209198163869575,4942164417.79278,9325.752147858106
0.3595505617977528,1.8846441371512714,0.07454203167628734,3888966070.0833106,9314.347800905836
0.38202247191011235,1.8846441371512714,0.06039790654081496,3052135269.3105597,9291.052408622076
0.4044943820224719,1.8846441371512714,0.04901718999551423,2394521321.9064865,9264.056995667142
0.42696629213483145,1.8846441371512714,0.039835239637588074,1875405427.795841,9228.755442413882
0.449438202247191,1.8846441371512714,0.03241455474768322,1465161395.6585965,9182.3641654894
0.47191011235955055,1.8846441371512714,0.02642568184404314,1144407533.881119,9133.15756124686
0.4943820224719101,1.8846441371512714,0.021591059034806792,894823455.1111981,9085.9050486259
0.5168539325842696,1.8846441371512714,0.01766004331442555,696176617.2087526,9018.733616989786
0.5393258426966292,1.8846441371512714,0.014485880173364113,543358527.5362009,8961.409773712365
0.5617977528089888,1.8846441371512714,0.011891339646739038,420525414.26905966,8871.785269133159
0.5842696629213483,1.8846441371512714,0.009796115638770002,327311516.67021865,8801.195248143207
0.6067415730337078,1.8846441371512714,0.008087010520044671,254003659.3174301,8718.271757649576
0.6292134831460674,1.8846441371512714,0.0066882479388933064,195934611.81569755,8612.052228006456
0.651685393258427,1.8846441371512714,0.005549257081800336,151339159.63255993,8509.223873750103
0.6741573033707865,1.8846441371512714,0.004616302218114398,116459575.44780783,8391.634103265711
0.696629213483146,1.8846441371512714,0.0038501719349941007,89109997.08938368,8252.438130788816
0.7191011235955056,1.8846441371512714,0.0032200633820160304,67728577.34729071,8088.586856793257
0.7415730337078652,1.8846441371512714,0.002704409974464297,51604317.17665953,7932.955825810866
0.7640449438202247,1.8846441371512714,0.002279051451503102,39102410.927559525,7757.633843854908
0.7865168539325842,1.8846441371512714,0.0019278431707281203,29490788.50930756,7566.254968529296
0.8089887640449438,1.8846441371512714,0.0016368291767716618,22070746.97478336,7349.44025563696
0.8314606741573034,1.8846441371512714,0.0013954428483451224,16402949.67730189,7111.23102329316
0.8539325842696629,1.8846441371512714,0.0011942919986744054,12041207.883686477,6836.185163210847
0.8764044943820224,1.8846441371512714,0.0010271633674655608,8803716.816347305,6553.438871577764
0.898876404494382,1.8846441371512714,0.000887667369745427,6388230.834595475,6253.805677328084
0.9213483146067416,1.8846441371512714,0.0007695590487225861,4481339.89487049,5865.270584082712
0.9438202247191011,1.8846441371512714,0.0006710592703195579,3140166.401045861,5489.858693289609
0.9662921348314606,1.8846441371512714,0.0005883102929624829,2181444.746617836,5108.8893106907435
0.9887640449438202,1.8846441371512714,0.000517228102815943,1430391.8134420794,4612.068455550058
1.0112359550561798,1.8846441371512714,0.0004583249777560394,969501.7327659245,4223.417394278011
1.0337078651685392,1.8846441371512714,0.0004081646189153641,645202.6715940287,3823.7360464300723
1.0561797752808988,1.8846441371512714,0.0003642880339405866,392651.57849274366,3298.40596665948
1.0786516853932584,1.8846441371512714,0.0003269464642609326,235332.92484912163,2812.7687100407484
1.101123595505618,1.8846441371512714,0.0002954946442637519,145719.0566629947,2430.808378211779
1.1235955056179776,1.8846441371512714,0.0002680784469825501,85677.28934496535,2036.2617335608875
1.146067415730337,1.8846441371512714,0.00024392602212256037,46441.6432952951,1625.447982506769
1.1685393258426966,1.8846441371512714,0.00022349116735204805,26753.031502387003,1333.838267995133
1.1910112359550562,1.8846441371512714,0.00020451250166950556,12264.383872194228,959.9096147631619
1.2134831460674156,1.8846441371512714,0.00018911932665329362,7046.886152490088,777.3640612923515
1.2359550561797752,1.8846441371512714,0.0001750527509302255,3575.2665051013028,583.4601949428849
1.2584269662921348,1.8846441371512714,0.00016257855711293334,1781.29161808828,430.1443977050134
1.2808988764044944,1.8846441371512714,0.00015181728905376226,966.90552488485,330.64803498048747
1.303370786516854,1.8846441371512714,0.00014211719922714198,512.219858870262,248.77897726095145
1.3258426966292134,1.8846441371512714,0.00013340813359749985,272.28861013411245,186.12123032671073
1.348314606741573,1.8846441371512714,0.00012560999310909444,148.55768802714837,140.32649646962176
1.3707865168539326,1.8846441371512714,0.00011880287681766721,89.41281968323143,111.4866916567584
1.393258426966292,1.8846441371512714,0.00011216373725381276,46.49579203004889,80.3433670973274
1.4157303370786516,1.8846441371512714,0.00010661818028405849,29.61640095639654,65.1930377505918
1.4382022471910112,1.8846441371512714,0.000101100275,16.359507008150988,47.992982037899154
1.4606741573033708,1.8846441371512714,9.649083856321086e-05,10.917044638460439,39.586620226746284
1.4831460674157304,1.8846441371512714,9.18453243167973e-05,6.431788701805537,29.904892294040426
1.5056179775280898,1.8846441371512714,8.815126277256004e-05,4.798632247769999,26.23187291220988
1.5280898876404494,1.8846441371512714,8.429982028486838e-05,3.114231595824256,20.846670564561176
1.550561797752809,1.8846441371512714,8.099521588229684e-05,2.2726968777915433,17.833908025617724
1.5730337078651684,1.8846441371512714,7.752343077128236e-05,1.4730849524236482,13.973013769767968
1.595505617977528,1.8846441371512714,7.48123467499672e-05,1.1671710045492742,12.528720094028719
1.6179775280898876,1.8846441371512714,7.179280801218097e-05,0.7985069624034248,10.069908680462476
1.6404494382022472,1.8846441371512714,6.961956004400619e-05,0.6886898379720853,9.521346266686205
1.6629213483146068,1.8846441371512714,6.693163679879281e-05,0.48657571794097787,7.748059389057919
1.6853932584269662,1.8846441371512714,6.495107272245566e-05,0.41571099776954845,7.227739882072264
1.7078651685393258,1.8846441371512714,6.318757320405947e-05,0.36977889565928007,6.936860340820767
1.7303370786516854,1.8846441371512714,6.108953332355346e-05,0.2881249560091203,5.997181397254114
1.7528089887640448,1.8846441371512714,5.935070353606502e-05,0.2454258391233622,5.535816618719754
1.7752808988764044,1.8846441371512714,5.765859377523937e-05,0.2075970612121087,5.067331205522244
1.797752808988764,1.8846441371512714,5.575793465232114e-05,0.16213566559500542,4.3347362991534535
1.8202247191011236,1.8846441371512714,5.375033434967439e-05,0.12217413636778515,3.583880162116674
1.8426966292134832,1.8846441371512714,5.3223722488430175e-05,0.1369519860792179,4.100933599857621
1.8651685393258426,1.8846441371512714,5.13637747870945e-05,0.10375211931256688,3.380519694653027
1.8876404494382022,1.8846441371512714,5.003017577265958e-05,0.09045545425237261,3.125596669306578
1.9101123595505618,1.8846441371512714,4.895841750266061e-05,0.08372862449155348,3.0361794965895514
1.9325842696629212,1.8846441371512714,4.7886659232661646e-05,0.07673875402962516,2.920348305225911
1.9550561797752808,1.8846441371512714,4.6761305022927674e-05,0.06864879996993765,2.744792460117176
1.9775280898876404,1.8846441371512714,4.547876500377161e-05,0.058450675435210535,2.462202175457215
2.0,1.8846441371512714,4.40135788176115e-05,0.047521822860881656,2.1122800409862017
0.0,2.094599123340685,0.5521052053828881,2014792856.2140572,2102.3214516500557
0.02247191011235955,2.094599123340685,0.5033939399018553,2126208305.7186952,2279.0032272718217
0.0449438202247191,2.094599123340685,0.45808557455828475,2258733091.6981544,2481.7509156509254
0.06741573033707865,2.094599123340685,0.4161311495989997,2415563572.3037405,2714.5838353356207
0.0898876404494382,2.094599123340685,0.37729233488457975,2597805326.084707,2981.235215335252
0.11235955056179775,2.094599123340685,0.3414381909263156,2808877485.51893,3286.8797958494556
0.1348314606741573,2.094599123340685,0.3085781743409141,3057902445.3645825,3639.7326500353415
0.15730337078651685,2.094599123340685,0.27838364390655085,3346719841.29817,4046.011940662361
0.1797752808988764,2.094599123340685,0.25082757515847476,3688539894.379796,4517.704987947146
0.20224719101123595,2.094599123340685,0.2247041000570003,4032863033.537537,5040.414216545866
0.2247191011235955,2.094599123340685,0.19946347926518582,4319564088.065841,5593.663025569215
0.24719101123595505,2.094599123340685,0.17573132590648538,4551571468.507009,6182.626174917365
0.2696629213483146,2.094599123340685,0.15388816008082185,4736814595.278181,6814.633495000991
0.29213483146067415,2.094599123340685,0.13406629383914706,4879538842.81228,7495.556523270938
0.3146067415730337,2.094599123340685,0.11630849505307063,4989203381.29583,8234.859213975426
0.33707865168539325,2.094599123340685,0.10053184972616533,5069999665.645913,9040.311010799662
0.3595505617977528,2.094599123340685,0.08297722136898927,4312639042.840211,9296.653010121043
0.38202247191011235,2.094599123340685,0.06719113863619423,3380306930.2435236,9270.314688484654
0.4044943820224719,2.094599123340685,0.054526254953190745,2653910574.177681,9247.085076611114
0.42696629213483145,2.094599123340685,0.04431073111000941,2080134710.7092035,9215.503353838867
0.449438202247191,2.094599123340685,0.03602899820272336,1620801185.926809,9160.490468323293
0.47191011235955055,2.094599123340685,0.02939649473225749,1271677216.6218212,9128.156781600552
0.4943820224719101,2.094599123340685,0.023998541978548667,990989159.2926666,9069.35841785853
0.5168539325842696,2.094599123340685,0.019645600219987923,774626836.3215014,9019.747509777893
0.5393258426966292,2.094599123340685,0.016097418429360747,601547498.5956761,8944.580493744637
0.5617977528089888,2.094599123340685,0.013230558024118395,468867108.7742058,8881.084774347495
0.5842696629213483,2.094599123340685,0.010884508910447102,362301003.88472474,8784.463349893496
0.6067415730337078,2.094599123340685,0.008984085726476224,280942104.81972206,8699.053132567984
0.6292134831460674,2.094599123340685,0.00743583020409015,217772496.9066591,8610.786179096622
0.651685393258427,2.094599123340685,0.006169178609899887,168193970.0605574,8507.891726440797
0.6741573033707865,2.094599123340685,0.0051307745679360335,129250616.5076404,8385.48560478239
0.696629213483146,2.094599123340685,0.004280734887316884,99161092.56762597,8256.021461940698
0.7191011235955056,2.094599123340685,0.0035824775384636818,75765527.28890817,8110.937828941848
0.7415730337078652,2.094599123340685,0.0030063395397532436,57379732.630861685,7933.923644656457
0.7640449438202247,2.094599123340685,0.002534408567709826,43624269.15210746,7770.28477264394
0.7865168539325842,2.094599123340685,0.002142296231483114,32694886.56790971,7557.293300244986
0.8089887640449438,2.094599123340685,0.0018197500208128117,24580294.027204648,7355.9684993731635
0.8314606741573034,2.094599123340685,0.0015504251122776763,18153010.436059166,7096.962677006891
0.8539325842696629,2.094599123340685,0.0013281257924696273,13461155.49593409,6854.541764244613
0.8764044943820224,2.094599123340685,0.0011418732586832242,9805559.04272751,6559.825325589186
0.898876404494382,2.094599123340685,0.0009864328695784715,7081865.176558778,6246.020569655897
0.9213483146067416,2.094599123340685,0.000856028071826406,5039591.586976628,5898.415188530935
0.9438202247191011,2.094599123340685,0.0007461999148113852,3515810.637645794,5509.4161228954235
0.9662921348314606,2.094599123340685,0.0006533572705124471,2390960.7415915825,5073.921277319098
0.9887640449438202,2.094599123340685,0.0005762655950525979,1664825.319089942,4719.003573521297
1.0112359550561798,2.094599123340685,0.0005096544929897375,1088700.6560044899,4245.3295291993745
1.0337078651685392,2.094599123340685,0.0004535260429140661,712596.2609587447,3811.481689854321
1.0561797752808988,2.094599123340685,0.0004052663410091713,446849.9223468313,3338.7664154860786
1.0786516853932584,2.094599123340685,0.0003642880339405866,280000.40973217855,2914.302194223968
1.101123595505618,2.094599123340685,0.00032874371549799624,166736.03670543715,2468.3181725135455
1.1235955056179776,2.094599123340685,0.0002973972218668447,89724.27639191614,1972.708848558726
1.146067415730337,2.094599123340685,0.00027084816885548446,49959.9013368462,1597.094265978566
1.1685393258426966,2.094599123340685,0.00024782163526477883,27327.06299828593,1273.7533381720057
1.1910112359550562,2.094599123340685,0.0002276240727259143,14393.246558015982,989.2218983315568
1.2134831460674156,2.094599123340685,0.00020997881476616089,7521.241723079925,759.9401144015638
1.2359550561797752,2.094599123340685,0.00019477483659919532,4162.017917062291,598.9824234656683
1.2584269662921348,2.094599123340685,0.0001807819481781163,2021.0525929264788,435.27188180791916
1.2808988764044944,2.094599123340685,0.00016830909395549413,966.812609785938,310.92371983074673
1.303370786516854,2.094599123340685,0.00015779124722368527,545.3479923200324,242.55738316395428
1.3258426966292134,2.094599123340685,0.00014839916239196656,313.7777831437095,190.1875156975607
1.348314606741573,2.094599123340685,0.0001397515957288216,172.4556005394446,144.07364828741265
1.3707865168539326,2.094599123340685,0.00013159499943961257,86.78313743211349,102.59055253877212
1.393258426966292,2.094599123340685,0.00012495120988454417,56.597949913650844,85.02329981314193
1.4157303370786516,2.094599123340685,0.00011779018670872049,26.428553627499458,56.75862569240417
1.4382022471910112,2.094599123340685,0.00011216373725381276,17.083649757129233,46.115906913846295
1.4606741573033708,2.094599123340685,0.00010717148937420051,11.867029920787596,39.02004089749901
1.4831460674157304,2.094599123340685,0.00010220165055006875,7.429306855913169,30.67412261816472
1.5056179775280898,2.094599123340685,9.783754020374116e-05,5.110038587736373,25.49246224124091
1.5280898876404494,2.094599123340685,9.407054796556068e-05,3.9037654764026706,22.62045084422534
1.550561797752809,2.094599123340685,9.002909634232924e-05,2.533907379376616,17.872777012525184
1.5730337078651684,2.094599123340685,8.652066674612571e-05,1.8252574730717621,15.076635796498195
1.595505617977528,2.094599123340685,8.320238435821796e-05,1.318913140227807,12.677130702724597
1.6179775280898876,2.094599123340685,8.037175138463189e-05,1.0524611994328807,11.386185514885122
1.6404494382022472,2.094599123340685,7.752343077128236e-05,0.7996297147545309,9.830843261851783
1.6629213483146068,2.094599123340685,7.48123467499672e-05,0.6097053978927067,8.469645076522188
1.6853932584269662,2.094599123340685,7.179280801218097e-05,0.4149529581072047,6.665797736242
1.7078651685393258,2.094599123340685,7.021041887046181e-05,0.40898006539920645,6.911032969007936
1.7303370786516854,2.094599123340685,6.784698356463935e-05,0.3159541513988155,5.934956758257575
1.7528089887640448,2.094599123340685,6.60162900329463e-05,0.2768704046124756,5.601347156235337
1.7752808988764044,2.094599123340685,6.38869198308948e-05,0.2188196534781104,4.857061727874978
1.797752808988764,2.094599123340685,6.248822657722413e-05,0.20723186427998172,4.855557245662656
1.8202247191011236,2.094599123340685,6.052247321507015e-05,0.16508122050799987,4.207349310602479
1.8426966292134832,2.094599123340685,5.882129288962021e-05,0.13936412668406517,3.8096168275415154
1.8651685393258426,2.094599123340685,5.7025040734266624e-05,0.11360494196929202,3.338246647146849
1.8876404494382022,2.094599123340685,5.575793465232114e-05,0.10438123025982762,3.2277252523319735
1.9101123595505618,2.094599123340685,5.475413450099777e-05,0.10146017862148952,3.273492062398473
1.9325842696629212,2.094599123340685,5.3223722488430175e-05,0.08533340089352824,2.9217068749737303
1.9550561797752808,2.094599123340685,5.203057429431195e-05,0.07742594212325055,2.781043316684651
1.9775280898876404,2.094599123340685,5.055519086054591e-05,0.06510964229055147,2.467214631183546
2.0,2.094599123340685,4.94942966376601e-05,0.05997516428855279,2.3706060847380477
0.0,2.3279437221136323,0.5843820134436114,1934371534.9943678,2002.2198625695958
0.02247191011235955,2.3279437221136323,0.533118650005456,2035676021.7509544,2166.875766560749
0.0449438202247191,2.3279437221136323,0.48541040147046055,2157553760.49617,2356.2481797232695
0.06741573033707865,2.3279437221136323,0.44110038633669246,2301166088.155002,2573.417031764739
0.0898876404494382,2.3279437221136323,0.40016670563659007,2470715719.120914,2823.0502985792627
0.11235955056179775,2.3279437221136323,0.36229467884396876,2666311266.290039,3108.806044010695
0.1348314606741573,2.3279437221136323,0.3274741991123283,2894833750.497259,3437.629958873931
0.15730337078651685,2.3279437221136323,0.2955873792316651,3163795713.470052,3817.6492364202645
0.1797752808988764,2.3279437221136323,0.26634093402228715,3476648373.339263,4256.325650889201
0.20224719101123595,2.3279437221136323,0.23945761673731186,3835306876.386106,4761.521740412003
0.2247191011235955,2.3279437221136323,0.21336351287069522,4149733888.7114615,5300.941568206731
0.24719101123595505,2.3279437221136323,0.18856752111264172,4409553125.091598,5874.562071427813
0.2696629213483146,2.3279437221136323,0.16553434357992342,4618480620.040936,6487.866499939933
0.29213483146067415,2.3279437221136323,0.1444736782935024,4778375589.028634,7145.196294445334
0.3146067415730337,2.3279437221136323,0.12553801689830008,4904112949.936242,7858.370415727315
0.33707865168539325,2.3279437221136323,0.1086801010576022,5002471101.858334,8636.574963696887
0.3595505617977528,2.3279437221136323,0.09234055948249223,4771704622.866046,9269.861619963282
0.38202247191011235,2.3279437221136323,0.07479299930026345,3749523807.928516,9253.975987855456
0.4044943820224719,2.3279437221136323,0.06066995189726983,2942242438.5990934,9230.288674384332
0.42696629213483145,2.3279437221136323,0.049292357566987216,2306292219.418123,9200.119723797015
0.449438202247191,2.3279437221136323,0.04011031496457425,1804973548.6780322,9161.913339909142
0.47191011235955055,2.3279437221136323,0.03269371727635069,1410806281.1245117,9116.796753222203
0.4943820224719101,2.3279437221136323,0.02670039615840369,1102207307.573218,9067.886722101699
0.5168539325842696,2.3279437221136323,0.02183260106923915,857213569.8579009,9000.571829741066
0.5393258426966292,2.3279437221136323,0.017903071570806,668642035.0821848,8942.003606490785
0.5617977528089888,2.3279437221136323,0.014703831236032002,519340738.0921931,8866.220346700564
0.5842696629213483,2.3279437221136323,0.012105378298387613,403109611.68131393,8786.307176301327
0.6067415730337078,2.3279437221136323,0.009990634842043704,312513963.7881223,8700.370785916217
0.6292134831460674,2.3279437221136323,0.008267679615679407,242117266.04774356,8610.45112902772
0.651685393258427,2.3279437221136323,0.00685597967336604,186463248.86019158,8497.45388237868
0.6741573033707865,2.3279437221136323,0.005700495889533518,143057857.62428635,8369.459296810848
0.696629213483146,2.3279437221136323,0.004756606023294986,109848749.31586729,8243.334999641107
0.7191011235955056,2.3279437221136323,0.003980853215081615,83956559.34595765,8099.5424452157295
0.7415730337078652,2.3279437221136323,0.00334112866833658,63660198.23251414,7927.032762429961
0.7640449438202247,2.3279437221136323,0.002817088918820686,48469803.02187513,7768.629794229521
0.7865168539325842,2.3279437221136323,0.0023814109265086914,36356279.64490004,7558.549902187592
0.8089887640449438,2.3279437221136323,0.0020219315972779582,27213995.201515626,7342.640529157976
0.8314606741573034,2.3279437221136323,0.0017242341799103918,20288792.25530901,7114.947453656764
0.8539325842696629,2.3279437221136323,0.0014760161701681412,14937361.324906608,6849.2062168063185
0.8764044943820224,2.3279437221136323,0.0012679376269359786,10766028.711092945,6522.035128761311
0.898876404494382,2.3279437221136323,0.0010964480034478,7875194.698485213,6247.432666800505
0.9213483146067416,2.3279437221136323,0.0009505034299495032,5519885.7153011495,5856.951878951973
0.9438202247191011,2.3279437221136323,0.0008294296389868565,3911551.6370074544,5512.030179568924
0.9662921348314606,2.3279437221136323,0.0007266945053852582,2690325.1292792875,5104.662903752897
0.9887640449438202,2.3279437221136323,0.0006403596905707707,1843002.081567885,4709.626735237549
1.0112359550561798,2.3279437221136323,0.0005667234162986542,1222043.319507542,4266.446944685913
1.0337078651685392,2.3279437221136323,0.0005037224520605865,779630.4422570535,3781.0517597495186
1.0561797752808988,2.3279437221136323,0.00045055802742608884,500200.37712593796,3351.023468932732
1.0786516853932584,2.3279437221136323,0.00040390498577154714,291319.64612565195,2815.8511434426687
1.101123595505618,2.3279437221136323,0.0003642880339405866,169630.4274809377,2355.9856053338117
1.1235955056179776,2.3279437221136323,0.0003312041083963597,106379.57053023382,2041.8258827783231
1.146067415730337,2.3279437221136323,0.00030105971289736213,55723.91422158264,1600.1438865076366
1.1685393258426966,2.3279437221136323,0.0002757439006888671,31638.221236291745,1302.4746053593979
1.1910112359550562,2.3279437221136323,0.00025341292329952576,17066.454031561698,1025.2464802021345
1.2134831460674156,2.3279437221136323,0.00023344108979691614,8453.818458873402,764.7364445549624
1.2359550561797752,2.3279437221136323,0.00021620335757827484,4389.697186820163,581.4565884017858
1.2584269662921348,2.3279437221136323,0.0002010305617183696,2296.490054251144,440.8353462894437
1.2808988764044944,2.3279437221136323,0.00018785526678624908,1285.5780105162455,345.1070628195477
1.303370786516854,2.3279437221136323,0.00017584260754208682,679.4680360463516,259.45243384680475
1.3258426966292134,2.3279437221136323,0.0001648980917161978,345.5897079363758,189.15947225059287
1.348314606741573,2.3279437221136323,0.00015518626697788343,184.83191333112964,140.93901000342493
1.3707865168539326,2.3279437221136323,0.0001465198027351979,103.6170667759938,107.20277211534957
1.393258426966292,2.3279437221136323,0.00013871106172850308,60.091762743512,82.63721788270888
1.4157303370786516,2.3279437221136323,0.00013159499943961257,35.50770085607565,63.976156663100156
1.4382022471910112,2.3279437221136323,0.00012495120988454417,20.601412039842508,48.588856382996404
1.4606741573033708,2.3279437221136323,0.00011936227825607604,14.179105121848455,40.897691553613186
1.4831460674157304,2.3279437221136323,0.00011391366009674489,9.063564518868425,32.616800221620544
1.5056179775280898,2.3279437221136323,0.00010883307712527528,5.8354061765194505,25.958626578078068
1.5280898876404494,2.3279437221136323,0.00010440770770481442,4.161995402588724,21.990968667936244
1.550561797752809,2.3279437221136323,0.0001,2.7697761895458783,17.669180292298027
1.5730337078651684,2.3279437221136323,9.649083856321086e-05,2.227458564755546,16.09543320509784
1.595505617977528,2.3279437221136323,9.245073364161997e-05,1.4574123728423454,12.62521905666147
1.6179775280898876,2.3279437221136323,8.909017955744464e-05,1.0973955894651028,10.874321252275818
1.6404494382022472,2.3279437221136323,8.58299853881471e-05,0.814520034674554,9.223440543363854
1.6629213483146068,2.3279437221136323,8.320238435821796e-05,0.6875444344067436,8.56145278259615
1.6853932584269662,2.3279437221136323,8.037175138463189e-05,0.5324029269432082,7.427337116004921
1.7078651685393258,2.3279437221136323,7.752343077128236e-05,0.3999222002610261,6.266175761575795
1.7303370786516854,2.3279437221136323,7.546976501846797e-05,0.3568069794349397,6.00899569868581
1.7528089887640448,2.3279437221136323,7.337651199043712e-05,0.30813721376903996,5.607367105373643
1.7752808988764044,2.3279437221136323,7.074552407989705e-05,0.2287886703020958,4.625725348439061
1.797752808988764,2.3279437221136323,6.902870121755058e-05,0.20769947769909794,4.464541440129075
1.8202247191011236,2.3279437221136323,6.693163679879281e-05,0.1697545463605496,3.9468226217899893
1.8426966292134832,2.3279437221136323,6.548354825881688e-05,0.1588953942850319,3.8916615106200148
1.8651685393258426,2.3279437221136323,6.38869198308948e-05,0.14175092774262965,3.6814579396911276
1.8876404494382022,2.3279437221136323,6.162007809021524e-05,0.10755213892436126,3.025365285914194
1.9101123595505618,2.3279437221136323,6.052247321507015e-05,0.104523651684472,3.064184917792593
1.9325842696629212,2.3279437221136323,5.935070353606502e-05,0.09918267022905483,3.039457361814604
1.9550561797752808,2.3279437221136323,5.765859377523937e-05,0.08292783837235476,2.690727235355489
1.9775280898876404,2.3279437221136323,5.62858136196473e-05,0.07387469540167577,2.513602917152885
2.0,2.3279437221136323,5.475413450099777e-05,0.06328285928609581,2.261051103335606
0.0,2.5872836061751867,0.6186131321575358,1857786935.760909,1907.0990483123342
0.02247191011235955,2.5872836061751867,0.564680648417758,1949462248.1371298,2060.3570594026746
0.0449438202247191,2.5872836061751867,0.5144323817152744,2060971216.134307,2236.977788593351
0.06741573033707865,2.5872836061751867,0.46773503071153766,2193510621.754073,2439.8888483194687
0.0898876404494382,2.5872836061751867,0.42451472745912255,2349976498.248938,2673.057696298173
0.11235955056179775,2.5872836061751867,0.38454613502793406,2531868761.3529387,2940.4295416492873
0.1348314606741573,2.5872836061751867,0.34765366881327303,2741811070.601883,3246.9554911169735
0.15730337078651685,2.5872836061751867,0.31392301554394625,2990951301.8034177,3601.8266514770116
0.1797752808988764,2.5872836061751867,0.2829323424035038,3279233042.098308,4010.6336985314942
0.20224719101123595,2.5872836061751867,0.2546867514332667,3621155887.232177,4486.16211028074
0.2247191011235955,2.5872836061751867,0.22790236945635395,3963695423.0173974,5012.715906853107
0.24719101123595505,2.5872836061751867,0.20209699366663825,4250377842.4498444,5571.084348115466
0.2696629213483146,2.5872836061751867,0.17787553110815985,4482473041.207981,6165.823751561403
0.29213483146067415,2.5872836061751867,0.1556122835395218,4667067683.352161,6803.96593539125
0.3146067415730337,2.5872836061751867,0.13544942314938616,4809963428.486112,7492.303299817232
0.33707865168539325,2.5872836061751867,0.11739302048343471,4916565966.5038,8238.0901456637
0.3595505617977528,2.5872836061751867,0.10140111263466882,4998881623.301189,9054.048116312475
0.38202247191011235,2.5872836061751867,0.0832331151941108,4150115370.943935,9228.918793696523
0.4044943820224719,2.5872836061751867,0.06751893399141548,3261613036.8535295,9212.223136906541
0.42696629213483145,2.5872836061751867,0.054840109702172485,2556276591.9583,9182.881451511877
0.449438202247191,2.5872836061751867,0.044626275207490095,2003014871.9018896,9150.056586769731
0.47191011235955055,2.5872836061751867,0.03634172406455917,1560369386.7527034,9093.882367814072
0.4943820224719101,2.5872836061751867,0.029685583430881,1221069508.6262333,9051.665611190405
0.5168539325842696,2.5872836061751867,0.02428281322421576,952091800.7194865,8994.282505492896
0.5393258426966292,2.5872836061751867,0.019906558030714804,741993795.007451,8933.092203621885
0.5617977528089888,2.5872836061751867,0.016356480836994577,578002012.1542348,8868.420521664471
0.5842696629213483,2.5872836061751867,0.013460399237515335,447840136.44150525,8782.431876207413
0.6067415730337078,2.5872836061751867,0.011108442066710739,347251415.71106833,8697.478024767168
0.6292134831460674,2.5872836061751867,0.009187061822436494,268105149.79040542,8595.379891469891
0.651685393258427,2.5872836061751867,0.0076217324132521755,207112279.72323024,8493.77912513038
0.6741573033707865,2.5872836061751867,0.006339272829527883,159307691.55584848,8375.23238293296
0.696629213483146,2.5872836061751867,0.005285176618748017,121631435.02413753,8228.886545271545
0.7191011235955056,2.5872836061751867,0.004424483875594918,93171307.26864713,8093.330625079471
0.7415730337078652,2.5872836061751867,0.0037158199955395176,71023809.94493912,7939.678868069256
0.7640449438202247,2.5872836061751867,0.0031301481676253374,53674143.55580788,7755.324778086342
0.7865168539325842,2.5872836061751867,0.0026471495797555375,40412838.082357235,7558.491122935358
0.8089887640449438,2.5872836061751867,0.0022474871404620485,30247192.403289944,7342.293558027129
0.8314606741573034,2.5872836061751867,0.0019165453790433078,22549696.63105683,7114.607401277589
0.8539325842696629,2.5872836061751867,0.0016393130180527532,16450949.340618005,6819.837601722301
0.8764044943820224,2.5872836061751867,0.001410586063639683,12099799.40251204,6556.109171785583
0.898876404494382,2.5872836061751867,0.0012186487709244169,8748328.868242338,6245.738119204427
0.9213483146067416,2.5872836061751867,0.0010573884837094423,6213562.326141301,5892.766266954802
0.9438202247191011,2.5872836061751867,0.0009223468344642709,4381923.546320358,5533.13387712854
0.9662921348314606,2.5872836061751867,0.0008083925579115544,3035318.7650926425,5142.365086198205
0.9887640449438202,2.5872836061751867,0.0007115601045230579,2038828.4338177422,4698.628409170732
1.0112359550561798,2.5872836061751867,0.0006297315524815856,1351219.431348124,4255.320829129147
1.0337078651685392,2.5872836061751867,0.0005602934059194837,881910.4237608449,3815.0445740802243
1.0561797752808988,2.5872836061751867,0.0005000437806502877,536109.224521101,3288.9616828963312
1.0786516853932584,2.5872836061751867,0.0004491764814089687,328925.1192492036,2839.0214365088777
1.101123595505618,2.5872836061751867,0.0004059689741796759,204090.04179330054,2456.4297645628367
1.1235955056179776,2.5872836061751867,0.00036811135727212363,118229.13150733591,2041.775030140356
1.146067415730337,2.5872836061751867,0.00033539180543603367,67127.89563247087,1671.185561357877
1.1685393258426966,2.5872836061751867,0.00030664610074828715,35911.915198584444,1317.5310090898054
1.1910112359550562,2.5872836061751867,0.0002816747680468105,19032.31454318885,1027.159522185726
1.2134831460674156,2.5872836061751867,0.0002600951980112373,10380.29743011437,808.600710931281
1.2359550561797752,2.5872836061751867,0.00024033662157730694,4914.948755597068,583.8919496831072
1.2584269662921348,2.5872836061751867,0.00022349116735204805,2582.033528331858,443.7683109197192
1.2808988764044944,2.5872836061751867,0.00020838531752949657,1316.0387999543068,328.98867855535076
1.303370786516854,2.5872836061751867,0.00019477483659919532,653.9909981393199,238.35997757053005
1.3258426966292134,2.5872836061751867,0.00018316668544136162,374.9926026470819,186.46832932062415
1.348314606741573,2.5872836061751867,0.00017229719509896077,196.81482743225266,137.33170345257903
1.3707865168539326,2.5872836061751867,0.00016257855711293334,107.88555822596686,102.99287739468707
1.393258426966292,2.5872836061751867,0.00015391104413591688,62.64708627674569,79.41068542338499
1.4157303370786516,2.5872836061751867,0.0001465198027351979,42.24746031211969,66.7880970244109
1.4382022471910112,2.5872836061751867,0.00013871106172850308,21.97639169556075,47.3292353196151
1.4606741573033708,2.5872836061751867,0.00013227557495365248,14.262185900683948,38.3311205154723
1.4831460674157304,2.5872836061751867,0.00012622048197521378,9.123457665202919,30.555915392771343
1.5056179775280898,2.5872836061751867,0.00012074049425117716,6.134926299204158,25.01152232112674
1.5280898876404494,2.5872836061751867,0.0001162193869063206,4.8473683998508355,22.700732804784163
1.550561797752809,2.5872836061751867,0.00011105240708362737,3.0107182120912546,17.400739259749923
1.5730337078651684,2.5872836061751867,0.00010717148937420051,2.4315282478034206,15.89432122225915
1.595505617977528,2.5872836061751867,0.00010275275137534379,1.62054403531735,12.629365076821962
1.6179775280898876,2.5872836061751867,9.893565220332994e-05,1.1964988045132268,10.725101988019754
1.6404494382022472,2.5872836061751867,9.569170899114191e-05,0.9716861614166096,9.713679183723618
1.6629213483146068,2.5872836061751867,9.245073364161997e-05,0.7602942024673779,8.529356208274175
1.6853932584269662,2.5872836061751867,8.909017955744464e-05,0.560777601375937,7.132684546401756
1.7078651685393258,2.5872836061751867,8.652066674612571e-05,0.48174827752610727,6.664204265861546
1.7303370786516854,2.5872836061751867,8.429982028486838e-05,0.4372796331885547,6.4832684037679575
1.7528089887640448,2.5872836061751867,8.153571349023799e-05,0.3412512929424135,5.591640014754605
1.7752808988764044,2.5872836061751867,7.904060857058285e-05,0.27779028743003226,4.964462124423032
1.797752808988764,2.5872836061751867,7.654550365092769e-05,0.22251983724969202,4.33362200999315
1.8202247191011236,2.5872836061751867,7.48123467499672e-05,0.20626806353898716,4.247286618012973
1.8426966292134832,2.5872836061751867,7.284009194446489e-05,0.17891439913196608,3.934244587017536
1.8651685393258426,2.5872836061751867,7.074552407989705e-05,0.1492410477496726,3.516482279861537
1.8876404494382022,2.5872836061751867,6.902870121755058e-05,0.13304098107161394,3.3156357249870174
1.9101123595505618,2.5872836061751867,6.693163679879281e-05,0.10883906427163316,2.8957412230451522
1.9325842696629212,2.5872836061751867,6.60162900329463e-05,0.1114670041880532,3.0695165053076177
1.9550561797752808,2.5872836061751867,6.441886329081025e-05,0.09857643603035295,2.857323960955619
1.9775280898876404,2.5872836061751867,6.248822657722413e-05,0.08104923466903614,2.4844318998872423
2.0,2.5872836061751867,6.108953332355346e-05,0.07343235060513104,2.3515787924025315
0.0,2.875514727952744,0.6548640462799957,1784377599.3121896,1816.545786732944
0.02247191011235955,2.875514727952744,0.5981864078971901,1867196386.622528,1959.1032666861363
0.0449438202247191,2.875514727952744,0.54526550815884,1968748282.468372,2123.612611816821
0.06741573033707865,2.875514727952744,0.4960495564913641,2090678850.9095538,2313.0008369688676
0.0898876404494382,2.875514727952744,0.4503802825416092,2234263047.901913,2530.4342365988855
0.11235955056179775,2.875514727952744,0.4082080764321583,2403314617.868404,2780.504340449415
0.1348314606741573,2.875514727952744,0.3692124025059535,2597977579.661589,3066.9389652479153
0.15730337078651685,2.875514727952744,0.33357145027605345,2830192797.4744782,3398.8950542829984
0.1797752808988764,2.875514727952744,0.3006779961809499,3094761674.6419106,3779.420213996966
0.20224719101123595,2.875514727952744,0.2706635629769733,3407041573.4253635,4221.067369884331
0.2247191011235955,2.875514727952744,0.24307747014722686,3764022210.64908,4729.823317599813
0.24719101123595505,2.875514727952744,0.21637279926019473,4078526385.106046,5274.118363156574
0.2696629213483146,2.875514727952744,0.19100460226436855,4335848030.256909,5851.927227979425
0.29213483146067415,2.875514727952744,0.16747363333405008,4540782800.352057,6469.150259995531
0.3146067415730337,2.875514727952744,0.14608735847628967,4706826358.176489,7136.470141636363
0.33707865168539325,2.875514727952744,0.12682230507932232,4830937660.245808,7856.456054585327
0.3595505617977528,2.875514727952744,0.10971177073254217,4930077480.9453535,8644.090756176982
0.38202247191011235,2.875514727952744,0.09265933502714253,4594814299.533856,9203.56370433091
0.4044943820224719,2.875514727952744,0.07510100465099276,3603702570.8382225,9181.428555823584
0.42696629213483145,2.875514727952744,0.061014771316468576,2831355575.9817567,9162.241876009832
0.449438202247191,2.875514727952744,0.04962437465430653,2215725668.2474294,9126.097235148118
0.47191011235955055,2.875514727952744,0.04043052043069334,1731440770.8665626,9082.084166927192
0.4943820224719101,2.875514727952744,0.0330285020642698,1356762107.8608246,9045.58628443736
0.5168539325842696,2.875514727952744,0.027000391798690987,1055420096.8063562,8980.528386288415
0.5393258426966292,2.875514727952744,0.022140635691505435,824269137.7544072,8927.654396554839
0.5617977528089888,2.875514727952744,0.018182074538117463,640555273.8488125,8854.832305188027
0.5842696629213483,2.875514727952744,0.014959409388064102,495900102.987102,8766.348564086846
0.6067415730337078,2.875514727952744,0.01234748891340131,385014390.90197253,8686.483654801372
0.6292134831460674,2.875514727952744,0.010212319716847176,297458730.7440646,8587.150379180084
0.651685393258427,2.875514727952744,0.008473842579972786,230135773.15158257,8491.312473385318
0.6741573033707865,2.875514727952744,0.007044610195889001,176493219.968163,8362.359422669626
0.696629213483146,2.875514727952744,0.005879211538335324,135774190.93605417,8243.28726365353
0.7191011235955056,2.875514727952744,0.004915853618379325,103102964.23777056,8076.9155645342935
0.7415730337078652,2.875514727952744,0.004130048766293755,78837695.0538066,7934.392519472678
0.7640449438202247,2.875514727952744,0.0034796017463087654,59665535.11868639,7755.24399818803
0.7865168539325842,2.875514727952744,0.0029405184357734725,44630101.42928735,7536.140681715478
0.8089887640449438,2.875514727952744,0.0024975358850997447,33524563.03440042,7332.524562491489
0.8314606741573034,2.875514727952744,0.002129445635115625,24951644.16244754,7099.685938237269
0.8539325842696629,2.875514727952744,0.001823905114231549,18487432.186859474,6854.7341570396475
0.8764044943820224,2.875514727952744,0.0015681723223180874,13478276.01227303,6562.756146957753
0.898876404494382,2.875514727952744,0.001353732014740065,9646270.813624023,6221.956145561908
0.9213483146067416,2.875514727952744,0.0011755757030764253,6931520.432580341,5903.068323460546
0.9438202247191011,2.875514727952744,0.0010248073401792391,4842652.819337134,5517.738950849457
0.9662921348314606,2.875514727952744,0.0008984296623060926,3368484.004689527,5138.448942791082
0.9887640449438202,2.875514727952744,0.0007905197070951315,2246678.287174782,4678.554997817638
1.0112359550561798,2.875514727952744,0.0006995439155133695,1484961.8019748798,4231.210093938496
1.0337078651685392,2.875514727952744,0.0006224633780611379,970246.0665219078,3795.2717715195076
1.0561797752808988,2.875514727952744,0.0005562518481876883,608802.4958463871,3325.5133277365903
1.0786516853932584,2.875514727952744,0.0005000437806502877,382090.6044225619,2905.026870901918
1.101123595505618,2.875514727952744,0.0004512833064398019,227917.7961873007,2462.593839814789
1.1235955056179776,2.875514727952744,0.000408953943184629,129568.64047860506,2026.5167120720191
1.146067415730337,2.875514727952744,0.0003721446994930472,70440.36854745567,1620.1565215055318
1.1685393258426966,2.875514727952744,0.000341040782877337,40890.23212550874,1335.030519271635
1.1910112359550562,2.875514727952744,0.0003130977999411899,21247.028818551866,1029.6748209406517
1.2134831460674156,2.875514727952744,0.0002886281102738168,10834.915715950388,780.6757898622154
1.2359550561797752,2.875514727952744,0.0002673869884201493,5696.443287747458,597.9299634436607
1.2584269662921348,2.875514727952744,0.00024865905905109803,3002.5687406473826,455.4472259947503
1.2808988764044944,2.875514727952744,0.00023206683086059648,1592.9718180553214,345.72982281135864
1.303370786516854,2.875514727952744,0.00021620335757827484,689.5294670475082,231.06582543562402
1.3258426966292134,2.875514727952744,0.0002036727550767514,425.26764275019565,188.72805173525953
1.348314606741573,2.875514727952744,0.00019164853718931315,226.08177226026658,140.10209615187827
1.3707865168539326,2.875514727952744,0.0001807819481781163,122.27385158718332,104.23603909309888
1.393258426966292,2.875514727952744,0.0001710956824301443,70.19485489097192,79.8127297918645
1.4157303370786516,2.875514727952744,0.00016257855711293334,44.12801640453689,64.22141085723176
1.4382022471910112,2.875514727952744,0.0001546089624966351,27.050455431759953,50.525805505477884
1.4606741573033708,2.875514727952744,0.0001470930626365655,16.14541274898658,38.79147875397301
1.4831460674157304,2.875514727952744,0.00014079212972914015,11.412173345027293,33.03075300782099
1.5056179775280898,2.875514727952744,0.0001339748376642986,6.491754993258714,24.203636165698565
1.5280898876404494,2.875514727952744,0.00012847382961212332,4.592032620944707,20.36830204798811
1.550561797752809,2.875514727952744,0.00012344852440959514,3.3637399230766545,17.46360561290484
1.5730337078651684,2.875514727952744,0.00011880287681766721,2.518435221258332,15.12949297022497
1.595505617977528,2.875514727952744,0.00011447061692679325,1.9123458303862912,13.178235838177175
1.6179775280898876,2.875514727952744,0.00011049715850437518,1.49705372321564,11.680939236190401
1.6404494382022472,2.875514727952744,0.00010661818028405849,1.14462804852805,10.136024176960575
1.6629213483146068,2.875514727952744,0.00010275275137534379,0.8453481117572136,8.531926644790257
1.6853932584269662,2.875514727952744,9.893565220332994e-05,0.6132760549156745,7.046444305502911
1.7078651685393258,2.875514727952744,9.649083856321086e-05,0.5737886082324928,7.026761701326867
1.7303370786516854,2.875514727952744,9.299695900844078e-05,0.42124772944514505,5.8015572039772385
1.7528089887640448,2.875514727952744,9.057411089050041e-05,0.37577051464997696,5.550880499188364
1.7752808988764044,2.875514727952744,8.815126277256004e-05,0.32827520751060274,5.2143186456943535
1.797752808988764,2.875514727952744,8.51393040301685e-05,0.25040563260477067,4.377502148738273
1.8202247191011236,2.875514727952744,8.320238435821796e-05,0.23173708285044953,4.2852137660057155
1.8426966292134832,2.875514727952744,8.099521588229684e-05,0.2003921693537643,3.959752299389941
1.8651685393258426,2.875514727952744,7.904060857058285e-05,0.1793973740443542,3.7579939684007924
1.8876404494382022,2.875514727952744,7.654550365092769e-05,0.14326265381525688,3.226974735940789
1.9101123595505618,2.875514727952744,7.48123467499672e-05,0.1303589119777122,3.089888177608302
1.9325842696629212,2.875514727952744,7.337651199043712e-05,0.12401223072830109,3.072278291075196
1.9550561797752808,2.875514727952744,7.074552407989705e-05,0.0944913532609684,2.5043722066033216
1.9775280898876404,2.875514727952744,6.961956004400619e-05,0.09274069996735496,2.550560048556239
2.0,2.875514727952744,6.838090705642166e-05,0.08879580041855072,2.5403516835252313
0.0,3.1958556576241346,0.6932878962144488,1714257477.8969126,1730.4229207862402
0.02247191011235955,3.1958556576241346,0.6337514340281777,1788576563.879996,1862.8073245783494
0.0449438202247191,3.1958556576241346,0.5780383126742316,1880715259.7866127,2015.8623570047657
0.06741573033707865,3.1958556576241346,0.5261555401564282,1992362779.4543176,2192.3784602940177
0.0898876404494382,3.1958556576241346,0.47798159978738736,2124915716.5759616,2395.392896388204
0.11235955056179775,3.1958556576241346,0.43342038639873565,2281041068.5874214,2628.8446587647213
0.1348314606741573,3.1958556576241346,0.39225381332663345,2462532095.4628983,2896.8560088461068
0.15730337078651685,3.1958556576241346,0.3544462828900259,2675720972.4654994,3205.997957260126
0.1797752808988764,3.1958556576241346,0.3195635451726669,2919006752.035832,3560.3689258501395
0.20224719101123595,3.1958556576241346,0.2877788188860013,3208000475.6976495,3972.186763559501
0.2247191011235955,3.1958556576241346,0.2588012435274505,3549635559.470236,4451.362879371855
0.24719101123595505,3.1958556576241346,0.23129205393762606,3888507588.7322345,4980.8524521313175
0.2696629213483146,3.1958556576241346,0.20492480927896273,4177015055.5426903,5545.138273265212
0.29213483146067415,3.1958556576241346,0.1801826756011316,4408663436.854321,6145.321084934392
0.3146067415730337,3.1958556576241346,0.15748280032052547,4593075524.585958,6789.737296167195
0.33707865168539325,3.1958556576241346,0.13696050327918852,4736114589.674984,7485.37732393357
0.3595505617977528,3.1958556576241346,0.11862661022698993,4845597887.436651,8241.236043046483
0.38202247191011235,3.1958556576241346,0.10236941763486597,4923338663.259986,9063.724397772807
0.4044943820224719,3.1958556576241346,0.0836205388243634,3994451414.6859255,9160.694812775253
0.42696629213483145,3.1958556576241346,0.06788939858423833,3133843534.8646445,9138.127855193561
0.449438202247191,3.1958556576241346,0.05523570491444141,2459704913.9109936,9113.894858637592
0.47191011235955055,3.1958556576241346,0.044990084594666864,1921974889.499439,9070.884609762234
0.4943820224719101,3.1958556576241346,0.03673487658893607,1503945248.3104718,9030.328476230725
0.5168539325842696,3.1958556576241346,0.030039146496628095,1172650666.1580765,8974.55158070561
0.5393258426966292,3.1958556576241346,0.024621469510665548,914426387.6033422,8916.87746500167
0.5617977528089888,3.1958556576241346,0.02020668521645754,708651071.2995859,8834.639117912526
0.5842696629213483,3.1958556576241346,0.01663646148589673,550994226.2883805,8762.334786302761
0.6067415730337078,3.1958556576241346,0.013725373446451248,426849522.5258016,8674.947604077446
0.6292134831460674,3.1958556576241346,0.0113550165784777,330468850.19936305,8583.552706165325
0.651685393258427,3.1958556576241346,0.009419252544622819,255295460.72594956,8482.674307213572
0.6741573033707865,3.1958556576241346,0.007831397713611049,195993239.2997573,8357.789273855304
0.696629213483146,3.1958556576241346,0.006536009695921714,150852171.7975414,8240.782326401586
0.7191011235955056,3.1958556576241346,0.005465345175853615,114639654.63034664,8077.3093269095425
0.7415730337078652,3.1958556576241346,0.004589839832116389,87398260.0018405,7924.4752949791755
0.7640449438202247,3.1958556576241346,0.003867020755776369,66157783.24937486,7746.290778715185
0.7865168539325842,3.1958556576241346,0.0032718079509771398,50038955.89451561,7565.31444517603
0.8089887640449438,3.1958556576241346,0.0027771039304611885,37376989.53443015,7342.453137820298
0.8314606741573034,3.1958556576241346,0.0023651373605724645,27498889.4310951,7071.647938244285
0.8539325842696629,3.1958556576241346,0.002024954284358136,20270582.640571054,6811.155936711276
0.8764044943820224,3.1958556576241346,0.0017429071406623781,14963063.684438255,6558.908425894574
0.898876404494382,3.1958556576241346,0.0015053884014427014,10788072.059699101,6240.14342954381
0.9213483146067416,3.1958556576241346,0.001306225435985383,7667028.362157164,5889.244084005034
0.9438202247191011,3.1958556576241346,0.0011395543435407849,5419350.122963259,5536.016233338001
0.9662921348314606,3.1958556576241346,0.0009983972232737752,3731399.320862702,5129.907968127791
0.9887640449438202,3.1958556576241346,0.0008789401252696685,2513256.7695884476,4693.537796595254
1.0112359550561798,3.1958556576241346,0.000777840710464575,1664731.96009561,4249.516610549081
1.0337078651685392,3.1958556576241346,0.0006920525416837656,1085852.4316019882,3808.5896350584844
1.0561797752808988,3.1958556576241346,0.0006181859890103659,674927.5184669421,3321.125798020512
1.0786516853932584,3.1958556576241346,0.0005554236889462328,417421.62539814034,2879.0861839847216
1.101123595505618,3.1958556576241346,0.0005015082928220413,252286.5653997624,2457.29708382654
1.1235955056179776,3.1958556576241346,0.00045431713326106395,141873.27829952195,2010.4432586032692
1.146067415730337,3.1958556576241346,0.0004138694044639005,79954.70826798218,1638.6400343254643
1.1685393258426966,3.1958556576241346,0.00037819808410034946,41871.914321550124,1276.6206942413478
1.1910112359550562,3.1958556576241346,0.0003471598149710384,21548.72970795789,978.8574173527741
1.2134831460674156,3.1958556576241346,0.0003210257123854322,12403.430034849951,793.6930006514804
1.2359550561797752,3.1958556576241346,0.0002973972218668447,6525.267212873075,608.2496072885565
1.2584269662921348,3.1958556576241346,0.0002757439006888671,3034.261282069483,431.2312222301824
1.2808988764044944,3.1958556576241346,0.0002576436175391304,1689.4074307636693,336.43034794486033
1.303370786516854,3.1958556576241346,0.00024142977869545844,935.5714561252812,259.89730023689225
1.3258426966292134,3.1958556576241346,0.00022645035279585088,480.11003885550633,190.50033606123043
1.348314606741573,3.1958556576241346,0.0002131674027367262,259.4513369940008,142.84503046514956
1.3707865168539326,3.1958556576241346,0.0002010305617183696,138.78017154363366,105.58706177828684
1.393258426966292,3.1958556576241346,0.00019068121175296672,86.82194643920862,85.30514402019298
1.4157303370786516,3.1958556576241346,0.0001807819481781163,49.96518202807727,64.97921881308179
1.4382022471910112,3.1958556576241346,0.00017171133942924614,29.29434582468984,49.693292572363674
1.4606741573033708,3.1958556576241346,0.00016359320148693702,18.365838285579137,39.38070396253886
1.4831460674157304,3.1958556576241346,0.00015634174204142806,12.320638302246941,32.40452902534757
1.5056179775280898,3.1958556576241346,0.0001496001284186949,8.33124780160752,26.647159751749996
1.5280898876404494,3.1958556576241346,0.00014344226872514378,5.840998175881735,22.3216020085328
1.550561797752809,3.1958556576241346,0.00013755025859118195,4.014381338653458,18.341336041583077
1.5730337078651684,3.1958556576241346,0.00013227557495365248,2.937616346210816,15.649452454752865
1.595505617977528,3.1958556576241346,0.0001273943863267538,2.2004112059374923,13.50666545038027
1.6179775280898876,3.1958556576241346,0.00012250803344233453,1.5667711496138987,11.185580086738888
1.6404494382022472,3.1958556576241346,0.00011779018670872049,1.1094074988160598,9.170100935023767
1.6629213483146068,3.1958556576241346,0.00011447061692679325,0.9901235757641167,8.870869175107188
1.6853932584269662,3.1958556576241346,0.00011049715850437518,0.7530515900382769,7.596222105697233
1.7078651685393258,3.1958556576241346,0.00010717148937420051,0.6292942155170658,6.955559135586341
1.7303370786516854,3.1958556576241346,0.00010385577981490697,0.5127236899893961,6.225860165255554
1.7528089887640448,3.1958556576241346,0.00010055,0.40899769705360733,5.460130513666513
1.7752808988764044,3.1958556576241346,9.783754020374116e-05,0.3559537698228115,5.112255322135598
1.797752808988764,3.1958556576241346,9.514413692268057e-05,0.3048474724280972,4.713368753313887
1.8202247191011236,3.1958556576241346,9.245073364161997e-05,0.25659097480388804,4.271969317272531
1.8426966292134832,3.1958556576241346,9.002909634232924e-05,0.22311404038038007,3.9656145716893243
1.8651685393258426,3.1958556576241346,8.760745904303852e-05,0.19131099090353984,3.6285674979254825
1.8876404494382022,3.1958556576241346,8.51393040301685e-05,0.16093838665348764,3.256717040382738
1.9101123595505618,3.1958556576241346,8.320238435821796e-05,0.14619833182469114,3.114266773559535
1.9325842696629212,3.1958556576241346,8.153571349023799e-05,0.13746387438158414,3.065073740139714
1.9550561797752808,3.1958556576241346,7.904060857058285e-05,0.11180699911348281,2.6476813393068515
1.9775280898876404,3.1958556576241346,7.752343077128236e-05,0.10550181904114124,2.6048191357426336
2.0,3.1958556576241346,7.60074999009772e-05,0.09882218114048259,2.5434986078025537
0.0,3.5518835236986606,0.7340114820704242,1647230769.3100262,1648.4958960754764
0.02247191011235955,3.5518835236986606,0.6714637049848243,1713071200.4810092,1771.0950158810235
0.0449438202247191,3.5518835236986606,0.6128846418967571,1796653230.7183824,1913.4308278908425
0.06741573033707865,3.5518835236986606,0.5581784203044882,1898332728.2898672,2077.6901773333584
0.0898876404494382,3.5518835236986606,0.5073576256606819,2020333699.9117236,2267.0389075369453
0.11235955056179775,3.5518835236986606,0.4602421907792536,2163859954.769555,2484.6634784660223
0.1348314606741573,3.5518835236986606,0.4167581888959594,2332428204.1254816,2735.11029566226
0.15730337078651685,3.5518835236986606,0.3765763432912855,2526216513.5084186,3022.1774788311727
0.1797752808988764,3.5518835236986606,0.33989429429279033,2757468395.5912356,3355.3083862621083
0.20224719101123595,3.5518835236986606,0.3060973250739504,3021756303.0062146,3737.9594492908896
0.2247191011235955,3.5518835236986606,0.2752740118648987,3333346047.244527,4182.484001576687
0.24719101123595505,3.5518835236986606,0.24696170157894928,3689202068.4020586,4695.007010338445
0.2696629213483146,3.5518835236986606,0.21960150713451285,4003062008.2719693,5243.813375688224
0.29213483146067415,3.5518835236986606,0.19365867907254694,4260043588.303079,5826.771311989551
0.3146067415730337,3.5518835236986606,0.16965572546921298,4466528227.596202,6450.745518846319
0.33707865168539325,3.5518835236986606,0.14784418118379977,4630792779.971766,7123.88095106148
0.3595505617977528,3.5518835236986606,0.12824107664771925,4754572847.2432,7851.307011324922
0.38202247191011235,3.5518835236986606,0.1108465348208388,4851742381.792194,8646.472208617972
0.4044943820224719,3.5518835236986606,0.0930975571631398,4419777858.003061,9132.39367309821
0.42696629213483145,3.5518835236986606,0.07559325051662197,3475679280.507756,9120.01072582716
0.449438202247191,3.5518835236986606,0.06143931202494235,2719373652.871738,9086.168392529484
0.47191011235955055,3.5518835236986606,0.05004652161994595,2128197681.9767966,9050.038074383641
0.4943820224719101,3.5518835236986606,0.04084707493050467,1663865704.9074318,9007.460772911789
0.5168539325842696,3.5518835236986606,0.033412580442670196,1300617559.3868117,8961.678161194732
0.5393258426966292,3.5518835236986606,0.027385586553886537,1014900501.3623079,8907.247860945537
0.5617977528089888,3.5518835236986606,0.02248680889196224,789345611.5402162,8838.701405539883
0.5842696629213483,3.5518835236986606,0.018501034220468587,611842888.8753277,8755.807329308838
0.6067415730337078,3.5518835236986606,0.015270057669792147,475454518.0049058,8680.10035964844
0.6292134831460674,3.5518835236986606,0.012622697673674944,366489574.00021166,8573.275790533204
0.651685393258427,3.5518835236986606,0.010465967215851942,282377163.9552594,8463.275272182516
0.6741573033707865,3.5518835236986606,0.008706513405737682,217662388.44117233,8353.281626422086
0.696629213483146,3.5518835236986606,0.007265828655543573,167500743.24942005,8235.907615492466
0.7191011235955056,3.5518835236986606,0.006079308486694179,127928156.7148627,8090.3570030586625
0.7415730337078652,3.5518835236986606,0.005104403674418965,97422720.79751603,7933.748123366241
0.7640449438202247,3.5518835236986606,0.004299680176549283,73653240.66785397,7751.231568759039
0.7865168539325842,3.5518835236986606,0.003636398229440533,55521550.62021847,7558.84520438231
0.8089887640449438,3.5518835236986606,0.0030857607392396386,41370829.929065935,7328.020084898015
0.8314606741573034,3.5518835236986606,0.0026297354815292356,30648807.872382663,7080.26614931914
0.8539325842696629,3.5518835236986606,0.002252360807194033,22702280.519430228,6835.030774097714
0.8764044943820224,3.5518835236986606,0.001935170101923586,16403723.801778913,6516.300808994727
0.898876404494382,3.5518835236986606,0.0016713244941584371,11803389.801460363,6193.389129789136
0.9213483146067416,3.5518835236986606,0.0014511443790080937,8458001.057596983,5867.889967349586
0.9438202247191011,3.5518835236986606,0.0012656713891290024,5952085.551802871,5503.917746992587
0.9662921348314606,3.5518835236986606,0.001109752074128485,4150029.133927525,5131.469970935726
0.9887640449438202,3.5518835236986606,0.0009770560131622777,2800450.654787794,4699.368267173794
1.0112359550561798,3.5518835236986606,0.0008647165076447268,1857734.2663447403,4258.066017073843
1.0337078651685392,3.5518835236986606,0.000768212669096785,1172168.3560941448,3752.4511915658895
1.0561797752808988,3.5518835236986606,0.000687774983865916,769101.5401353289,3364.000081657994
1.0786516853932584,3.5518835236986606,0.0006173773003601858,464938.51110483863,2882.2789529464026
1.101123595505618,3.5518835236986606,0.0005570800074291436,275634.82352654694,2435.18702799748
1.1235955056179776,3.5518835236986606,0.0005053927804005184,162188.8484951216,2040.8381822967328
1.146067415730337,3.5518835236986606,0.00045929632442375814,84365.89016202473,1593.3484551146814
1.1685393258426966,3.5518835236986606,0.0004208936466665134,48812.93439280111,1310.3177126660341
1.1910112359550562,3.5518835236986606,0.0003870722185287699,27063.571367068904,1047.2704420693958
1.2134831460674156,3.5518835236986606,0.0003566963496283061,13626.49182159341,788.5489221883361
1.2359550561797752,3.5518835236986606,0.00032997391194717794,6756.924203700944,584.3305736033251
1.2584269662921348,3.5518835236986606,0.00030664610074828715,3454.5559178890326,437.232655680582
1.2808988764044944,3.5518835236986606,0.00028578302112127743,1725.6886930061519,320.31121390469866
1.303370786516854,3.5518835236986606,0.0002680784469825501,998.4930143576228,253.7574799721082
1.3258426966292134,3.5518835236986606,0.00025179492942817885,543.8120227684956,192.66738211933188
1.348314606741573,3.5518835236986606,0.0002372191166822982,303.9998783247704,147.4857960021512
1.3707865168539326,3.5518835236986606,0.00022349116735204805,155.94556710054994,106.30018946656273
1.393258426966292,3.5518835236986606,0.00021195514460333674,97.00051777916026,85.5821335263629
1.4157303370786516,3.5518835236986606,0.0002010305617183696,56.652274446781746,65.80291716143118
1.4382022471910112,3.5518835236986606,0.00019068121175296672,31.585838682751024,48.73769806339101
1.4606741573033708,3.5518835236986606,0.00018197431680973895,21.013829046058696,40.13053411338026
1.4831460674157304,3.5518835236986606,0.00017338135663505033,12.751262293780862,30.91750547880939
1.5056179775280898,3.5518835236986606,0.00016620298194545857,9.145787676633748,26.427757500413694
1.5280898876404494,3.5518835236986606,0.00015924191282568924,6.2721312480700195,21.806073280567063
1.550561797752809,3.5518835236986606,0.00015239319769828915,4.0834923528701,17.255734788782924
1.5730337078651684,3.5518835236986606,0.0001470930626365655,3.313891527833879,15.81317803147074
1.595505617977528,3.5518835236986606,0.00014136252579400474,2.3466320235338505,13.116340630754541
1.6179775280898876,3.5518835236986606,0.00013634294969640083,1.800279028359052,11.457140714573393
1.6404494382022472,3.5518835236986606,0.00013159499943961257,1.387776391555591,9.998571555923712
1.6629213483146068,3.5518835236986606,0.0001273943863267538,1.134355645448216,9.073195886899306
1.6853932584269662,3.5518835236986606,0.00012250803344233453,0.7956885528239964,7.312104960565254
1.7078651685393258,3.5518835236986606,0.00011936227825607604,0.7304328963555968,7.190627372112714
1.7303370786516854,3.5518835236986606,0.00011564295520392667,0.5912166401127569,6.406565485571495
1.7528089887640448,3.5518835236986606,0.00011216373725381276,0.4866055283667105,5.761456621026652
1.7752808988764044,3.5518835236986606,0.00010883307712527528,0.4018550986948281,5.176718719585277
1.797752808988764,3.5518835236986606,0.00010551239151444616,0.3264324666334295,4.573011450819207
1.8202247191011236,3.5518835236986606,0.00010275275137534379,0.2852668753454088,4.273037186884416
1.8426966292134832,3.5518835236986606,0.0001,0.2456787985004251,3.934925840160263
1.8651685393258426,3.5518835236986606,9.7164189383476e-05,0.20615547409093443,3.5348508499999594
1.8876404494382022,3.5518835236986606,9.514413692268057e-05,0.19346308292126926,3.4836010618364166
1.9101123595505618,3.5518835236986606,9.245073364161997e-05,0.1619774340569553,3.1057604801050593
1.9325842696629212,3.5518835236986606,9.057411089050041e-05,0.15172656772302262,3.0463838611608685
1.9550561797752808,3.5518835236986606,8.815126277256004e-05,0.12976244554033756,2.7519049599074648
1.9775280898876404,3.5518835236986606,8.58299853881471e-05,0.11193389355098371,2.49778212052511
2.0,3.5518835236986606,8.429982028486838e-05,0.1070828585686796,2.4849853060582787
0.0,3.947573957486214,0.7770743325309398,1582542261.0623393,1570.3542729186097
0.02247191011235955,3.947573957486214,0.7114807909466194,1640709192.0449126,1683.7974171779624
0.0449438202247191,3.947573957486214,0.6498655858472887,1715697192.6078458,1815.806341218296
0.06741573033707865,3.947573957486214,0.5922521375552798,1808350318.6065567,1968.6143899884394
0.0898876404494382,3.947573957486214,0.538627878538976,1920176229.1583,2144.9768264175736
0.11235955056179775,3.947573957486214,0.4888813996617125,2052737217.5718756,2348.0284664680544
0.1348314606741573,3.947573957486214,0.44289639953638044,2208527166.1636896,2581.6979102336495
0.15730337078651685,3.947573957486214,0.40044124836470807,2389252938.620012,2850.1336833279684
0.1797752808988764,3.947573957486214,0.36149950611340287,2601667337.7429,3160.1914731037054
0.20224719101123595,3.947573957486214,0.32574710028515075,2848141146.78962,3517.7678340266543
0.2247191011235955,3.947573957486214,0.2929505724784978,3132719437.414254,3930.356860176855
0.24719101123595505,3.947573957486214,0.26319353864003425,3473581396.4825296,4412.933016592733
0.2696629213483146,3.947573957486214,0.23505263223250877,3816147179.68364,4948.687228738603
0.29213483146067415,3.947573957486214,0.2079636676189867,4098971138.45372,5515.363825344421
0.3146067415730337,3.947573957486214,0.18267437173295523,4330240877.332047,6120.924209335546
0.33707865168539325,3.947573957486214,0.15951453554637252,4514484775.122611,6771.504332541674
0.3595505617977528,3.947573957486214,0.13861145782664483,4657464748.99807,7474.19442920298
0.38202247191011235,3.947573957486214,0.11997527665145508,4768451554.11637,8239.149529915296
0.4044943820224719,3.947573957486214,0.10344916716515817,4843358480.940495,9069.00045732883
0.42696629213483145,3.947573957486214,0.08411586052280873,3838687978.969373,9085.862827384253
0.449438202247191,3.947573957486214,0.06841490734537371,3018110156.4730096,9071.078746291576
0.47191011235955055,3.947573957486214,0.05571236901462623,2362449887.685097,9037.205528911098
0.4943820224719101,3.947573957486214,0.04543779371568665,1842853201.442766,8987.881213859644
0.5168539325842696,3.947573957486214,0.037169061211144376,1442324163.2307189,8947.613284343364
0.5393258426966292,3.947573957486214,0.030459705368272926,1125634699.622561,8894.584527657114
0.5617977528089888,3.947573957486214,0.02499397008418497,872945249.613465,8816.3823637965
0.5842696629213483,3.947573957486214,0.020580916542411107,680262063.8724302,8753.419948772604
0.6067415730337078,3.947573957486214,0.016972087468674187,526304548.1835209,8662.373382908287
0.6292134831460674,3.947573957486214,0.014038846132461655,407528765.3646335,8572.419628090916
0.651685393258427,3.947573957486214,0.01164224959343759,314554598.4333256,8469.199561317586
0.6741573033707865,3.947573957486214,0.009683193709992604,242297742.782714,8357.032186768909
0.696629213483146,3.947573957486214,0.008071582019962664,185005028.51284182,8211.985769556159
0.7191011235955056,3.947573957486214,0.006757872859609435,142011353.97600672,8084.702485879983
0.7415730337078652,3.947573957486214,0.005669764251134886,107501190.20886336,7907.33165302539
0.7640449438202247,3.947573957486214,0.004779110999427893,81736115.3710438,7744.986556681949
0.7865168539325842,3.947573957486214,0.004040815957972979,61479005.94187671,7545.317698659706
0.8089887640449438,3.947573957486214,0.003429667560773896,45907357.4066045,7321.980693519156
0.8314606741573034,3.947573957486214,0.0029255285106351914,34351473.498647004,7107.163336813631
0.8539325842696629,3.947573957486214,0.0025030781173285624,25163256.6871648,6825.856381455027
0.8764044943820224,3.947573957486214,0.0021522578775334403,18358629.511068396,6537.228994260997
0.898876404494382,3.947573957486214,0.0018582074385314982,13162778.527041052,6202.955485008813
0.9213483146067416,3.947573957486214,0.0016136297931241628,9455806.594219243,5884.195436275487
0.9438202247191011,3.947573957486214,0.0014069451053502278,6625641.662640301,5507.857114091478
0.9662921348314606,3.947573957486214,0.0012333364003293856,4602543.57688755,5125.848791850233
0.9887640449438202,3.947573957486214,0.001086294729633196,3129340.2359497175,4711.835387050685
1.0112359550561798,3.947573957486214,0.0009608833679231705,2054339.9460741137,4247.145113926643
1.0337078651685392,3.947573957486214,0.0008551005215656232,1347194.716514986,3816.873800157799
1.0561797752808988,3.947573957486214,0.0007643935470182995,853532.9334432035,3361.354166822807
1.0786516853932584,3.947573957486214,0.0006860689760909715,514251.6552840124,2874.9715800804397
1.101123595505618,3.947573957486214,0.0006190531641105139,304643.3701940554,2427.9966505918073
1.1235955056179776,3.947573957486214,0.0005613145820189872,176139.11888768373,2015.800446016187
1.146067415730337,3.947573957486214,0.0005112313040822288,98595.89177693467,1637.0762913058018
1.1685393258426966,3.947573957486214,0.00046767198191457094,53712.87788750515,1303.1747068182246
1.1910112359550562,3.947573957486214,0.0004298821015566417,29209.22800074556,1030.4049289535567
1.2134831460674156,3.947573957486214,0.00039660851332968226,15397.748977552008,795.8842774900559
1.2359550561797752,3.947573957486214,0.0003671216065827999,7836.333957973629,598.593640013658
1.2584269662921348,3.947573957486214,0.000341040782877337,3947.311799619413,444.2378180435425
1.2808988764044944,3.947573957486214,0.00031806681589592665,2033.290540179172,331.3740125255286
1.303370786516854,3.947573957486214,0.0002973972218668447,1025.5684394616799,242.2270243050871
1.3258426966292134,3.947573957486214,0.0002794531162580697,569.0497525667718,185.85259294936216
1.348314606741573,3.947573957486214,0.00026317805187258585,313.496087851875,140.94779275897673
1.3707865168539326,3.947573957486214,0.00024865905905109803,180.94729534004026,109.14616627167014
1.393258426966292,3.947573957486214,0.00023533883090397177,103.68171037767884,83.52783308989041
1.4157303370786516,3.947573957486214,0.00022349116735204805,63.625738851130095,66.23777468889249
1.4382022471910112,3.947573957486214,0.0002125611221756384,39.101942936888385,52.22032959357915
1.4606741573033708,3.947573957486214,0.00020223189253772839,23.28309662702029,40.049798036401825
1.4831460674157304,3.947573957486214,0.00019291314245732292,14.689910288913103,31.65725378810708
1.5056179775280898,3.947573957486214,0.0001848020717826898,10.306045034218297,26.672598429148664
1.5280898876404494,3.947573957486214,0.0001772196969130337,7.255691026363673,22.406527999567285
1.550561797752809,3.947573957486214,0.00016983333578855515,4.896593974261922,18.18243084204897
1.5730337078651684,3.947573957486214,0.00016359320148693702,3.7530516453459706,16.02247890729449
1.595505617977528,3.947573957486214,0.00015691991291244878,2.5277872607619742,12.828297182744203
1.6179775280898876,3.947573957486214,0.00015181728905376226,2.0961848261733658,11.847961594031702
1.6404494382022472,3.947573957486214,0.0001465198027351979,1.6095965738108098,10.315488670817821
1.6629213483146068,3.947573957486214,0.00014136252579400474,1.2159878034557872,8.83271672136645
1.6853932584269662,3.947573957486214,0.00013695852644922735,1.0008705848467772,8.027475458165355
1.7078651685393258,3.947573957486214,0.00013227557495365248,0.7646799095547435,6.868646566884124
1.7303370786516854,3.947573957486214,0.00012847382961212332,0.6517005705514002,6.365657276508594
1.7528089887640448,3.947573957486214,0.00012438901537685574,0.5192276420980764,5.579168062211343
1.7752808988764044,3.947573957486214,0.00012074049425117716,0.432527218175854,5.045448382116412
1.797752808988764,3.947573957486214,0.00011677749659977376,0.33878050462116904,4.325848083653633
1.8202247191011236,3.947573957486214,0.00011447061692679325,0.3296541237786447,4.412561071569433
1.8426966292134832,3.947573957486214,0.00011105240708362737,0.26968132926575844,3.894297333624303
1.8651685393258426,3.947573957486214,0.00010827893765644706,0.23838856165387676,3.6554877484381083
1.8876404494382022,3.947573957486214,0.00010551239151444616,0.20823776301875413,3.3889495947000046
1.9101123595505618,3.947573957486214,0.00010275275137534379,0.1800710010204365,3.1064497711783154
1.9325842696629212,3.947573957486214,0.00010055,0.16602265862049467,3.004699166631373
1.9550561797752808,3.947573957486214,9.838645897384302e-05,0.1523795908039707,2.890789043538015
1.9775280898876404,3.947573957486214,9.569170899114191e-05,0.12919035059434325,2.584363337733326
2.0,3.947573957486214,9.299695900844078e-05,0.10919317090506175,2.2969635453799713
0.0,4.387345487499566,0.8230398916710118,1522531327.493547,1496.6172996890955
0.02247191011235955,4.387345487499566,0.7539413214845742,1571290903.1813917,1600.6757263536801
0.0449438202247191,4.387345487499566,0.6891532031622163,1637964313.0000322,1722.838530384252
0.06741573033707865,4.387345487499566,0.6285147351952097,1722133794.332122,1864.8266828506924
0.0898876404494382,4.387345487499566,0.5719304555256283,1824222181.4491394,2028.8707823714967
0.11235955056179775,4.387345487499566,0.5193982505640832,1946304895.2607782,2218.1182547756734
0.1348314606741573,4.387345487499566,0.4707417293159274,2089741397.1344306,2435.8545556576864
0.15730337078651685,4.387345487499566,0.42586476400624074,2257816550.370994,2686.60271654752
0.1797752808988764,4.387345487499566,0.3846199826319024,2454690038.229607,2975.87820290916
0.20224719101123595,4.387345487499566,0.34664164866841846,2680960327.1742735,3308.4358787779634
0.2247191011235955,4.387345487499566,0.31186445789175093,2944112963.691726,3692.7815339076
0.24719101123595505,4.387345487499566,0.2801994238033066,3255234713.4379597,4140.227505606979
0.2696629213483146,4.387345487499566,0.25112909510203485,3610184217.959566,4656.573422869908
0.29213483146067415,4.387345487499566,0.22306872238475559,3922832204.099181,5209.560865355316
0.3146067415730337,4.387345487499566,0.19652008138836025,4179425949.8357267,5797.5488129725245
0.33707865168539325,4.387345487499566,0.1720113155298111,4386706509.992027,6427.78359918376
0.3595505617977528,4.387345487499566,0.14975835148208405,4549824676.008142,7106.889230957461
0.38202247191011235,4.387345487499566,0.12979876140186644,4673329991.677116,7841.607809235139
0.4044943820224719,4.387345487499566,0.1120941483716656,4766712354.907312,8642.793044399501
0.42696629213483145,4.387345487499566,0.09371187069495594,4255539478.485502,9063.38553448122
0.449438202247191,4.387345487499566,0.07615213515593638,3339386676.2238946,9043.896718385266
0.47191011235955055,4.387345487499566,0.06201879307025928,2619448936.550072,9019.21566036037
0.4943820224719101,4.387345487499566,0.050596856762891926,2049451863.7167873,8982.04043540422
0.5168539325842696,4.387345487499566,0.041348567754150904,1598298123.713771,8930.211794162755
0.5393258426966292,4.387345487499566,0.03388281907983985,1248311785.0414162,8880.924362475476
0.5617977528089888,4.387345487499566,0.027811446447509772,970638207.5979129,8813.104078980748
0.5842696629213483,4.387345487499566,0.02288530808569683,754159723.39945,8740.201670636363
0.6067415730337078,4.387345487499566,0.01888271005563767,585778454.9638027,8664.00297177161
0.6292134831460674,4.387345487499566,0.015611589440984744,452547874.22294873,8566.342372919231
0.651685393258427,4.387345487499566,0.012942528315212894,348808456.23241735,8458.47720889952
0.6741573033707865,4.387345487499566,0.010764041275541746,268695209.2894785,8346.87804390052
0.696629213483146,4.387345487499566,0.00897909617838703,206331074.35780546,8222.486772331638
0.7191011235955056,4.387345487499566,0.007508446723165365,156997757.82343665,8064.339003993865
0.7415730337078652,4.387345487499566,0.0063053341472470974,119758301.3114616,7914.179301708269
0.7640449438202247,4.387345487499566,0.005311968588009903,90678112.75821973,7737.562406395538
0.7865168539325842,4.387345487499566,0.004493165766991643,68474734.3084754,7551.6198164570615
0.8089887640449438,4.387345487499566,0.0038117709245810093,50912577.41094079,7313.974086293019
0.8314606741573034,4.387345487499566,0.003249311379469962,37834312.914498456,7076.82479402017
0.8539325842696629,4.387345487499566,0.002783851150035788,28133171.020820744,6844.140778336369
0.8764044943820224,4.387345487499566,0.002393526543246673,20524298.58367717,6554.830129430065
0.898876404494382,4.387345487499566,0.0020675115229871165,14822221.628592862,6241.317266182325
0.9213483146067416,4.387345487499566,0.001794352918356382,10573264.372974375,5901.027056267581
0.9438202247191011,4.387345487499566,0.0015643239128852844,7399464.768816703,5520.49718500633
0.9662921348314606,4.387345487499566,0.0013712470310788577,5140241.0427625775,5137.851443733007
0.9887640449438202,4.387345487499566,0.0012072802745454342,3470620.8143936633,4706.656909721533
1.0112359550561798,4.387345487499566,0.0010687134426079525,2314800.0747023015,4276.405879597785
1.0337078651685392,4.387345487499566,0.0009505034299495032,1500037.6131520686,3820.2924522559815
1.0561797752808988,4.387345487499566,0.0008493628060404481,941944.0408825988,3349.036446918148
1.0786516853932584,4.387345487499566,0.0007618949657669184,558455.3610881444,2840.4220075382696
1.101123595505618,4.387345487499566,0.0006886379571528149,347229.6554272856,2460.378366685902
1.1235955056179776,4.387345487499566,0.0006240862470550436,197886.54725817835,2027.3690120693288
1.146067415730337,4.387345487499566,0.0005682905313958069,110124.60066870778,1641.4134632433052
1.1685393258426966,4.387345487499566,0.0005200041227651729,60592.466911664545,1313.7796276015993
1.1910112359550562,4.387345487499566,0.00047780229215816224,32495.959422508597,1030.9520909974844
1.2134831460674156,4.387345487499566,0.0004409455248248318,17332.01733751998,801.5470461864793
1.2359550561797752,4.387345487499566,0.0004081646189153641,8827.013428185717,603.1511974230535
1.2584269662921348,4.387345487499566,0.0003792700529082291,4498.663103624821,450.68203831001955
1.2808988764044944,4.387345487499566,0.00035394774229590277,2382.5101709239116,341.71712239015034
1.303370786516854,4.387345487499566,0.0003312041083963597,1241.8356100362696,254.7741384201367
1.3258426966292134,4.387345487499566,0.0003107140171580052,642.9375998562097,187.68460458534992
1.348314606741573,4.387345487499566,0.0002927649954940823,361.57523856689926,144.14312474602622
1.3707865168539326,4.387345487499566,0.0002757439006888671,183.7313899572212,103.25610589552342
1.393258426966292,4.387345487499566,0.00026132098824729075,111.16809835711418,81.68054708528156
1.4157303370786516,4.387345487499566,0.00024782163526477883,64.8311884681663,62.70341457650811
1.4382022471910112,4.387345487499566,0.00023627897379313497,43.68583508669703,52.394461966716435
1.4606741573033708,4.387345487499566,0.00022471496439219194,25.679246669857292,39.85015113339826
1.4831460674157304,4.387345487499566,0.00021498927911072936,17.857795273801372,33.583289085533146
1.5056179775280898,4.387345487499566,0.00020565280623539416,11.924780032030737,27.400052412076896
1.5280898876404494,4.387345487499566,0.0001970040895273825,8.11226355836564,22.497080449642784
1.550561797752809,4.387345487499566,0.00018911932665329362,5.751133148032726,18.887295590235475
1.5730337078651684,4.387345487499566,0.00018137233915220535,3.899377505402429,15.284796328509051
1.595505617977528,4.387345487499566,0.0001750527509302255,3.0927186119680377,13.733662853435828
1.6179775280898876,4.387345487499566,0.00016830909395549413,2.1890488803824986,11.327705207136594
1.6404494382022472,4.387345487499566,0.00016257855711293334,1.7208011012405966,10.02640445312179
1.6629213483146068,4.387345487499566,0.00015691991291244878,1.3149914257675914,8.654924348233832
1.6853932584269662,4.387345487499566,0.00015181728905376226,1.0511309527272472,7.69168285354644
1.7078651685393258,4.387345487499566,0.0001470930626365655,0.85929948143785,6.926821541158305
1.7303370786516854,4.387345487499566,0.00014277973397614288,0.72350914077019,6.360138335110389
1.7528089887640448,4.387345487499566,0.00013814199073313653,0.5690161373175971,5.517578816092243
1.7752808988764044,4.387345487499566,0.0001339748376642986,0.46729261716260045,4.9323765490182945
1.797752808988764,4.387345487499566,0.00013011804953394157,0.3923348101043271,4.472495479326282
1.8202247191011236,4.387345487499566,0.00012683097084133314,0.34820180071751927,4.231268169653977
1.8426966292134832,4.387345487499566,0.00012344852440959514,0.30061017506439,3.903844671477315
1.8651685393258426,4.387345487499566,0.00012009462177334052,0.2569534292398695,3.56182545414721
1.8876404494382022,4.387345487499566,0.00011677749659977376,0.21818187824333363,3.2217130618942127
1.9101123595505618,4.387345487499566,0.00011447061692679325,0.2067707515390638,3.1959167705713405
1.9325842696629212,4.387345487499566,0.00011160793328716918,0.18133787424218256,2.9588971410986544
1.9550561797752808,4.387345487499566,0.00010883307712527528,0.15927288825479868,2.736308901053643
1.9775280898876404,4.387345487499566,0.00010661818028405849,0.14809706414014628,2.6577734106092445
2.0,4.387345487499566,0.00010440770770481442,0.13664859211142327,2.5603294162557457
0.0,4.876108879525666,0.871358267609358,1463011151.4464386,1425.763111658228
0.02247191011235955,4.876108879525666,0.7988198088837692,1503672901.7285728,1521.184238511234
0.0449438202247191,4.876108879525666,0.7308911012006021,1563236037.464667,1634.2681743996773
0.06741573033707865,4.876108879525666,0.6670513861920713,1638965738.8934317,1765.8600868259127
0.0898876404494382,4.876108879525666,0.6074054750544986,1732169913.4987059,1918.368745711437
0.11235955056179775,4.876108879525666,0.5519222128868176,1844205349.0841591,2094.5216637821627
0.1348314606741573,4.876108879525666,0.5004974603295901,1976756319.9009254,2297.5348424042927
0.15730337078651685,4.876108879525666,0.45298642269222295,2132039100.4869313,2531.2802515627477
0.1797752808988764,4.876108879525666,0.40917522776590387,2312174545.40667,2800.1331956625845
0.20224719101123595,4.876108879525666,0.3690276828822788,2523707020.9671144,3110.986465279179
0.2247191011235955,4.876108879525666,0.3321873781355422,2768612804.309942,3469.675629881267
0.24719101123595505,4.876108879525666,0.2984785978460955,3053066964.4673166,3884.7925774340556
0.2696629213483146,4.876108879525666,0.2678920084739039,3392705051.765619,4370.515431581529
0.29213483146067415,4.876108879525666,0.2389720012237503,3732516956.032169,4909.4975800232105
0.3146067415730337,4.876108879525666,0.21123382002998256,4015797781.4226866,5481.287106974066
0.33707865168539325,4.876108879525666,0.18536701534149,4246607074.659267,6092.051967009345
0.3595505617977528,4.876108879525666,0.16172989685592498,4431517514.016454,6749.109626295751
0.38202247191011235,4.876108879525666,0.14040822404441688,4572437557.7249365,7457.470391625801
0.4044943820224719,4.876108879525666,0.12145027917982835,4684396220.707268,8230.937879854911
0.42696629213483145,4.876108879525666,0.10436091287656413,4701391707.187664,9027.150315357008
0.449438202247191,4.876108879525666,0.0847725455575525,3691140806.8630123,9011.808760178807
0.47191011235955055,4.876108879525666,0.06899419549004752,2892038831.6324663,8984.977116083412
0.4943820224719101,4.876108879525666,0.05627878910632531,2264497331.007323,8952.146007501437
0.5168539325842696,4.876108879525666,0.046006143953236,1771076904.5750647,8911.895389316749
0.5393258426966292,4.876108879525666,0.03768332519493271,1381843864.5847652,8860.067507168746
0.5617977528089888,4.876108879525666,0.030932119060131654,1075762814.8005507,8797.542295167093
0.5842696629213483,4.876108879525666,0.025448475231702045,835704018.0051827,8724.874284048201
0.6067415730337078,4.876108879525666,0.020991738529016285,648539390.0449983,8646.152690331452
0.6292134831460674,4.876108879525666,0.017362714707613892,502683603.8824799,8560.948325075857
0.651685393258427,4.876108879525666,0.01438978378442713,386927392.4665737,8448.72667594486
0.6741573033707865,4.876108879525666,0.011969950034909575,298604437.44109106,8344.121580009072
0.696629213483146,4.876108879525666,0.009979827918767205,228561507.3060278,8208.620685905069
0.7191011235955056,4.876108879525666,0.008352415114348182,175114437.54077026,8075.216073370816
0.7415730337078652,4.876108879525666,0.007008697379076714,132837968.89124855,7905.7498876885
0.7640449438202247,4.876108879525666,0.005903291435507896,100430149.35541591,7724.231189514886
0.7865168539325842,4.876108879525666,0.0049925919974406815,75745279.4039666,7534.441292782953
0.8089887640449438,4.876108879525666,0.004237147722207893,56542259.20381468,7310.526866219718
0.8314606741573034,4.876108879525666,0.0036137928043074984,42261388.372705184,7092.443621384586
0.8539325842696629,4.876108879525666,0.0030938566179147635,31184333.91631947,6834.968735129594
0.8764044943820224,4.876108879525666,0.0026607499539261,22824288.863054797,6556.055543264847
0.898876404494382,4.876108879525666,0.0022977459701194317,16431474.48062573,6233.228494256488
0.9213483146067416,4.876108879525666,0.0019938964516902965,11698085.272125486,5887.755951112475
0.9438202247191011,4.876108879525666,0.0017386281100388724,8210854.280111742,5515.904952280056
0.9662921348314606,4.876108879525666,0.001523657190136618,5679552.684879563,5122.782379982969
0.9887640449438202,4.876108879525666,0.0013419913090521706,3862162.309791983,4709.371036552562
1.0112359550561798,4.876108879525666,0.0011868976697034638,2528949.355943173,4239.4904977504575
1.0337078651685392,4.876108879525666,0.0010563603035576635,1663064.7311459696,3815.3559127908916
1.0561797752808988,4.876108879525666,0.0009442164586807725,1051511.430286837,3356.507246021011
1.0786516853932584,4.876108879525666,0.0008474186296808809,632626.3069771959,2868.657643575806
1.101123595505618,4.876108879525666,0.0007655199098451829,387738.44922905136,2466.411924131029
1.1235955056179776,4.876108879525666,0.0006928985679546076,212448.8695775686,1990.242864646489
1.146067415730337,4.876108879525666,0.0006320690389352685,125357.23588909816,1662.684750448222
1.1685393258426966,4.876108879525666,0.0005783056130578837,68838.11955413205,1329.5888520423443
1.1910112359550562,4.876108879525666,0.0005304040532649432,34453.426415058486,1004.4100895059166
1.2134831460674156,4.876108879525666,0.0004901163412318963,19309.980482274266,802.6217333266692
1.2359550561797752,4.876108879525666,0.0004535260429140661,9698.269224925283,599.2186765768643
1.2584269662921348,4.876108879525666,0.0004221211513333774,5304.443480772106,466.23735787349557
1.2808988764044944,4.876108879525666,0.00039310061166162945,2565.6192847278867,335.4893357830129
1.303370786516854,4.876108879525666,0.00036811135727212363,1380.1148899518912,254.76105817274518
1.3258426966292134,4.876108879525666,0.0003458691023109806,762.7536758509503,195.14105967972327
1.348314606741573,4.876108879525666,0.00032562051234346105,414.0298703234738,146.76803280003998
1.3707865168539326,4.876108879525666,0.00030664610074828715,208.9180686995896,104.71179103186105
1.393258426966292,4.876108879525666,0.0002908277855335893,130.18039101376917,84.37865433737187
1.4157303370786516,4.876108879525666,0.0002757439006888671,75.13608865743771,64.38199135075403
1.4382022471910112,4.876108879525666,0.0002625467784833442,48.149169334947416,52.11431418341822
1.4606741573033708,4.876108879525666,0.00024949648283741717,27.551705160393084,38.947684550165
1.4831460674157304,4.876108879525666,0.00023846793993900366,18.574218995063443,32.147285132632526
1.5056179775280898,4.876108879525666,0.0002276240727259143,11.644553223756976,25.12832042246277
1.5280898876404494,4.876108879525666,0.00021908736326545268,9.184550143198523,22.781255307849722
1.550561797752809,4.876108879525666,0.00020997881476616089,6.2080491732075105,18.511144014415372
1.5730337078651684,4.876108879525666,0.00020163107699922876,4.3630160611979365,15.356544620588114
1.595505617977528,4.876108879525666,0.00019417774772533265,3.2664375392871317,13.24527798395405
1.6179775280898876,4.876108879525666,0.00018718546945126517,2.4726732523489914,11.46061281834215
1.6404494382022472,4.876108879525666,0.0001807819481781163,1.9349167040533166,10.112076267515969
1.6629213483146068,4.876108879525666,0.00017446551817113992,1.4730647138288224,8.705656012438336
1.6853932584269662,4.876108879525666,0.00016924871143283874,1.24775618234464,8.083303724227244
1.7078651685393258,4.876108879525666,0.00016359320148693702,0.968433062912152,7.001022254368783
1.7303370786516854,4.876108879525666,0.0001586625815349218,0.8016096843835739,6.3446446712366305
1.7528089887640448,4.876108879525666,0.00015391104413591688,0.6619462554339192,5.719783676128419
1.7752808988764044,4.876108879525666,0.0001496001284186949,0.5643339945602637,5.271381353238097
1.797752808988764,4.876108879525666,0.00014458599685443613,0.4346085208515683,4.460487767455409
1.8202247191011236,4.876108879525666,0.00014136252579400474,0.40546069872647406,4.396917515149195
1.8426966292134832,4.876108879525666,0.00013755025859118195,0.3476741374942359,4.0359215475779076
1.8651685393258426,4.876108879525666,0.0001339748376642986,0.3020562155346881,3.735143549989781
1.8876404494382022,4.876108879525666,0.00013011804953394157,0.25123389737024526,3.3210308717008568
1.9101123595505618,4.876108879525666,0.0001273943863267538,0.23418538366267838,3.2488853319267115
1.9325842696629212,4.876108879525666,0.00012438901537685574,0.20930976324559622,3.059373565050512
1.9550561797752808,4.876108879525666,0.00012138636672901382,0.18528299673901527,2.8502292877285935
1.9775280898876404,4.876108879525666,0.00011779018670872049,0.15302565322374082,2.4882921526165416
2.0,4.876108879525666,0.00011564295520392667,0.14567018084559258,2.464169964941878
0.0,5.419321973328272,0.9228808788135127,1407575174.74415,1358.8291086090287
0.02247191011235955,5.419321973328272,0.8468883768174278,1441089224.6749344,1446.2532232419426
0.0449438202247191,5.419321973328272,0.7751999171194691,1491136381.2427192,1549.7927978820032
0.06741573033707865,5.419321973328272,0.7080418540980533,1558894479.789921,1671.5363669487012
0.0898876404494382,5.419321973328272,0.6451980061535599,1643699738.683169,1813.1261097421514
0.11235955056179775,5.419321973328272,0.5866043000225383,1746216080.2099428,1976.8943142978244
0.1348314606741573,5.419321973328272,0.5322431731279657,1868377451.6736546,2165.9690937715536
0.15730337078651685,5.419321973328272,0.4819413231924165,2011682267.9414518,2383.728248792307
0.1797752808988764,5.419321973328272,0.435581493857468,2179228869.458294,2634.685838427521
0.20224719101123595,5.419321973328272,0.39300782285692204,2375131280.731296,2924.4245351099507
0.2247191011235955,5.419321973328272,0.3538528751088571,2600341098.638127,3257.9320740605167
0.24719101123595505,5.419321973328272,0.3180235445713132,2861844923.287123,3643.6632909536083
0.2696629213483146,5.419321973328272,0.2854704432639111,3172359045.5441236,4093.908256164291
0.29213483146067415,5.419321973328272,0.25559784000090224,3526117012.3011208,4613.890454457723
0.3146067415730337,5.419321973328272,0.22679953474375383,3837510627.41082,5170.942632204269
0.33707865168539325,5.419321973328272,0.1996103924944689,4093619192.6221614,5763.790285696801
0.3595505617977528,5.419321973328272,0.17456108432716402,4301106914.924231,6399.829706212188
0.38202247191011235,5.419321973328272,0.15184701935886943,4463556458.388395,7084.954702117123
0.4044943820224719,5.419321973328272,0.13150907823000518,4586605155.830776,7826.617734187425
0.42696629213483145,5.419321973328272,0.1134938601962556,4679179311.2154255,8635.539886891265
0.449438202247191,5.419321973328272,0.09442094060836724,4083334812.9540577,8981.073454825324
0.47191011235955055,5.419321973328272,0.0768198987431605,3201283982.248707,8958.641347499404
0.4943820224719101,5.419321973328272,0.0626703845315177,2512947169.276828,8936.558029468586
0.5168539325842696,5.419321973328272,0.05121041458690978,1964732970.1985166,8896.680190980675
0.5393258426966292,5.419321973328272,0.041923811364094815,1530887693.9947293,8841.359531762568
0.5617977528089888,5.419321973328272,0.034399770421476086,1190726985.3477042,8776.702086457837
0.5842696629213483,5.419321973328272,0.028310542906135258,927613197.9821919,8715.036605835454
0.6067415730337078,5.419321973328272,0.02334824688460252,719756828.8086476,8636.554561517529
0.6292134831460674,5.419321973328272,0.01930484328634553,557088961.0960083,8546.871495253681
0.651685393258427,5.419321973328272,0.015997902579697392,428827597.81023675,8435.44166812309
0.6741573033707865,5.419321973328272,0.013306095640479305,330861035.33994186,8330.474728734318
0.696629213483146,5.419321973328272,0.011096221844565579,253767187.32986516,8202.679065339127
0.7191011235955056,5.419321973328272,0.009279181491290766,193312197.35190076,8049.350098162326
0.7415730337078652,5.419321973328272,0.007793361882684881,147732905.07439837,7906.322014747306
0.7640449438202247,5.419321973328272,0.006564458626187524,111786670.95310989,7727.972088873921
0.7865168539325842,5.419321973328272,0.005552531710341236,84463362.77235705,7544.487128621496
0.8089887640449438,5.419321973328272,0.004710505795803226,62844499.63255676,7309.630042870178
0.8314606741573034,5.419321973328272,0.004016618394589197,46878040.675862186,7085.160545220186
0.8539325842696629,5.419321973328272,0.0034379987605992037,34513625.49093876,6820.872418968558
0.8764044943820224,5.419321973328272,0.002955718646717092,25155013.55915713,6529.536604580429
0.898876404494382,5.419321973328272,0.002552293435342218,18084809.918348484,6203.808157400694
0.9213483146067416,5.419321973328272,0.0022155010320737845,12928740.723320397,5871.4463733045895
0.9438202247191011,5.419321973328272,0.0019322371317325707,9100520.667711653,5508.128127843604
0.9662921348314606,5.419321973328272,0.001693150932190077,6283450.39850404,5110.924241043879
0.9887640449438202,5.419321973328272,0.001491758526976147,4298371.42970388,4712.32767650511
1.0112359550561798,5.419321973328272,0.001320094783617304,2848664.4074848923,4267.960589873843
1.0337078651685392,5.419321973328272,0.001173141165782961,1812636.2840306899,3777.5063309506454
1.0561797752808988,5.419321973328272,0.0010484116692939466,1139093.0830088954,3312.402717848133
1.0786516853932584,5.419321973328272,0.0009418020542184125,701321.9043459129,2864.7471220875655
1.101123595505618,5.419321973328272,0.0008502874874434683,422470.77875502745,2440.684144925974
1.1235955056179776,5.419321973328272,0.0007709054283483873,243804.8179866413,2024.443396448306
1.146067415730337,5.419321973328272,0.0007023229079462733,137973.53670142268,1653.9225309348365
1.1685393258426966,5.419321973328272,0.0006421808824951465,74008.44729006034,1305.658259894901
1.1910112359550562,5.419321973328272,0.0005906939498331851,41352.7339739992,1047.9973620396202
1.2134831460674156,5.419321973328272,0.0005448960235746083,21712.04178972215,807.8349750449017
1.2359550561797752,5.419321973328272,0.0005044743132866168,11145.041002617167,610.6623749813145
1.2584269662921348,5.419321973328272,0.0004684058179055282,5503.21537897411,448.1563438328034
1.2808988764044944,5.419321973328272,0.0004369211239162816,2855.091000262299,335.7302215913724
1.303370786516854,5.419321973328272,0.000408953943184629,1505.3986066536932,251.9571845065353
1.3258426966292134,5.419321973328272,0.0003841763995357886,825.9111230883841,192.12090273167806
1.348314606741573,5.419321973328272,0.0003614851441497988,438.3694477734486,142.5176768071144
1.3707865168539326,5.419321973328272,0.000341040782877337,238.38360013725062,106.4142465678234
1.393258426966292,5.419321973328272,0.00032299302098204145,140.49575537341542,82.8486164087864
1.4157303370786516,5.419321973328272,0.00030664610074828715,85.34063301246626,65.26940241029111
1.4382022471910112,5.419321973328272,0.0002914731994263561,51.360686930165635,50.76138058332052
1.4606741573033708,5.419321973328272,0.0002781105375015662,33.88559693723897,41.59527975088471
1.4831460674157304,5.419321973328272,0.00026531261273294714,21.35866031292992,32.87622723257189
1.5056179775280898,5.419321973328272,0.00025341292329952576,13.63144731192644,26.01543297906286
1.5280898876404494,5.419321973328272,0.00024314419728151674,9.765510749266825,22.106199396357077
1.550561797752809,5.419321973328272,0.00023344108979691614,6.955900511721094,18.614601440602126
1.5730337078651684,5.419321973328272,0.00022410291293572406,4.8524600395873225,15.363737703865933
1.595505617977528,5.419321973328272,0.00021620335757827484,3.8056085687184744,13.695923348299823
1.6179775280898876,5.419321973328272,0.00020838531752949657,2.8632621331876966,11.804457941361791
1.6404494382022472,5.419321973328272,0.0002010305617183696,2.177562958470674,10.20494316327784
1.6629213483146068,5.419321973328272,0.00019417774772533265,1.6897208363247762,8.912247307383975
1.6853932584269662,5.419321973328272,0.00018785526678624908,1.3470605817815982,7.907940982859227
1.7078651685393258,5.419321973328272,0.00018197431680973895,1.0952597900597452,7.095038515381683
1.7303370786516854,5.419321973328272,0.00017653115222756026,0.9102586778487592,6.451391790000836
1.7528089887640448,5.419321973328272,0.0001710956824301443,0.7386499508625312,5.737828888776969
1.7752808988764044,5.419321973328272,0.00016620298194545857,0.6227571019936142,5.241330981980151
1.797752808988764,5.419321973328272,0.0001615639127389297,0.5291267343527405,4.803085097953221
1.8202247191011236,5.419321973328272,0.00015691991291244878,0.44156735721123497,4.3238018668024125
1.8426966292134832,5.419321973328272,0.00015239319769828915,0.36774599554368104,3.8723091067509627
1.8651685393258426,5.419321973328272,0.00014902561561088944,0.34004003196221916,3.7759415640464917
1.8876404494382022,5.419321973328272,0.00014458599685443613,0.2784328875578089,3.3129121335302174
1.9101123595505618,5.419321973328272,0.00014136252579400474,0.25449970927060267,3.1859132114034643
1.9325842696629212,5.419321973328272,0.00013814199073313653,0.230203008361654,3.031116354969035
1.9550561797752808,5.419321973328272,0.00013487494991480838,0.20521426353809977,2.8413779202872775
1.9775280898876404,5.419321973328272,0.00013159499943961257,0.18113527792909745,2.6340192890173566
2.0,5.419321973328272,0.00012847382961212332,0.161103015457012,2.453033845949235
0.0,6.023050628323045,0.9769109304696715,1352093159.7089462,1294.352780078834
0.02247191011235955,6.023050628323045,0.8974929841609827,1378985824.3719969,1374.215036182393
0.0449438202247191,6.023050628323045,0.8225094896190993,1422908646.2989886,1469.673345160012
0.06741573033707865,6.023050628323045,0.7516437859198779,1481706148.9956439,1581.5938719135715
0.0898876404494382,6.023050628323045,0.6854176580898771,1558222558.3196244,1712.7145314043898
0.11235955056179775,6.023050628323045,0.6236151877213789,1652166561.4087822,1864.9253093940285
0.1348314606741573,6.023050628323045,0.5661205421292225,1764245621.9612012,2040.7354656790621
0.15730337078651685,6.023050628323045,0.512900909150913,1896752410.674142,2243.623357397198
0.1797752808988764,6.023050628323045,0.4637227147397345,2050956921.8282216,2477.1298967904686
0.20224719101123595,6.023050628323045,0.41850756715860676,2231002652.4800735,2746.523251497165
0.2247191011235955,6.023050628323045,0.3770761291117776,2441530013.969878,3058.034513601568
0.24719101123595505,6.023050628323045,0.339083979897394,2684843913.3759117,3417.732847145729
0.2696629213483146,6.023050628323045,0.30439554742693475,2968619613.5076995,3835.0635491907337
0.29213483146067415,6.023050628323045,0.2729267180099589,3306609189.2609854,4323.668219217147
0.3146067415730337,6.023050628323045,0.24319044542751928,3643834607.3577476,4865.846247633959
0.33707865168539325,6.023050628323045,0.2147604537418919,3927168255.263273,5442.452016231805
0.3595505617977528,6.023050628323045,0.1882822733779727,4157381731.953703,6058.186684428464
0.38202247191011235,6.023050628323045,0.16416635987717682,4345695290.938939,6723.136322656067
0.4044943820224719,6.023050628323045,0.1424106538595684,4486258601.887011,7438.078923315646
0.42696629213483145,6.023050628323045,0.12306431776175625,4592624738.271082,8215.563309423007
0.449438202247191,6.023050628323045,0.10516790188819591,4508731079.67598,8942.013881229155
0.47191011235955055,6.023050628323045,0.08553594477804943,3538452600.834793,8925.740829117954
0.4943820224719101,6.023050628323045,0.06975398652866018,2778322393.62052,8906.591673526851
0.5168539325842696,6.023050628323045,0.05695477295297383,2167716847.0458574,8861.06398812152
0.5393258426966292,6.023050628323045,0.046645180318107354,1694977660.3908687,8819.650343858799
0.5617977528089888,6.023050628323045,0.03828172307783999,1321587081.2721946,8764.978797399568
0.5842696629213483,6.023050628323045,0.03149768451416359,1029406924.3177599,8703.81431883386
0.6067415730337078,6.023050628323045,0.025972606090351905,798838737.9183342,8626.646914235856
0.6292134831460674,6.023050628323045,0.02146604799664454,617326712.4190793,8532.057526282231
0.651685393258427,6.023050628323045,0.017788304409107634,475447742.16083115,8423.1853052741
0.6741573033707865,6.023050628323045,0.014796080179022876,367216166.78483886,8322.516759220072
0.696629213483146,6.023050628323045,0.01233625169798236,281416836.5584855,8192.23767216577
0.7191011235955056,6.023050628323045,0.010319903051867656,215082812.62312806,8050.981602287486
0.7415730337078652,6.023050628323045,0.008661666885486259,163587603.65749598,7891.5538516829365
0.7640449438202247,6.023050628323045,0.007300644688483739,124525807.10997647,7734.281755558814
0.7865168539325842,6.023050628323045,0.006172763199204837,93801078.0964218,7540.486669468545
0.8089887640449438,6.023050628323045,0.005238647934755865,70078873.70039874,7319.567621420733
0.8314606741573034,6.023050628323045,0.00446306506150097,51825704.25045503,7066.897056907542
0.8539325842696629,6.023050628323045,0.0038229898588173225,38482980.76912285,6830.298421588926
0.8764044943820224,6.023050628323045,0.0032861393295086977,28005603.269967582,6534.0952926233085
0.898876404494382,6.023050628323045,0.00283671909047125,20058447.581402157,6197.142465759262
0.9213483146067416,6.023050628323045,0.0024617763996895715,14288955.410715945,5855.146586501576
0.9438202247191011,6.023050628323045,0.002148458479607297,10163259.178216822,5520.609452174765
0.9662921348314606,6.023050628323045,0.0018826520039888705,7024480.040749686,5125.28401243072
0.9887640449438202,6.023050628323045,0.0016570290589323668,4716653.328062361,4682.208473444815
1.0112359550561798,6.023050628323045,0.0014667092474579437,3138988.9102480863,4249.338629182664
1.0337078651685392,6.023050628323045,0.001304170443575666,2022147.23045589,3784.508617327735
1.0561797752808988,6.023050628323045,0.0011647919693918425,1252067.1605889918,3293.436143201959
1.0786516853932584,6.023050628323045,0.0010469550866869183,782542.2937132772,2870.513047984507
1.101123595505618,6.023050628323045,0.000945188566910113,471150.5411176281,2444.9900655680212
1.1235955056179776,6.023050628323045,0.000857272746406043,275369.5433902196,2041.8251716136203
1.146067415730337,6.023050628323045,0.0007808232493110312,154793.3240810885,1662.2676452427147
1.1685393258426966,6.023050628323045,0.0007140715872190951,83575.80404911735,1317.0295925217843
1.1910112359550562,6.023050628323045,0.0006562024125566536,45072.48205852946,1036.729725248638
1.2134831460674156,6.023050628323045,0.0006050876781276329,23276.29492971125,791.6680329101802
1.2359550561797752,6.023050628323045,0.0005602934059194837,12018.895182736418,600.2985806193053
1.2584269662921348,6.023050628323045,0.0005207641248265555,6194.144000374464,451.4088084462349
1.2808988764044944,6.023050628323045,0.00048581115281939803,3228.794206847751,339.1317136027789
1.303370786516854,6.023050628323045,0.00045431713326106395,1640.2451604886623,249.02150995483132
1.3258426966292134,6.023050628323045,0.00042633485391442886,860.4077826917915,184.83228626537016
1.348314606741573,6.023050628323045,0.00040153223052631355,475.5138039914483,140.4333984159053
1.3707865168539326,6.023050628323045,0.0003792700529082291,271.3472411601164,107.9835302712573
1.393258426966292,6.023050628323045,0.0003594449569607094,164.20696954719546,85.48229101197938
1.4157303370786516,6.023050628323045,0.000341040782877337,97.25296735802955,66.3074638992553
1.4382022471910112,6.023050628323045,0.00032430676666275125,59.40280182743748,52.07153445642143
1.4606741573033708,6.023050628323045,0.0003090312390517684,37.36673164036193,41.38322007492656
1.4831460674157304,6.023050628323045,0.0002947051127226657,23.286947875960326,32.46239177541905
1.5056179775280898,6.023050628323045,0.0002816747680468105,15.19183576900486,26.062796294180156
1.5280898876404494,6.023050628323045,0.0002699815158703689,10.55054870822493,21.6851306781431
1.550561797752809,6.023050628323045,0.00025918381867956865,7.505232722087242,18.23828878476307
1.5730337078651684,6.023050628323045,0.00024949648283741717,5.648549946474964,15.868857640995321
1.595505617977528,6.023050628323045,0.00024033662157730694,4.24973894637976,13.741963764887258
1.6179775280898876,6.023050628323045,0.00023145110530794252,3.130107157667859,11.664477822276757
1.6404494382022472,6.023050628323045,0.00022349116735204805,2.4360995096572404,10.253892703505565
1.6629213483146068,6.023050628323045,0.00021498927911072936,1.7257656662498977,8.3697598614257
1.6853932584269662,6.023050628323045,0.00020838531752949657,1.4369654755521046,7.666888097886372
1.7078651685393258,6.023050628323045,0.00020223189253772839,1.2150560031464066,7.084975422387906
1.7303370786516854,6.023050628323045,0.00019588946306328892,0.9804331775304799,6.295871778841495
1.7528089887640448,6.023050628323045,0.00018971388631662027,0.7858940479475682,5.543610986325402
1.7752808988764044,6.023050628323045,0.0001848020717826898,0.6976932990865362,5.274911312530291
1.797752808988764,6.023050628323045,0.0001789864095203284,0.5564780854951004,4.592283583362282
1.8202247191011236,6.023050628323045,0.00017446551817113992,0.4936517982848792,4.344703376592068
1.8426966292134832,6.023050628323045,0.00016983333578855515,0.4264558667941748,4.01219073501223
1.8651685393258426,6.023050628323045,0.0001655505368308282,0.37515594924260315,3.752402758602907
1.8876404494382022,6.023050628323045,0.0001609834210284155,0.31746339532563794,3.386343773224533
1.9101123595505618,6.023050628323045,0.00015691991291244878,0.2780860986782677,3.1390608683394228
1.9325842696629212,6.023050628323045,0.00015321312577519869,0.2487504556224024,2.9566896773159086
1.9550561797752808,6.023050628323045,0.0001496001284186949,0.22218304202891742,2.7755684691833595
1.9775280898876404,6.023050628323045,0.0001465198027351979,0.2059330356261581,2.688679033281788
2.0,6.023050628323045,0.00014277973397614288,0.178935164569672,2.451537243121677
0.0,6.69403645878288,1.0345377103120117,1300552746.5642312,1233.4908321750345
0.02247191011235955,6.69403645878288,0.9510430452048136,1318748085.611485,1305.4015649116511
0.0449438202247191,6.69403645878288,0.8724231097253948,1355437370.6585815,1392.6932104214839
0.06741573033707865,6.69403645878288,0.7979082187738008,1406615710.4306328,1495.5831854746366
0.0898876404494382,6.69403645878288,0.7282542430421104,1475735521.363849,1616.9333548347581
0.11235955056179775,6.69403645878288,0.6630426480077732,1561192568.0238917,1758.0592094906694
0.1348314606741573,6.69403645878288,0.6022939691915045,1664130074.018279,1921.4777548844436
0.15730337078651685,6.69403645878288,0.5459736461890498,1786342534.3926997,2110.2946528368475
0.1797752808988764,6.69403645878288,0.4939115221486432,1929455749.501641,2327.974948482166
0.20224719101123595,6.69403645878288,0.4459660699024658,2096363719.3515763,2579.012114453036
0.2247191011235955,6.69403645878288,0.40198089343439214,2291275090.257483,2869.1148041950014
0.24719101123595505,6.69403645878288,0.3615726407586848,2515272963.5661016,3203.4133905451795
0.2696629213483146,6.69403645878288,0.3246146659512258,2774656784.2523837,3590.2159710091996
0.29213483146067415,6.69403645878288,0.2911217698954646,3084349401.471135,4043.0894860801955
0.3146067415730337,6.69403645878288,0.26039807065906634,3436566127.1525187,4566.469413424993
0.33707865168539325,6.69403645878288,0.2308217519027755,3746704335.3662095,5127.467237717998
0.3595505617977528,6.69403645878288,0.20295119799491354,4001994653.7855372,5724.84736394767
0.38202247191011235,6.69403645878288,0.1773269787007877,4209357890.3154125,6366.314896320429
0.4044943820224719,6.69403645878288,0.15412331804257134,4370845708.298766,7057.008221625508
0.42696629213483145,6.69403645878288,0.13338966595482543,4494031908.243458,7805.679439324935
0.449438202247191,6.69403645878288,0.11503802205088219,4584576118.439267,8621.089809683815
0.47191011235955055,6.69403645878288,0.09525827087351507,3907291275.615631,8887.7681981588
0.4943820224719101,6.69403645878288,0.07767008139100895,3073009436.052032,8876.756590427598
0.5168539325842696,6.69403645878288,0.063415989774392,2402200520.1682563,8839.949044937319
0.5393258426966292,6.69403645878288,0.0519098376424796,1876669953.4436545,8797.03660150335
0.5617977528089888,6.69403645878288,0.042600562137370575,1465123319.6201189,8748.285092654913
0.5842696629213483,6.69403645878288,0.03502624945697587,1138157895.546964,8678.67126962367
0.6067415730337078,6.69403645878288,0.028890142431013392,885585463.3386735,8612.019521608961
0.6292134831460674,6.69403645878288,0.023877042618785572,684995339.8697932,8521.587997803194
0.651685393258427,6.69403645878288,0.01978541928756749,527908034.87364113,8415.767853714482
0.6741573033707865,6.69403645878288,0.016442112035135743,405506468.8750078,8296.150320232086
0.696629213483146,6.69403645878288,0.013712315633775864,311501655.18119633,8174.944246136559
0.7191011235955056,6.69403645878288,0.011469858518088903,238000366.88116956,8033.096708081121
0.7415730337078652,6.69403645878288,0.009629245827297139,181453870.47529006,7882.56115293425
0.7640449438202247,6.69403645878288,0.008111526030646722,137504249.97928348,7710.097854010568
0.7865168539325842,6.69403645878288,0.006861698804610732,104052025.26287118,7532.43922727478
0.8089887640449438,6.69403645878288,0.005824141566103742,77872332.45680375,7317.660016319348
0.8314606741573034,6.69403645878288,0.004962318777791739,57669052.989637025,7069.711552531767
0.8539325842696629,6.69403645878288,0.004248456482891594,42592136.02322102,6816.074636277397
0.8764044943820224,6.69403645878288,0.003650594855553243,30864971.106567435,6507.463647637097
0.898876404494382,6.69403645878288,0.0031529793838534284,22254410.22016342,6191.331842165039
0.9213483146067416,6.69403645878288,0.002738133836348881,16017675.8193096,5878.770885904401
0.9438202247191011,6.69403645878288,0.0023876011573901413,11251092.763598256,5509.543826662715
0.9662921348314606,6.69403645878288,0.002091989293623908,7761721.457400905,5110.212702048473
0.9887640449438202,6.69403645878288,0.0018417191569558057,5234122.004169663,4678.308397912611
1.0112359550561798,6.69403645878288,0.0016305462210989296,3499892.667156201,4255.903606177808
1.0337078651685392,6.69403645878288,0.0014499194192984445,2258348.556998524,3793.6138027002876
1.0561797752808988,6.69403645878288,0.0012962771123863513,1435186.169516323,3345.9671323586686
1.0786516853932584,6.69403645878288,0.001163710114334675,870133.3648850877,2871.066387020355
1.101123595505618,6.69403645878288,0.001050891217961288,528436.5097078695,2456.63802705941
1.1235955056179776,6.69403645878288,0.000952184769084656,299322.2515595559,2017.6971606870386
1.146067415730337,6.69403645878288,0.0008675149811766641,169650.19268260073,1649.7104974089102
1.1685393258426966,6.69403645878288,0.0007942184077895532,95275.06098449031,1335.3587630421312
1.1910112359550562,6.69403645878288,0.0007288782009861897,48865.331813501216,1022.557872114493
1.2134831460674156,6.69403645878288,0.0006724821871181505,25793.37459044048,790.3357088692708
1.2359550561797752,6.69403645878288,0.0006232746097501685,13842.77503100064,612.5345994754254
1.2584269662921348,6.69403645878288,0.0005790947658644127,7032.236526180803,456.94156881763985
1.2808988764044944,6.69403645878288,0.0005398538861877273,3559.9463219029835,337.54853635559704
1.303370786516854,6.69403645878288,0.0005053927804005184,1892.5871261561956,254.5748441501623
1.3258426966292134,6.69403645878288,0.0004748503783883007,1045.7815934018147,194.97476523375195
1.348314606741573,6.69403645878288,0.00044677464733556784,553.3431409790652,144.39139957924445
1.3707865168539326,6.69403645878288,0.0004221211513333774,319.0763761438076,111.78420461129362
1.393258426966292,6.69403645878288,0.0003986338617584391,167.62587953512912,81.07479931444915
1.4157303370786516,6.69403645878288,0.00037819808410034946,99.34613275974371,62.868927417297854
1.4382022471910112,6.69403645878288,0.0003601246794391898,63.91124124679941,50.998948921666674
1.4606741573033708,6.69403645878288,0.00034328767699086496,40.777088517232514,40.89362559834065
1.4831460674157304,6.69403645878288,0.00032784508987946444,26.68192452293803,33.11988290016375
1.5056179775280898,6.69403645878288,0.00031377556008942685,18.144454169279662,27.347299629579158
1.5280898876404494,6.69403645878288,0.0003001096179800889,11.777985208247024,21.749876057440645
1.550561797752809,6.69403645878288,0.0002886281102738168,8.824462641511413,18.959125751312005
1.5730337078651684,6.69403645878288,0.00027740634272443516,6.346600013293942,15.989850368210718
1.595505617977528,6.69403645878288,0.0002666955298577486,4.532188805283487,13.34475683952167
1.6179775280898876,6.69403645878288,0.0002570151099841383,3.404121516288215,11.483134441436741
1.6404494382022472,6.69403645878288,0.00024782163526477883,2.5644588415416445,9.854374838038442
1.6629213483146068,6.69403645878288,0.00023971676319570908,2.0593807618713167,8.823516009687772
1.6853932584269662,6.69403645878288,0.00023206683086059648,1.666629467278066,7.917315135391801
1.7078651685393258,6.69403645878288,0.00022471496439219194,1.344252417340638,7.060020997905902
1.7303370786516854,6.69403645878288,0.00021802614476384324,1.1208226658019282,6.4352769521852435
1.7528089887640448,6.69403645878288,0.00021130989037808,0.9094415389337202,5.722916833566007
1.7752808988764044,6.69403645878288,0.00020451250166950556,0.7183777729427017,4.9618329283491684
1.797752808988764,6.69403645878288,0.00019912384587891986,0.6287972992951851,4.6543298764461785
1.8202247191011236,6.69403645878288,0.00019417774772533265,0.5616883064145688,4.429585132120876
1.8426966292134832,6.69403645878288,0.000188525064121233,0.46491848495111743,3.94798529294743
1.8651685393258426,6.69403645878288,0.0001837582687840823,0.4088107128167726,3.690104607629089
1.8876404494382022,6.69403645878288,0.0001789864095203284,0.3547364385289018,3.4019780632468772
1.9101123595505618,6.69403645878288,0.0001750527509302255,0.32565230656038296,3.285289681587957
1.9325842696629212,6.69403645878288,0.00017048002543104245,0.28077682573537194,2.997308933783258
1.9550561797752808,6.69403645878288,0.0001667860834364313,0.2571883044599975,2.878408187321824
1.9775280898876404,6.69403645878288,0.00016257855711293334,0.22420680204682739,2.638865297084327
2.0,6.69403645878288,0.00015924191282568924,0.2074474130420985,2.5483205123056187
0.0,7.439772114947438,1.0955119928350567,1250951820.5779948,1175.4827955726819
0.02247191011235955,7.439772114947438,1.008190514992607,1262149133.0977614,1240.261117624159
0.0449438202247191,7.439772114947438,0.9255864959782395,1290987108.1458914,1319.4790537950437
0.06741573033707865,7.439772114947438,0.8474558034603648,1335677225.6882246,1414.0542592765541
0.0898876404494382,7.439772114947438,0.7738817656774354,1396039693.1029806,1525.5219129572686
0.11235955056179775,7.439772114947438,0.7050885391333189,1473346036.8251557,1656.0990415589615
0.1348314606741573,7.439772114947438,0.6409402525132363,1567788616.1792376,1807.8501268336165
0.15730337078651685,7.439772114947438,0.581316009318552,1680107790.1180515,1983.3150440049558
0.1797752808988764,7.439772114947438,0.5261723173769723,1812510359.7376535,2185.9755023661696
0.20224719101123595,7.439772114947438,0.4752901743824069,1966635896.7058616,2419.5669220314758
0.2247191011235955,7.439772114947438,0.4284958025533724,2145420214.9714158,2688.928422401904
0.24719101123595505,7.439772114947438,0.3856962703901759,2354818243.619034,3000.94832994047
0.2696629213483146,7.439772114947438,0.34648135230084737,2596465425.173551,3361.518035786639
0.29213483146067415,7.439772114947438,0.31069986842779224,2877686534.8864317,3780.103037346412
0.3146067415730337,7.439772114947438,0.2783320984286397,3214887231.26734,4271.901989249926
0.33707865168539325,7.439772114947438,0.2476934495133231,3547244764.8629484,4816.012900772106
0.3595505617977528,7.439772114947438,0.21856996844864263,3832579779.038041,5398.266081054585
0.38202247191011235,7.439772114947438,0.1914533433015863,4062876957.6722937,6019.14382622253
0.4044943820224719,7.439772114947438,0.16672817909735646,4244145685.1025863,6685.646838064656
0.42696629213483145,7.439772114947438,0.1445366958009256,4385213005.693269,7406.9493755945705
0.449438202247191,7.439772114947438,0.12484396915267679,4494194555.294485,8193.191697476166
0.47191011235955055,7.439772114947438,0.10615239247373956,4318016689.211067,8850.690540532058
0.4943820224719101,7.439772114947438,0.08649544646987438,3394981926.8966103,8841.27722924954
0.5168539325842696,7.439772114947438,0.07061056648248772,2658075076.246048,8812.25810844831
0.5393258426966292,7.439772114947438,0.057784198643250954,2078017399.4853346,8773.670350928629
0.5617977528089888,7.439772114947438,0.04739087909458835,1619486454.5217383,8720.23018425556
0.5842696629213483,7.439772114947438,0.03896925440388361,1260648455.4819243,8659.213390261923
0.6067415730337078,7.439772114947438,0.03212666568695978,979312200.9734595,8587.858129334008
0.6292134831460674,7.439772114947438,0.02655087943688978,758078007.1993141,8501.135033700257
0.651685393258427,7.439772114947438,0.022013663106679154,586942770.1129774,8412.683749343001
0.6741573033707865,7.439772114947438,0.01829399676592588,451339268.2140317,8297.562187637637
0.696629213483146,7.439772114947438,0.015255877314735797,346902585.06429756,8178.862159772829
0.7191011235955056,7.439772114947438,0.012759159704232451,264999163.4631609,8036.7847150079615
0.7415730337078652,7.439772114947438,0.010705383332096589,201247536.43485984,7872.925571506141
0.7640449438202247,7.439772114947438,0.009019516882054228,152797573.25890094,7707.51838288185
0.7865168539325842,7.439772114947438,0.0076260432794588015,115169404.9805134,7516.749464372455
0.8089887640449438,7.439772114947438,0.006474008616134453,86359074.48231341,7308.910467705551
0.8314606741573034,7.439772114947438,0.005516784930752684,64069686.54676228,7067.237452110233
0.8539325842696629,7.439772114947438,0.004724211738246864,47460781.55676223,6823.2901714063855
0.8764044943820224,7.439772114947438,0.004057224169480994,34187776.28449352,6496.211342950533
0.898876404494382,7.439772114947438,0.00350623305987033,24847560.68193392,6204.106061298713
0.9213483146067416,7.439772114947438,0.0030426161237011237,17702268.816767637,5862.227702156235
0.9438202247191011,7.439772114947438,0.002653229236253149,12441817.90024877,5495.535361568864
0.9662921348314606,7.439772114947438,0.00232394952155285,8532083.853240013,5082.195001402147
0.9887640449438202,7.439772114947438,0.0020470873077831795,5811769.102431677,4675.734641047355
1.0112359550561798,7.439772114947438,0.0018126016736508942,3897508.9891905678,4259.818382232139
1.0337078651685392,7.439772114947438,0.0016119589684057574,2521540.223354018,3802.2538235727193
1.0561797752808988,7.439772114947438,0.0014393330837708831,1553917.3159401526,3301.060770398356
1.0786516853932584,7.439772114947438,0.00129273505071914,952091.5110751598,2847.665075333869
1.101123595505618,7.439772114947438,0.0011669456279913405,570821.9364156715,2419.9462873007874
1.1235955056179776,7.439772114947438,0.001059094846355851,340303.7726648658,2042.1399783434626
1.146067415730337,7.439772114947438,0.0009646821741238782,191623.50701562877,1664.0795438735713
1.1685393258426966,7.439772114947438,0.0008821627437837076,103303.72864908338,1317.3959268652795
1.1910112359550562,7.439772114947438,0.0008106858289293898,55773.97902397839,1037.6676461655973
1.2134831460674156,7.439772114947438,0.0007476153021296146,28936.253971632657,794.4510725256125
1.2359550561797752,7.439772114947438,0.0006928985679546076,15526.85898887643,615.7071327563971
1.2584269662921348,7.439772114947438,0.000643501363437487,7744.46313443907,454.5295769436746
1.2808988764044944,7.439772114947438,0.0006002949640141192,4034.0510533545043,341.3670014087161
1.303370786516854,7.439772114947438,0.0005613145820189872,2039.6261636425493,249.98595406525138
1.3258426966292134,7.439772114947438,0.0005273618326562203,1124.462426074027,191.15314896183864
1.348314606741573,7.439772114947438,0.0004964540653155808,609.2534384934204,143.5700002815204
1.3707865168539326,7.439772114947438,0.0004684058179055282,332.09898414563054,107.36796069374549
1.393258426966292,7.439772114947438,0.0004438302355478993,199.41159423204047,84.57736442787589
1.4157303370786516,7.439772114947438,0.0004208936466665134,115.96076446056234,64.8422648198516
1.4382022471910112,7.439772114947438,0.00040052083051870407,72.76342594396021,51.79009874824321
1.4606741573033708,7.439772114947438,0.0003813941703311776,44.71283004334938,40.535883709550035
1.4831460674157304,7.439772114947438,0.0003642880339405866,29.411090201529785,32.93960787085463
1.5056179775280898,7.439772114947438,0.0003484505276310962,19.638675073655126,26.866395294747726
1.5280898876404494,7.439772114947438,0.000333995906422809,13.625458394605086,22.349049293719318
1.550561797752809,7.439772114947438,0.00032036552962062185,9.4397119849466,18.465848559520985
1.5730337078651684,7.439772114947438,0.00030783866990002776,6.759514074454571,15.520166961220436
1.595505617977528,7.439772114947438,0.0002962841758048382,4.9808711265283,13.238479442543095
1.6179775280898876,7.439772114947438,0.00028578302112127743,3.826030766592287,11.576037698178894
1.6404494382022472,7.439772114947438,0.0002757439006888671,2.9258017732278168,10.044829059560838
1.6629213483146068,7.439772114947438,0.0002666955298577486,2.341435108814864,8.973589461131635
1.6853932584269662,7.439772114947438,0.00025827243934789995,1.9075009399152167,8.094474696645959
1.7078651685393258,7.439772114947438,0.00024949648283741717,1.4628151328362373,6.946686601104681
1.7303370786516854,7.439772114947438,0.00024142977869545844,1.1594333737143399,6.086037554655634
1.7528089887640448,7.439772114947438,0.00023472147016888732,1.0000729899203853,5.674986618591879
1.7752808988764044,7.439772114947438,0.0002276240727259143,0.818600495335733,5.061852044686761
1.797752808988764,7.439772114947438,0.00022151415462768302,0.7099274175176016,4.714056637265034
1.8202247191011236,7.439772114947438,0.00021498927911072936,0.5862620983300726,4.206038646891557
1.8426966292134832,7.439772114947438,0.00020997881476616089,0.5345200372906083,4.061328165189105
1.8651685393258426,7.439772114947438,0.00020451250166950556,0.46397087926846436,3.7561439180055958
1.8876404494382022,7.439772114947438,0.00019912384587891986,0.3999178962860307,3.4438399833429343
1.9101123595505618,7.439772114947438,0.00019417774772533265,0.3520462684235197,3.206831639521585
1.9325842696629212,7.439772114947438,0.00018971388631662027,0.31746645358832376,3.043089039647659
1.9550561797752808,7.439772114947438,0.0001848020717826898,0.27462279669779693,2.777045895760508
1.9775280898876404,7.439772114947438,0.0001807819481781163,0.25073748589460626,2.653695492192411
2.0,7.439772114947438,0.00017653115222756026,0.22348254308604287,2.476392086955405
0.0,8.268584950673144,1.1600355462084337,1203300964.9587002,1120.2208488987208
0.02247191011235955,8.268584950673144,1.0687233163650178,1207360312.9780836,1178.0704885313428
0.0449438202247191,8.268584950673144,0.9817885845066713,1227799347.4829357,1249.3035703093828
0.06741573033707865,8.268584950673144,0.8998778817168138,1265820052.013348,1335.7845613342568
0.0898876404494382,8.268584950673144,0.8226459206366379,1319702367.0802677,1438.502985628802
0.11235955056179775,8.268584950673144,0.7499330798114107,1388416397.472383,1558.7621740967409
0.1348314606741573,8.268584950673144,0.6821722592274239,1474494131.96161,1699.3380684535898
0.15730337078651685,8.268584950673144,0.6191064265613324,1577805415.5530326,1862.3141433880724
0.1797752808988764,8.268584950673144,0.560682154196855,1700008204.0259678,2050.7704274740695
0.20224719101123595,8.268584950673144,0.5067323462783455,1842840699.8460126,2268.2523779741477
0.2247191011235955,8.268584950673144,0.45705874228107746,2008573240.7553596,2519.0476258439035
0.24719101123595505,8.268584950673144,0.41159828055685466,2202819204.930243,2809.5552591298015
0.2696629213483146,8.268584950673144,0.3698518281877326,2425412283.6919713,3144.45410113411
0.29213483146067415,8.268584950673144,0.33185412730271413,2687031378.4920535,3534.248396884653
0.3146067415730337,8.268584950673144,0.2971928457444788,2990817345.369023,3987.2815426343623
0.33707865168539325,8.268584950673144,0.2655640048656746,3341069336.3295274,4513.759445589446
0.3595505617977528,8.268584950673144,0.23513736936999316,3648235507.1289296,5077.677799485393
0.38202247191011235,8.268584950673144,0.2065714872108835,3904210198.7462506,5680.163252662809
0.4044943820224719,8.268584950673144,0.1803334955636225,4111014487.217602,6326.5697418245545
0.42696629213483145,8.268584950673144,0.15661812142014314,4272295447.5446143,7022.967463148782
0.449438202247191,8.268584950673144,0.1354582414737189,4394871853.645879,7777.812834863994
0.47191011235955055,8.268584950673144,0.11675145157488992,4483712473.154225,8599.44727103162
0.4943820224719101,8.268584950673144,0.0963114869270012,3740870883.188529,8794.93483081017
0.5168539325842696,8.268584950673144,0.07861845190427012,2935597446.5776734,8776.416345625472
0.5393258426966292,8.268584950673144,0.06433939727979002,2300527226.230553,8748.42265915796
0.5617977528089888,8.268584950673144,0.05273865228175185,1791272904.817894,8693.52350381371
0.5842696629213483,8.268584950673144,0.04336714855083269,1396754500.8702579,8640.031791914778
0.6067415730337078,8.268584950673144,0.035747728696448364,1085823207.4565454,8572.46687399193
0.6292134831460674,8.268584950673144,0.029530549742508495,839351360.7100732,8481.79423826343
0.651685393258427,8.268584950673144,0.024478788658983505,649633933.0486768,8392.929606392381
0.6741573033707865,8.268584950673144,0.020345631191191788,500506339.77418244,8285.428895245042
0.696629213483146,8.268584950673144,0.016956091044460678,383276159.24859726,8154.331931045338
0.7191011235955056,8.268584950673144,0.014186520163335858,293798498.2687746,8025.07548253719
0.7415730337078652,8.268584950673144,0.01190833433346638,224079341.49882087,7876.717360388188
0.7640449438202247,8.268584950673144,0.010028878356335395,169669009.659388,7702.219129260756
0.7865168539325842,8.268584950673144,0.008478709917177456,127858336.85698886,7511.084760265349
0.8089887640449438,8.268584950673144,0.007197029829516727,95814302.77769816,7301.520242881568
0.8314606741573034,8.268584950673144,0.006135369136534905,71419151.18899505,7075.520120554269
0.8539325842696629,8.268584950673144,0.0052504671109275015,52547086.84146352,6809.96903710303
0.8764044943820224,8.268584950673144,0.004512125185928985,38165146.353363894,6508.758058750687
0.898876404494382,8.268584950673144,0.003898380108539604,27667984.826682825,6208.8271627253835
0.9213483146067416,8.268584950673144,0.003382379578087626,19678026.877046898,5862.015867989902
0.9438202247191011,8.268584950673144,0.002950334475926031,13897815.654698195,5508.408605472628
0.9662921348314606,8.268584950673144,0.0025842732698222,9544420.814772286,5097.937532737714
0.9887640449438202,8.268584950673144,0.002276627897642606,6520209.240536153,4697.192315752666
1.0112359550561798,8.268584950673144,0.0020133116282252395,4264458.941300262,4226.0780803014395
1.0337078651685392,8.268584950673144,0.0017902608044430765,2749028.983868968,3764.925793741703
1.0561797752808988,8.268584950673144,0.0016004965298488075,1744063.5452208547,3317.529630441267
1.0786516853932584,8.268584950673144,0.0014381140267575043,1082733.8563166638,2881.702665052579
1.101123595505618,8.268584950673144,0.0012974252509425444,639532.4891629644,2430.0569932726844
1.1235955056179776,8.268584950673144,0.0011766634909279635,372861.4974632168,2026.5659043231938
1.146067415730337,8.268584950673144,0.0010723297240635117,213597.3217591125,1666.6252608331706
1.1685393258426966,8.268584950673144,0.000980023080221163,112732.6950954188,1304.2463990446338
1.1910112359550562,8.268584950673144,0.0009003285665758143,60068.59708338432,1019.736836260769
1.2134831460674156,8.268584950673144,0.000830915133700237,32097.148989234403,793.5464218935847
1.2359550561797752,8.268584950673144,0.0007695590487225861,16725.192097547075,604.8591210800024
1.2584269662921348,8.268584950673144,0.0007157860873242111,8897.521302208947,463.2497094346848
1.2808988764044944,8.268584950673144,0.0006669214232599101,4402.747703799292,337.76486402681553
1.303370786516854,8.268584950673144,0.0006240862470550436,2299.497018828345,252.09182132442234
1.3258426966292134,8.268584950673144,0.0005856119333795043,1203.1977783116677,186.8621836775027
1.348314606741573,8.268584950673144,0.0005512401446486418,650.0462607268215,140.06063938036667
1.3707865168539326,8.268584950673144,0.0005215245068889688,396.4086501567474,112.17288607045921
1.393258426966292,8.268584950673144,0.0004931745859341955,219.54154382734237,84.07827897900142
1.4157303370786516,8.268584950673144,0.00046767198191457094,127.56267830789467,64.42120151332885
1.4382022471910112,8.268584950673144,0.00044503184335760833,80.05541284082794,51.453982831882826
1.4606741573033708,8.268584950673144,0.0004238812491482279,49.63266671805619,40.50203972328878
1.4831460674157304,8.268584950673144,0.0004052663410091713,33.73826379839615,33.63242111584347
1.5056179775280898,8.268584950673144,0.0003870722185287699,21.45884794625873,26.562079432033315
1.5280898876404494,8.268584950673144,0.00037145897000804315,15.449924379637999,22.654384421523286
1.550561797752809,8.268584950673144,0.0003556605328976784,10.157639268345557,18.058657199692124
1.5730337078651684,8.268584950673144,0.000342164229934101,7.526107788130985,15.539269397674923
1.595505617977528,8.268584950673144,0.00032997391194717794,5.839909705645772,13.75044973708734
1.6179775280898876,8.268584950673144,0.00031806681589592665,4.401691732029209,11.867489827444485
1.6404494382022472,8.268584950673144,0.00030664610074828715,3.296318720973234,10.145098346244502
1.6629213483146068,8.268584950673144,0.0002962841758048382,2.576864564035355,8.908120627077412
1.6853932584269662,8.268584950673144,0.0002868835696679934,2.0931491513622005,8.016751366636878
1.7078651685393258,8.268584950673144,0.00027740634272443516,1.6389689832670555,6.989595635399103
1.7303370786516854,8.268584950673144,0.00026934684244914436,1.387288294781388,6.445134988596019
1.7528089887640448,8.268584950673144,0.00026132098824729075,1.1479729277599031,5.821329013724437
1.7752808988764044,8.268584950673144,0.00025341292329952576,0.9375049639773116,5.1847428690766755
1.797752808988764,8.268584950673144,0.0002465747488722194,0.8103302889304285,4.817145688709275
1.8202247191011236,8.268584950673144,0.00023971676319570908,0.6869497295782895,4.393202191405562
1.8426966292134832,8.268584950673144,0.00023344108979691614,0.5967856711697668,4.0767512341005325
1.8651685393258426,8.268584950673144,0.00022645035279585088,0.4873852533398263,3.5807499153856397
1.8876404494382022,8.268584950673144,0.00022151415462768302,0.45053281234980663,3.484096907753506
1.9101123595505618,8.268584950673144,0.00021620335757827484,0.40143554835042966,3.2792951313795298
1.9325842696629212,8.268584950673144,0.00021066463615282324,0.3485944637983433,3.0106798413971694
1.9550561797752808,8.268584950673144,0.00020565280623539416,0.3102651073133052,2.8180013829828767
1.9775280898876404,8.268584950673144,0.0002010305617183696,0.28053690274385956,2.669723759051909
2.0,8.268584950673144,0.00019588946306328892,0.2437493697378576,2.4340112555433753
0.0,9.1897300119093,1.2283090388376956,1157579662.012373,1067.592070196346
0.02247191011235955,9.1897300119093,1.13287071656431,1154471405.5720592,1118.7437093075482
0.0449438202247191,9.1897300119093,1.041851456066576,1168098655.1297512,1182.7778265755396
0.06741573033707865,9.1897300119093,0.9558026491074213,1198874167.4594073,1261.2614502887388
0.0898876404494382,9.1897300119093,0.8743246129312386,1244630462.1385214,1354.9675296608086
0.11235955056179775,9.1897300119093,0.7977300456114661,1306049217.5862,1465.7269228277971
0.1348314606741573,9.1897300119093,0.7262063637031014,1384272424.987258,1595.729618720893
0.15730337078651685,9.1897300119093,0.6595304387800829,1479147946.0345917,1746.9197958600653
0.1797752808988764,9.1897300119093,0.5976150257841478,1591632275.448318,1921.932050409145
0.20224719101123595,9.1897300119093,0.5404034433293003,1723832173.9607048,2124.2420946541292
0.2247191011235955,9.1897300119093,0.48767022165449453,1877462031.8930776,2357.6569868708084
0.24719101123595505,9.1897300119093,0.43920736046487924,2055145670.4811695,2626.947718832282
0.2696629213483146,9.1897300119093,0.39494680189085957,2263253167.1934905,2939.298768411954
0.29213483146067415,9.1897300119093,0.35444233040628476,2503394386.185892,3300.699450608261
0.3146067415730337,9.1897300119093,0.31757709402749235,2784423660.7075143,3721.5466780721476
0.33707865168539325,9.1897300119093,0.2841471764986449,3117105550.4690204,4214.663831513543
0.3595505617977528,9.1897300119093,0.2526662907972255,3450256075.290326,4763.377724725852
0.38202247191011235,9.1897300119093,0.2226926962498793,3731512119.749007,5348.067487987537
0.4044943820224719,9.1897300119093,0.194897108072003,3961680839.555318,5973.739121965309
0.42696629213483145,9.1897300119093,0.1696083461750424,4144190210.2229486,6646.350698250908
0.449438202247191,9.1897300119093,0.14692582130301704,4284127792.231005,7372.988410036941
0.47191011235955055,9.1897300119093,0.12681682531888996,4389856655.809498,8163.788237710628
0.4943820224719101,9.1897300119093,0.10736024894566487,4134104697.557867,8756.820310772555
0.5168539325842696,9.1897300119093,0.08755976325918766,3240362593.9260674,8737.105731282554
0.5393258426966292,9.1897300119093,0.07161532575015733,2538387747.231999,8710.079446665595
0.5617977528089888,9.1897300119093,0.05872672028666992,1985100480.6242175,8672.526767796799
0.5842696629213483,9.1897300119093,0.04825527217244524,1544496003.040054,8612.880498391707
0.6067415730337078,9.1897300119093,0.03976813041583671,1201010083.5066092,8547.667354491561
0.6292134831460674,9.1897300119093,0.03286723151953769,932379900.5125344,8473.44908549123
0.651685393258427,9.1897300119093,0.027232122648118477,720477045.5082636,8379.843179683463
0.6741573033707865,9.1897300119093,0.02262463601577841,554136275.9490274,8267.10761398129
0.696629213483146,9.1897300119093,0.018863450840238,426034893.0563571,8150.826485784143
0.7191011235955056,9.1897300119093,0.015774138269722897,325607860.74304307,8011.741206345288
0.7415730337078652,9.1897300119093,0.013239581280575091,248304060.65091679,7863.457804462683
0.7640449438202247,9.1897300119093,0.011147993721429458,187833818.119334,7686.262523452001
0.7865168539325842,9.1897300119093,0.009424886342074744,141620004.86540502,7497.4369777321335
0.8089887640449438,9.1897300119093,0.008001443902018755,106339041.30356666,7295.024981374023
0.8314606741573034,9.1897300119093,0.006816431749142946,78728777.48750693,7047.33352663136
0.8539325842696629,9.1897300119093,0.005837713665118998,58424601.522309296,6809.917092301559
0.8764044943820224,9.1897300119093,0.005018260295253025,42612179.49359118,6521.7130181842085
0.898876404494382,9.1897300119093,0.004332293292356661,30597837.895831358,6193.196267371322
0.9213483146067416,9.1897300119093,0.003761030845805587,21946694.411413983,5871.043993672805
0.9438202247191011,9.1897300119093,0.0032795825244844516,15433984.19579606,5505.6156575586765
0.9662921348314606,9.1897300119093,0.0028731643648963684,10634839.489946015,5103.761803765575
0.9887640449438202,9.1897300119093,0.002530218231163156,7220157.328095101,4688.180579508127
1.0112359550561798,9.1897300119093,0.0022381764024716443,4749095.990996528,4229.959922060163
1.0337078651685392,9.1897300119093,0.001991282182337705,3100930.589409336,3793.096598393197
1.0561797752808988,9.1897300119093,0.0017798246855894517,1960114.4392024018,3336.363256508754
1.0786516853932584,9.1897300119093,0.0015984132440364925,1201272.953746714,2878.8920999896504
1.101123595505618,9.1897300119093,0.0014413688165154585,699912.6915518745,2410.2546239207713
1.1235955056179776,9.1897300119093,0.0013073785487033758,409367.4449331763,2013.2826004297488
1.146067415730337,9.1897300119093,0.001191462921556205,234416.5075648661,1655.2205014131762
1.1685393258426966,9.1897300119093,0.0010903262034387786,129729.23513458334,1329.1925701178416
1.1910112359550562,9.1897300119093,0.0010020005,70187.39291164947,1048.2905400138934
1.2134831460674156,9.1897300119093,0.0009237145283021171,35934.084322720904,796.7519141554591
1.2359550561797752,9.1897300119093,0.000856028071826406,19216.820352069673,616.335779448211
1.2584269662921348,9.1897300119093,0.0007951155169934479,9647.614282654295,456.7080629495066
1.2808988764044944,9.1897300119093,0.000741953752856697,5093.405132784068,345.7190059754445
1.303370786516854,9.1897300119093,0.0006944087323821158,2678.5767116864786,259.15690619187785
1.3258426966292134,9.1897300119093,0.0006513373845324748,1377.140092477775,190.16471706343356
1.348314606741573,9.1897300119093,0.0006139039169546986,785.0222959600212,147.27639004027327
1.3707865168539326,9.1897300119093,0.0005790947658644127,423.68811161931313,109.5104713781734
1.393258426966292,9.1897300119093,0.0005486108582494565,252.43460995705436,85.87218710521464
1.4157303370786516,9.1897300119093,0.0005200041227651729,143.9654704347552,65.04549974896554
1.4382022471910112,9.1897300119093,0.0004941433766970115,85.86600178423481,50.294183484898774
1.4606741573033708,9.1897300119093,0.00047052430766265127,52.81088340121863,39.37098488922743
1.4831460674157304,9.1897300119093,0.0004491764814089687,34.19353853625259,31.648368584857764
1.5056179775280898,9.1897300119093,0.00043059704260742004,24.543530938027693,27.075576819463997
1.5280898876404494,9.1897300119093,0.000412905475065122,17.237366827918216,22.712880931371966
1.550561797752809,9.1897300119093,0.0003957702232011611,11.683041611295081,18.489643218289494
1.5730337078651684,9.1897300119093,0.00038068613119019476,8.604190839551567,15.84874149501987
1.595505617977528,9.1897300119093,0.00036613185589347627,6.212717336943809,13.329531351066672
1.6179775280898876,9.1897300119093,0.000352741994945655,4.634609718772979,11.413549278081526
1.6404494382022472,9.1897300119093,0.000341040782877337,3.7215132236721606,10.261997569610102
1.6629213483146068,9.1897300119093,0.00032874371549799624,2.757857626004511,8.66151765445034
1.6853932584269662,9.1897300119093,0.00031806681589592665,2.206489713459806,7.702957260072587
1.7078651685393258,9.1897300119093,0.00030783866990002776,1.7650734246298205,6.822829633409426
1.7303370786516854,9.1897300119093,0.0002991595230628156,1.521506399823829,6.378746462344168
1.7528089887640448,9.1897300119093,0.00029011686870386935,1.2492889808412828,5.725246986535542
1.7752808988764044,9.1897300119093,0.0002816747680468105,1.0436364220231105,5.19130687054202
1.797752808988764,9.1897300119093,0.00027408280123205557,0.9025426855594244,4.8254170019666205
1.8202247191011236,9.1897300119093,0.0002666955298577486,0.7765006114875033,4.454770613422891
1.8426966292134832,9.1897300119093,0.00025918381867956865,0.652397387461024,4.020647991829661
1.8651685393258426,9.1897300119093,0.0002524208268928929,0.5660339226275916,3.7165695710614344
1.8876404494382022,9.1897300119093,0.00024595177298572654,0.49348838000910683,3.4406500842544054
1.9101123595505618,9.1897300119093,0.00024033662157730694,0.447324263232225,3.2866750582400566
1.9325842696629212,9.1897300119093,0.00023410441795990736,0.38670178873590016,3.0055920745546456
1.9550561797752808,9.1897300119093,0.0002287977926559777,0.3494316166268152,2.851546559682504
1.9775280898876404,9.1897300119093,0.00022349116735204805,0.3128875803868075,2.678161325726306
2.0,9.1897300119093,0.00021802614476384324,0.2755382108176627,2.472039510643547
0.0,10.21349338436819,1.3005362863254983,1113769214.0478916,1017.4886978527225
0.02247191011235955,10.21349338436819,1.2008561262648623,1103502825.2745652,1062.1771859079563
0.0449438202247191,10.21349338436819,1.1055795511973758,1110244446.284121,1119.2320502463338
0.06741573033707865,10.21349338436819,1.0149079463131263,1132875678.6877232,1189.6790218803224
0.0898876404494382,10.21349338436819,0.929447055326485,1172264480.6117811,1275.2712994286808
0.11235955056179775,10.21349338436819,0.8489153841186499,1227110093.13406,1377.1260948990519
0.1348314606741573,10.21349338436819,0.7732426694880967,1296945163.874163,1496.74848947583
0.15730337078651685,10.21349338436819,0.7027287546917085,1383547333.543556,1636.6601258537546
0.1797752808988764,10.21349338436819,0.6371880062786203,1487290855.4373498,1799.139678637176
0.20224719101123595,10.21349338436819,0.5764742889063256,1609212055.692363,1987.0435953607168
0.2247191011235955,10.21349338436819,0.5204949482785428,1751632857.2386646,2204.1840835980315
0.24719101123595505,10.21349338436819,0.46896775473266694,1916088000.0460823,2454.586605638717
0.2696629213483146,10.21349338436819,0.4219273718661979,2109464486.7272007,2745.3092459652707
0.29213483146067415,10.21349338436819,0.3787486665094412,2330416561.005791,3080.5824580843378
0.3146067415730337,10.21349338436819,0.33947284825252394,2589395541.8500605,3470.9960884132215
0.33707865168539325,10.21349338436819,0.3037284224829794,2891350565.657601,3925.9311850807308
0.3595505617977528,10.21349338436819,0.2711320553195298,3239023486.4959917,4455.0811676572175
0.38202247191011235,10.21349338436819,0.2398321836682718,3544660575.5511713,5022.462686765946
0.4044943820224719,10.21349338436819,0.21050059422963677,3799622559.25228,5628.955200745099
0.42696629213483145,10.21349338436819,0.18360898145925258,4005634426.29497,6279.855745323444
0.449438202247191,10.21349338436819,0.1593506340360323,4166728772.434759,6981.593360317985
0.47191011235955055,10.21349338436819,0.13773720034881484,4288624903.2061176,7742.0988259519045
0.4943820224719101,10.21349338436819,0.11865351131752751,4375931596.3503,8569.491126064864
0.5168539325842696,10.21349338436819,0.09757397270986173,3578828934.2281976,8697.964843351972
0.5393258426966292,10.21349338436819,0.07978299453142519,2807947262.1567016,8679.144116124386
0.5617977528089888,10.21349338436819,0.06536316813738885,2190589155.3292723,8635.284271855518
0.5842696629213483,10.21349338436819,0.05371659583860214,1709395764.9340525,8587.876637985959
0.6067415730337078,10.21349338436819,0.04426246582031332,1330598206.9906669,8527.840946594684
0.6292134831460674,10.21349338436819,0.03655934269601548,1030804982.7540977,8447.422498870406
0.651685393258427,10.21349338436819,0.030282308641271412,796066277.8168328,8352.861802610405
0.6741573033707865,10.21349338436819,0.02516763382909061,614422276.4414637,8253.524930028107
0.696629213483146,10.21349338436819,0.020980748154938816,472433155.2708733,8138.419217320999
0.7191011235955056,10.21349338436819,0.01754687551311406,361769971.8506594,8006.848646664543
0.7415730337078652,10.21349338436819,0.014725422830302523,275840227.97206384,7858.619998299842
0.7640449438202247,10.21349338436819,0.01239580607141375,208369422.76268932,7677.074493279776
0.7865168539325842,10.21349338436819,0.010475850822131056,156664214.53538382,7479.292966441072
0.8089887640449438,10.21349338436819,0.008893179371797665,117619399.61213584,7277.037617926955
0.8314606741573034,10.21349338436819,0.007581845308817621,87812284.62360896,7057.202121351901
0.8539325842696629,10.21349338436819,0.006486273062673102,64431277.55540592,6783.8644764071805
0.8764044943820224,10.21349338436819,0.005579247581941603,47353913.40097624,6520.097666503892
0.898876404494382,10.21349338436819,0.004817829512489655,34138196.89565785,6203.517767953389
0.9213483146067416,10.21349338436819,0.004179154604380745,24219029.406807378,5850.114138977847
0.9438202247191011,10.21349338436819,0.003643931151436782,17010713.54769851,5482.531649361113
0.9662921348314606,10.21349338436819,0.0031936894173670263,11802676.37295741,5099.519534379937
0.9887640449438202,10.21349338436819,0.0028111908608135358,7945566.926302239,4664.655036159087
1.0112359550561798,10.21349338436819,0.0024878108567164352,5271550.259657287,4226.847635753804
1.0337078651685392,10.21349338436819,0.0022133696851224967,3442684.456696213,3790.6560039252936
1.0561797752808988,10.21349338436819,0.0019785729066875172,2183487.6817608853,3340.007786464303
1.0786516853932584,10.21349338436819,0.0017758194563041918,1316842.992888086,2858.099068698237
1.101123595505618,10.21349338436819,0.0016038811055689532,803407.4859356917,2451.3895259972105
1.1235955056179776,10.21349338436819,0.0014530227185094286,453352.0671257857,2009.3125218948658
1.146067415730337,10.21349338436819,0.0013237404523241758,256572.2485071786,1641.4937360618167
1.1685393258426966,10.21349338436819,0.0012119411750590036,144341.23502071277,1329.9105590591637
1.1910112359550562,10.21349338436819,0.0011126474433491018,75144.28126204287,1026.788053228614
1.2134831460674156,10.21349338436819,0.0010271633674655608,40671.43661999559,804.8705711835836
1.2359550561797752,10.21349338436819,0.0009505034299495032,20477.385801006287,601.7715911503614
1.2584269662921348,10.21349338436819,0.0008839730702294526,10835.911274743396,459.4537100233819
1.2808988764044944,10.21349338436819,0.0008232534898092977,5261.344357979667,331.29371805333056
1.303370786516854,10.21349338436819,0.0007717908810625614,2973.0939750608773,258.9447273172966
1.3258426966292134,10.21349338436819,0.0007236069153105879,1501.1764129751468,187.96678377144048
1.348314606741573,10.21349338436819,0.0006817714794742684,843.0663236489958,144.24379092585386
1.3707865168539326,10.21349338436819,0.000643501363437487,466.80352308843123,108.92152312967413
1.393258426966292,10.21349338436819,0.0006092820244189203,272.06088866211275,84.24081584397693
1.4157303370786516,10.21349338436819,0.0005783056130578837,163.6771674127822,65.98121056816461
1.4382022471910112,10.21349338436819,0.0005493851636785812,96.50147077381503,50.65222187036507
1.4606741573033708,10.21349338436819,0.0005230464117769845,59.01549256154319,39.50918715450709
1.4831460674157304,10.21349338436819,0.0005000437806502877,40.07992614372387,32.77649480184931
1.5056179775280898,10.21349338436819,0.0004785411933042413,27.199909264736075,27.022796479931493
1.5280898876404494,10.21349338436819,0.0004583249777560394,18.417489904797822,22.11267001906274
1.550561797752809,10.21349338436819,0.0004402254121187724,13.28613190055468,18.783675176638166
1.5730337078651684,10.21349338436819,0.00042283221190904407,9.392736896547468,15.650583831218997
1.595505617977528,10.21349338436819,0.0004073752946460991,7.103674342191984,13.600411757860718
1.6179775280898876,10.21349338436819,0.00039182572421508075,5.079386128815335,11.298659559425536
1.6404494382022472,10.21349338436819,0.0003792700529082291,4.195592056300195,10.369430176171557
1.6629213483146068,10.21349338436819,0.00036613185589347627,3.210326181470014,8.964272274321216
1.6853932584269662,10.21349338436819,0.00035394774229590277,2.5179944475464167,7.857795947216741
1.7078651685393258,10.21349338436819,0.00034328767699086496,2.100990971802194,7.1905132436789
1.7303370786516854,10.21349338436819,0.00033186971045055786,1.6298308777213568,6.198410231616809
1.7528089887640448,10.21349338436819,0.0003220093666837368,1.3538814890212851,5.6122461443498555
1.7752808988764044,10.21349338436819,0.0003130977999411899,1.1623601901374607,5.199929389750738
1.797752808988764,10.21349338436819,0.00030426096244480597,0.9825724396254507,4.744874603334868
1.8202247191011236,10.21349338436819,0.0002962841758048382,0.8567504024378976,4.427958905333335
1.8426966292134832,10.21349338436819,0.0002879841182147094,0.7219190438201643,4.005857448295615
1.8651685393258426,10.21349338436819,0.00028073288923760684,0.6355200042463537,3.748620116472427
1.8876404494382022,10.21349338436819,0.00027289881153632776,0.5353261522677265,3.3695943468173164
1.9101123595505618,10.21349338436819,0.0002666955298577486,0.4861410362750153,3.222955092863917
1.9325842696629212,10.21349338436819,0.0002600951980112373,0.42769802131745494,2.9926157524338106
1.9550561797752808,10.21349338436819,0.00025440501970615855,0.39067277630543884,2.8666516509981306
1.9775280898876404,10.21349338436819,0.00024865905905109803,0.3525338442559953,2.711510481896428
2.0,10.21349338436819,0.00024314419728151674,0.31921134052662614,2.567955335270256
0.0,11.351307054434312,1.3769263777409995,1071873408.9272938,969.8141235418019
0.02247191011235955,11.351307054434312,1.2729047999829088,1054459848.4356668,1008.2674442070952
0.0449438202247191,11.351307054434312,1.173224884224767,1054330702.3729868,1058.582671899559
0.06741573033707865,11.351307054434312,1.0781829350567536,1070322956.2722855,1121.7554014136074
0.0898876404494382,11.351307054434312,0.9883835303259593,1102890463.0553043,1199.364061591795
0.11235955056179775,11.351307054434312,0.9032960755160399,1149740401.447295,1292.119278873017
0.1348314606741573,11.351307054434312,0.8236925757108412,1213183021.1124754,1402.4462737781014
0.15730337078651685,11.351307054434312,0.7489352316789146,1291021371.7782674,1531.314520850959
0.1797752808988764,11.351307054434312,0.6795272055393714,1386193170.049197,1681.8109611099642
0.20224719101123595,11.351307054434312,0.615139552235123,1498705698.7630615,1856.2339198745522
0.2247191011235955,11.351307054434312,0.5556992721056384,1630551856.60438,2058.043107619029
0.24719101123595505,11.351307054434312,0.5009744994029445,1783514845.9571352,2291.112562657279
0.2696629213483146,11.351307054434312,0.45071909084740613,1959907782.574478,2560.1373374599234
0.29213483146067415,11.351307054434312,0.40489475652862505,2166519567.612895,2872.609033624482
0.3146067415730337,11.351307054434312,0.3629977923823294,2404582026.850916,3234.4444379134957
0.33707865168539325,11.351307054434312,0.32492937779848685,2683607867.951575,3656.570010669119
0.3595505617977528,11.351307054434312,0.2904162039139568,3012801476.7324176,4151.3263677626755
0.38202247191011235,11.351307054434312,0.2579928963802645,3344041556.0043163,4703.141501709766
0.4044943820224719,11.351307054434312,0.22716765942550324,3623690943.0774145,5291.258817499964
0.42696629213483145,11.351307054434312,0.1986450362100763,3853277342.224169,5921.186602096677
0.449438202247191,11.351307054434312,0.17274876216264623,4036169610.585051,6599.045524182367
0.47191011235955055,11.351307054434312,0.1495289646989639,4172871825.2229404,7329.056263764009
0.4943820224719101,11.351307054434312,0.1290302699433423,4282895243.294282,8129.213925382522
0.5168539325842696,11.351307054434312,0.10875310608811248,3945882868.8261437,8650.775573646819
0.5393258426966292,11.351307054434312,0.08883568246024029,3091037213.910868,8629.487737086256
0.5617977528089888,11.351307054434312,0.07280407830269958,2422531814.7043586,8604.188601660477
0.5842696629213483,11.351307054434312,0.05981439513196142,1892083791.7217538,8562.025823014963
0.6067415730337078,11.351307054434312,0.04926063057878965,1471360349.0901372,8500.268145876953
0.6292134831460674,11.351307054434312,0.04069057592356372,1142408491.2635834,8429.262603714335
0.651685393258427,11.351307054434312,0.033683899828096,880268208.7836583,8327.985091981136
0.6741573033707865,11.351307054434312,0.027996942077653266,680669579.4286449,8236.249255349561
0.696629213483146,11.351307054434312,0.023326488727786775,521930503.798214,8112.364777241491
0.7191011235955056,11.351307054434312,0.019513494460008163,400783070.60666764,7991.354749081074
0.7415730337078652,11.351307054434312,0.01637027200688338,305032094.54005253,7837.545426944704
0.7640449438202247,11.351307054434312,0.013780990557701914,230660913.7556099,7660.325370030334
0.7865168539325842,11.351307054434312,0.011654895003593424,174693681.29807454,7487.821869499072
0.8089887640449438,11.351307054434312,0.009883917824787425,129971261.36921181,7255.681618103402
0.8314606741573034,11.351307054434312,0.008429888781547146,97481857.48047903,7051.504055480811
0.8539325842696629,11.351307054434312,0.007214868668213014,71922528.42049922,6796.027940675732
0.8764044943820224,11.351307054434312,0.006201161088957427,52410277.47281912,6505.905928682498
0.898876404494382,11.351307054434312,0.005352329476323615,37554019.244658396,6172.117056583792
0.9213483146067416,11.351307054434312,0.004644758812492929,26798230.055175744,5836.662088938463
0.9438202247191011,11.351307054434312,0.004052594901637984,19024763.941526633,5498.425357026623
0.9662921348314606,11.351307054434312,0.0035505868407731678,13132583.36664294,5101.672687100713
0.9887640449438202,11.351307054434312,0.0031262466869476577,8894923.50675879,4680.878836145581
1.0112359550561798,11.351307054434312,0.002765270783502868,5848271.835663227,4222.522854893141
1.0337078651685392,11.351307054434312,0.0024593513777586007,3789620.246542311,3771.7695934015733
1.0561797752808988,11.351307054434312,0.0021993862829298655,2427772.8625706644,3340.408118514478
1.0786516853932584,11.351307054434312,0.0019755965662221534,1497369.525866825,2892.0210410858667
1.101123595505618,11.351307054434312,0.001782173897363365,883692.5990397404,2437.8206942865118
1.1235955056179776,11.351307054434312,0.0016153006178425684,505947.1904183654,2013.5875205325344
1.146067415730337,11.351307054434312,0.0014723058568444436,291435.7484995532,1660.769947142555
1.1685393258426966,11.351307054434312,0.0013468079367285708,159172.88140132988,1324.1546203403864
1.1910112359550562,11.351307054434312,0.001237703880856898,86131.99930199016,1044.3757973413074
1.2134831460674156,11.351307054434312,0.0011418732586832242,45491.668013439856,807.6975691229544
1.2359550561797752,11.351307054434312,0.0010573884837094423,23590.335108457613,614.102816141795
1.2584269662921348,11.351307054434312,0.0009819947572099793,11769.540298640886,453.4058411365809
1.2808988764044944,11.351307054434312,0.0009162438827565939,6187.819510496377,342.35765952524457
1.303370786516854,11.351307054434312,0.000857272746406043,3213.67901932349,254.72096781842072
1.3258426966292134,11.351307054434312,0.0008051966885494442,1751.9249275326413,193.5209372004413
1.348314606741573,11.351307054434312,0.0007576603025096683,931.4914133902025,143.72362649898847
1.3707865168539326,11.351307054434312,0.0007157860873242111,535.4879775404362,111.05225617843635
1.393258426966292,11.351307054434312,0.0006774155922394532,306.3058162737221,84.91750252858601
1.4157303370786516,11.351307054434312,0.0006421808824951465,175.77918565812203,64.56551318083176
1.4382022471910112,11.351307054434312,0.0006114854799192742,112.95453045327477,52.35769394870663
1.4606741573033708,11.351307054434312,0.0005817615836118652,67.24109111928709,40.15041391391664
1.4831460674157304,11.351307054434312,0.0005562518481876883,45.84093389928874,33.40027055883098
1.5056179775280898,11.351307054434312,0.0005316725598900823,29.86971407335746,26.805772906075138
1.5280898876404494,11.351307054434312,0.0005096544929897375,20.776423175417065,22.336353503965963
1.550561797752809,11.351307054434312,0.0004893322770513627,14.806947061005896,18.81850669193808
1.5730337078651684,11.351307054434312,0.00047052430766265127,10.793468942874181,16.01955212067204
1.595505617977528,11.351307054434312,0.0004527349525670683,7.877518556893378,13.57838849260554
1.6179775280898876,11.351307054434312,0.0004359874403769943,5.805604400195397,11.528585733719114
1.6404494382022472,11.351307054434312,0.0004208936466665134,4.496777358123004,10.097172930432865
1.6629213483146068,11.351307054434312,0.0004073752946460991,3.657791213663059,9.13105824719317
1.6853932584269662,11.351307054434312,0.00039310061166162945,2.754837624743379,7.764811734231799
1.7078651685393258,11.351307054434312,0.0003813941703311776,2.3163224042359754,7.146007614469844
1.7303370786516854,11.351307054434312,0.00036944247024427927,1.8690871199847832,6.35104730071244
1.7528089887640448,11.351307054434312,0.0003587578051276086,1.5747638613528727,5.817183206159846
1.7752808988764044,11.351307054434312,0.0003484505276310962,1.3235393309311743,5.301633002485909
1.797752808988764,11.351307054434312,0.00033812482635063373,1.089829898292125,4.736899504490671
1.8202247191011236,11.351307054434312,0.00032874371549799624,0.9258764852828226,4.326626562511637
1.8426966292134832,11.351307054434312,0.00032036552962062185,0.8140932584465975,4.054698485569736
1.8651685393258426,11.351307054434312,0.00031174227964471607,0.6969745250158043,3.706367796226117
1.8876404494382022,11.351307054434312,0.00030426096244480597,0.622869597118487,3.5048717577012054
1.9101123595505618,11.351307054434312,0.0002962841758048382,0.5370289222997798,3.2058233929883864
1.9325842696629212,11.351307054434312,0.00028940595187414934,0.4827616455688521,3.033699184691103
1.9550561797752808,11.351307054434312,0.00028261664685601414,0.4314632892169374,2.850381954408616
1.9775280898876404,11.351307054434312,0.0002757439006888671,0.3807841748193689,2.6421404932050176
2.0,11.351307054434312,0.0002699815158703689,0.3506646380450163,2.540512265862012
0.0,12.615876565922013,1.4576947430136316,1031936510.2522668,924.4877224407921
0.02247191011235955,12.615876565922013,1.3492481523543414,1007362974.8052292,956.9206079768372
0.0449438202247191,12.615876565922013,1.2450377632405563,1000405285.9008919,1000.7362572372691
0.06741573033707865,12.615876565922013,1.145440263734194,1009738038.5110086,1056.8673077476847
0.0898876404494382,12.615876565922013,1.0506952123081776,1034409840.3029466,1126.3822271516826
0.11235955056179775,12.615876565922013,0.9613828648229599,1075067159.4752178,1210.9568793953988
0.1348314606741573,12.615876565922013,0.8772740519410674,1130761284.6195357,1311.817169221624
0.15730337078651685,12.615876565922013,0.7983038658417889,1201151118.7114432,1430.5098391776637
0.1797752808988764,12.615876565922013,0.7248760387924527,1288383216.6010869,1569.7142694658808
0.20224719101123595,12.615876565922013,0.656628166531378,1392173111.4177196,1731.4626235756016
0.2247191011235955,12.615876565922013,0.5934716079946251,1513843562.7098913,1918.735883529113
0.24719101123595505,12.615876565922013,0.5353036600796443,1655660747.6866467,2135.359115105734
0.2696629213483146,12.615876565922013,0.48178261606516154,1818686841.1776197,2385.1873583954866
0.29213483146067415,12.615876565922013,0.43304564135714896,2010929941.8823996,2675.8959891902036
0.3146067415730337,12.615876565922013,0.3883298182140014,2229948419.545722,3011.27412518501
0.33707865168539325,12.615876565922013,0.3476921246653143,2486126023.4972787,3402.075287217581
0.3595505617977528,12.615876565922013,0.3107797021321576,2785525549.1275964,3858.417589419678
0.38202247191011235,12.615876565922013,0.2771489993425099,3130027789.4003963,4389.785604184874
0.4044943820224719,12.615876565922013,0.24492128266895785,3433937006.004348,4960.3127236612245
0.42696629213483145,12.615876565922013,0.21477129086996194,3687492827.9442506,5570.3007133037745
0.449438202247191,12.615876565922013,0.18718766469032447,3892903061.93432,6225.431459235624
0.47191011235955055,12.615876565922013,0.16232394817604462,4050770935.482472,6930.048335313245
0.4943820224719101,12.615876565922013,0.1402266992015892,4171217169.425745,7694.923716069647
0.5168539325842696,12.615876565922013,0.12076626356242749,4260494698.068184,8529.90587887541
0.5393258426966292,12.615876565922013,0.0990212218276196,3412710717.1349106,8588.176977230187
0.5617977528089888,12.615876565922013,0.08105095004067615,2666098643.584183,8554.59678311688
0.5842696629213483,12.615876565922013,0.06658049352727545,2086254168.6965694,8521.323422930429
0.6067415730337078,12.615876565922013,0.054840109702172485,1627345892.0527046,8472.32626086725
0.6292134831460674,12.615876565922013,0.04525750798023887,1258983774.3363447,8390.280060042192
0.651685393258427,12.615876565922013,0.03748490349259667,975072886.9406122,8308.505563854156
0.6741573033707865,12.615876565922013,0.0311352174886459,751724133.2521938,8207.395475842904
0.696629213483146,12.615876565922013,0.02595912652708836,579985404.0361927,8106.266790313605
0.7191011235955056,12.615876565922013,0.02169840628636351,443270505.53604734,7969.635917409026
0.7415730337078652,12.615876565922013,0.018205888047491382,338090102.49053913,7824.06699564886
0.7640449438202247,12.615876565922013,0.015332481632115758,256799292.54908797,7662.781622217268
0.7865168539325842,12.615876565922013,0.012956474329160186,193260508.40257657,7469.291958556633
0.8089887640449438,12.615876565922013,0.010995880090692196,144929428.3226889,7264.134455601267
0.8314606741573034,12.615876565922013,0.009365499664948644,107262430.6692414,7016.905134185402
0.8539325842696629,12.615876565922013,0.008020305331473614,79668526.70639935,6783.636578175445
0.8764044943820224,12.615876565922013,0.006894995237012249,58244852.14915251,6504.126653664049
0.898876404494382,12.615876565922013,0.005953157351746927,41948708.77128747,6185.618103270186
0.9213483146067416,12.615876565922013,0.005165231766333045,29888636.263381798,5845.422222640796
0.9438202247191011,12.615876565922013,0.004504523264419559,21074917.933001358,5488.705012015369
0.9662921348314606,12.615876565922013,0.003946635277715668,14558245.882488932,5094.447493098197
0.9887640449438202,12.615876565922013,0.0034735167897414366,9785801.856891425,4656.601281797208
1.0112359550561798,12.615876565922013,0.0030756179322555563,6571026.84742611,4245.170752171329
1.0337078651685392,12.615876565922013,0.002733054889748535,4183058.6831126213,3758.2079877722867
1.0561797752808988,12.615876565922013,0.002443927054701222,2673024.0619474635,3323.9466913111464
1.0786516853932584,12.615876565922013,0.002194616633062119,1634945.8373139256,2865.1721917483733
1.101123595505618,12.615876565922013,0.0019815690040688927,990404.3599734836,2448.367709181891
1.1235955056179776,12.615876565922013,0.0017957500948155602,564878.4914076786,2018.2996608903004
1.146067415730337,12.615876565922013,0.0016350033008641228,313668.14231473,1632.1186956061545
1.1685393258426966,12.615876565922013,0.0014968558710534137,176200.9312222583,1321.1681112509762
1.1910112359550562,12.615876565922013,0.0013746866481800205,92947.39459364326,1027.4222820958807
1.2134831460674156,12.615876565922013,0.0012679376269359786,48558.021990455294,789.5841392886383
1.2359550561797752,12.615876565922013,0.0011744884588470019,25480.695497696663,604.2063167332993
1.2584269662921348,12.615876565922013,0.001091371366540498,13023.299942734362,452.2325040351221
1.2808988764044944,12.615876565922013,0.001019085742735228,7080.360350557381,348.18378957736974
1.303370786516854,12.615876565922013,0.0009535128208186366,3680.650334359432,259.2566497344361
1.3258426966292134,12.615876565922013,0.0008944671930846303,1902.034754711089,190.82205390571866
1.348314606741573,12.615876565922013,0.0008427090075478974,1065.8591075616011,146.27205196027506
1.3707865168539326,12.615876565922013,0.0007951155169934479,581.2957747530041,109.45307316902033
1.393258426966292,12.615876565922013,0.000753149684354051,344.4595047583936,85.53708539745053
1.4157303370786516,12.615876565922013,0.0007140715872190951,198.5999742912798,65.23546827295166
1.4382022471910112,12.615876565922013,0.0006787532803612483,119.68754543051742,50.77965240125464
1.4606741573033708,12.615876565922013,0.0006464670774296685,74.190327672016,39.95914847756369
1.4831460674157304,12.615876565922013,0.0006181859890103659,50.77402503274656,33.32349657821933
1.5056179775280898,12.615876565922013,0.0005906939498331851,32.78293551291421,26.58025857666669
1.5280898876404494,12.615876565922013,0.0005667234162986542,23.424853344867962,22.553933290145103
1.550561797752809,12.615876565922013,0.0005441239615938114,16.683422601769223,18.99598536726336
1.5730337078651684,12.615876565922013,0.0005230464117769845,12.049366544742304,16.06868846843929
1.595505617977528,12.615876565922013,0.0005026153724413139,8.498442091241639,13.293940171400676
1.6179775280898876,12.615876565922013,0.00048456152531348737,6.447941941650558,11.522345531175066
1.6404494382022472,12.615876565922013,0.0004684058179055282,5.154539407677558,10.327585696119455
1.6629213483146068,12.615876565922013,0.0004527349525670683,4.057436328217907,9.117538059306629
1.6853932584269662,12.615876565922013,0.0004369211239162816,3.0638597881889633,7.768517961607218
1.7078651685393258,12.615876565922013,0.0004238812491482279,2.572571243978591,7.141859685651484
1.7303370786516854,12.615876565922013,0.0004100949354435607,2.0267144759259126,6.2301969100752315
1.7528089887640448,12.615876565922013,0.0003986338617584391,1.7416994157573096,5.79461493044094
1.7752808988764044,12.615876565922013,0.0003870722185287699,1.4566790847061692,5.260048303949161
1.797752808988764,12.615876565922013,0.0003764378963442977,1.247380267551914,4.851239252785568
1.8202247191011236,12.615876565922013,0.00036613185589347627,1.0650677569861875,4.451018625228786
1.8426966292134832,12.615876565922013,0.0003556605328976784,0.8886167537691851,3.9938348201619345
1.8651685393258426,12.615876565922013,0.0003458691023109806,0.7543265763577143,3.623752491934738
1.8876404494382022,12.615876565922013,0.00033812482635063373,0.6910645168980017,3.4995108775370594
1.9101123595505618,12.615876565922013,0.00032997391194717794,0.6144899643103681,3.288111941382318
1.9325842696629212,12.615876565922013,0.0003220093666837368,0.5447638859040471,3.07461806073445
1.9550561797752808,12.615876565922013,0.00031445332023766377,0.48658051128052393,2.887768861435965
1.9775280898876404,12.615876565922013,0.00030664610074828715,0.4262935390630354,2.659490452109043
2.0,12.615876565922013,0.0003001096179800889,0.39046076016481984,2.54477820828605
0.0,14.021322898177202,1.5429662284354615,993873789.6830989,881.3939286364761
0.02247191011235955,14.021322898177202,1.430125647507517,962268257.9131571,908.0583734008688
0.0449438202247191,14.021322898177202,1.3212743786378611,948517251.6241149,945.6051388445213
0.06741573033707865,14.021322898177202,1.2169619827598217,951241595.2108542,994.9416594190169
0.0898876404494382,14.021322898177202,1.1175286881574622,969421773.9821628,1057.094890947115
0.11235955056179775,14.021322898177202,1.023638529167159,1003550040.109873,1133.6524113773462
0.1348314606741573,14.021322898177202,0.9346234190700791,1051332832.485016,1225.3042232633306
0.15730337078651685,14.021322898177202,0.851424283948361,1115222779.2388313,1334.5336159888568
0.1797752808988764,14.021322898177202,0.7734655954877774,1193728600.0673375,1462.5634758611425
0.20224719101123595,14.021322898177202,0.7010940539592716,1288965152.221723,1612.1903530149646
0.2247191011235955,14.021322898177202,0.6340301864763569,1401285625.9361,1785.8479243184267
0.24719101123595505,14.021322898177202,0.5721803987067009,1532554664.6853087,1986.9687557732404
0.2696629213483146,14.021322898177202,0.5153068167002235,1684617210.2981045,2219.4882353894955
0.29213483146067415,14.021322898177202,0.4631192935814891,1859464185.795166,2488.0104990304685
0.3146067415730337,14.021322898177202,0.41561700727440515,2064316804.707795,2800.3508331560874
0.33707865168539325,14.021322898177202,0.3722256747154692,2299958321.2107854,3162.3078048689067
0.3595505617977528,14.021322898177202,0.3328550345586679,2576169326.4306984,3585.1597653579693
0.38202247191011235,14.021322898177202,0.2971898710442302,2901501279.1867833,4081.184649228292
0.4044943820224719,14.021322898177202,0.26376438192185697,3230509967.8646507,4635.74589380724
0.42696629213483145,14.021322898177202,0.23203380319679015,3508458744.9481683,5226.959850228606
0.449438202247191,14.021322898177202,0.20273395412399584,3737176200.5238857,5860.627746079745
0.47191011235955055,14.021322898177202,0.17618371270860533,3919765580.4321065,6542.874847267549
0.4943820224719101,14.021322898177202,0.15244092959871783,4059148710.77041,7279.7300177530815
0.5168539325842696,14.021322898177202,0.13143768077514503,4161407264.60203,8079.86585016943
0.5393258426966292,14.021322898177202,0.11032517278697966,3748467449.3650374,8526.89325276361
0.5617977528089888,14.021322898177202,0.09028083986713317,2935489143.5421124,8504.902257081261
0.5842696629213483,14.021322898177202,0.07413907400918503,2300244372.6804924,8479.044416546953
0.6067415730337078,14.021322898177202,0.061014771316468576,1790307305.5459356,8424.477083319005
0.6292134831460674,14.021322898177202,0.05038114724067354,1392730257.3605785,8363.7029661294
0.651685393258427,14.021322898177202,0.0417223647850064,1079825673.0073426,8287.29259184595
0.6741573033707865,14.021322898177202,0.03464877662087013,832995680.9672393,8189.686594939708
0.696629213483146,14.021322898177202,0.028875204828599094,641582669.7942268,8083.628089211736
0.7191011235955056,14.021322898177202,0.024135929574651736,490996808.8615872,7952.638220875289
0.7415730337078652,14.021322898177202,0.020247688619214152,374436276.83215874,7807.4313991035015
0.7640449438202247,14.021322898177202,0.017047083857620212,283993628.18935555,7641.971829552204
0.7865168539325842,14.021322898177202,0.014405177415657503,213874196.9677322,7451.6300608324555
0.8089887640449438,14.021322898177202,0.012227174276463408,160741636.22730264,7254.480030433011
0.8314606741573034,14.021322898177202,0.0104192711772171,119673159.75734438,7027.019858382393
0.8539325842696629,14.021322898177202,0.008912175780397758,87799588.97373627,6754.988775966629
0.8764044943820224,14.021322898177202,0.007663562602647677,64387773.80565445,6486.016048692094
0.898876404494382,14.021322898177202,0.006619081366123155,46607720.70640509,6183.2423256767215
0.9213483146067416,14.021322898177202,0.005743565954479899,33277445.44853466,5849.167672631887
0.9438202247191011,14.021322898177202,0.005005420481178984,23227657.653693233,5465.373250880989
0.9662921348314606,14.021322898177202,0.004385725672776763,16057709.1175221,5074.579310195606
0.9887640449438202,14.021322898177202,0.0038622128441714453,10912421.621551689,4663.60907276752
1.0112359550561798,14.021322898177202,0.003416908907114731,7206545.535037957,4216.256138951757
1.0337078651685392,14.021322898177202,0.0030405958257882296,4733484.533507306,3792.2489106885555
1.0561797752808988,14.021322898177202,0.0027170416471507504,2979252.9722571396,3328.3922206659695
1.0786516853932584,14.021322898177202,0.002439992657670466,1826136.2775673866,2872.262066550167
1.101123595505618,14.021322898177202,0.0022021699872599816,1093101.2599313685,2439.1465200967127
1.1235955056179776,14.021322898177202,0.0019965107210428885,631911.9076456584,2025.1175540951897
1.146067415730337,14.021322898177202,0.00181802455113382,352751.4451779277,1642.3893250467174
1.1685393258426966,14.021322898177202,0.001663844813894361,195924.71096992106,1321.398589742775
1.1910112359550562,14.021322898177202,0.0015283814189441607,104273.77765725533,1032.6666763305761
1.2134831460674156,14.021322898177202,0.001410586063639683,55922.25040246155,805.401801402524
1.2359550561797752,14.021322898177202,0.001306225435985383,29018.06667430916,612.5655933013811
1.2584269662921348,14.021322898177202,0.0012139928040343763,14950.942304411825,460.6934092379263
1.2808988764044944,14.021322898177202,0.0011318801549178722,7623.363485377923,341.7922008342459
1.303370786516854,14.021322898177202,0.001059094846355851,3971.4538994354753,254.75853537310897
1.3258426966292134,14.021322898177202,0.000994326686852792,2126.256535223147,191.4734349408253
1.348314606741573,14.021322898177202,0.0009355261202517481,1126.49648515784,141.87648238250785
1.3707865168539326,14.021322898177202,0.0008839730702294526,652.5815773140704,110.1236686370777
1.393258426966292,14.021322898177202,0.0008361715389034205,366.35290443752564,83.22148371575715
1.4157303370786516,14.021322898177202,0.0007942184077895532,226.5993315905338,66.32202865277952
1.4382022471910112,14.021322898177202,0.0007551862136773581,138.08120377971298,52.00487180613098
1.4606741573033708,14.021322898177202,0.0007195203461285195,86.51446523661234,41.223508908709114
1.4831460674157304,14.021322898177202,0.000686912010579017,55.94489232325264,33.132436112944546
1.5056179775280898,14.021322898177202,0.0006570305137629319,37.321612488046306,27.009529714966707
1.5280898876404494,14.021322898177202,0.0006297315524815856,25.838499779916493,22.43735843106989
1.550561797752809,14.021322898177202,0.0006038894995992545,17.779338951890004,18.45321817377055
1.5730337078651684,14.021322898177202,0.0005806095934272047,12.935716436178643,15.683229096124343
1.595505617977528,14.021322898177202,0.0005595136490949362,9.842675087145373,13.688028049557149
1.6179775280898876,14.021322898177202,0.000538874613499142,7.269257537139215,11.64086258008818
1.6404494382022472,14.021322898177202,0.0005207641248265555,5.770358333356699,10.381867023045931
1.6629213483146068,14.021322898177202,0.0005026153724413139,4.39359085378602,8.94242891672938
1.6853932584269662,14.021322898177202,0.00048581115281939803,3.43507613498901,7.8194989078046335
1.7078651685393258,14.021322898177202,0.00047052430766265127,2.7855881929313377,7.000325994483304
1.7303370786516854,14.021322898177202,0.00045662531842910605,2.3344903642151413,6.405461471436022
1.7528089887640448,14.021322898177202,0.00044262862773819034,1.900658820562704,5.711318963074884
1.7752808988764044,14.021322898177202,0.0004298821015566417,1.597004553298592,5.202583679765481
1.797752808988764,14.021322898177202,0.0004179197382322543,1.3595847280088063,4.774749322978376
1.8202247191011236,14.021322898177202,0.0004066719586667657,1.1711064273495302,4.411640991911765
1.8426966292134832,14.021322898177202,0.0003957702232011611,1.006771332718515,4.058326660612963
1.8651685393258426,14.021322898177202,0.00038556092197942425,0.8772506337526361,3.7655805285639965
1.8876404494382022,14.021322898177202,0.00037519316476023406,0.7499560306229901,3.4283240299738726
1.9101123595505618,14.021322898177202,0.00036613185589347627,0.6669258900395646,3.2205883769906998
1.9325842696629212,14.021322898177202,0.0003573746978031203,0.5935886059561979,3.021157772145454
1.9550561797752808,14.021322898177202,0.00034912475289491175,0.5332936392472364,2.8517581753407195
1.9775280898876404,14.021322898177202,0.000341040782877337,0.47777155074560446,2.6796439475928264
2.0,14.021322898177202,0.00033293280843668346,0.42427066584637807,2.49245308495073
0.0,15.583340149823371,1.633620961664365,959099180.2786,840.8599067287145
0.02247191011235955,15.583340149823371,1.515785405802775,919287817.8970002,861.6238163115938
0.0449438202247191,15.583340149823371,1.4021996427148644,898742161.2834725,893.1155008216243
0.06741573033707865,15.583340149823371,1.2930299918331851,894921395.9897988,935.9004616052695
0.0898876404494382,15.583340149823371,1.1887053398741811,906627311.9208759,990.9334491708402
0.11235955056179775,15.583340149823371,1.0895173726796248,933098077.4261957,1059.3339264897734
0.1348314606741573,15.583340149823371,0.9959930840193224,974754533.1924633,1142.6957639636298
0.15730337078651685,15.583340149823371,0.9079671463227705,1030984432.4522485,1242.3509575075661
0.1797752808988764,15.583340149823371,0.8253466573186763,1101447647.272209,1359.8383752760428
0.20224719101123595,15.583340149823371,0.7488048086822086,1189155823.4821653,1498.190961347484
0.2247191011235955,15.583340149823371,0.6776176966678674,1292710917.7271664,1659.006306266408
0.24719101123595505,15.583340149823371,0.6118152317101445,1413872019.1562545,1845.4487193351997
0.2696629213483146,15.583340149823371,0.5512790230395462,1554811843.4589622,2061.335520280981
0.29213483146067415,15.583340149823371,0.4958557063794709,1718932446.9060154,2311.6319570998703
0.3146067415730337,15.583340149823371,0.4450418353602168,1906956919.5258262,2600.783212383222
0.33707865168539325,15.583340149823371,0.3986718077918905,2123685909.7679613,2935.9468663091484
0.3595505617977528,15.583340149823371,0.35657766540698593,2376795551.6130333,3326.8315895435144
0.38202247191011235,15.583340149823371,0.3184054606871711,2672914830.1101317,3784.0440613661544
0.4044943820224719,15.583340149823371,0.2836658115567245,3013554882.450809,4317.080128130852
0.42696629213483145,15.583340149823371,0.25044966419883913,3315462670.8076277,4890.351510723129
0.449438202247191,15.583340149823371,0.21943227610193608,3567806919.7689347,5503.598537261836
0.47191011235955055,15.583340149823371,0.19105839678644015,3768099954.436454,6159.685492324697
0.4943820224719101,15.583340149823371,0.16565379693931728,3933086120.0107117,6873.39897836937
0.5168539325842696,15.583340149823371,0.14303603045259672,4053122534.7624483,7643.10768731404
0.5393258426966292,15.583340149823371,0.12302919130206434,4122133565.773567,8467.259140806213
0.5617977528089888,15.583340149823371,0.10060936541128465,3231167114.536596,8452.247924513238
0.5842696629213483,15.583340149823371,0.08257699408339325,2533770286.1100726,8431.840186509515
0.6067415730337078,15.583340149823371,0.06797770050778247,1981283402.0276453,8396.020449504655
0.6292134831460674,15.583340149823371,0.05608485204499075,1537917250.7197442,8329.670187353413
0.651685393258427,15.583340149823371,0.0464323704782491,1192864463.7932155,8256.385373678075
0.6741573033707865,15.583340149823371,0.038561137531180054,922123735.2013226,8167.613850919389
0.696629213483146,15.583340149823371,0.03212666568695978,710064141.1899546,8062.006164949969
0.7191011235955056,15.583340149823371,0.02684747667036226,543272520.1381066,7931.298441771004
0.7415730337078652,15.583340149823371,0.02252490963002429,415214739.08462685,7794.667445211407
0.7640449438202247,15.583340149823371,0.01895877796123304,314531978.2276791,7625.80743970881
0.7865168539325842,15.583340149823371,0.01602232389885226,237355898.00540224,7443.114753125469
0.8089887640449438,15.583340149823371,0.013596444623688454,178145713.76372504,7242.048579913158
0.8314606741573034,15.583340149823371,0.011585005719291604,132615006.71241514,7014.859032998134
0.8539325842696629,15.583340149823371,0.009909631545559634,97407010.97683793,6747.124845517661
0.8764044943820224,15.583340149823371,0.008522366141661169,71601604.17822868,6485.824075905326
0.898876404494382,15.583340149823371,0.0073588225821994875,51686726.61220471,6175.163278223421
0.9213483146067416,15.583340149823371,0.006384527115153435,36847751.423693426,5837.349670648659
0.9438202247191011,15.583340149823371,0.00556343408385975,25688517.71843307,5451.133267359435
0.9662921348314606,15.583340149823371,0.004874183534169703,17733694.864319064,5057.7864476167415
0.9887640449438202,15.583340149823371,0.004292701538292252,12070245.042994779,4651.710638456669
1.0112359550561798,15.583340149823371,0.003797928672417216,7979908.910639685,4207.767083825431
1.0337078651685392,15.583340149823371,0.003377926340926027,5182042.129094274,3762.7077444282627
1.0561797752808988,15.583340149823371,0.003019266862713906,3280231.1005047937,3311.9117906125903
1.0786516853932584,15.583340149823371,0.002712639927058768,2035196.5049833527,2876.033364653376
1.101123595505618,15.583340149823371,0.0024474904490744036,1208139.0158243545,2431.7250052114723
1.1235955056179776,15.583340149823371,0.0022188369259028146,697609.0587084318,2017.6597627984784
1.146067415730337,15.583340149823371,0.0020219315972779582,399196.07641611213,1658.2975064123934
1.1685393258426966,15.583340149823371,0.0018483290867191905,212906.2120462253,1305.1345985066919
1.1910112359550562,15.583340149823371,0.001698690490886153,115416.27138045292,1030.2337179218744
1.2134831460674156,15.583340149823371,0.0015668888778791479,60522.167024675604,793.4392241558517
1.2359550561797752,15.583340149823371,0.0014511443790080937,31552.044247136088,604.9554107901739
1.2584269662921348,15.583340149823371,0.001348920493139138,16378.896465710755,456.86178037072546
1.2808988764044944,15.583340149823371,0.001258224265236901,8509.162946261446,342.62184045058007
1.303370786516854,15.583340149823371,0.0011766634909279635,4330.453948764027,251.89020674061243
1.3258426966292134,15.583340149823371,0.001105191819920935,2363.0577385539477,191.45602464506095
1.348314606741573,15.583340149823371,0.0010409730232919217,1310.4983581795025,145.84380864594297
1.3707865168539326,15.583340149823371,0.0009819947572099793,709.5798397224489,108.64678010230486
1.393258426966292,15.583340149823371,0.0009302556552966354,422.33932948495146,85.13243842881367
1.4157303370786516,15.583340149823371,0.0008821627437837076,245.4811722449338,65.25535581921207
1.4382022471910112,15.583340149823371,0.0008390281917025756,151.1960196315464,51.50826036740257
1.4606741573033708,15.583340149823371,0.0008001561027714461,97.98380857914574,41.72908715496393
1.4831460674157304,15.583340149823371,0.0007632671841914162,61.60159741434839,32.927909021076644
1.5056179775280898,15.583340149823371,0.0007299700487866554,40.9495156170667,26.77669205622208
1.5280898876404494,15.583340149823371,0.0006995439155133695,28.25057507801744,22.188039680306446
1.550561797752809,15.583340149823371,0.0006710592703195579,19.643314588658402,18.376977126158316
1.5730337078651684,15.583340149823371,0.0006456442553020175,14.57472831255644,15.832979338809148
1.595505617977528,15.583340149823371,0.0006211918586358999,10.629318100899459,13.41081984806431
1.6179775280898876,15.583340149823371,0.0005994952164059162,8.270793271370275,11.838644965117895
1.6404494382022472,15.583340149823371,0.0005783056130578837,6.282400020085939,10.225881533166415
1.6629213483146068,15.583340149823371,0.0005582968282620399,4.8175935872143665,8.852703043380675
1.6853932584269662,15.583340149823371,0.0005398538861877273,3.8028103475305475,7.795958387143703
1.7078651685393258,15.583340149823371,0.0005230464117769845,3.106222109916997,7.0177744936091795
1.7303370786516854,15.583340149823371,0.0005076056452413367,2.6039943657479614,6.423202305477156
1.7528089887640448,15.583340149823371,0.0004924283717483213,2.151109538988132,5.793429115973235
1.7752808988764044,15.583340149823371,0.00047780229215816224,1.7758635341438944,5.204517195282582
1.797752808988764,15.583340149823371,0.0004643074056198782,1.500678176094328,4.747843345066683
1.8202247191011236,15.583340149823371,0.0004520089480930218,1.3024635899054593,4.413889743404718
1.8426966292134832,15.583340149823371,0.0004402254121187724,1.1334387777613992,4.102086222976434
1.8651685393258426,15.583340149823371,0.00042845329115216675,0.9724352477053191,3.7570355289012407
1.8876404494382022,15.583340149823371,0.0004179197382322543,0.8609514296507451,3.525009715496209
1.9101123595505618,15.583340149823371,0.0004073752946460991,0.7527888197611475,3.264178282582833
1.9325842696629212,15.583340149823371,0.0003974468034582035,0.6653904495141639,3.043939964270395
1.9550561797752808,15.583340149823371,0.00038817408392537666,0.5956582850410186,2.864326893043898
1.9775280898876404,15.583340149823371,0.0003792700529082291,0.5350626317146054,2.6981023788631107
2.0,15.583340149823371,0.0003707735832164349,0.48321420102502444,2.5489293356979887
0.0,17.31937078894795,1.7286994104743962,925730948.8515874,802.244819610918
0.02247191011235955,17.31937078894795,1.6061597647901829,878101002.90125,817.4329453547847
0.0449438202247191,17.31937078894795,1.4880906732727848,851207881.4367872,843.2154803734031
0.06741573033707865,17.31937078894795,1.3739387814121904,840886596.6349903,879.67915249198
0.0898876404494382,17.31937078894795,1.2645417424192282,846187239.1725608,927.8418380417056
0.11235955056179775,17.31937078894795,1.1602959107116504,866241037.9990404,988.7644536947155
0.1348314606741573,17.31937078894795,1.0614223435685555,900475149.5673132,1063.6485396726785
0.15730337078651685,17.31937078894795,0.9685697609034669,949857659.3990508,1154.3297037207797
0.1797752808988764,17.31937078894795,0.8814552388635533,1013881101.5587306,1262.2425765855783
0.20224719101123595,17.31937078894795,0.7999369678220307,1092382225.7941828,1389.0809657552538
0.2247191011235955,17.31937078894795,0.7244214030580325,1187634132.397309,1537.7258233433308
0.24719101123595505,17.31937078894795,0.6544750786448598,1299574861.7054546,1710.4494994019979
0.2696629213483146,17.31937078894795,0.5899880724911881,1429818704.1901839,1910.5900496989793
0.29213483146067415,17.31937078894795,0.5307888219034638,1580668853.752505,2142.3105738857676
0.3146067415730337,17.31937078894795,0.4765060334383375,1753574708.238074,2410.014888620005
0.33707865168539325,17.31937078894795,0.4272014391254677,1956364561.3582423,2721.936291416081
0.3595505617977528,17.31937078894795,0.3822019403840943,2189169095.975868,3083.641296360694
0.38202247191011235,17.31937078894795,0.3414172320586248,2461650694.141342,3506.569072086125
0.4044943820224719,17.31937078894795,0.3045259515286028,2782712417.699474,4003.4378550990086
0.42696629213483145,17.31937078894795,0.2700314430342007,3109048517.655247,4560.28489791509
0.449438202247191,17.31937078894795,0.23732372946836527,3384403750.9169188,5153.750279556749
0.47191011235955055,17.31937078894795,0.20720228546805303,3612559431.9305367,5790.9004711001235
0.4943820224719101,17.31937078894795,0.17994874359054222,3794270950.013316,6476.620452825406
0.5168539325842696,17.31937078894795,0.15561362629676415,3932214689.9946876,7216.76856327265
0.5393258426966292,17.31937078894795,0.1341317016722694,4034520899.817364,8021.648465846943
0.5617977528089888,17.31937078894795,0.11217546651770746,3554505516.6805015,8395.282183912721
0.5842696629213483,17.31937078894795,0.09204400024057029,2794897323.7992535,8387.592434538365
0.6067415730337078,17.31937078894795,0.0756874761166165,2179495291.261322,8345.096425425236
0.6292134831460674,17.31937078894795,0.062453183534158484,1697913531.5303984,8293.695313908129
0.651685393258427,17.31937078894795,0.051673118768000785,1315229315.9774487,8217.786754286773
0.6741573033707865,17.31937078894795,0.04289109394237059,1015292782.3783904,8125.808733387242
0.696629213483146,17.31937078894795,0.035747728696448364,785286022.5192996,8037.0995868793425
0.7191011235955056,17.31937078894795,0.029868189055610745,601037699.3691932,7908.887528273125
0.7415730337078652,17.31937078894795,0.025047979307653786,458382351.6028483,7765.995274322138
0.7640449438202247,17.31937078894795,0.02108590401094903,348132150.53809655,7607.017732823279
0.7865168539325842,17.31937078894795,0.017815589724213137,262422738.56274894,7421.531301073661
0.8089887640449438,17.31937078894795,0.015113928047364642,196597850.51267186,7215.303739293055
0.8314606741573034,17.31937078894795,0.01287545276584998,146144508.6043353,6984.56458735981
0.8539325842696629,17.31937078894795,0.011014935242631271,107556472.0765649,6724.206437990323
0.8764044943820224,17.31937078894795,0.009473598402858201,79168926.30023234,6467.95383045662
0.898876404494382,17.31937078894795,0.008179936861756559,57155696.94974744,6158.5335180241555
0.9213483146067416,17.31937078894795,0.007094020164395942,40522667.08852615,5806.246215220559
0.9438202247191011,17.31937078894795,0.006188706638369963,28761074.162805345,5469.351257686406
0.9662921348314606,17.31937078894795,0.005419344654364417,19716436.524995882,5057.590878623559
0.9887640449438202,17.31937078894795,0.004773172964280367,13448886.462969352,4656.643977604622
1.0112359550561798,17.31937078894795,0.004223129111189251,8904614.949876653,4215.517073582301
1.0337078651685392,17.31937078894795,0.003756273383353887,5794621.417242727,3773.7857747019975
1.0561797752808988,17.31937078894795,0.003354813960875706,3601484.792621906,3290.7041365826494
1.0786516853932584,17.31937078894795,0.003015630121119412,2264266.383956644,2877.1743824862956
1.101123595505618,17.31937078894795,0.002720986914946178,1346834.590358945,2435.3148251778866
1.1235955056179776,17.31937078894795,0.0024659335223313527,769803.8185456583,2009.7416941773643
1.146067415730337,17.31937078894795,0.0022474871404620485,443122.4693535892,1657.0050028098306
1.1685393258426966,17.31937078894795,0.002054966799609682,238330.8638061225,1310.1206037646919
1.1910112359550562,17.31937078894795,0.0018885405310047293,129157.38877934456,1034.041916805728
1.2134831460674156,17.31937078894795,0.0017414807971212094,66955.02865916672,791.3153822949027
1.2359550561797752,17.31937078894795,0.0016136297931241628,35634.623085049774,610.4288056432589
1.2584269662921348,17.31937078894795,0.0014986770526423583,17850.25995097158,451.70853305559535
1.2808988764044944,17.31937078894795,0.001397417846605903,9135.912333998467,335.7749104340304
1.303370786516854,17.31937078894795,0.0013088556696372708,4968.859330905534,256.648488441643
1.3258426966292134,17.31937078894795,0.0012284056587952934,2624.029551478833,191.34116300061794
1.348314606741573,17.31937078894795,0.0011569722074230402,1452.6945697302303,145.60199075527947
1.3707865168539326,17.31937078894795,0.001091371366540498,785.3435822156333,108.36042342845735
1.393258426966292,17.31937078894795,0.0010336857041824722,464.298327215822,84.55031480381626
1.4157303370786516,17.31937078894795,0.000980023080221163,267.7344293032001,64.47900526457421
1.4382022471910112,17.31937078894795,0.0009326257319429565,168.4378916536066,51.5826570184729
1.4606741573033708,17.31937078894795,0.0008886112034302997,105.74912738097638,40.938190216208824
1.4831460674157304,17.31937078894795,0.0008483907178606644,68.56773393166328,32.95842887410945
1.5056179775280898,17.31937078894795,0.0008115911718438544,45.95874713079373,26.95055887080503
1.5280898876404494,17.31937078894795,0.000777840710464575,31.790960070987264,22.37472929454483
1.550561797752809,17.31937078894795,0.0007461999148113852,22.119244565039015,18.54217732448689
1.5730337078651684,17.31937078894795,0.0007172244845706121,15.962090831972853,15.670065481343812
1.595505617977528,17.31937078894795,0.0006912069382146583,12.166731648093537,13.693440292506565
1.6179775280898876,17.31937078894795,0.0006652856097026425,8.84537427874153,11.514219948249242
1.6404494382022472,17.31937078894795,0.0006421808824951465,6.8345243745717115,10.066421414801697
1.6629213483146068,17.31937078894795,0.0006211918586358999,5.486878003562763,9.014501256688849
1.6853932584269662,17.31937078894795,0.0006010951114961263,4.392806728181174,8.025817796525478
1.7078651685393258,17.31937078894795,0.0005817615836118652,3.5043161889390344,7.098216209018033
1.7303370786516854,17.31937078894795,0.0005637468126302679,2.8506663271870427,6.347752372393042
1.7528089887640448,17.31937078894795,0.0005474891340855451,2.405920000222529,5.822060907351616
1.7752808988764044,17.31937078894795,0.0005316725598900823,2.016122990022956,5.293597753421071
1.797752808988764,17.31937078894795,0.0005162187058620447,1.677257795085915,4.769279531726125
1.8202247191011236,17.31937078894795,0.0005026153724413139,1.4589185302255512,4.442156942914581
1.8426966292134832,17.31937078894795,0.0004885482128708291,1.229665565021177,4.019840730823027
1.8651685393258426,17.31937078894795,0.0004763255974792836,1.0851880758423178,3.769838307435319
1.8876404494382022,17.31937078894795,0.0004643074056198782,0.9512255046408425,3.5069118321798745
1.9101123595505618,17.31937078894795,0.0004527349525670683,0.8356848895105631,3.2606886797531356
1.9325842696629212,17.31937078894795,0.0004417870762815111,0.7406833144591688,3.0479970679444177
1.9550561797752808,17.31937078894795,0.0004313531938287293,0.6604625276494397,2.858131316906995
1.9775280898876404,17.31937078894795,0.0004208936466665134,0.5833431152034259,2.65130242175386
2.0,17.31937078894795,0.0004119415456663435,0.5346739601802751,2.53843142085831
0.0,19.248800426682802,1.8291595468595936,895677631.5945987,766.0177383477444
0.02247191011235955,19.248800426682802,1.7027348919583458,840940258.4322546,776.0754793153062
0.0449438202247191,19.248800426682802,1.5790826852377577,805901518.7736487,795.8150024310141
0.06741573033707865,19.248800426682802,1.459997013676406,789288325.4291596,826.2336575788185
0.0898876404494382,19.248800426682802,1.3453676637098966,788261133.8600378,867.7711088918204
0.11235955056179775,19.248800426682802,1.2358387186278383,801953103.0252886,921.4675756026625
0.1348314606741573,19.248800426682802,1.1317609400104045,829778977.879479,988.4901976059809
0.15730337078651685,19.248800426682802,1.0337681886285264,872346599.8504322,1070.4983510050454
0.1797752808988764,19.248800426682802,0.9413132278486155,928418586.6836616,1168.5845640510872
0.20224719101123595,19.248800426682802,0.8551282232045642,999891159.3923228,1285.1347163896971
0.2247191011235955,19.248800426682802,0.7747367606471386,1086176966.7553844,1421.7944557831315
0.24719101123595505,19.248800426682802,0.7003466364344357,1189089912.9883034,1581.4127564990156
0.2696629213483146,19.248800426682802,0.6316693364442074,1309374569.5723143,1766.7688443575505
0.29213483146067415,19.248800426682802,0.5685615719105835,1449064480.0991442,1981.6463245922241
0.3146067415730337,19.248800426682802,0.5108190027709556,1611080884.9627683,2230.837592694942
0.33707865168539325,19.248800426682802,0.4580154146984062,1797295380.3999681,2519.3688172180437
0.3595505617977528,19.248800426682802,0.40986207608636716,2011326659.6420424,2853.950210729545
0.38202247191011235,19.248800426682802,0.36615174269034,2259804323.445016,3243.917348541384
0.4044943820224719,19.248800426682802,0.32667298197703737,2553085698.3795667,3702.0227583339574
0.42696629213483145,19.248800426682802,0.29073992851228875,2889024970.2261634,4236.045062904
0.449438202247191,19.248800426682802,0.25646794384352045,3188556342.7836266,4811.55085180692
0.47191011235955055,19.248800426682802,0.2245161295045446,3438975793.413411,5427.218734484886
0.4943820224719101,19.248800426682802,0.195392039865418,3641831746.7930894,6088.551274970426
0.5168539325842696,19.248800426682802,0.16931019361929986,3805406608.3083982,6805.395365590275
0.5393258426966292,19.248800426682802,0.146106932278118,3920997934.7316184,7575.975863153105
0.5617977528089888,19.248800426682802,0.12515591224663178,3909418744.4378266,8335.00557917622
0.5842696629213483,19.248800426682802,0.10256199283807393,3067628305.530927,8324.1528749689
0.6067415730337078,19.248800426682802,0.08430042751650557,2395888201.9229584,8290.17492394912
0.6292134831460674,19.248800426682802,0.06955667448423755,1872184803.436819,8251.892397458023
0.651685393258427,19.248800426682802,0.05755238292908499,1454801597.7096534,8189.161383340521
0.6741573033707865,19.248800426682802,0.047748075485471664,1122353810.7505302,8096.978062150597
0.696629213483146,19.248800426682802,0.03976813041583671,865723699.5602264,8000.349070111287
0.7191011235955056,19.248800426682802,0.03323101173156544,664328554.7505628,7882.568403731644
0.7415730337078652,19.248800426682802,0.027864037832681567,506897346.5046633,7742.583023879457
0.7640449438202247,19.248800426682802,0.02345658727142038,385551846.3827912,7589.745446865522
0.7865168539325842,19.248800426682802,0.01981197539151846,290142516.3114503,7399.609791002579
0.8089887640449438,19.248800426682802,0.016812895513633377,218280676.04692793,7208.159870473242
0.8314606741573034,19.248800426682802,0.014320538789369232,162199698.40143913,6976.808911272095
0.8539325842696629,19.248800426682802,0.01224800134096604,119152284.68681026,6711.287676431941
0.8764044943820224,19.248800426682802,0.010530989093408338,87460156.01018882,6447.259007937671
0.898876404494382,19.248800426682802,0.009090112126779949,62914815.92083625,6128.389572793479
0.9213483146067416,19.248800426682802,0.007887925994738598,44989195.25286663,5801.5627031592685
0.9438202247191011,19.248800426682802,0.006879224964306086,31805531.5750746,5454.6000076519385
0.9662921348314606,19.248800426682802,0.006025867093669242,21928997.439736873,5058.1936505198055
0.9887640449438202,19.248800426682802,0.005306453497960836,14922270.294303987,4651.768863102411
1.0112359550561798,19.248800426682802,0.004695368800425026,9904565.379345663,4216.371361230447
1.0337078651685392,19.248800426682802,0.004173979331554358,6369257.27847551,3751.90896151881
1.0561797752808988,19.248800426682802,0.003731162136353756,4045259.04416741,3308.0915259627714
1.0786516853932584,19.248800426682802,0.003350825910615904,2484130.918595508,2857.3959688259474
1.101123595505618,19.248800426682802,0.0030249104159631324,1498445.4703309285,2436.3003042732234
1.1235955056179776,19.248800426682802,0.0027423189077732295,866631.5176735165,2023.2776543524126
1.146067415730337,19.248800426682802,0.0024975358850997447,487051.9557851857,1646.902341731225
1.1685393258426966,19.248800426682802,0.0022851276961900683,268427.81754567666,1319.506728105221
1.1910112359550562,19.248800426682802,0.0020985970955241877,141778.76153520332,1026.866923947437
1.2134831460674156,19.248800426682802,0.001935170101923586,73480.28272138278,785.6557455675685
1.2359550561797752,19.248800426682802,0.0017929564401363137,38977.49987560094,604.8687612254081
1.2584269662921348,19.248800426682802,0.0016661167322150256,19973.903216192764,453.42608780004963
1.2808988764044944,19.248800426682802,0.00155389681821982,10326.762312174069,339.0596149478008
1.303370786516854,19.248800426682802,0.0014549010580107635,5533.852456169126,256.93787154431595
1.3258426966292134,19.248800426682802,0.001365259992953156,2903.8255738521307,190.83249505176914
1.348314606741573,19.248800426682802,0.001285344817028565,1581.0785597706918,143.7555204506661
1.3707865168539326,19.248800426682802,0.0012139928040343763,900.2307638708086,110.42609746262106
1.393258426966292,19.248800426682802,0.0011490925957396976,518.6697017570297,84.81290785753835
1.4157303370786516,19.248800426682802,0.0010903262034387786,308.4440731058335,65.95212295628947
1.4382022471910112,19.248800426682802,0.0010357535888705902,181.6999376544792,50.60284262606154
1.4606741573033708,19.248800426682802,0.0009876660872683097,117.47345970584779,40.92221738145035
1.4831460674157304,19.248800426682802,0.0009430092564495925,76.30762042195103,32.98473216172413
1.5056179775280898,19.248800426682802,0.0009027028257241306,52.23977361319049,27.356611033326605
1.5280898876404494,19.248800426682802,0.0008647165076447268,35.53867102932751,22.461543492436693
1.550561797752809,19.248800426682802,0.0008294296389868565,24.62541339968111,18.562631276958054
1.5730337078651684,19.248800426682802,0.0007980845887616953,18.306764555035706,16.01714295580212
1.595505617977528,19.248800426682802,0.000768212669096785,13.50336227730723,13.678942373559345
1.6179775280898876,19.248800426682802,0.0007407554020639155,10.276218848699534,11.88709776766608
1.6404494382022472,19.248800426682802,0.0007149286230127047,7.897764091510581,10.356908688992968
1.6629213483146068,19.248800426682802,0.0006899224476837366,5.997490781091932,8.903091084872655
1.6853932584269662,19.248800426682802,0.0006681554433842966,4.892456605724931,8.03799508993082
1.7078651685393258,19.248800426682802,0.0006464670774296685,3.8780068788643094,7.074397971514042
1.7303370786516854,19.248800426682802,0.0006267828977865944,3.188806089916364,6.379320180251802
1.7528089887640448,19.248800426682802,0.0006078839089884912,2.6224542008650245,5.733000616984454
1.7752808988764044,19.248800426682802,0.0005906939498331851,2.2246628764070735,5.262814289441391
1.797752808988764,19.248800426682802,0.0005741562038507363,1.8872234257733802,4.816956289978831
1.8202247191011236,19.248800426682802,0.0005582968282620399,1.6053233829979565,4.405390791743833
1.8426966292134832,19.248800426682802,0.0005433522854510858,1.3811145920628511,4.055105857416845
1.8651685393258426,19.248800426682802,0.000529135546639804,1.1965415070879646,3.744269464874249
1.8876404494382022,19.248800426682802,0.0005162187058620447,1.062340204158839,3.5213542694546986
1.9101123595505618,19.248800426682802,0.0005026153724413139,0.913930415195055,3.2149665129590543
1.9325842696629212,19.248800426682802,0.0004912723564901088,0.8290558827425459,3.0669568892694605
1.9550561797752808,19.248800426682802,0.0004785411933042413,0.7166061213995226,2.7971243067874334
1.9775280898876404,19.248800426682802,0.0004684058179055282,0.6590939159755889,2.691000329071148
2.0,19.248800426682802,0.0004573536310883206,0.58647383865467,2.5077952561616845
0.0,21.393174289143488,1.9352093073298804,869736619.7354524,732.3082957558348
0.02247191011235955,21.393174289143488,1.80419276066865,805866509.1415548,736.8836976416364
0.0449438202247191,21.393174289143488,1.6762691145973725,764215250.5816735,751.2664822517062
0.06741573033707865,21.393174289143488,1.5515289046975682,740345480.0653434,775.549415298342
0.0898876404494382,21.393174289143488,1.4315256146507755,733029828.6206372,810.687929503685
0.11235955056179775,21.393174289143488,1.3165136807108824,740455428.8558261,857.4151033448599
0.1348314606741573,21.393174289143488,1.2069510551744087,761880372.1072482,916.8184631295906
0.15730337078651685,21.393174289143488,1.103124584041075,796950384.8559636,990.1677357372465
0.1797752808988764,21.393174289143488,1.0056166948115142,846421572.5068178,1079.2224992057759
0.20224719101123595,21.393174289143488,0.9141493448937311,909980046.4456714,1185.4783997654533
0.2247191011235955,21.393174289143488,0.8290286858306383,988900625.7225533,1311.1977059411336
0.24719101123595505,21.393174289143488,0.7497319729177521,1082541152.6716719,1458.101587604098
0.2696629213483146,21.393174289143488,0.676610417300452,1193453212.9347427,1629.5151753513228
0.29213483146067415,21.393174289143488,0.6092826010871885,1322407828.315942,1828.4484045650863
0.3146067415730337,21.393174289143488,0.5475572159909136,1471618288.2023435,2059.056063046465
0.33707865168539325,21.393174289143488,0.4912458067444444,1644812397.5024939,2326.891407212114
0.3595505617977528,21.393174289143488,0.43975038767986147,1842446173.0062635,2636.7262975755953
0.38202247191011235,21.393174289143488,0.393014984763957,2071910554.1488454,2997.7342197729276
0.4044943820224719,21.393174289143488,0.35069986371581946,2339905623.7701225,3420.117320583599
0.42696629213483145,21.393174289143488,0.31249129259299446,2655962961.697977,3917.1923465539253
0.449438202247191,21.393174289143488,0.27684975350572616,2978917892.36408,4475.666311377573
0.47191011235955055,21.393174289143488,0.24311135392177172,3252179644.780264,5071.267407462367
0.4943820224719101,21.393174289143488,0.212094754812355,3478610116.412574,5710.699015771052
0.5168539325842696,21.393174289143488,0.18408609881319365,3659067569.961164,6398.9721586945
0.5393258426966292,21.393174289143488,0.1591221804451757,3796064210.026294,7141.917405961023
0.5617977528089888,21.393174289143488,0.13710395337958944,3895098601.037201,7947.8823432430945
0.5842696629213483,21.393174289143488,0.11439599646997374,3373186929.670927,8264.663082565672
0.6067415730337078,21.393174289143488,0.09400711185011136,2644010950.369214,8246.632857037204
0.6292134831460674,21.393174289143488,0.07748494950434559,2061611724.156601,8203.92432673174
0.651685393258427,21.393174289143488,0.06409621553089231,1604775799.6261196,8149.649363749432
0.6741573033707865,21.393174289143488,0.05315973989068826,1238925112.295019,8062.050246329585
0.696629213483146,21.393174289143488,0.04426246582031332,956037307.6127286,7968.638948384292
0.7191011235955056,21.393174289143488,0.03698559149667002,735067916.9126781,7859.131632948784
0.7415730337078652,21.393174289143488,0.030984136976315663,557911501.8593985,7702.45940877376
0.7640449438202247,21.393174289143488,0.026091175366570928,426054727.328579,7564.456324926132
0.7865168539325842,21.393174289143488,0.022028840237705488,319967665.7016207,7368.692677195111
0.8089887640449438,21.393174289143488,0.018695692679981064,241171128.356002,7184.523578863616
0.8314606741573034,21.393174289143488,0.015925683047546935,179572445.24064517,6960.720807570057
0.8539325842696629,21.393174289143488,0.013621446293561894,132123952.15783133,6701.043374841597
0.8764044943820224,21.393174289143488,0.011713369728333561,97237553.75710306,6445.665212797755
0.898876404494382,21.393174289143488,0.010104852872482702,69493563.20039086,6108.18141266519
0.9213483146067416,21.393174289143488,0.008774019295524354,50181065.09347603,5809.676259260514
0.9438202247191011,21.393174289143488,0.00764480294105324,34998207.628320836,5426.621596253433
0.9662921348314606,21.393174289143488,0.006699786077948632,24339173.004255503,5053.488412075135
0.9887640449438202,21.393174289143488,0.005898132097269989,16480911.524471445,4636.146581899795
1.0112359550561798,21.393174289143488,0.0052150016968760815,10773245.00280342,4169.99965988282
1.0337078651685392,21.393174289143488,0.004639772004765499,7051913.704072841,3743.8839143499713
1.0561797752808988,21.393174289143488,0.004148767445229783,4514021.618685942,3314.3100489694043
1.0786516853932584,21.393174289143488,0.003725938693758041,2776695.0163345146,2865.403547901706
1.101123595505618,21.393174289143488,0.003360981412141076,1639689.6555989878,2416.044177981687
1.1235955056179776,21.393174289143488,0.0030478295945496497,956136.1610082899,2015.0739679132682
1.146067415730337,21.393174289143488,0.0027752163223000387,533710.376552159,1634.1541783574419
1.1685393258426966,21.393174289143488,0.002540368203708624,299079.07705686253,1321.1314161654484
1.1910112359550562,21.393174289143488,0.0023339289612300295,160525.05701509916,1037.3219126337806
1.2134831460674156,21.393174289143488,0.0021522578775334403,83434.52770021885,795.0352866313276
1.2359550561797752,21.393174289143488,0.0019938964516902965,44133.681651228406,611.2137493085479
1.2584269662921348,21.393174289143488,0.001851957662838639,22180.54173112038,453.15812509878964
1.2808988764044944,21.393174289143488,0.0017278977397064104,11666.562051798437,342.2656341314988
1.303370786516854,21.393174289143488,0.0016176241059713701,6222.512660505242,258.68373063427276
1.3258426966292134,21.393174289143488,0.0015176741242669417,3240.04608833714,191.26233784267413
1.348314606741573,21.393174289143488,0.0014287467482433217,1759.8844347571055,143.87362592573356
1.3707865168539326,21.393174289143488,0.001348920493139138,986.8844437553653,109.48965285128749
1.393258426966292,21.393174289143488,0.0012769133479287524,570.8322410282336,84.28968329905074
1.4157303370786516,21.393174289143488,0.0012119411750590036,343.19534913374304,65.9934503631424
1.4382022471910112,21.393174289143488,0.0011518558419013978,205.88347344588794,51.22836948381377
1.4606741573033708,21.393174289143488,0.001097496227449524,129.36217187426,40.67439018707537
1.4831460674157304,21.393174289143488,0.0010484116692939466,85.52519874719992,33.16529998996147
1.5056179775280898,21.393174289143488,0.00100300150025,57.43182286981375,27.156214957335056
1.5280898876404494,21.393174289143488,0.0009608833679231705,39.20619064375101,22.347008239221175
1.550561797752809,21.393174289143488,0.0009223468344642709,27.75844697271884,18.742763738442427
1.5730337078651684,21.393174289143488,0.0008867240077415562,20.13929385155808,15.901766344891351
1.595505617977528,21.393174289143488,0.0008541734348481991,15.159506648081644,13.77594333047557
1.6179775280898876,21.393174289143488,0.0008232534898092977,11.395115991320719,11.866706255740207
1.6404494382022472,21.393174289143488,0.0007942184077895532,8.671934715861704,10.264696266374449
1.6629213483146068,21.393174289143488,0.0007673076694484453,6.761422969088486,8.997276455515998
1.6853932584269662,21.393174289143488,0.0007428247297331253,5.468807827467535,8.072265949337723
1.7078651685393258,21.393174289143488,0.0007183724153495658,4.291521676200948,7.050574072195739
1.7303370786516854,21.393174289143488,0.0006967649230804658,3.556382046978424,6.396077533208366
1.7528089887640448,21.393174289143488,0.0006764965891716572,2.985953283084622,5.843027808320959
1.7752808988764044,21.393174289143488,0.0006562024125566536,2.4502629680998855,5.2244734430575965
1.797752808988764,21.393174289143488,0.00063842372191773,2.1134498461693876,4.846405044608419
1.8202247191011236,21.393174289143488,0.0006199203392106619,1.7557739341044767,4.347187663226502
1.8426966292134832,21.393174289143488,0.0006038894995992545,1.534217326321782,4.0531229748256505
1.8651685393258426,21.393174289143488,0.0005883102929624829,1.3369584559256027,3.7609804504566813
1.8876404494382022,21.393174289143488,0.0005732980722268454,1.1669865767982839,3.4859021362373412
1.9101123595505618,21.393174289143488,0.0005595136490949362,1.038832995657898,3.2783439945585817
1.9325842696629212,21.393174289143488,0.0005448960235746083,0.8958633496518884,2.9914673509251757
1.9550561797752808,21.393174289143488,0.0005332046153681124,0.823052001877688,2.8804230235342376
1.9775280898876404,21.393174289143488,0.0005207641248265555,0.7353825424179845,2.7003404672823854
2.0,21.393174289143488,0.0005089000429682534,0.6609479427074387,2.5398711166679533
0.0,23.776437804989044,2.0471275206711668,849371305.341124,701.4137268410286
0.02247191011235955,23.776437804989044,1.9115762787023263,774895498.0516784,700.3784798816027
0.0449438202247191,23.776437804989044,1.7786749635474508,724932778.9826406,709.1183185523591
0.06741573033707865,23.776437804989044,1.6484931897047088,693960574.9580834,727.5207538346825
0.0898876404494382,23.776437804989044,1.5233772717923937,680730680.3902138,756.5878158173933
0.11235955056179775,23.776437804989044,1.4027006277017013,681967128.0421052,796.5887288224322
0.1348314606741573,23.776437804989044,1.2874066334937952,697087125.6969715,848.6367025704308
0.15730337078651685,23.776437804989044,1.1779092022811912,725651497.8377378,913.9376073568528
0.1797752808988764,23.776437804989044,1.0744027836051613,767468501.6578817,993.8526114894655
0.20224719101123595,23.776437804989044,0.9778888598897792,824343263.4793228,1090.5977023142232
0.2247191011235955,23.776437804989044,0.8871542620317595,894473085.040539,1205.1770673061772
0.24719101123595505,23.776437804989044,0.8027992835545821,979552805.6463128,1340.092523191555
0.2696629213483146,23.776437804989044,0.7250381232179697,1081678765.2470996,1498.3423003077146
0.29213483146067415,23.776437804989044,0.6532205778020475,1200548782.0906384,1682.2679114852917
0.3146067415730337,23.776437804989044,0.5873100018615065,1338481789.7370415,1895.7881449204192
0.33707865168539325,23.776437804989044,0.5270586895074183,1498060117.6470106,2143.57471399793
0.3595505617977528,23.776437804989044,0.4720840288307432,1681806398.0520787,2431.016623259436
0.38202247191011235,23.776437804989044,0.42200359465431986,1892654521.806156,2764.584474723703
0.4044943820224719,23.776437804989044,0.3765866811744596,2136798650.2692654,3153.544853616632
0.42696629213483145,23.776437804989044,0.33565941857248166,2425612977.4374595,3611.463018509735
0.449438202247191,23.776437804989044,0.29843857760781717,2755906409.778763,4145.666150732925
0.47191011235955055,23.776437804989044,0.26303363849720923,3052487670.8488383,4722.720499139397
0.4943820224719101,23.776437804989044,0.23008684082628114,3301068949.053557,5340.3623529912575
0.5168539325842696,23.776437804989044,0.20010343496932198,3501914824.0977945,6003.39244058475
0.5393258426966292,23.776437804989044,0.17327618177173815,3660908364.2907963,6720.026481178385
0.5617977528089888,23.776437804989044,0.14946876448744179,3773270060.7607636,7490.80494668236
0.5842696629213483,23.776437804989044,0.12759197541196088,3693128507.9057555,8187.849252886557
0.6067415730337078,23.776437804989044,0.10476421889948268,2896888255.898537,8176.332654382975
0.6292134831460674,23.776437804989044,0.0863190359119592,2263723982.619576,8144.40831352857
0.651685393258427,23.776437804989044,0.07137862408795649,1764732576.7549343,8097.994382435385
0.6741573033707865,23.776437804989044,0.05919509099138115,1366071071.389577,8022.016442308405
0.696629213483146,23.776437804989044,0.04926063057878965,1053009735.709087,7926.900218123216
0.7191011235955056,23.776437804989044,0.041162666196195866,811601352.3227015,7827.460445121592
0.7415730337078652,23.776437804989044,0.03449284706856566,618672672.0048087,7687.09567064521
0.7640449438202247,23.776437804989044,0.029026937605771675,470836646.34521705,7538.732877142634
0.7865168539325842,23.776437804989044,0.02451702595424832,355442453.84137464,7361.5058072156
0.8089887640449438,23.776437804989044,0.020792761398751407,266552694.5654762,7161.581337762148
0.8314606741573034,23.776437804989044,0.017704995773544313,197891917.61349943,6929.5260228713405
0.8539325842696629,23.776437804989044,0.015154435245668904,146951039.7411583,6699.872525060079
0.8764044943820224,23.776437804989044,0.013023760950301907,107510188.18207301,6426.975591340425
0.898876404494382,23.776437804989044,0.011237668384076699,77120750.9875188,6101.368837775933
0.9213483146067416,23.776437804989044,0.009750416201364586,55153685.71212724,5776.52395416758
0.9438202247191011,23.776437804989044,0.008500538029419313,38832558.55398664,5420.447720935501
0.9662921348314606,23.776437804989044,0.007443475012286783,26640329.35323205,5014.162666441377
0.9887640449438202,23.776437804989044,0.006555611812734404,18177076.87639986,4617.259038954908
1.0112359550561798,23.776437804989044,0.005800919132434211,12082027.776516214,4187.930331478863
1.0337078651685392,23.776437804989044,0.005157845213210012,7811319.521792395,3736.6611103448395
1.0561797752808988,23.776437804989044,0.004608422349136273,4906873.362942046,3276.0306629621336
1.0786516853932584,23.776437804989044,0.004140993008482481,3059580.8724765005,2852.0405094623334
1.101123595505618,23.776437804989044,0.0037360573919765637,1816571.8776250714,2411.5639029127233
1.1235955056179776,23.776437804989044,0.003388617267769775,1066432.6092381335,2018.5463730170711
1.146067415730337,23.776437804989044,0.0030857607392396386,597455.9800194219,1640.2533933474986
1.1685393258426966,23.776437804989044,0.0028235104639343345,330348.1717217662,1316.479330682818
1.1910112359550562,23.776437804989044,0.0025941779001231206,177669.0216875014,1034.7963224422247
1.2134831460674156,23.776437804989044,0.002390989605447821,90448.71872333736,783.9239624233257
1.2359550561797752,23.776437804989044,0.0022155010320737845,48223.910172020085,605.2762710305334
1.2584269662921348,23.776437804989044,0.0020589431950674354,24825.787062512918,454.93796910028976
1.2808988764044944,23.776437804989044,0.0019200989633092716,12799.762897289747,339.66170741515987
1.303370786516854,23.776437804989044,0.001797147969862968,6762.843131554241,255.26849034785917
1.3258426966292134,23.776437804989044,0.0016876113734940008,3659.668215736093,193.09595810417358
1.348314606741573,23.776437804989044,0.0015887712597320565,1990.183343843216,145.3775055178067
1.3707865168539326,23.776437804989044,0.0014986770526423583,1076.558451693263,108.23201364799013
1.393258426966292,23.776437804989044,0.001418756232718334,624.5953624250104,83.46600254981885
1.4157303370786516,23.776437804989044,0.0013468079367285708,378.3525046780909,65.65047850637312
1.4382022471910112,23.776437804989044,0.0012802930659656722,228.76248166934718,51.21514589641312
1.4606741573033708,23.776437804989044,0.0012199509398817508,144.08748454514767,40.72811182610558
1.4831460674157304,23.776437804989044,0.0011647919693918425,93.65367616040974,32.83964972520273
1.5056179775280898,23.776437804989044,0.0011144879365326545,63.2044007312298,26.97544585445378
1.5280898876404494,23.776437804989044,0.0010687134426079525,44.44907305652788,22.648559764850745
1.550561797752809,23.776437804989044,0.0010258197438493288,31.415807180047334,18.97682070681788
1.5730337078651684,23.776437804989044,0.000984958417415895,21.99858622178425,15.708925531003858
1.595505617977528,23.776437804989044,0.0009484436409400494,16.40862262701615,13.518500880717427
1.6179775280898876,23.776437804989044,0.0009142400857574851,12.394232418620716,11.68252909566356
1.6404494382022472,23.776437804989044,0.0008821627437837076,9.48572632279201,10.144851259087623
1.6629213483146068,23.776437804989044,0.0008529707776462614,7.5407659290158815,9.01969590040931
1.6853932584269662,23.776437804989044,0.0008249719495779641,5.97382065958976,7.966914254784818
1.7078651685393258,23.776437804989044,0.0007991203457665707,4.85358769510022,7.144832948981749
1.7303370786516854,23.776437804989044,0.000774814505425247,3.9918875119271404,6.444932474845959
1.7528089887640448,23.776437804989044,0.000751113155030744,3.253136084799518,5.751378275059366
1.7752808988764044,23.776437804989044,0.0007299700487866554,2.7661625360022004,5.289890967979681
1.797752808988764,23.776437804989044,0.0007090486218270207,2.318279761900264,4.794586018151453
1.8202247191011236,23.776437804989044,0.0006899224476837366,1.9946483484482853,4.426150440619805
1.8426966292134832,23.776437804989044,0.0006710592703195579,1.6996224172158167,4.041820427617185
1.8651685393258426,23.776437804989044,0.0006533572705124471,1.4678367599594404,3.721850266073418
1.8876404494382022,23.776437804989044,0.0006373075232249945,1.3004678758396784,3.4936418862822984
1.9101123595505618,23.776437804989044,0.0006211918586358999,1.1367472860815355,3.233916005551825
1.9325842696629212,23.776437804989044,0.0006068870654775939,1.024378992139492,3.067303711927782
1.9550561797752808,23.776437804989044,0.0005920994162952294,0.9040028825347867,2.8498776141120277
1.9775280898876404,23.776437804989044,0.0005790947658644127,0.8226540226332948,2.7161448195761637
2.0,23.776437804989044,0.0005659404460756164,0.7398386710562573,2.5563632476471336
0.0,26.425203995154543,2.1648809697251647,836565701.1465123,673.7320936608294
0.02247191011235955,26.425203995154543,2.0252170017535933,749403564.8333322,666.8717515027372
0.0449438202247191,26.425203995154543,1.887362992511789,689843637.6124326,669.8559740793887
0.06741573033707865,26.425203995154543,1.7526125774880275,652098425.8753805,682.7070181602098
0.0898876404494382,26.425203995154543,1.621093790096739,631488920.2314662,705.4430184064951
0.11235955056179775,26.425203995154543,1.4948017671012082,626748555.4665112,738.997155867262
0.1348314606741573,26.425203995154543,1.3735493987942238,635667561.7254516,783.9474228901532
0.15730337078651685,26.425203995154543,1.258078229313073,657799820.2019333,841.463161652163
0.1797752808988764,26.425203995154543,1.1487419035850472,692966296.7544789,912.8695919730467
0.20224719101123595,26.425203995154543,1.046117803749072,741885452.9247934,999.914121040036
0.2247191011235955,26.425203995154543,0.9498571469834619,804357977.0887287,1104.132821744335
0.24719101123595505,26.425203995154543,0.860371925256635,881757293.6900048,1227.825515244052
0.2696629213483146,26.425203995154543,0.7772872430008337,974247400.1012212,1373.0412700418706
0.29213483146067415,26.425203995154543,0.7006877845118245,1083498138.3481624,1542.7534648131286
0.3146067415730337,26.425203995154543,0.6302528006165875,1210557705.0349886,1740.0872050093494
0.33707865168539325,26.425203995154543,0.5657720720627941,1357554510.5622194,1969.182810445374
0.3595505617977528,26.425203995154543,0.5069961328125233,1527692971.6918826,2235.394439119584
0.38202247191011235,26.425203995154543,0.4533829641577131,1722429982.1036243,2544.02765305847
0.4044943820224719,26.425203995154543,0.4047670790560743,1947937214.7335892,2903.8020272868443
0.42696629213483145,26.425203995154543,0.3608559566000464,2212100215.100729,3325.748080805056
0.449438202247191,26.425203995154543,0.321164558785515,2520855043.582156,3821.471645946465
0.47191011235955055,26.425203995154543,0.2842885969451039,2839603100.1380024,4380.781889267267
0.4943820224719101,26.425203995154543,0.24944607960994233,3110439564.536415,4977.863033010779
0.5168539325842696,26.425203995154543,0.21746331923171786,3334515055.779477,5618.547277653112
0.5393258426966292,26.425203995154543,0.18866230487319804,3515112458.627186,6309.5687882581815
0.5617977528089888,26.425203995154543,0.1630402113253416,3653374104.8880887,7056.146378414277
0.5842696629213483,26.425203995154543,0.14043447389436906,3748427474.9701796,7861.554195699524
0.6067415730337078,26.425203995154543,0.11685434921404883,3176857377.071912,8106.75689878751
0.6292134831460674,26.425203995154543,0.09622585270274467,2487238487.3940325,8085.112444211162
0.651685393258427,26.425203995154543,0.07952277788117153,1940172663.939738,8043.927869325335
0.6741573033707865,26.425203995154543,0.06592397693306049,1503621085.6973295,7974.595062598559
0.696629213483146,26.425203995154543,0.054840109702172485,1159696598.480299,7883.70960329665
0.7191011235955056,26.425203995154543,0.04580716717670724,893632694.054428,7785.421483031687
0.7415730337078652,26.425203995154543,0.03838965518858551,683457400.8602641,7658.015274867481
0.7640449438202247,26.425203995154543,0.03228535339107667,518399829.1751687,7499.904881902664
0.7865168539325842,26.425203995154543,0.02727556525007757,392829875.274045,7336.674114994642
0.8089887640449438,26.425203995154543,0.023133665330992034,295257233.34614825,7145.350694856773
0.8314606741573034,26.425203995154543,0.01969998029105117,219762742.80899373,6922.463794721496
0.8539325842696629,26.425203995154543,0.016851685609125148,162330224.9538323,6677.051502625379
0.8764044943820224,26.425203995154543,0.014478141102812706,118465355.27552575,6397.779608458881
0.898876404494382,26.425203995154543,0.012504427513747685,86123294.76197824,6112.475662681745
0.9213483146067416,26.425203995154543,0.010841113132931863,61013049.766637474,5761.240109700449
0.9438202247191011,26.425203995154543,0.009451396830801843,42993762.78471972,5408.378905085691
0.9662921348314606,26.425203995154543,0.008277918404970058,29633704.04043843,5014.617924368559
0.9887640449438202,26.425203995154543,0.007287586070337014,20090680.36008431,4603.192642253739
1.0112359550561798,26.425203995154543,0.006450886234345192,13459091.26623298,4191.640070709484
1.0337078651685392,26.425203995154543,0.005732520502863435,8601570.363838723,3718.177584382131
1.0561797752808988,26.425203995154543,0.005125348205140981,5495694.749138912,3288.2678790119326
1.0786516853932584,26.425203995154543,0.004600976231765419,3342278.471485109,2825.9405095998877
1.101123595505618,26.425203995154543,0.00415329656111563,2015028.8231273629,2408.612530867445
1.1235955056179776,26.425203995154543,0.003765793066909104,1171168.034904345,2005.363020691837
1.146067415730337,26.425203995154543,0.003429667560773896,658995.7918014716,1633.2645074820962
1.1685393258426966,26.425203995154543,0.003137545495540759,361749.012473887,1305.6510073949314
1.1910112359550562,26.425203995154543,0.002881800090394691,192195.5671607726,1019.2867815899115
1.2134831460674156,26.425203995154543,0.0026579389225494148,100581.95204683038,784.0538562369952
1.2359550561797752,26.425203995154543,0.0024617763996895715,52690.546622731265,599.3705964023535
1.2584269662921348,26.425203995154543,0.0022871396495138564,26794.65609022097,447.28566715426064
1.2808988764044944,26.425203995154543,0.0021336476014766834,14024.562278588524,336.8151204039067
1.303370786516854,26.425203995154543,0.00199800897640341,7571.638916160853,256.34265791419205
1.3258426966292134,26.425203995154543,0.0018751625994024804,4000.938956922296,191.1823439135386
1.348314606741573,26.425203995154543,0.0017663438114875723,2229.552369712232,146.06132934725775
1.3707865168539326,26.425203995154543,0.0016674497905811332,1243.9763242505992,110.83548214113347
1.393258426966292,26.425203995154543,0.0015771831994253595,697.3047197048124,83.69024272808423
1.4157303370786516,26.425203995154543,0.0014968558710534137,418.76639728535395,65.47199688512984
1.4382022471910112,26.425203995154543,0.0014235973396427072,257.6516588373372,51.64742013952665
1.4606741573033708,26.425203995154543,0.0013564309799304244,161.92983108556857,41.01886062367852
1.4831460674157304,26.425203995154543,0.0012945060815527456,103.62212492167465,32.73947245833214
1.5056179775280898,26.425203995154543,0.0012388227327973264,70.35593709725909,27.0009659425481
1.5280898876404494,26.425203995154543,0.0011879911185383155,49.544973238305786,22.691051922327368
1.550561797752809,26.425203995154543,0.0011395543435407849,34.34976853775906,18.76250817467386
1.5730337078651684,26.425203995154543,0.001095400303296152,24.835277248986433,15.880347920678446
1.595505617977528,26.425203995154543,0.0010541384835639662,18.215408142594672,13.506004694040355
1.6179775280898876,26.425203995154543,0.0010170681702978874,14.084868004386852,11.870207764595433
1.6404494382022472,26.425203995154543,0.000980023080221163,10.419899471032522,10.057422033665604
1.6629213483146068,26.425203995154543,0.0009484436409400494,8.458685854254034,9.081000539807643
1.6853932584269662,26.425203995154543,0.0009162438827565939,6.531815084463813,7.868644721451306
1.7078651685393258,26.425203995154543,0.0008886112034302997,5.446468719162971,7.197014316203831
1.7303370786516854,26.425203995154543,0.0008603746937320861,4.3546229515912644,6.351548075656019
1.7528089887640448,26.425203995154543,0.000835201541225369,3.645462789512196,5.788349653447545
1.7752808988764044,26.425203995154543,0.0008106858289293898,3.0297600119845765,5.2278898409174355
1.797752808988764,26.425203995154543,0.0007886115261078052,2.6069722947601885,4.840104617544114
1.8202247191011236,26.425203995154543,0.0007664026698001055,2.196669438283944,4.392467774556577
1.8426966292134832,26.425203995154543,0.0007461999148113852,1.9029952381643602,4.066532804544053
1.8651685393258426,26.425203995154543,0.0007266945053852582,1.6492075293584778,3.7560098308225824
1.8876404494382022,26.425203995154543,0.0007080058836860566,1.4353433769079116,3.4725151622120993
1.9101123595505618,26.425203995154543,0.0006912069382146583,1.2838869247773104,3.2793291526893364
1.9325842696629212,26.425203995154543,0.0006736112015570069,1.1175461976562833,3.0170851077985112
1.9550561797752808,26.425203995154543,0.0006586879585343232,1.0168820541198988,2.8805099697097836
1.9775280898876404,26.425203995154543,0.000643501363437487,0.9118805230819528,2.709368394424301
2.0,26.425203995154543,0.0006287663032956357,0.8182871394457032,2.544778573195273
0.0,29.36905065059864,2.185321796878856,707079196.9437767,614.9714561640892
0.02247191011235955,29.36905065059864,2.145062314869053,731215906.304768,636.7774018198841
0.0449438202247191,29.36905065059864,2.002724048275907,660235284.0346743,633.8055139255954
0.06741573033707865,29.36905065059864,1.8625674825821033,613698092.3414246,640.7220848735177
0.0898876404494382,29.36905065059864,1.7260167861183267,586639023.2754319,657.6337936658332
0.11235955056179775,29.36905065059864,1.5932474327449277,575136791.3846786,684.6916548567015
0.1348314606741573,29.36905065059864,1.465825620144003,577909805.1108757,722.776375620089
0.15730337078651685,29.36905065059864,1.3441019942364434,593728803.29161,772.7761009469162
0.1797752808988764,29.36905065059864,1.2285615581016163,622261159.4560137,835.9232765745722
0.20224719101123595,29.36905065059864,1.1194720406138223,663535916.6609589,913.6586299782995
0.2247191011235955,29.36905065059864,1.0175752410343946,718758690.2805532,1007.9759797085568
0.24719101123595505,29.36905065059864,0.9221896813011587,787549903.854366,1120.4228593880052
0.2696629213483146,29.36905065059864,0.8338481290933368,871706239.3346056,1253.5805881899394
0.29213483146067415,29.36905065059864,0.7519532138060248,971074056.6098458,1409.4956474765186
0.3146067415730337,29.36905065059864,0.6767126512785566,1087910321.8916295,1591.5890966813874
0.33707865168539325,29.36905065059864,0.6077136653760682,1223326040.776471,1803.2660444987941
0.3595505617977528,29.36905065059864,0.5446923469026935,1379613697.014958,2049.0754961913785
0.38202247191011235,29.36905065059864,0.48738399366823687,1560459647.1044226,2335.042862560498
0.4044943820224719,29.36905065059864,0.43521445378280743,1767517033.6461325,2667.074077001088
0.42696629213483145,29.36905065059864,0.38807754146299556,2009108913.2571979,3055.763486764832
0.449438202247191,29.36905065059864,0.3454404777311494,2289768949.780414,3511.171786809733
0.47191011235955055,29.36905065059864,0.3068401184910249,2613720586.910749,4044.815515833953
0.4943820224719101,29.36905065059864,0.27021400732244927,2906576936.986052,4622.536016292281
0.5168539325842696,29.36905065059864,0.23620002914819843,3153021748.7856174,5241.385111735656
0.5393258426966292,29.36905065059864,0.20532441589277933,3354059430.076477,5906.864788148145
0.5617977528089888,29.36905065059864,0.17770725625469966,3510104525.2151046,6623.544921271467
0.5842696629213483,29.36905065059864,0.15328123630726326,3624169284.119345,7397.589577720355
0.6067415730337078,29.36905065059864,0.13034834553362842,3468830800.9366345,8020.019981018874
0.6292134831460674,29.36905065059864,0.10728160682043072,2723793423.72425,8012.437426561782
0.651685393258427,29.36905065059864,0.08863086410084661,2131050119.2635949,7984.840495387664
0.6741573033707865,29.36905065059864,0.07343149540300348,1652193741.152014,7919.861137377461
0.696629213483146,29.36905065059864,0.06110289485584766,1281445061.2467172,7850.5245537304245
0.7191011235955056,29.36905065059864,0.050984054948787105,982889550.2085532,7738.711343837486
0.7415730337078652,29.36905065059864,0.04273080029740005,754026304.4998782,7623.546021513599
0.7640449438202247,29.36905065059864,0.03593291939400754,572855642.9264544,7472.5724981392805
0.7865168539325842,29.36905065059864,0.030352098635571305,434387355.135477,7312.993951922582
0.8089887640449438,29.36905065059864,0.02573125560819712,325679511.6993166,7114.880329177074
0.8314606741573034,29.36905065059864,0.02191474861130976,243099984.96790937,6902.4624065178605
0.8539325842696629,29.36905065059864,0.018739181788294302,179085716.1862092,6649.836222586951
0.8764044943820224,29.36905065059864,0.01610814425815666,131682983.157676,6394.587078674722
0.898876404494382,29.36905065059864,0.01389686087753404,94492432.42619565,6072.045588005392
0.9213483146067416,29.36905065059864,0.012058736286594495,67812804.9333867,5758.723570948062
0.9438202247191011,29.36905065059864,0.010508361760909255,47526852.49113677,5392.030148443767
0.9662921348314606,29.36905065059864,0.009206426986087502,32957878.226852253,5014.46778486057
0.9887640449438202,29.36905065059864,0.00810198203829207,22217009.319945477,4590.169117929865
1.0112359550561798,29.36905065059864,0.007168497548565692,14753847.14286879,4161.433337230443
1.0337078651685392,29.36905065059864,0.006374671453465237,9578583.643961953,3720.8346818763343
1.0561797752808988,29.36905065059864,0.005696104859843868,6038172.466687286,3268.0435145654947
1.0786516853932584,29.36905065059864,0.005116022746830063,3724909.240961071,2829.3269012914816
1.101123595505618,29.36905065059864,0.004616302218114398,2221024.058369101,2397.583077466427
1.1235955056179776,29.36905065059864,0.0041862554677023975,1297729.8745708107,2001.7287109145598
1.146067415730337,29.36905065059864,0.0038117709245810093,725287.6754505797,1624.3572984521709
1.1685393258426966,29.36905065059864,0.0034868587745619114,397210.83451515395,1296.806930546146
1.1910112359550562,29.36905065059864,0.0032045735223559264,216027.07931408213,1025.4729533610648
1.2134831460674156,29.36905065059864,0.002955718646717092,113315.99440451196,789.9048300056155
1.2359550561797752,29.36905065059864,0.002738133836348881,59931.99502650025,607.190319765126
1.2584269662921348,29.36905065059864,0.0025436713543042053,30396.837361033417,452.5150423960376
1.2808988764044944,29.36905065059864,0.0023729954203121355,15931.814292561869,341.0794564846349
1.303370786516854,29.36905065059864,0.0022205650692158074,8348.438175480314,255.10665495431618
1.3258426966292134,29.36905065059864,0.0020845591296855923,4461.093351796006,191.52636510124896
1.348314606741573,29.36905065059864,0.0019632750700647253,2470.3228988674377,145.77008746592807
1.3707865168539326,29.36905065059864,0.001851957662838639,1337.3953020775145,108.58493955435135
1.393258426966292,29.36905065059864,0.0017539530711615152,789.5148154566862,84.65237243580843
1.4157303370786516,29.36905065059864,0.001663844813894361,465.64374270388697,65.48386537197635
1.4382022471910112,29.36905065059864,0.0015810398402783259,277.66915348408605,50.63288124770928
1.4606741573033708,29.36905065059864,0.0015066410956434228,175.5703001381919,40.360093839116864
1.4831460674157304,29.36905065059864,0.0014393330837708831,116.38741866530472,32.963988569361725
1.5056179775280898,29.36905065059864,0.001377767127806025,79.63986501399775,27.330680386809995
1.5280898876404494,29.36905065059864,0.001320094783617304,54.59130869436986,22.555968032650647
1.550561797752809,29.36905065059864,0.001266804224823567,38.33346949438073,18.81351344520861
1.5730337078651684,29.36905065059864,0.0012171524552262538,27.360675074633242,15.781359972001372
1.595505617977528,29.36905065059864,0.00117179387271892,20.2987137807423,13.530098571191106
1.6179775280898876,29.36905065059864,0.0011297498726077963,15.406914029323675,11.733580879043783
1.6404494382022472,29.36905065059864,0.0010903262034387786,11.845062936830137,10.223807070600346
1.6629213483146068,29.36905065059864,0.0010541384835639662,9.391758428711904,9.073376305614556
1.6853932584269662,29.36905065059864,0.001019085742735228,7.367125247340602,7.955643904492248
1.7078651685393258,29.36905065059864,0.0009876660872683097,6.052076813681963,7.195200259408219
1.7303370786516854,29.36905065059864,0.0009567962021353878,4.890902212138923,6.40300416015799
1.7528089887640448,29.36905065059864,0.0009270059366682654,3.946002930836336,5.668406878779741
1.7752808988764044,29.36905065059864,0.0009015948428618356,3.4040936520895246,5.273054940508659
1.797752808988764,29.36905065059864,0.0008757202576931415,2.851719005227905,4.777487262246859
1.8202247191011236,29.36905065059864,0.0008517681204443236,2.438340272605073,4.387490023449593
1.8426966292134832,29.36905065059864,0.0008294296389868565,2.117209142430884,4.069668513474328
1.8651685393258426,29.36905065059864,0.0008070023365371658,1.8090419864149492,3.7140566933287253
1.8876404494382022,29.36905065059864,0.0007877176672741681,1.6193248713850343,3.517194330631036
1.9101123595505618,29.36905065059864,0.000768212669096785,1.4259637023182556,3.2770799595825015
1.9325842696629212,29.36905065059864,0.0007493633543355697,1.2573787212559988,3.0496584536504163
1.9550561797752808,29.36905065059864,0.0007319274275354147,1.1265816728870155,2.8720282756490927
1.9775280898876404,29.36905065059864,0.0007149286230127047,1.0081605028806737,2.696215565920394
2.0,29.36905065059864,0.0006985786105276877,0.9052173947713504,2.533645628815052
0.0,32.64085061653974,2.1341625077947266,532589240.32555145,540.1806587367915
0.02247191011235955,32.64085061653974,2.1601743440436643,609766269.2762066,578.0379064824108
0.0449438202247191,32.64085061653974,2.1246904945717437,637786099.3019975,601.4005966001397
0.06741573033707865,32.64085061653974,1.9796399110808167,580863792.3021492,602.1938749017404
0.0898876404494382,32.64085061653974,1.837191267887851,545637226.7300102,612.9562700076827
0.11235955056179775,32.64085061653974,1.698904115378972,527881239.86951214,633.8809308693437
0.1348314606741573,32.64085061653974,1.564715748776619,524159716.10483,665.1904568135271
0.15730337078651685,32.64085061653974,1.436475403492422,533760374.93072844,707.9242418294064
0.1797752808988764,32.64085061653974,1.3143914998486814,555777531.0054998,763.087636879464
0.20224719101123595,32.64085061653974,1.198888975480738,590159377.4440141,832.0466160554975
0.2247191011235955,32.64085061653974,1.0906555751703784,637747991.4052678,916.5983015922762
0.24719101123595505,32.64085061653974,0.9890747350318995,698317953.9741926,1018.2798609411952
0.2696629213483146,32.64085061653974,0.8947195297198874,773327196.1790607,1139.4214413054372
0.29213483146067415,32.64085061653974,0.8072264724830697,863148452.0159359,1282.148014624941
0.3146067415730337,32.64085061653974,0.7269671270720891,970340780.6488472,1449.8375626958202
0.33707865168539325,32.64085061653974,0.6531340396123235,1094783393.0413353,1645.1001511810052
0.3595505617977528,32.64085061653974,0.5856227874766461,1238763423.2363946,1872.1501004259374
0.38202247191011235,32.64085061653974,0.524158941149383,1405210329.0103908,2136.2418045414456
0.4044943820224719,32.64085061653974,0.468237084840546,1596293407.4140222,2443.0898290071364
0.42696629213483145,32.64085061653974,0.4176249392131686,1817844291.7965252,2801.4013886245125
0.449438202247191,32.64085061653974,0.3718224096940152,2074129369.3302183,3220.371846589247
0.47191011235955055,32.64085061653974,0.3306342563477542,2376966580.7323995,3715.1377851817338
0.4943820224719101,32.64085061653974,0.2924270422461645,2690574352.6648216,4274.352385175395
0.5168539325842696,32.64085061653974,0.2563972095014351,2958493034.030587,4872.0768507386
0.5393258426966292,32.64085061653974,0.22336263541878734,3179096481.355697,5512.51058261061
0.5617977528089888,32.64085061653974,0.19366891494765143,3355963651.1698136,6202.534455572975
0.5842696629213483,32.64085061653974,0.16734020503992839,3494451170.2334924,6950.6099985764495
0.6067415730337078,32.64085061653974,0.14411190873886995,3585605318.511618,7753.5302969772165
0.6292134831460674,32.64085061653974,0.11970201409121636,2983085243.023525,7937.5388118950905
0.651685393258427,32.64085061653974,0.0987600012445446,2328337035.4803762,7905.965316940469
0.6741573033707865,32.64085061653974,0.08179691677292472,1809779227.8048935,7852.9647811267205
0.696629213483146,32.64085061653974,0.06805311961596903,1407718232.8397076,7796.066886236106
0.7191011235955056,32.64085061653974,0.056797450093014214,1085550841.8843942,7704.805045580956
0.7415730337078652,32.64085061653974,0.04755558821510424,828920359.3573959,7576.136180888772
0.7640449438202247,32.64085061653974,0.03998809306814773,631079771.6120666,7434.114977047116
0.7865168539325842,32.64085061653974,0.03377470275354007,479281564.6290538,7281.313538194105
0.8089887640449438,32.64085061653974,0.028623166780714002,358916593.5046784,7080.975325954226
0.8314606741573034,32.64085061653974,0.024378298693899215,268440850.5120184,6876.33596341081
0.8539325842696629,32.64085061653974,0.02085063506735849,198609453.83266062,6638.417550650633
0.8764044943820224,32.64085061653974,0.017903071570806,144311766.29907104,6348.43009126818
0.898876404494382,32.64085061653974,0.015452993943894974,104303640.80074267,6048.901192729933
0.9213483146067416,32.64085061653974,0.013407795010693732,74836703.17152417,5736.276781753951
0.9438202247191011,32.64085061653974,0.011689231115356262,52875211.09484403,5392.226718290634
0.9662921348314606,32.64085061653974,0.010234259954496927,36311482.65622457,4990.958391692108
0.9887640449438202,32.64085061653974,0.009009411706137428,24642417.96724749,4583.857057016433
1.0112359550561798,32.64085061653974,0.007973606622539701,16479020.199967619,4170.391103681978
1.0337078651685392,32.64085061653974,0.007089975176807538,10695395.942354308,3728.486177679375
1.0561797752808988,32.64085061653974,0.006334816492914774,6741641.879914183,3274.7969554466113
1.0786516853932584,32.64085061653974,0.005687322800464571,4118837.253477708,2821.0755887665136
1.101123595505618,32.64085061653974,0.0051338399552200015,2486564.6802429655,2406.226199635162
1.1235955056179776,32.64085061653974,0.00465257049303047,1425608.6673705343,1988.8837015114543
1.146067415730337,32.64085061653974,0.004237147722207893,801900.3400344591,1619.444807821745
1.1685393258426966,32.64085061653974,0.0038742645817149836,432430.1573812317,1281.9885098550121
1.1910112359550562,32.64085061653974,0.0035619554344537953,238538.8914487895,1021.5968728253829
1.2134831460674156,32.64085061653974,0.0032861393295086977,126411.4327793175,791.4109799983212
1.2359550561797752,32.64085061653974,0.0030426161237011237,65458.22733579241,601.1161096986159
1.2584269662921348,32.64085061653974,0.0028286819160593677,34300.78839343912,456.40493832273086
1.2808988764044944,32.64085061653974,0.0026382617029126177,17811.824361509407,342.19980041280445
1.303370786516854,32.64085061653974,0.0024679240907752214,9199.476909442548,253.78387616609933
1.3258426966292134,32.64085061653974,0.002317715658342382,5004.756848510495,192.57181191923073
1.348314606741573,32.64085061653974,0.002181490302795364,2700.288774485103,144.28979020218264
1.3707865168539326,32.64085061653974,0.0020589431950674354,1496.4284138215096,109.01882283471907
1.393258426966292,32.64085061653974,0.0019499151915467231,882.3097132071381,84.93064941470323
1.4157303370786516,32.64085061653974,0.0018483290867191905,505.6402732997315,64.52238287461186
1.4382022471910112,32.64085061653974,0.0017591163969810789,319.6689270037947,51.78078560377628
1.4606741573033708,32.64085061653974,0.0016765322561018486,202.6949960261383,41.364034153893115
1.4831460674157304,32.64085061653974,0.0016004965298488075,131.0403453503801,33.24229243179452
1.5056179775280898,32.64085061653974,0.0015296456096536327,85.29187754372305,26.65830643132951
1.5280898876404494,32.64085061653974,0.0014667092474579437,59.91132120642296,22.3605738225887
1.550561797752809,32.64085061653974,0.0014069451053502278,41.62722908797059,18.513003848885763
1.5730337078651684,32.64085061653974,0.001353732014740065,30.937921533434306,15.970930917916233
1.595505617977528,32.64085061653974,0.0013021154511659487,22.40440384382443,13.46210284886837
1.6179775280898876,32.64085061653974,0.0012561177223107333,17.25832167066766,11.798762959855914
1.6404494382022472,32.64085061653974,0.0012119411750590036,13.175500986332558,10.228740185841858
1.6629213483146068,32.64085061653974,0.00117179387271892,10.46280432146635,9.088280094514046
1.6853932584269662,32.64085061653974,0.0011318801549178722,8.059842808101871,7.860705906101445
1.7078651685393258,32.64085061653974,0.001097496227449524,6.689925018509451,7.1645264555688914
1.7303370786516854,32.64085061653974,0.00106389173400054,5.479169303059282,6.441959879461612
1.7528089887640448,32.64085061653974,0.001031549421526483,4.482472530070535,5.76628804226677
1.7752808988764044,32.64085061653974,0.0010020005,3.7761169710921987,5.2643931560357515
1.797752808988764,32.64085061653974,0.0009742791205860702,3.222965095845456,4.842434633982738
1.8202247191011236,32.64085061653974,0.000947358616263404,2.7407262691358,4.42798376106181
1.8426966292134832,32.64085061653974,0.0009223468344642709,2.3719878555586353,4.096544775300611
1.8651685393258426,32.64085061653974,0.0008972023549466185,2.018916486218847,3.726688060185406
1.8876404494382022,32.64085061653974,0.0008744613337188175,1.7677222265361379,3.4629317880490262
1.9101123595505618,32.64085061653974,0.0008529707776462614,1.5619578621217007,3.2354435281712783
1.9325842696629212,32.64085061653974,0.0008333148861042655,1.4072945433584854,3.06828107343167
1.9550561797752808,32.64085061653974,0.0008134303991193625,1.2504807598831065,2.8684002762415473
1.9775280898876404,32.64085061653974,0.0007951155169934479,1.1295581159852854,2.7157373869214094
2.0,32.64085061653974,0.0007769522343474013,1.0142530598863617,2.552301068479073
0.0,36.27713887134263,2.0818617290843284,399746359.0663189,473.927975802316
0.02247191011235955,36.27713887134263,2.108924688789463,459028783.80508006,507.67996417023454
0.0449438202247191,36.27713887134263,2.134834397939887,525323860.65958345,543.188651752074
0.06741573033707865,36.27713887134263,2.103749980954934,555132111.3660032,567.5785173555819
0.0898876404494382,36.27713887134263,1.9559578738024146,510356666.3358137,572.0134739324469
0.11235955056179775,36.27713887134263,1.8111543979233056,484845647.45793056,586.5191270821713
0.1348314606741573,36.27713887134263,1.6704621331488947,474696240.3183944,611.2656685404536
0.15730337078651685,36.27713887134263,1.5357330390708912,478249980.27449137,646.993474266478
0.1797752808988764,36.27713887134263,1.4067813183035307,493879766.9450272,694.4393093031206
0.20224719101123595,36.27713887134263,1.2844526808101608,521466575.77275234,754.8951781579512
0.2247191011235955,36.27713887134263,1.169089753054028,561200193.0667449,829.8627800735183
0.24719101123595505,36.27713887134263,1.0612591911385592,614018482.5368552,921.2420718190285
0.2696629213483146,36.27713887134263,0.9604608487525244,680065830.6281636,1030.7870124059198
0.29213483146067415,36.27713887134263,0.8674939974151292,761537701.0405023,1161.254148629346
0.3146067415730337,36.27713887134263,0.7813745559460852,858098997.4199737,1314.6235751831823
0.33707865168539325,36.27713887134263,0.7023635047245275,971933970.0256107,1494.2849717817571
0.3595505617977528,36.27713887134263,0.6299958560554062,1104090852.6768963,1703.606598543119
0.38202247191011235,36.27713887134263,0.5640056289732333,1256815592.5737572,1947.1311699663293
0.4044943820224719,36.27713887134263,0.5040762028398118,1433406381.6227643,2230.7397066373546
0.42696629213483145,36.27713887134263,0.44963264562490796,1635899254.7653534,2560.5874652302014
0.449438202247191,36.27713887134263,0.400415537198659,1870254029.3499665,2946.1321184516555
0.47191011235955055,36.27713887134263,0.3561522512749642,2146105223.6242852,3400.524261175357
0.4943820224719101,36.27713887134263,0.3160357889563555,2462062091.2525897,3932.235873131011
0.5168539325842696,36.27713887134263,0.27809076363313373,2750352607.364894,4509.606581572337
0.5393258426966292,36.27713887134263,0.24293214390775025,2994484014.890299,5128.883368567489
0.5617977528089888,36.27713887134263,0.2110647271836433,3193228366.212733,5794.240491694849
0.5842696629213483,36.27713887134263,0.18261307119053832,3347283473.8615456,6510.398845695224
0.6067415730337078,36.27713887134263,0.15749807027580942,3460200956.2365546,7283.982808325073
0.6292134831460674,36.27713887134263,0.1335392472536498,3246708396.0494137,7839.279258462894
0.651685393258427,36.27713887134263,0.11013387444531043,2545045065.5299993,7826.490594199987
0.6741573033707865,36.27713887134263,0.09123690834789017,1992185325.815668,7800.661700114251
0.696629213483146,36.27713887134263,0.07580839463884277,1543304931.9810019,7733.3093484549045
0.7191011235955056,36.27713887134263,0.0632443178439563,1191225863.097389,7647.902368108958
0.7415730337078652,36.27713887134263,0.05294755922807044,911895617.8985775,7530.050222998807
0.7640449438202247,36.27713887134263,0.04449547382123375,692842310.9912356,7383.468253603543
0.7865168539325842,36.27713887134263,0.037574448345465104,526540938.2954386,7234.782243755323
0.8089887640449438,36.27713887134263,0.03184149184544768,394919473.36942565,7041.375983797093
0.8314606741573034,36.27713887134263,0.027120079810443634,296015640.85356516,6845.314657169737
0.8539325842696629,36.27713887134263,0.023186268720891613,218408431.4342527,6600.4598663201605
0.8764044943820224,36.27713887134263,0.01992138170134715,160175661.8416328,6339.951671267515
0.898876404494382,36.27713887134263,0.017193427137111632,115847961.86440767,6043.198939443692
0.9213483146067416,36.27713887134263,0.014904965927525961,82239378.52432215,5701.9742615683235
0.9438202247191011,36.27713887134263,0.012990136205073778,57843220.56384639,5348.191473369377
0.9662921348314606,36.27713887134263,0.011377386511340017,39983022.06653699,4965.903219061242
0.9887640449438202,36.27713887134263,0.01001979497907175,27362742.46235494,4579.864834188167
1.0112359550561798,36.27713887134263,0.008861196082163245,18042940.253633365,4137.5723613704195
1.0337078651685392,36.27713887134263,0.007879044730247168,11705386.454986636,3698.132214397462
1.0561797752808988,36.27713887134263,0.007040589900938532,7397302.414403354,3252.2366979033923
1.0786516853932584,36.27713887134263,0.006323825261238493,4575969.040476447,2819.6784563863102
1.101123595505618,36.27713887134263,0.0057048869192231665,2716225.784850754,2383.764099548039
1.1235955056179776,36.27713887134263,0.005170463734851885,1560619.3339276721,1972.3888077940328
1.146067415730337,36.27713887134263,0.004710505795803226,888790.885274444,1616.6520467292398
1.1685393258426966,36.27713887134263,0.004310988937232985,495811.2495491523,1303.6762076415166
1.1910112359550562,36.27713887134263,0.00395901423868299,262627.72476762097,1016.069745378154
1.2134831460674156,36.27713887134263,0.003650594855553243,136435.31209427275,778.3696937633977
1.2359550561797752,36.27713887134263,0.003382379578087626,72674.82926857314,600.6421636385617
1.2584269662921348,36.27713887134263,0.0031441523177868965,37904.11877670434,454.8186507143769
1.2808988764044944,36.27713887134263,0.002931851854799521,19511.7071835684,339.26930212125967
1.303370786516854,36.27713887134263,0.0027423189077732295,10046.926289721103,251.1349887701294
1.3258426966292134,36.27713887134263,0.00257615582384104,5536.920804804925,192.01363698454963
1.348314606741573,36.27713887134263,0.002424420271936662,2972.865753471054,143.44238361061898
1.3707865168539326,36.27713887134263,0.0022899719715889855,1700.3466240458838,110.49161244088383
1.393258426966292,36.27713887134263,0.002167363491759511,978.0759915063791,84.78110083900303
1.4157303370786516,36.27713887134263,0.002054966799609682,566.1345222175058,64.813750520221
1.4382022471910112,36.27713887134263,0.001955393807401851,355.3643873718696,51.78075582032956
1.4606741573033708,36.27713887134263,0.001863627266805833,225.5227199870297,41.387341221673445
1.4831460674157304,36.27713887134263,0.0017774754738155382,141.45092432656668,32.6045928111251
1.5056179775280898,36.27713887134263,0.001701389856049662,96.78596471546162,27.027786386892874
1.5280898876404494,36.27713887134263,0.0016305462210989296,66.88410851549199,22.42537957660503
1.550561797752809,36.27713887134263,0.001565606074841727,47.772176686811775,18.92384604212495
1.5730337078651684,36.27713887134263,0.001502943317837002,33.294376875510764,15.612977729070227
1.595505617977528,36.27713887134263,0.0014486950717625632,25.522939086707854,13.698349439053347
1.6179775280898876,36.27713887134263,0.0013954428483451224,18.92392757620935,11.68300106790815
1.6404494382022472,36.27713887134263,0.0013468079367285708,14.571135019179982,10.190456395259904
1.6629213483146068,36.27713887134263,0.0013021154511659487,11.558606172718836,9.046507912050982
1.6853932584269662,36.27713887134263,0.001258224265236901,8.97845794001051,7.873372735560866
1.7078651685393258,36.27713887134263,0.0012199509398817508,7.445852754445696,7.171435474185888
1.7303370786516854,36.27713887134263,0.0011817805803157138,6.015207556115257,6.3798772419551
1.7528089887640448,36.27713887134263,0.0011474025142527865,5.051934269797193,5.829464255014302
1.7752808988764044,36.27713887134263,0.0011126474433491018,4.124735121223336,5.191209634375473
1.797752808988764,36.27713887134263,0.0010828756426612706,3.5807144032469913,4.840376489710726
1.8202247191011236,36.27713887134263,0.001052942621902054,3.0445617683717137,4.4256231363884675
1.8426966292134832,36.27713887134263,0.0010248073401792391,2.6212235931221373,4.0764914147645
1.8651685393258426,36.27713887134263,0.0009983972232737752,2.2849030417193767,3.7839906062403292
1.8876404494382022,36.27713887134263,0.0009724879791238676,1.9809738242225605,3.4872111726295096
1.9101123595505618,36.27713887134263,0.0009484436409400494,1.7461218333569881,3.251525055624976
1.9325842696629212,36.27713887134263,0.00092604291521066,1.560308568202758,3.06136224173794
1.9550561797752808,36.27713887134263,0.0009038108085864255,1.3838853606670698,2.8571234472047498
1.9775280898876404,36.27713887134263,0.0008821627437837076,1.2271291837870812,2.659883969622521
2.0,36.27713887134263,0.0008633986235451608,1.1247405115653133,2.5467691885243755
0.0,40.31852049908961,2.03053871268192,300004960.2468705,415.78579777710405
0.02247191011235955,40.31852049908961,2.05654889661724,344344425.67526245,445.37000740888857
0.0449438202247191,40.31852049908961,2.082453398886546,394602996.66958964,476.77894877573215
0.06741573033707865,40.31852049908961,2.1093013296906387,452117296.70989215,510.3135928741274
0.0898876404494382,40.31852049908961,2.0822268512990867,482192940.6013355,535.285974682183
0.11235955056179775,40.31852049908961,1.9316733155638133,447849148.97482985,543.2385975284269
0.1348314606741573,40.31852049908961,1.7845203616544896,430670905.41663074,561.4033670927196
0.15730337078651685,40.31852049908961,1.642409505481315,427602417.3969462,590.1233300695101
0.1797752808988764,40.31852049908961,1.5063246915910862,436934177.1813656,630.0874296977181
0.20224719101123595,40.31852049908961,1.376776648806999,457878708.4195223,682.3196225240837
0.2247191011235955,40.31852049908961,1.254321461794681,490473164.9685299,748.2119465549486
0.24719101123595505,40.31852049908961,1.1391835243672772,535100238.2110475,829.3992878573154
0.2696629213483146,40.31852049908961,1.032190731862524,593196958.8246529,928.0496483800405
0.29213483146067415,40.31852049908961,0.932505583923749,664928676.8817014,1046.0357763314269
0.3146067415730337,40.31852049908961,0.8405626330948309,752040482.5358083,1186.0547055271697
0.33707865168539325,40.31852049908961,0.7557651089834433,854955927.0502937,1350.543419667114
0.3595505617977528,40.31852049908961,0.678176154677457,975739346.6107775,1543.06855108292
0.38202247191011235,40.31852049908961,0.6073329226627641,1115778001.364059,1767.4396721497192
0.4044943820224719,40.31852049908961,0.5429291013646099,1277739833.4766161,2028.8023091417058
0.42696629213483145,40.31852049908961,0.48447426661475845,1464191046.701319,2333.124289775887
0.449438202247191,40.31852049908961,0.43155104045733966,1678935511.4193516,2688.102612128672
0.47191011235955055,40.31852049908961,0.38390972828045583,1930115018.2143013,3105.3005228108063
0.4943820224719101,40.31852049908961,0.34100793782656463,2224102300.090845,3597.005503263488
0.5168539325842696,40.31852049908961,0.301356721005997,2531364705.01816,4154.93634951348
0.5393258426966292,40.31852049908961,0.26404421733451244,2795645488.7188673,4752.222183346409
0.5617977528089888,40.31852049908961,0.22996287147556987,3018013965.137655,5395.221676353885
0.5842696629213483,40.31852049908961,0.1992522850027754,3188180441.55198,6081.079823796261
0.6067415730337078,40.31852049908961,0.17213375880815027,3324699160.774317,6827.746664447661
0.6292134831460674,40.31852049908961,0.14823490850977056,3412474693.082896,7626.845912161149
0.651685393258427,40.31852049908961,0.12289547961367159,2778343634.758996,7740.278665157028
0.6741573033707865,40.31852049908961,0.10168797358702875,2172215807.662645,7714.673140209191
0.696629213483146,40.31852049908961,0.08449647259475654,1692282291.7369804,7669.520560532446
0.7191011235955056,40.31852049908961,0.07043645472274114,1304641883.5712566,7583.18414700571
0.7415730337078652,40.31852049908961,0.05896183012186399,1001626934.1236452,7477.662116859048
0.7640449438202247,40.31852049908961,0.04955634387126172,764486151.8669391,7348.39076034057
0.7865168539325842,40.31852049908961,0.041832568079577734,580902527.9962361,7201.1688512737555
0.8089887640449438,40.31852049908961,0.035443645138997046,436166014.4792091,7013.092084414978
0.8314606741573034,40.31852049908961,0.030176045126301197,326394377.2830106,6813.424561174381
0.8539325842696629,40.31852049908961,0.025803813799620406,241845140.58618295,6583.214335972032
0.8764044943820224,40.31852049908961,0.02216010647534196,176756965.1909548,6313.739518271998
0.898876404494382,40.31852049908961,0.01912731886570263,128213585.37679242,6026.865096147577
0.9213483146067416,40.31852049908961,0.01657888904160005,90978197.5992225,5685.680109462862
0.9438202247191011,40.31852049908961,0.014445528794510807,63849273.5996326,5327.426830214432
0.9662921348314606,40.31852049908961,0.012659580312157137,44643130.76897787,4974.638664393756
0.9887640449438202,40.31852049908961,0.011140382226176034,30177068.995641183,4560.1902819690595
1.0112359550561798,40.31852049908961,0.009854878269837442,20029920.36122748,4133.418675825742
1.0337078651685392,40.31852049908961,0.008758011652038667,12860999.818607783,3675.1875082899533
1.0561797752808988,40.31852049908961,0.007831397713611049,8270926.3155344715,3261.125816466759
1.0786516853932584,40.31852049908961,0.007031631442432851,5077768.150769257,2816.435358222903
1.101123595505618,40.31852049908961,0.006343333785563801,3016743.2699305373,2382.159473141257
1.1235955056179776,40.31852049908961,0.005751743482321707,1761036.7802789346,1987.8474747213918
1.146067415730337,40.31852049908961,0.005238647934755865,996009.3845926045,1623.4367475072177
1.1685393258426966,40.31852049908961,0.0047911519319061915,543267.1987153911,1293.2633305992863
1.1910112359550562,40.31852049908961,0.004400704746973136,289706.1077939132,1011.6230635526621
1.2134831460674156,40.31852049908961,0.004057224169480994,149646.3159622524,772.4615603423596
1.2359550561797752,40.31852049908961,0.003758651520045564,79327.14688880357,594.4006174064738
1.2584269662921348,40.31852049908961,0.0034928240605826564,40847.155108019426,446.7399482125844
1.2808988764044944,40.31852049908961,0.0032597637043554084,21818.038656307093,340.4056019975571
1.303370786516854,40.31852049908961,0.0030502408508034564,11433.779677240487,254.61463843212164
1.3258426966292134,40.31852049908961,0.002861619932165218,5960.12493051514,188.34612546819153
1.348314606741573,40.31852049908961,0.002694204464367898,3260.2432526627617,142.26170222871554
1.3707865168539326,40.31852049908961,0.0025436713543042053,1833.1093069883257,108.42699648005362
1.393258426966292,40.31852049908961,0.002407915099658877,1063.403939744082,83.61469976404928
1.4157303370786516,40.31852049908961,0.0022851276961900683,637.8827632740355,65.3653562045255
1.4382022471910112,40.31852049908961,0.0021729336841240727,390.6082753872342,51.40677652255945
1.4606741573033708,40.31852049908961,0.00206904527874861,240.24749423291945,40.25734883582038
1.4831460674157304,40.31852049908961,0.0019770843645052646,160.66242931433075,33.0694259953237
1.5056179775280898,40.31852049908961,0.0018901029176652702,105.60914734517183,26.693391151971582
1.5280898876404494,40.31852049908961,0.0018126016736508942,74.53425661575494,22.462583145539167
1.550561797752809,40.31852049908961,0.0017399974240938918,52.87406084394773,18.86684170775026
1.5730337078651684,40.31852049908961,0.0016713244941584371,37.45382920981463,15.743195128426256
1.595505617977528,40.31852049908961,0.0016093489671014142,27.94051160068673,13.549995570353884
1.6179775280898876,40.31852049908961,0.0015517003248338153,21.244209420126683,11.766027949865284
1.6404494382022472,40.31852049908961,0.0014968558710534137,16.15482407967086,10.170700976287836
1.6629213483146068,40.31852049908961,0.001447372441136931,12.855416499363233,9.049946091032764
1.6853932584269662,40.31852049908961,0.0013993928448666835,10.11152249197345,7.951128410711376
1.7078651685393258,40.31852049908961,0.0013550814973352448,8.16114247548898,7.094471447523222
1.7303370786516854,40.31852049908961,0.0013137979670639233,6.709653017356742,6.39698641646295
1.7528089887640448,40.31852049908961,0.001274386067152456,5.535335430833437,5.763467819276153
1.7752808988764044,40.31852049908961,0.001237703880856898,4.651524600130844,5.251371628127473
1.797752808988764,40.31852049908961,0.0012026193740318648,3.9227720085016524,4.783411212865517
1.8202247191011236,40.31852049908961,0.001170183836234134,3.376295801490722,4.4169598196487785
1.8426966292134832,40.31852049908961,0.0011383058298269728,2.882414949625557,4.039804850793546
1.8651685393258426,40.31852049908961,0.001109752074128485,2.541127105898844,3.7855703835315353
1.8876404494382022,40.31852049908961,0.0010815412867404269,2.220980786576109,3.513019348723863
1.9101123595505618,40.31852049908961,0.0010541384835639662,1.939653145214091,3.2496130099813194
1.9325842696629212,40.31852049908961,0.0010295193947518827,1.7397881204014294,3.0697524190174508
1.9550561797752808,40.31852049908961,0.001005005002500625,1.5470235380477986,2.8716333152262736
1.9775280898876404,40.31852049908961,0.0009819947572099793,1.3904730095803655,2.7065714495566606
2.0,40.31852049908961,0.0009598615764762248,1.2535719287161138,2.553020647058919
0.0,44.81012411151443,1.9791324934531278,224711460.47440556,364.53950209542506
0.02247191011235955,44.81012411151443,2.0051416260875077,258241717.74996105,390.66263911849495
0.0449438202247191,44.81012411151443,2.0310466195196053,296305657.9501156,418.4191962817185
0.06741573033707865,44.81012411151443,2.056845575429969,339427376.85074973,447.881756611881
0.0898876404494382,44.81012411151443,2.0825323530979007,388172595.60487074,479.1214640084517
0.11235955056179775,44.81012411151443,2.06010849419126,417987014.31842995,504.49547810204274
0.1348314606741573,44.81012411151443,1.9067843453058027,392541860.96955144,515.8411898600871
0.15730337078651685,44.81012411151443,1.7573216717649092,382472560.7457736,537.5865950267897
0.1797752808988764,44.81012411151443,1.6136750136514113,385351018.9154233,570.1993716483443
0.20224719101123595,44.81012411151443,1.476519871425787,399775372.6659811,614.4577676323116
0.2247191011235955,44.81012411151443,1.3464979681945564,425397465.5802392,671.5625739567
0.24719101123595505,44.81012411151443,1.2240320455733635,462495569.0608042,743.0504261682836
0.2696629213483146,44.81012411151443,1.10972469839775,512047999.41489863,830.848859180438
0.29213483146067415,44.81012411151443,1.0031166378429288,574619972.3772287,936.9076596464672
0.3146067415730337,44.81012411151443,0.904575690213709,651687919.3799369,1063.696988376415
0.33707865168539325,44.81012411151443,0.813976606340994,744704243.6860526,1213.9651305771267
0.3595505617977528,44.81012411151443,0.7305134985991737,853777968.3294798,1390.166383725368
0.38202247191011235,44.81012411151443,0.6544309072379119,981610387.838237,1596.4165213121037
0.4044943820224719,44.81012411151443,0.5851603954991687,1129690175.8831937,1836.903264015112
0.42696629213483145,44.81012411151443,0.5223506518672068,1301033906.1339486,2117.393149090747
0.449438202247191,44.81012411151443,0.465420380003426,1497986305.009439,2444.253302879142
0.47191011235955055,44.81012411151443,0.4140801132144016,1726559973.1526718,2827.145557486973
0.4943820224719101,44.81012411151443,0.36783895262252475,1992698058.5816567,3277.2589886852593
0.5168539325842696,44.81012411151443,0.326132110364262,2300643200.9760027,3806.5337496257434
0.5393258426966292,44.81012411151443,0.2867867695633515,2584539696.848605,4383.105269851185
0.5617977528089888,44.81012411151443,0.25035961449233035,2824460983.1809087,5000.780944422093
0.5842696629213483,44.81012411151443,0.21746790062492408,3023892212.1031446,5667.212196941888
0.6067415730337078,44.81012411151443,0.18806245111192704,3172033908.9390955,6378.49805519036
0.6292134831460674,44.81012411151443,0.1622188004272629,3285542719.583682,7151.522200074324
0.651685393258427,44.81012411151443,0.13716598349541337,3018819363.068936,7636.063872592899
0.6741573033707865,44.81012411151443,0.113429299165427,2369115980.5893197,7627.388382805213
0.696629213483146,44.81012411151443,0.09421393469370648,1852030215.4202945,7597.37857861113
0.7191011235955056,44.81012411151443,0.07852681486044413,1434135756.2850344,7529.0602229819515
0.7415730337078652,44.81012411151443,0.06567963676184152,1099110835.7515585,7420.755385271784
0.7640449438202247,44.81012411151443,0.05519136429186324,840748872.9344833,7301.294798552581
0.7865168539325842,44.81012411151443,0.04655059217005533,636298766.3012313,7143.448123388993
0.8089887640449438,44.81012411151443,0.03946469069296611,481827763.87323666,6984.645606345826
0.8314606741573034,44.81012411151443,0.03357617676865121,359020456.24453765,6773.309980798198
0.8539325842696629,44.81012411151443,0.02869432750333114,264855650.15662676,6531.679040691888
0.8764044943820224,44.81012411151443,0.024648105533502045,194428123.0278942,6277.5455201759405
0.898876404494382,44.81012411151443,0.02127050813654985,140896079.2142081,5989.846849923787
0.9213483146067416,44.81012411151443,0.01843484909812886,99989233.54950146,5651.217948783964
0.9438202247191011,44.81012411151443,0.016073866309937665,71034885.52977878,5326.694032119491
0.9662921348314606,44.81012411151443,0.014072986476713475,48956142.99961559,4939.160195785958
0.9887640449438202,44.81012411151443,0.012385463625847288,33181987.065326687,4533.650500830252
1.0112359550561798,44.81012411151443,0.010954729697989898,21979147.186196964,4105.052933242085
1.0337078651685392,44.81012411151443,0.009740329431608727,14282037.631946981,3672.0565731959787
1.0561797752808988,44.81012411151443,0.008706513405737682,9114581.778176386,3245.607058728082
1.0786516853932584,44.81012411151443,0.007816980935046125,5592882.570367105,2802.2341694749502
1.101123595505618,44.81012411151443,0.007051553025357239,3321842.343129522,2369.726533278656
1.1235955056179776,44.81012411151443,0.006392735353792937,1929206.6114237625,1971.9973101907538
1.146067415730337,44.81012411151443,0.005824141566103742,1102299.9112009348,1619.2489677359713
1.1685393258426966,44.81012411151443,0.005327333326024043,604765.3467294069,1294.033887767437
1.1910112359550562,44.81012411151443,0.004893181616565701,322904.34131195326,1012.9518516511898
1.2134831460674156,44.81012411151443,0.004512125185928985,168287.09815776892,777.3679535985652
1.2359550561797752,44.81012411151443,0.004179154604380745,88527.31373124599,595.6393834450013
1.2584269662921348,44.81012411151443,0.003885098362091676,46387.74667756101,452.2014189131232
1.2808988764044944,44.81012411151443,0.003621920266122376,23679.509319327848,335.65932582308676
1.303370786516854,44.81012411151443,0.003388617267769775,12341.308363680102,250.20931872300542
1.3258426966292134,44.81012411151443,0.0031820192719263975,6696.132571462901,189.52661350090372
1.348314606741573,44.81012411151443,0.0029940400589837488,3573.6155845661488,141.04518715943303
1.3707865168539326,44.81012411151443,0.0028286819160593677,2067.117154290765,109.3755720854635
1.393258426966292,44.81012411151443,0.002677831947053129,1201.2878108950943,84.45048747994011
1.4157303370786516,44.81012411151443,0.002540368203708624,710.7648590349902,65.45874769354434
1.4382022471910112,44.81012411151443,0.0024142688025263867,426.47204279772683,50.815490362543365
1.4606741573033708,44.81012411151443,0.0023010445405260435,271.450713534055,40.683260593389114
1.4831460674157304,44.81012411151443,0.00219660257859975,175.61132106564062,32.702609436202714
1.5056179775280898,44.81012411151443,0.00210221764354467,119.54391048628386,27.017522498549663
1.5280898876404494,44.81012411151443,0.0020133116282252395,80.9637858787098,22.112625680507183
1.550561797752809,44.81012411151443,0.0019337032502984369,58.399855927133615,18.782894244974354
1.5730337078651684,44.81012411151443,0.0018582074385314982,41.89404382712798,15.811236127355356
1.595505617977528,44.81012411151443,0.0017875651687498393,30.467652068160756,13.365857040352157
1.6179775280898876,44.81012411151443,0.0017242341799103918,23.423874333318466,11.696819557135521
1.6404494382022472,44.81012411151443,0.001663844813894361,17.962772774673944,10.172427556963884
1.6629213483146068,44.81012411151443,0.0016080449446290996,14.1353840454389,8.976746340149335
1.6853932584269662,44.81012411151443,0.0015560933116058246,11.337038909155705,8.00262760195583
1.7078651685393258,44.81012411151443,0.0015066410956434228,9.124979060992962,7.12602474110873
1.7303370786516854,44.81012411151443,0.0014598826967230825,7.4140297356529095,6.367188545281069
1.7528089887640448,44.81012411151443,0.0014166376079927782,6.163492445560448,5.7710351219125435
1.7752808988764044,44.81012411151443,0.0013763447179476517,5.212611681183403,5.285387546003156
1.797752808988764,44.81012411151443,0.0013371746813757707,4.385726332776521,4.805760386777101
1.8202247191011236,44.81012411151443,0.001300964968681608,3.767093664992967,4.430483458623625
1.8426966292134832,44.81012411151443,0.0012656713891290024,3.221620501357503,4.058233426336382
1.8651685393258426,44.81012411151443,0.0012333364003293856,2.81897777356258,3.779008341835609
1.8876404494382022,44.81012411151443,0.0012015186147245026,2.45001887681072,3.489941813476094
1.9101123595505618,44.81012411151443,0.00117179387271892,2.159153609473429,3.2535887396293965
1.9325842696629212,44.81012411151443,0.0011441013041306107,1.929061103630618,3.0628882732974647
1.9550561797752808,44.81012411151443,0.0011168558677347395,1.7154890499787179,2.8653806461771762
1.9775280898876404,44.81012411151443,0.001091371366540498,1.5436226514039315,2.703359956708569
2.0,44.81012411151443,0.0010668185612377464,1.3924735070130345,2.551357541849394
0.0,49.80210578249435,1.9273181982610534,167871992.03965712,319.3289494866168
0.02247191011235955,49.80210578249435,1.9534967427560193,193224826.29364747,342.4118785725196
0.0449438202247191,49.80210578249435,1.979557187835832,222046621.81099764,366.9516712546892
0.06741573033707865,49.80210578249435,2.005354759404214,254691018.92901993,392.99013713508356
0.0898876404494382,49.80210578249435,2.0310459607675786,291653485.1377455,420.6237825710278
0.11235955056179775,49.80210578249435,2.056624646495635,333412661.6755393,449.9182214842649
0.1348314606741573,49.80210578249435,2.0373842342557587,361609211.5721066,475.17722509137417
0.15730337078651685,49.80210578249435,1.8812921068043307,343698070.82486665,489.7907759658831
0.1797752808988764,49.80210578249435,1.7295664646777396,339643958.06914514,515.0383075984561
0.20224719101123595,49.80210578249435,1.5844107146925785,347543410.6459747,551.4998658522952
0.2247191011235955,49.80210578249435,1.4463520338614961,366371228.82224417,600.0885133523461
0.24719101123595505,49.80210578249435,1.3159835538705658,396103148.97181684,662.1643654731146
0.2696629213483146,49.80210578249435,1.1936122420485293,437249316.3489283,739.4213747033709
0.29213483146067415,49.80210578249435,1.0798793795162014,491042779.21763295,833.9671288676315
0.3146067415730337,49.80210578249435,0.9743789472524116,558421890.2005053,948.0069108171033
0.33707865168539325,49.80210578249435,0.8769273521260832,640492920.480093,1083.9933488483184
0.3595505617977528,49.80210578249435,0.7873869936842853,738530642.3571643,1244.7171810015955
0.38202247191011235,49.80210578249435,0.7056884594282878,854510853.9654189,1433.7143798285815
0.4044943820224719,49.80210578249435,0.6311758251135947,989489066.3703539,1654.6174095264055
0.42696629213483145,49.80210578249435,0.5635315427112431,1145889975.2982533,1912.444076378129
0.449438202247191,49.80210578249435,0.5022828007534493,1326510668.9107628,2213.3203877161454
0.47191011235955055,49.80210578249435,0.4468848179594712,1534225644.6769238,2564.4846200784295
0.4943820224719101,49.80210578249435,0.39722972627634034,1779111803.5126917,2978.9006970789146
0.5168539325842696,49.80210578249435,0.35240964106321676,2062171400.9106882,3465.7441840337688
0.5393258426966292,49.80210578249435,0.3111851016139573,2361656612.6492157,4020.943077377748
0.5617977528089888,49.80210578249435,0.27247868993822316,2621259660.480378,4616.37152099459
0.5842696629213483,49.80210578249435,0.2371620493359833,2838555984.9362893,5256.148708999418
0.6067415730337078,49.80210578249435,0.20550582079235985,3012082270.8811035,5943.962942278139
0.6292134831460674,49.80210578249435,0.17744565749492042,3138969981.1235614,6681.167918384433
0.651685393258427,49.80210578249435,0.15284874436750365,3226081442.051001,7476.588210500185
0.6741573033707865,49.80210578249435,0.12663401511968514,2582702671.871738,7536.083911842667
0.696629213483146,49.80210578249435,0.10506181355918334,2018288450.2191179,7509.350902721841
0.7191011235955056,49.80210578249435,0.08751550550643444,1565444456.2007868,7450.164464508197
0.7415730337078652,49.80210578249435,0.0731865622642347,1204443304.2411256,7357.966219413365
0.7640449438202247,49.80210578249435,0.06147849756044451,922823565.6292771,7246.643290565168
0.7865168539325842,49.80210578249435,0.05184036195276997,699582876.605133,7096.792084561673
0.8089887640449438,49.80210578249435,0.04390979014489804,527004750.1491095,6923.819535102562
0.8314606741573034,49.80210578249435,0.037355354457908566,393418145.1367298,6720.818149013491
0.8539325842696629,49.80210578249435,0.03193997234014133,292548572.24222267,6505.619812403076
0.8764044943820224,49.80210578249435,0.02742818622645548,214578629.09532318,6250.676262041499
0.898876404494382,49.80210578249435,0.023663355883535468,155316211.21140504,5961.329302302634
0.9213483146067416,49.80210578249435,0.02051750227517484,111127078.07205355,5646.732630826978
0.9438202247191011,49.80210578249435,0.017879622733559128,78443471.71852565,5306.352582738024
0.9662921348314606,49.80210578249435,0.01564579239163659,53675463.40834805,4903.147901956936
0.9887640449438202,49.80210578249435,0.013771712582658972,36516952.54768911,4508.889235222289
1.0112359550561798,49.80210578249435,0.012185520147458145,24409144.21507981,4101.315084163814
1.0337078651685392,49.80210578249435,0.010831370999528758,15782663.880930196,3659.629733719449
1.0561797752808988,49.80210578249435,0.009675097600673328,9916054.801346852,3208.741066958552
1.0786516853932584,49.80210578249435,0.008690456547401127,6157095.7736672945,2787.243623909751
1.101123595505618,49.80210578249435,0.007840621408119258,3675706.6879398855,2363.33576832668
1.1235955056179776,49.80210578249435,0.007109369672060317,2149795.471974453,1974.0627367886552
1.146067415730337,49.80210578249435,0.006474008616134453,1211023.4036741892,1608.644465090993
1.1685393258426966,49.80210578249435,0.00592135453093952,663217.4221000025,1284.219693072952
1.1910112359550562,49.80210578249435,0.005439114665410203,355146.2234229727,1006.8139467920081
1.2134831460674156,49.80210578249435,0.005018260295253025,189297.80232889557,782.3934465631821
1.2359550561797752,49.80210578249435,0.004644758812492929,96955.53624662726,590.5412020999445
1.2584269662921348,49.80210578249435,0.004318959404544411,51349.37807511778,451.0441435756676
1.2808988764044944,49.80210578249435,0.004027457602078696,26534.457239442534,337.18108563451887
1.303370786516854,49.80210578249435,0.003769278203300447,14037.258830494962,253.58317953666437
1.3258426966292134,49.80210578249435,0.0035363644222668154,7343.734246358946,187.98216154386452
1.348314606741573,49.80210578249435,0.0033272421762125196,3913.031696379384,139.74773658723197
1.3707865168539326,49.80210578249435,0.0031441523177868965,2284.973803307833,108.98790199570091
1.393258426966292,49.80210578249435,0.002974364350067843,1292.4214834914228,82.74178554674778
1.4157303370786516,49.80210578249435,0.0028235104639343345,784.9010439005333,65.18080096919029
1.4382022471910112,49.80210578249435,0.0026833065439788714,470.976145844278,50.59846481391208
1.4606741573033708,49.80210578249435,0.0025574573268975546,299.9320328439935,40.52081298386082
1.4831460674157304,49.80210578249435,0.0024422059517253594,196.34394906398947,32.824971097005815
1.5056179775280898,49.80210578249435,0.002336631178377971,132.5114578193742,26.964595949768032
1.5280898876404494,49.80210578249435,0.0022381764024716443,90.22294651376968,22.148252779539206
1.550561797752809,49.80210578249435,0.002148458479607297,64.03142863566062,18.604655827253186
1.5730337078651684,49.80210578249435,0.0020659785337202564,46.83592833535581,15.873407305566932
1.595505617977528,49.80210578249435,0.001989414426396021,34.953397315725965,13.667749251326976
1.6179775280898876,49.80210578249435,0.0019165453790433078,26.018381937458315,11.68978537282348
1.6404494382022472,49.80210578249435,0.001850532396640319,20.243007709809078,10.27441285704091
1.6629213483146068,49.80210578249435,0.0017875651687498393,15.739441810539816,8.987542972110475
1.6853932584269662,49.80210578249435,0.0017278977397064104,12.325142398411606,7.869142480972376
1.7078651685393258,49.80210578249435,0.001673928375130143,10.047041359074877,7.07383785993989
1.7303370786516854,49.80210578249435,0.0016232522377483865,8.295123989830604,6.399134599709545
1.7528089887640448,49.80210578249435,0.0015736436583193817,6.769644761183581,5.7164411086938305
1.7752808988764044,49.80210578249435,0.0015296456096536327,5.780090445341231,5.274775472723407
1.797752808988764,49.80210578249435,0.001485193423898828,4.8121550658667225,4.75505197502483
1.8202247191011236,49.80210578249435,0.0014460498105112985,4.187232263970911,4.430105776581158
1.8426966292134832,49.80210578249435,0.0014069451053502278,3.586210370197344,4.062906585633441
1.8651685393258426,49.80210578249435,0.0013689941639268102,3.0682537753135595,3.7119852602889845
1.8876404494382022,49.80210578249435,0.0013360066780367522,2.738590655213198,3.506550646765118
1.9101123595505618,49.80210578249435,0.0013021154511659487,2.3910303373346884,3.2427791977886278
1.9325842696629212,49.80210578249435,0.0012718587863761598,2.1485061462690846,3.0680844815751813
1.9550561797752808,49.80210578249435,0.0012418165738613512,1.9155724804687897,2.8769517677547447
1.9775280898876404,49.80210578249435,0.0012119411750590036,1.6957931353062976,2.6745894591085873
2.0,49.80210578249435,0.001185804767319804,1.5484112286368372,2.5521428203164938
0.0,55.350209122349476,1.8753725231321974,125123576.84930213,279.51254218648694
0.02247191011235955,55.350209122349476,1.9015691513138573,144215531.48179618,299.86905514690795
0.0449438202247191,55.350209122349476,1.927656747454197,165956555.72883487,321.52905470140007
0.06741573033707865,55.350209122349476,1.9536300667452056,190662950.97037172,344.5533416822202
0.0898876404494382,55.350209122349476,1.9794732707191767,218675982.04828694,369.00126612332724
0.11235955056179775,55.350209122349476,2.0050544293872776,250327704.8858881,394.91675284408336
0.1348314606741573,55.350209122349476,2.0305227905654872,286067466.7855687,422.38456254975
0.15730337078651685,55.350209122349476,2.014045370539577,312227403.02238375,447.2989917329118
0.1797752808988764,55.350209122349476,1.8552011577087955,300640920.44728464,465.0544128953677
0.20224719101123595,55.350209122349476,1.7011870860937341,301607336.83236086,493.72076981769334
0.2247191011235955,55.350209122349476,1.5546940153432036,313754613.68352616,534.0066882393608
0.24719101123595505,55.350209122349476,1.4158580534289398,336351475.90276176,586.9618683358729
0.2696629213483146,55.350209122349476,1.2852719230186462,369687526.154575,654.1195961479209
0.29213483146067415,55.350209122349476,1.1636568020584177,414789375.83985716,737.4349674412266
0.3146067415730337,55.350209122349476,1.0499756275134635,472130695.8069568,838.8823956493028
0.33707865168539325,55.350209122349476,0.9455640406760332,543899257.276822,961.1991865786533
0.3595505617977528,55.350209122349476,0.8496139133594096,631186420.6777864,1107.0225605693875
0.38202247191011235,55.350209122349476,0.7615434182774312,734879633.4806106,1279.153401504071
0.4044943820224719,55.350209122349476,0.6813199766554674,856988319.2839959,1481.3641661003942
0.42696629213483145,55.350209122349476,0.6084304886805764,999199042.2486397,1717.9153057243188
0.449438202247191,55.350209122349476,0.5424337814295886,1164050670.1360972,1994.3240293145939
0.47191011235955055,55.350209122349476,0.48276936165575235,1354241908.4141276,2317.189378858352
0.4943820224719101,55.350209122349476,0.42913876813117396,1576203958.7351563,2696.6075978418817
0.5168539325842696,55.350209122349476,0.38077434042870284,1832514879.524292,3141.8428575710436
0.5393258426966292,55.350209122349476,0.33725051442666204,2129268814.7044742,3666.1216195310794
0.5617977528089888,55.350209122349476,0.2963624037482351,2406725999.392355,4239.89773192968
0.5842696629213483,55.350209122349476,0.25857979174029994,2642510205.338866,4855.050231449639
0.6067415730337078,55.350209122349476,0.22448378980555145,2835852638.856508,5516.226207856822
0.6292134831460674,55.350209122349476,0.1941529557546412,2985492951.7029095,6226.731397886698
0.651685393258427,55.350209122349476,0.16743605187322202,3090776186.1628966,6989.232684242564
0.6741573033707865,55.350209122349476,0.14131143850840375,2788054290.930448,7410.83981631616
0.696629213483146,55.350209122349476,0.11719010659225976,2190666576.486232,7406.292508574763
0.7191011235955056,55.350209122349476,0.09757397270986173,1705369384.3837268,7363.056947535789
0.7415730337078652,55.350209122349476,0.08160407993009246,1320602829.3403175,7295.310215461598
0.7640449438202247,55.350209122349476,0.06848433960644593,1009215572.3090076,7178.930204900602
0.7865168539325842,55.350209122349476,0.05774312703981431,767827954.0761518,7043.45552802452
0.8089887640449438,55.350209122349476,0.048893651911759525,578879129.9734735,6875.611302387061
0.8314606741573034,55.350209122349476,0.04160710268755832,434908986.2955101,6694.648172368637
0.8539325842696629,55.350209122349476,0.03553963706669645,320908573.2757425,6457.979007029752
0.8764044943820224,55.350209122349476,0.03051689046530397,235734081.70277175,6209.788887097955
0.898876404494382,55.350209122349476,0.026329579486157308,171147087.224233,5931.25942626976
0.9213483146067416,55.350209122349476,0.022818282354668463,121888865.3280071,5606.120549021014
0.9438202247191011,55.350209122349476,0.019881293713225844,85956028.79257277,5265.789983330896
0.9662921348314606,55.350209122349476,0.017411349151736952,59711417.24752501,4901.924192649285
0.9887640449438202,55.350209122349476,0.015316812665727828,40283509.99521828,4489.306324460645
1.0112359550561798,55.350209122349476,0.013551937589250312,26941688.634955242,4084.69359275964
1.0337078651685392,55.350209122349476,0.012043818558438646,17378819.057717323,3640.431019232312
1.0561797752808988,55.350209122349476,0.010764041275541746,11082442.084507812,3216.365248737149
1.0786516853932584,55.350209122349476,0.00966167065602604,6767272.69166773,2769.8709758470463
1.101123595505618,55.350209122349476,0.00871622234577177,4035220.816590336,2347.0640229695246
1.1235955056179776,55.350209122349476,0.007903783824245175,2366508.7450922276,1963.2242377476516
1.146067415730337,55.350209122349476,0.007197029829516727,1331977.7954529622,1599.0243918273698
1.1685393258426966,55.350209122349476,0.00658404021206746,735749.0470144454,1282.4769577233883
1.1910112359550562,55.350209122349476,0.006047785375762987,394435.76912292204,1006.088091963091
1.2134831460674156,55.350209122349476,0.0055753457065150485,203873.32320185326,768.4986067479142
1.2359550561797752,55.350209122349476,0.005165231766333045,108575.1420297394,592.898537400279
1.2584269662921348,55.350209122349476,0.00479781574777317,55058.16528006637,441.7172642867697
1.2808988764044944,55.350209122349476,0.004474965840288078,28735.84434369672,332.04222488749934
1.303370786516854,55.350209122349476,0.0041862554677023975,14935.292856944956,247.0817580576611
1.3258426966292134,55.350209122349476,0.003933505571222743,8336.024480986007,190.31803755932984
1.348314606741573,55.350209122349476,0.003702749734249035,4535.706535452699,143.31398860118782
1.3707865168539326,55.350209122349476,0.0034928240605826564,2466.178859643953,107.01867094732516
1.393258426966292,55.350209122349476,0.003307985683985349,1460.665804027718,83.58867494103035
1.4157303370786516,55.350209122349476,0.003137545495540759,859.1024735112182,64.53958276865276
1.4382022471910112,55.350209122349476,0.002983742746899788,528.6815642634702,50.910206254583024
1.4606741573033708,55.350209122349476,0.002844316711987886,338.8025804323777,40.94109928026744
1.4831460674157304,55.350209122349476,0.002714955943030958,218.5330389474515,32.84895175886749
1.5056179775280898,55.350209122349476,0.002597772976567719,147.85303615509082,27.029556480620666
1.5280898876404494,55.350209122349476,0.0024895547621447936,102.20354007815784,22.431732708793973
1.550561797752809,55.350209122349476,0.0023892949579688363,72.08240421824645,18.765577254771753
1.5730337078651684,55.350209122349476,0.0022960979211588523,51.78637048706022,15.81303802396785
1.595505617977528,55.350209122349476,0.002211238338171209,38.77079843218958,13.64577408072441
1.6179775280898876,55.350209122349476,0.0021311558467539907,29.177662448572175,11.76322532833523
1.6404494382022472,55.350209122349476,0.0020569549973385587,22.487120986579114,10.268613797255812
1.6629213483146068,55.350209122349476,0.0019875466704543376,17.604072523492945,9.028114141500314
1.6853932584269662,55.350209122349476,0.001922194274885714,13.936681433379503,7.970639474769242
1.7078651685393258,55.350209122349476,0.001860765785828558,11.179805355273054,7.078951145663899
1.7303370786516854,55.350209122349476,0.0018047807785246746,9.266182702014184,6.423166420382256
1.7528089887640448,55.350209122349476,0.0017512011821790407,7.690986175388991,5.815273100413968
1.7752808988764044,55.350209122349476,0.001700039836131596,6.409240517913903,5.264008597684783
1.797752808988764,55.350209122349476,0.0016516411677893951,5.393516695415524,4.78678184916505
1.8202247191011236,55.350209122349476,0.0016066786623871055,4.622667272305429,4.40485457742221
1.8426966292134832,55.350209122349476,0.0015643239128852844,4.005174246481105,4.078678329955824
1.8651685393258426,55.350209122349476,0.001523657190136618,3.47929948824806,3.7750632211812225
1.8876404494382022,55.350209122349476,0.001485193423898828,3.049902501258319,3.512029253677211
1.9101123595505618,55.350209122349476,0.001447372441136931,2.658939569998227,3.2437839208508286
1.9325842696629212,55.350209122349476,0.0014130079783429691,2.372334580283401,3.0498532113843195
1.9550561797752808,55.350209122349476,0.0013803791324332308,2.1309618128674703,2.8787979600823306
1.9775280898876404,55.350209122349476,0.0013468079367285708,1.880067442785484,2.668100178445437
2.0,55.350209122349476,0.0013176104044918036,1.7143810678191138,2.5427546568808697
0.0,61.51638774609209,1.823297793955673,93036236.9797661,244.46405879624524
0.02247191011235955,61.51638774609209,1.849509090987594,107380110.42829485,262.40115978006054
0.0449438202247191,61.51638774609209,1.87561524445796,123741274.42558853,281.5026840183405
0.06741573033707865,61.51638774609209,1.901610829333931,142365336.00960967,301.82469828779773
0.0898876404494382,61.51638774609209,1.9274906614602219,163520689.99267256,323.4236405441263
0.11235955056179775,61.51638774609209,1.9532496751496422,187499281.64220557,346.355960824611
0.1348314606741573,61.51638774609209,1.9788710103839648,214614038.78045934,370.67642239542727
0.15730337078651685,61.51638774609209,2.004226796542668,245171952.52264476,396.4293669319111
0.1797752808988764,61.51638774609209,1.9900856757457046,269079178.6757412,420.82613279649917
0.20224719101123595,61.51638774609209,1.827605420728574,262541169.1989083,441.54896759236317
0.2247191011235955,61.51638774609209,1.672166095206883,267861093.0690295,473.6051119636702
0.24719101123595505,61.51638774609209,1.5245567944028264,283571896.66308725,517.6913998306421
0.2696629213483146,61.51638774609209,1.3850782737718124,309375959.24574304,575.0579177554758
0.29213483146067415,61.51638774609209,1.2543982202537487,345864222.0616475,647.4206716583925
0.3146067415730337,61.51638774609209,1.1330501730450033,394204554.6865143,736.8873946001899
0.33707865168539325,61.51638774609209,1.0207134788569425,455599502.7145373,845.8047966895471
0.3595505617977528,61.51638774609209,0.9172710996065918,531471895.25346303,976.7864509862948
0.38202247191011235,61.51638774609209,0.8226895668742463,623615250.1484712,1132.8827484437697
0.4044943820224719,61.51638774609209,0.7360635313403906,732680153.3096807,1316.9766338917725
0.42696629213483145,61.51638774609209,0.6574558901635191,861095915.1833799,1533.3270237456707
0.449438202247191,61.51638774609209,0.5862232813889956,1010589170.2903442,1786.5818327197749
0.47191011235955055,61.51638774609209,0.5218868037055625,1183997332.9767003,2082.9072198312283
0.4943820224719101,61.51638774609209,0.4637972028314292,1383765598.0436292,2429.3289172812933
0.5168539325842696,61.51638774609209,0.4117257190937559,1617731092.270125,2837.639674054957
0.5393258426966292,61.51638774609209,0.36503623069302665,1892414849.4164202,3320.6511755132015
0.5617977528089888,61.51638774609209,0.3220387642204167,2181361400.8876133,3870.639969180657
0.5842696629213483,61.51638774609209,0.2818439870012601,2436387012.9049377,4463.473020458514
0.6067415730337078,61.51638774609209,0.24511964397933134,2644825825.389229,5095.903650839668
0.6292134831460674,61.51638774609209,0.21238606895363707,2816785669.1481395,5780.332625306892
0.651685393258427,61.51638774609209,0.18340590962359896,2941997236.8789496,6512.4077317725505
0.6741573033707865,61.51638774609209,0.15791689137007708,3012933709.6657705,7286.191909638785
0.696629213483146,61.51638774609209,0.13083795443200327,2376338732.884334,7298.985138524367
0.7191011235955056,61.51638774609209,0.1088628866324771,1856158183.289247,7271.131642470173
0.7415730337078652,61.51638774609209,0.09092036867977396,1432129952.43518,7195.8492703565835
0.7640449438202247,61.51638774609209,0.07632400541448317,1102977994.6831334,7107.770090759942
0.7865168539325842,61.51638774609209,0.06433939727979002,841802631.7583058,6985.377081008776
0.8089887640449438,61.51638774609209,0.0544409997583464,633281289.5465729,6813.746180081686
0.8314606741573034,61.51638774609209,0.046318568326362025,476562207.6134608,6640.4767749877465
0.8539325842696629,61.51638774609209,0.039554357165204404,351849520.1531481,6408.2920445482005
0.8764044943820224,61.51638774609209,0.033971043048238406,259842449.15499854,6178.048800147771
0.898876404494382,61.51638774609209,0.029298004380014037,188218820.38929638,5895.107372501627
0.9213483146067416,61.51638774609209,0.025378441113746306,133445667.73560631,5560.282575028392
0.9438202247191011,61.51638774609209,0.022121164907668914,94892747.44739708,5244.012424886377
0.9662921348314606,61.51638774609209,0.019367874732429124,65778915.072169006,4876.777326663353
0.9887640449438202,61.51638774609209,0.01703806482520761,44469142.405557014,4471.001586138486
1.0112359550561798,61.51638774609209,0.015071311520588071,29656626.29328233,4062.3347260944115
1.0337078651685392,61.51638774609209,0.013396105033211762,19225207.354068052,3629.641084705566
1.0561797752808988,61.51638774609209,0.011969950034909575,12216013.702001402,3200.990592837561
1.0786516853932584,61.51638774609209,0.010746000567589117,7506914.441102578,2765.7167015272944
1.101123595505618,61.51638774609209,0.009693955236975887,4478592.069652602,2344.244110498565
1.1235955056179776,61.51638774609209,0.008784461401038321,2576108.215286994,1940.7625480055403
1.146067415730337,61.51638774609209,0.008001443902018755,1465921.295246409,1589.9255299372942
1.1685393258426966,61.51638774609209,0.007317626307005998,801464.6498366093,1267.9999352312652
1.1910112359550562,61.51638774609209,0.006722082931278313,431047.92971778935,996.3831976450563
1.2134831460674156,61.51638774609209,0.006201161088957427,229077.46869849353,772.9425407211714
1.2359550561797752,61.51638774609209,0.005738762611286928,116866.13216102922,582.0320180576033
1.2584269662921348,61.51638774609209,0.0053363845174580265,62088.59112638138,445.277499625837
1.2808988764044944,61.51638774609209,0.004974403852698231,31659.846939075447,330.2594013442479
1.303370786516854,61.51638774609209,0.004656848237464953,16986.224763666585,250.3859834376457
1.3258426966292134,61.51638774609209,0.0043693964223936455,8931.711378404001,186.14856960833268
1.348314606741573,61.51638774609209,0.004116336497005156,5029.200542046506,143.0704070415212
1.3707865168539326,61.51638774609209,0.003885098362091676,2797.8809917550507,108.34840051306935
1.393258426966292,61.51638774609209,0.0036765473509691674,1606.1285908608668,83.01229094438368
1.4157303370786516,61.51638774609209,0.003489102203949192,966.0379005682285,65.00050876133666
1.4382022471910112,61.51638774609209,0.003317613930098934,591.6002491242338,51.119881759402446
1.4606741573033708,61.51638774609209,0.0031617965922624038,375.9148701671794,40.8862143945738
1.4831460674157304,61.51638774609209,0.003015630121119412,236.39757662118066,32.260796010046384
1.5056179775280898,61.51638774609209,0.0028877847029484044,164.28509119828917,27.01865380380963
1.5280898876404494,61.51638774609209,0.002767153418894619,113.18725807742149,22.37243623540288
1.550561797752809,61.51638774609209,0.0026551278911727295,79.35893503353041,18.639362350135983
1.5730337078651684,61.51638774609209,0.002552293435342218,57.50409898043799,15.799442172169687
1.595505617977528,61.51638774609209,0.002456228584563607,42.27425913447081,13.458744726698184
1.6179775280898876,61.51638774609209,0.002368225526534111,32.169245545678024,11.69276039377772
1.6404494382022472,61.51638774609209,0.0022851276961900683,24.64114570554891,10.160518547605573
1.6629213483146068,61.51638774609209,0.002208579132090768,19.416715099764076,8.975108044032627
1.6853932584269662,61.51638774609209,0.002136139356199376,15.407509556363598,7.937087436885504
1.7078651685393258,61.51638774609209,0.00206904527874861,12.509717891729615,7.114165247355739
1.7303370786516854,61.51638774609209,0.002005285738474194,10.21341476593161,6.380461065285072
1.7528089887640448,61.51638774609209,0.0019455999020341576,8.468304452050175,5.771273289557828
1.7752808988764044,61.51638774609209,0.0018901029176652702,7.152375271321943,5.280068041134808
1.797752808988764,61.51638774609209,0.001834679312430039,5.927394707862109,4.742231392812271
1.8202247191011236,61.51638774609209,0.0017855650765309428,5.122262450849177,4.393008434576362
1.8426966292134832,61.51638774609209,0.0017386281100388724,4.444293030655911,4.072363451290866
1.8651685393258426,61.51638774609209,0.001693150932190077,3.851460986558064,3.7614447823128687
1.8876404494382022,61.51638774609209,0.0016502348380100307,3.371585724738719,3.495139907101544
1.9101123595505618,61.51638774609209,0.0016093489671014142,2.9698947035129817,3.257177794486772
1.9325842696629212,61.51638774609209,0.0015697821935786956,2.6183213845413036,3.0304860965476696
1.9550561797752808,61.51638774609209,0.0015337350662827703,2.3566252345640906,2.8654010525459617
1.9775280898876404,61.51638774609209,0.0014986770526423583,2.1196134539264566,2.702347955031626
2.0,61.51638774609209,0.0014632945736373932,1.885769970516739,2.5181887906724754
0.0,68.3694970864984,1.7710968712024224,69001248.08637908,213.6285840235209
0.02247191011235955,68.3694970864984,1.7973191597137828,79751438.53626154,229.4197838253129
0.0449438202247191,68.3694970864984,1.8234403434630833,92034128.56806266,246.25017519090127
0.06741573033707865,68.3694970864984,1.8494548627492324,106039557.62800756,264.1713630263996
0.0898876404494382,68.3694970864984,1.875357345424416,121976249.38044848,283.2354996679834
0.11235955056179775,68.3694970864984,1.9011425854817703,140071769.03832436,303.4949954713865
0.1348314606741573,68.3694970864984,1.9268055766277046,160573315.24123108,325.00219060330767
0.15730337078651685,68.3694970864984,1.9523414408483928,183748064.87969294,347.80896579360245
0.1797752808988764,68.3694970864984,1.9777366260539262,209881372.2193626,371.96569743427455
0.20224719101123595,68.3694970864984,1.9655019118197663,231468421.3894806,395.721581627321
0.2247191011235955,68.3694970864984,1.800361192140183,229300658.43234795,419.355346454003
0.24719101123595505,68.3694970864984,1.6431066116394324,238060119.99024567,454.6726879949421
0.2696629213483146,68.3694970864984,1.494036091639002,256618056.17872438,502.5230618756234
0.29213483146067415,68.3694970864984,1.354054751138591,285132162.7898221,564.3541465645939
0.3146067415730337,68.3694970864984,1.223386361810056,324365061.8669345,642.0571809239948
0.33707865168539325,68.3694970864984,1.1027370067882736,375781037.49175376,737.945359920414
0.3595505617977528,68.3694970864984,0.9913631771792438,440647401.2006206,854.5396831146949
0.38202247191011235,68.3694970864984,0.8892320709140724,520609329.6430146,994.6759500078628
0.4044943820224719,68.3694970864984,0.7958021816287422,616948233.2530694,1161.3300281372685
0.42696629213483145,68.3694970864984,0.7110604142555197,731921693.5417378,1358.389216597116
0.449438202247191,68.3694970864984,0.6341222955441169,866641184.4644402,1589.7798958067156
0.47191011235955055,68.3694970864984,0.564586231477292,1023517969.0891814,1860.9108432735222
0.4943820224719101,68.3694970864984,0.5019078654645909,1205510235.5044382,2178.55470658066
0.5168539325842696,68.3694970864984,0.4456090158392079,1417463216.538148,2551.9490303145117
0.5393258426966292,68.3694970864984,0.3950566755058349,1664250821.1751542,2991.928216587981
0.5617977528089888,68.3694970864984,0.34954197124973563,1948239711.6136475,3509.4356358476894
0.5842696629213483,68.3694970864984,0.3069648744406952,2217661397.558977,4078.5359005060286
0.6067415730337078,68.3694970864984,0.26770466429964557,2448285858.3325434,4689.356929361104
0.6292134831460674,68.3694970864984,0.23236155908618011,2638971608.17652,5346.499811028625
0.651685393258427,68.3694970864984,0.20086497840684095,2778086470.1984963,6044.144647594848
0.6741573033707865,68.3694970864984,0.1733083829930888,2884460697.9244685,6801.8112173506115
0.696629213483146,68.3694970864984,0.14612020700865305,2562672700.216515,7170.802105670061
0.7191011235955056,68.3694970864984,0.1215073470770224,2012534217.0009553,7164.895842140836
0.7415730337078652,68.3694970864984,0.10141037516252013,1557041685.814506,7102.89755570914
0.7640449438202247,68.3694970864984,0.08508802725800926,1202380828.0375016,7027.039657824976
0.7865168539325842,68.3694970864984,0.07167089981508215,916586217.023662,6904.529511942946
0.8089887640449438,68.3694970864984,0.06066995189726983,695598187.5722872,6763.26148360588
0.8314606741573034,68.3694970864984,0.05155118608022115,518943378.96985835,6566.506424412767
0.8539325842696629,68.3694970864984,0.044041075646690075,386213120.9061156,6361.259728433942
0.8764044943820224,68.3694970864984,0.03777641015272543,281873893.9073563,6099.564616430145
0.898876404494382,68.3694970864984,0.032584535910881555,204981110.46133056,5831.28150848967
0.9213483146067416,68.3694970864984,0.02824573477643969,147141313.15290618,5533.057330062369
0.9438202247191011,68.3694970864984,0.02460866517807651,104147491.81112857,5206.964026080471
0.9662921348314606,68.3694970864984,0.021534177119933343,71689068.34531903,4825.789719986487
0.9887640449438202,68.3694970864984,0.018947911117576557,48725278.993539155,4435.947860015151
1.0112359550561798,68.3694970864984,0.016756344634421026,32374034.411446977,4022.8983962246425
1.0337078651685392,68.3694970864984,0.014890342627817668,20899184.907631315,3586.619212056609
1.0561797752808988,68.3694970864984,0.013306095640479305,13311434.942139614,3166.6891953273735
1.0786516853932584,68.3694970864984,0.011947261153863215,8218088.392668394,2742.4880134030245
1.101123595505618,68.3694970864984,0.010777467902188226,4906349.601236274,2325.2985644119426
1.1235955056179776,68.3694970864984,0.009764528664766282,2809084.5502964184,1920.2145855157387
1.146067415730337,68.3694970864984,0.008898125961483564,1624053.3663996684,1586.4584457800913
1.1685393258426966,68.3694970864984,0.008133764798112682,874246.5144953242,1254.5682309008937
1.1910112359550562,68.3694970864984,0.007474860556697167,477987.0761460297,994.7254269169226
1.2134831460674156,68.3694970864984,0.006894995237012249,253550.24955817073,770.8562997947319
1.2359550561797752,68.3694970864984,0.006384527115153435,132636.84069138806,588.7660836636445
1.2584269662921348,68.3694970864984,0.005930804062746365,67638.83589850875,440.0338923942466
1.2808988764044944,68.3694970864984,0.005532202758265291,35521.291680944516,331.9660652518879
1.303370786516854,68.3694970864984,0.0051756957033707255,18566.39957825991,247.85475513323655
1.3258426966292134,68.3694970864984,0.004859556282557663,10060.2227319001,187.57876888850953
1.348314606741573,68.3694970864984,0.004575944844948759,5559.29188377043,142.55747001575273
1.3707865168539326,68.3694970864984,0.004318959404544411,3097.9052362807274,108.06566073331713
1.393258426966292,68.3694970864984,0.004087975078314435,1794.471947694202,83.25966558891479
1.4157303370786516,68.3694970864984,0.0038784608076449364,1068.4345977960522,64.78190979220632
1.4382022471910112,68.3694970864984,0.0036873060822063507,651.4231436956276,50.80214196285712
1.4606741573033708,68.3694970864984,0.0035127637665206936,408.78068851979157,40.30002723540549
1.4831460674157304,68.3694970864984,0.003354813960875706,268.9322167620618,32.75131855816005
1.5056179775280898,68.3694970864984,0.003209529030354342,181.2467013351499,26.878595299776087
1.5280898876404494,68.3694970864984,0.0030756179322555563,125.15568171005022,22.289049554535833
1.550561797752809,68.3694970864984,0.002950334475926031,87.1466055183117,18.48088679458898
1.5730337078651684,68.3694970864984,0.00283671909047125,63.59743228534152,15.741215719904105
1.595505617977528,68.3694970864984,0.002731189295100984,47.33283351528896,13.526155642344326
1.6179775280898876,68.3694970864984,0.0026330916118407345,35.931765335266576,11.731857222439164
1.6404494382022472,68.3694970864984,0.002540368203708624,27.43677066919443,10.171641512233442
1.6629213483146068,68.3694970864984,0.002454501333896659,21.469026974280748,8.938596925666959
1.6853932584269662,68.3694970864984,0.0023746819180222914,17.149378279586276,7.943977224641617
1.7078651685393258,68.3694970864984,0.0022993948431044913,13.83760505374268,7.086621318123996
1.7303370786516854,68.3694970864984,0.002228855541871465,11.333301910329988,6.3710444270252555
1.7528089887640448,68.3694970864984,0.002162369532672838,9.386570545654704,5.757684567327984
1.7752808988764044,68.3694970864984,0.0021001463940719498,7.892396255624367,5.2485472317199005
1.797752808988764,68.3694970864984,0.0020398710671627124,6.6164663266513895,4.7578650254768915
1.8202247191011236,68.3694970864984,0.001983811323850707,5.64826938338222,4.363530330325507
1.8426966292134832,68.3694970864984,0.0019322371317325707,4.925749376113463,4.061954367321858
1.8651685393258426,68.3694970864984,0.0018826520039888705,4.303016049713251,3.777284329872468
1.8876404494382022,68.3694970864984,0.001834679312430039,3.758658560530567,3.503488100468073
1.9101123595505618,68.3694970864984,0.0017875651687498393,3.267429726782211,3.2277165497232567
1.9325842696629212,68.3694970864984,0.0017457056509456485,2.929338366219915,3.0475276939169924
1.9550561797752808,68.3694970864984,0.0017044117174608146,2.611583907551852,2.8572903671514394
1.9775280898876404,68.3694970864984,0.0016661167322150256,2.3612601979299557,2.707437395784228
2.0,68.3694970864984,0.0016278965643492403,2.118331576404271,2.5423703881439446
0.0,75.98606327722256,1.7187732068355484,51037384.70042391,186.51450405007614
0.02247191011235955,75.98606327722256,1.7450024606797283,59073311.547440276,200.4033938744591
0.0449438202247191,75.98606327722256,1.7711348568807117,68270497.4754418,215.21877090809875
0.06741573033707865,75.98606327722256,1.797164694446953,78775904.55470252,231.00803823710936
0.0898876404494382,75.98606327722256,1.8230864314495172,90751112.93417202,247.81928523811462
0.11235955056179775,75.98606327722256,1.8488946726019917,104373024.52115606,265.7010480673586
0.1348314606741573,75.98606327722256,1.8745842564893003,119834461.75632899,284.70204056641194
0.15730337078651685,75.98606327722256,1.9001500967340725,137344570.8572348,304.87081623482146
0.1797752808988764,75.98606327722256,1.9255874406289015,157129084.04137766,326.2554219145035
0.20224719101123595,75.98606327722256,1.9508915998297063,179430243.92530766,348.90295083058083
0.2247191011235955,75.98606327722256,1.9402939522439004,198761712.58553317,371.94584738702275
0.24719101123595505,75.98606327722256,1.7725585580791088,200137740.27685302,398.35950952216086
0.2696629213483146,75.98606327722256,1.6132944434361023,211622515.0473758,436.85649358809565
0.29213483146067415,75.98606327722256,1.4631727794929077,232548744.6730935,488.4678276067264
0.3146067415730337,75.98606327722256,1.3228283480257241,263332849.968421,554.8250561112267
0.33707865168539325,75.98606327722256,1.1928314730537999,305117592.68673044,638.0406476727773
0.3595505617977528,75.98606327722256,1.072561926428522,359187061.9335936,740.5706511999092
0.38202247191011235,75.98606327722256,0.9624703402454636,427451809.93089134,865.2410991432313
0.4044943820224719,75.98606327722256,0.8615750914289931,511217135.2609127,1014.9464729714108
0.42696629213483145,75.98606327722256,0.7697693072747146,612278947.8170443,1193.0631069360813
0.449438202247191,75.98606327722256,0.6865682999415689,732410327.7847786,1403.502140086109
0.47191011235955055,75.98606327722256,0.6113492676469813,873429279.4679412,1650.901749499584
0.4943820224719101,75.98606327722256,0.5435395927411459,1037768225.2674487,1941.1665125394352
0.5168539325842696,75.98606327722256,0.48252530750574263,1228430777.9910924,2281.690930957547
0.5393258426966292,75.98606327722256,0.42785038465312736,1451057328.2661154,2683.0242420822947
0.5617977528089888,75.98606327722256,0.37888846607501314,1711684520.2131252,3157.784229072336
0.5842696629213483,75.98606327722256,0.3340673734199295,1990723739.8735251,3702.175673111599
0.6067415730337078,75.98606327722256,0.2921437339652832,2235902840.120689,4287.5479915463575
0.6292134831460674,75.98606327722256,0.2540577860790914,2442537080.054764,4916.520186159415
0.651685393258427,75.98606327722256,0.22011569516709947,2611193046.3436713,5594.683088610753
0.6741573033707865,75.98606327722256,0.19009078048199976,2731613348.9462714,6316.664432378876
0.696629213483146,75.98606327722256,0.16331678510417758,2752476140.6450677,7027.620245326211
0.7191011235955056,75.98606327722256,0.13566331699099765,2169908444.9143004,7039.089959412427
0.7415730337078652,75.98606327722256,0.11321428636446891,1693200867.1308224,7008.537039766926
0.7640449438202247,75.98606327722256,0.09488307702332521,1305797793.4971619,6932.956864659959
0.7865168539325842,75.98606327722256,0.07992268618465678,1002117824.3978399,6835.053202170712
0.8089887640449438,75.98606327722256,0.0675708475152323,756087833.2052703,6679.516486094987
0.8314606741573034,75.98606327722256,0.05745562581575775,570821375.4584502,6522.0377419382
0.8539325842696629,75.98606327722256,0.0490583693567658,424307026.8578593,6315.92494228617
0.8764044943820224,75.98606327722256,0.04207960949725268,310948317.6413034,6068.718568497629
0.898876404494382,75.98606327722256,0.03628715039387776,226296092.91607556,5804.708367825662
0.9213483146067416,75.98606327722256,0.031432233780564964,161353407.604672,5490.731208542196
0.9438202247191011,75.98606327722256,0.02736287719533261,113103226.15210554,5143.112727772444
0.9662921348314606,75.98606327722256,0.023967050878925106,79248490.08429763,4808.285782899387
0.9887640449438202,75.98606327722256,0.02108590401094903,53897138.35901097,4421.522817867729
1.0112359550561798,75.98606327722256,0.01864153261916645,35696448.720845245,4003.620089117198
1.0337078651685392,75.98606327722256,0.016568341861844013,23185245.561086867,3580.6200768978442
1.0561797752808988,75.98606327722256,0.014796080179022876,14577931.695394022,3140.613357322434
1.0786516853932584,75.98606327722256,0.013281001334704428,8939373.221297719,2710.2585771660497
1.101123595505618,75.98606327722256,0.011981294475432756,5350114.573768844,2300.7470713265557
1.1235955056179776,75.98606327722256,0.010865035861522262,3154848.8714082683,1929.8737672560621
1.146067415730337,75.98606327722256,0.009894048640309572,1786825.2424078004,1577.0137729306368
1.1685393258426966,75.98606327722256,0.009047241871549368,975428.0822302232,1256.6194508582944
1.1910112359550562,75.98606327722256,0.008310945418028692,526304.4595397485,989.1517018852486
1.2134831460674156,75.98606327722256,0.007663562602647677,275786.6821617842,761.2762765808213
1.2359550561797752,75.98606327722256,0.007094020164395942,142626.3140503159,577.609887367894
1.2584269662921348,75.98606327722256,0.006594774984494277,75101.5431484946,439.6131930411029
1.2808988764044944,75.98606327722256,0.006149650581429811,38986.46081992385,329.4259689428227
1.303370786516854,75.98606327722256,0.005755700457318809,20759.264380242326,248.64223649728487
1.3258426966292134,75.98606327722256,0.005403320337214387,11190.37753513793,187.60537389420517
1.348314606741573,75.98606327722256,0.005082315049828256,5913.824596070098,138.77866826879435
1.3707865168539326,75.98606327722256,0.004801583987674197,3433.8775258838427,107.85273581279661
1.393258426966292,75.98606327722256,0.004542853307505992,1958.2084477745534,82.28943632956612
1.4157303370786516,75.98606327722256,0.004310988937232985,1177.3281183176887,64.41161379069874
1.4382022471910112,75.98606327722256,0.0041002490682046765,729.5590072684747,51.03555721047752
1.4606741573033708,75.98606327722256,0.003906143105819644,457.84815454343413,40.49035655563193
1.4831460674157304,75.98606327722256,0.0037286337260043004,296.3128239355263,32.55486183288333
1.5056179775280898,75.98606327722256,0.003567639731294109,200.71075529314382,26.805575673024677
1.5280898876404494,75.98606327722256,0.0034191173615682885,139.07610718424405,22.279993575914514
1.550561797752809,75.98606327722256,0.003281722315746694,98.47827344985838,18.68818978950866
1.5730337078651684,75.98606327722256,0.0031529793838534284,70.37610051712045,15.688928954450603
1.595505617977528,75.98606327722256,0.0030367810509808095,52.898039553596256,13.575534625124094
1.6179775280898876,75.98606327722256,0.0029255285106351914,39.41940609852138,11.61924400431797
1.6404494382022472,75.98606327722256,0.0028235104639343345,30.379429447406146,10.14095843171472
1.6629213483146068,75.98606327722256,0.002729324632784592,24.0279570240399,8.982565737010619
1.6853932584269662,75.98606327722256,0.002640080833764074,19.114373326906815,7.95887919373081
1.7078651685393258,75.98606327722256,0.0025551442766830667,15.270760720280707,7.046384234926464
1.7303370786516854,75.98606327722256,0.0024773657107660467,12.573074657722252,6.360321085969697
1.7528089887640448,75.98606327722256,0.0024028366140916935,10.364225788801216,5.726460346120508
1.7752808988764044,75.98606327722256,0.0023339289612300295,8.733553947138812,5.228858334130441
1.797752808988764,75.98606327722256,0.002267516362934232,7.3558806848458955,4.757784359038008
1.8202247191011236,75.98606327722256,0.0022069756442686336,6.364514042727866,4.412128854785386
1.8426966292134832,75.98606327722256,0.0021468850370887525,5.4370573646089575,4.037615686588677
1.8651685393258426,75.98606327722256,0.002091989293623908,4.758104706071999,3.7599903006983495
1.8876404494382022,75.98606327722256,0.0020373082857506044,4.1163358182314544,3.4584801723362935
1.9101123595505618,75.98606327722256,0.0019875466704543376,3.6464479134087235,3.2384751751970837
1.9325842696629212,75.98606327722256,0.0019401799727229597,3.2499713164789723,3.04199277066073
1.9550561797752808,75.98606327722256,0.00189467045867468,2.905551466227348,2.859194850892948
1.9775280898876404,75.98606327722256,0.001851957662838639,2.624504168109644,2.706894329989711
2.0,75.98606327722256,0.001809994708608821,2.362951834505343,2.5502529147243957
0.0,84.45113769178649,1.6663307868959338,37642270.72125228,162.68637787492275
0.02247191011235955,84.45113769178649,1.6925626531409437,43632692.1056575,174.88984141866337
0.0449438202247191,84.45113769178649,1.7187021327990362,50500696.559157304,187.91842393959087
0.06741573033707865,84.45113769178649,1.7447433524799494,58359493.58383365,201.8155790650649
0.0898876404494382,84.45113769178649,1.7706806275657063,67333939.60771897,216.62555682274044
0.11235955056179775,84.45113769178649,1.7965083862014959,77561167.51828256,232.39319943642235
0.1348314606741573,84.45113769178649,1.8222212273608138,89191149.318787,249.16371662778997
0.15730337078651685,84.45113769178649,1.8478139761186072,102387151.18601485,266.9824204875248
0.1797752808988764,84.45113769178649,1.8732816215317682,117326030.33711584,285.8944068213767
0.20224719101123595,84.45113769178649,1.898619348432231,134198358.37522079,305.9441986733392
0.2247191011235955,84.45113769178649,1.9238225188099167,153208310.39255032,327.1753352505881
0.24719101123595505,84.45113769178649,1.9144661870450916,170384919.57135266,349.4570819097282
0.2696629213483146,84.45113769178649,1.7441741785632234,174582330.7336736,378.5191731517942
0.29213483146067415,84.45113769178649,1.583037421899024,188228844.82467675,420.1267925932296
0.3146067415730337,84.45113769178649,1.4320114609841275,211050303.9538795,475.4886056435491
0.33707865168539325,84.45113769178649,1.2914333614998856,243713684.28953293,546.4420385777107
0.3595505617977528,84.45113769178649,1.1618437137419075,287591043.74702144,635.2995646094334
0.38202247191011235,84.45113769178649,1.042327522455969,344108920.3955193,744.7268550919961
0.4044943820224719,84.45113769178649,0.933523834022377,415418658.9652387,877.764511110981
0.42696629213483145,84.45113769178649,0.8343570468044023,503122584.0878417,1037.6347226786156
0.449438202247191,84.45113769178649,0.7441130830373633,608556410.0855871,1227.7149405834105
0.47191011235955055,84.45113769178649,0.6626332881358511,733971379.7451857,1452.4331430922734
0.4943820224719101,84.45113769178649,0.5890513369209939,880738876.8125341,1716.5357781596867
0.5168539325842696,84.45113769178649,0.5231078029746477,1053121089.2904316,2027.623354751919
0.5393258426966292,84.45113769178649,0.4638682087333348,1253590707.0907617,2393.460226566258
0.5617977528089888,84.45113769178649,0.41075085351838103,1486732423.2889905,2824.7367264242152
0.5842696629213483,84.45113769178649,0.3632681720744633,1759988416.892093,3336.1232847056635
0.6067415730337078,84.45113769178649,0.3187461065634982,2017662336.8384576,3896.923692952049
0.6292134831460674,84.45113769178649,0.27786471192430523,2241719302.0281715,4501.106944914691
0.651685393258427,84.45113769178649,0.2411131325815866,2426265622.9366164,5149.663812997448
0.6741573033707865,84.45113769178649,0.20850364438118144,2565902543.6322775,5841.889298426381
0.696629213483146,84.45113769178649,0.17991971029185233,2664892193.6162105,6584.270024467487
0.7191011235955056,84.45113769178649,0.15156333448988335,2328522096.64357,6896.668987207809
0.7415730337078652,84.45113769178649,0.12640523266985376,1828264019.7699115,6890.2538071378185
0.7640449438202247,84.45113769178649,0.10589568173227293,1418240675.8713977,6837.401532259685
0.7865168539325842,84.45113769178649,0.08910604963261429,1087055743.2943861,6740.004419067947
0.8089887640449438,84.45113769178649,0.07533888611263367,825888935.4048791,6609.54110209247
0.8314606741573034,84.45113769178649,0.06399866877060999,621054426.6674827,6443.741406533252
0.8539325842696629,84.45113769178649,0.054609585987252525,460537960.52243423,6234.309339269948
0.8764044943820224,84.45113769178649,0.04686081049990721,340508065.0007424,6016.04756760748
0.898876404494382,84.45113769178649,0.04039586907239184,247663781.96761993,5753.466897507814
0.9213483146067416,84.45113769178649,0.03498387978332137,176684077.47879663,5444.166002025605
0.9438202247191011,84.45113769178649,0.030459705368272926,124558943.45519596,5113.997281769414
0.9662921348314606,84.45113769178649,0.02665888708016078,86421742.19370063,4758.396333348186
0.9887640449438202,84.45113769178649,0.02345658727142038,59015416.739086375,4384.499954613769
1.0112359550561798,84.45113769178649,0.020736916505512203,39157875.83102557,3973.7698580301435
1.0337078651685392,84.45113769178649,0.018419270866458882,25140482.512882523,3533.0644745584827
1.0561797752808988,84.45113769178649,0.016456675418068983,16004539.000985455,3118.475472381216
1.0786516853932584,84.45113769178649,0.01477942277738705,9975160.373836547,2713.983108655588
1.101123595505618,84.45113769178649,0.013323214291604497,5862691.349679883,2282.1833751541076
1.1235955056179776,84.45113769178649,0.0120822646023067,3465795.9579715277,1916.77678488206
1.146067415730337,84.45113769178649,0.010995880090692196,1927003.4994412703,1550.7267786303187
1.1685393258426966,84.45113769178649,0.010058877520666198,1068111.6754428665,1245.7920687051108
1.1910112359550562,84.45113769178649,0.009239285712320681,574908.2771832339,979.2369755270875
1.2134831460674156,84.45113769178649,0.008522366141661169,305601.6217077726,759.6393863147412
1.2359550561797752,84.45113769178649,0.007887925994738598,157470.98690909165,575.1805152617347
1.2584269662921348,84.45113769178649,0.007329309052536523,81419.37907807894,433.1915469497714
1.2808988764044944,84.45113769178649,0.0068397999877427024,43701.56853737768,330.92482435389115
1.303370786516854,84.45113769178649,0.006399910095399208,23040.156202654933,248.33732076456548
1.3258426966292134,84.45113769178649,0.0060039488115755,12083.585285245694,184.3288792626217
1.348314606741573,84.45113769178649,0.005654279535057151,6730.65661013711,140.73404303107966
1.3707865168539326,84.45113769178649,0.0053363845174580265,3750.214955079893,106.66025130306268
1.393258426966292,84.45113769178649,0.005049998226966588,2160.9603828764753,81.89643531643807
1.4157303370786516,84.45113769178649,0.0047911519319061915,1289.4848520564933,63.79676179531279
1.4382022471910112,84.45113769178649,0.004554562588486266,785.2140481717912,49.979777459957646
1.4606741573033708,84.45113769178649,0.004343181273035307,510.6069199952031,40.56681991902816
1.4831460674157304,84.45113769178649,0.0041442383293439355,326.48784695122123,32.35891361575507
1.5056179775280898,84.45113769178649,0.003965517715558128,221.71950363184416,26.687962141344403
1.5280898876404494,84.45113769178649,0.0038005642314609036,153.9014513661048,22.207240336453655
1.550561797752809,84.45113769178649,0.0036462531170125003,107.68876642891006,18.474598260447898
1.5730337078651684,84.45113769178649,0.00350623305987033,78.8784697006019,15.776591894091029
1.595505617977528,84.45113769178649,0.0033756631985061005,58.667479411210635,13.550931473732064
1.6179775280898876,84.45113769178649,0.0032524113362445628,43.87405883600568,11.627631535935166
1.6404494382022472,84.45113769178649,0.0031400112715125657,34.07853447645453,10.206828001875751
1.6629213483146068,84.45113769178649,0.003032966276173389,26.490075873262988,8.92607230279726
1.6853932584269662,84.45113769178649,0.0029346135639755095,21.212068604309668,7.947445647553166
1.7078651685393258,84.45113769178649,0.0028423955142307705,17.222790823161038,7.1237817443887215
1.7303370786516854,84.45113769178649,0.0027534485204454744,13.929629653485668,6.342752903166388
1.7528089887640448,84.45113769178649,0.002672035448433788,11.601327679509525,5.7570280440904416
1.7752808988764044,84.45113769178649,0.0025941779001231206,9.691077087955199,5.220612149285684
1.797752808988764,84.45113769178649,0.002521395033974583,8.222003946661417,4.778380667215168
1.8202247191011236,84.45113769178649,0.0024527749464234474,7.050590717788472,4.398989443764378
1.8426966292134832,84.45113769178649,0.0023876011573901413,6.089761211956534,4.062633765187848
1.8651685393258426,84.45113769178649,0.00232394952155285,5.237629250119915,3.728368756474616
1.8876404494382022,84.45113769178649,0.0022648870088053815,4.583039365167119,3.4627255666731394
1.9101123595505618,84.45113769178649,0.002208579132090768,4.034381133800436,3.2247688232111233
1.9325842696629212,84.45113769178649,0.0021576307179781286,3.635135971174654,3.0582706422041634
1.9550561797752808,84.45113769178649,0.0021042888930173902,3.19440619929855,2.8307360456142447
1.9775280898876404,84.45113769178649,0.0020569549973385587,2.888373820427915,2.6820927499434624
2.0,84.45113769178649,0.0020112634048596385,2.6161515117605716,2.5405436617103954
0.0,93.85924668076544,1.6137743165525795,27678488.523745954,141.758630858254
0.02247191011235955,93.85924668076544,1.6400041159266354,32131012.735752862,152.46971280841817
0.0449438202247191,93.85924668076544,1.6661462016064736,37244845.661464386,163.9147961673679
0.06741573033707865,93.85924668076544,1.6921945462261467,43106939.54525085,176.13363648181837
0.0898876404494382,93.85924668076544,1.718143302430589,49813486.59457932,189.16686117074786
0.11235955056179775,93.85924668076544,1.7439866915569684,57470472.79345489,203.0557995489181
0.1348314606741573,93.85924668076544,1.7697192240113804,66194207.736503206,217.84231249257402
0.15730337078651685,93.85924668076544,1.795335468288703,76111744.14810826,233.5685480906918
0.1797752808988764,93.85924668076544,1.820830233199568,87361232.52477318,250.2766960998109
0.20224719101123595,93.85924668076544,1.846198519872926,100092126.31014524,268.00868050885737
0.2247191011235955,93.85924668076544,1.871435553041983,114465229.34987286,286.80581222263385
0.24719101123595505,93.85924668076544,1.8965366517267521,130652523.74775264,306.70838726625186
0.2696629213483146,93.85924668076544,1.8880267623038407,145819354.12451062,328.21108610733756
0.29213483146067415,93.85924668076544,1.715126768723972,152209771.96131602,359.79563149041155
0.3146067415730337,93.85924668076544,1.5523759074703267,167534458.82568383,404.439418834999
0.33707865168539325,93.85924668076544,1.4005978989663497,191837345.9441188,463.54475431123956
0.3595505617977528,93.85924668076544,1.2605153035437469,226124963.7164933,539.1443016212028
0.38202247191011235,93.85924668076544,1.1310336633613154,271753555.4652529,633.8357661119348
0.4044943820224719,93.85924668076544,1.0128398395463702,330683702.2828721,750.4780716360918
0.42696629213483145,93.85924668076544,0.9051434086750102,404768953.5509426,892.2579796502696
0.449438202247191,93.85924668076544,0.8072231535851881,495659501.03637475,1062.51195770823
0.47191011235955055,93.85924668076544,0.7189912283091229,605772493.0653435,1265.4228897482058
0.4943820224719101,93.85924668076544,0.6392841221838653,736368706.4816657,1505.2568993782734
0.5168539325842696,93.85924668076544,0.567608271786633,889877768.5057304,1787.8302943373599
0.5393258426966292,93.85924668076544,0.5033051428461172,1069259555.7776673,2120.4984021840796
0.5617977528089888,93.85924668076544,0.4457488270626929,1278790253.3205655,2512.965364592785
0.5842696629213483,93.85924668076544,0.3943694916711992,1525121574.16932,2978.4434293819763
0.6067415730337078,93.85924668076544,0.3474460196815046,1790399266.7524831,3513.5853024524945
0.6292134831460674,93.85924668076544,0.30374521308056424,2028472869.5839121,4092.425483534257
0.651685393258427,93.85924668076544,0.264150976989889,2232625027.7386327,4716.384901283233
0.6741573033707865,93.85924668076544,0.22873256897508937,2389495259.7202754,5378.747791648686
0.696629213483146,93.85924668076544,0.19759987387423875,2506926984.108625,6089.427273222502
0.7191011235955056,93.85924668076544,0.16950584279075576,2490120463.8481445,6741.62368807825
0.7415730337078652,93.85924668076544,0.14116660965070624,1959696293.8220963,6748.016898023325
0.7640449438202247,93.85924668076544,0.11819667811357987,1529319029.535816,6718.245043318608
0.7865168539325842,93.85924668076544,0.09940783933884302,1177568968.8340602,6639.380418832853
0.8089887640449438,93.85924668076544,0.08398441884892771,895015649.4447656,6514.549290161727
0.8314606741573034,93.85924668076544,0.0713062997116699,673826470.3878002,6356.371472942652
0.8539325842696629,93.85924668076544,0.06085396183788498,503199077.4342969,6171.22741204184
0.8764044943820224,93.85924668076544,0.052187572184074715,371304567.56691986,5950.709531697653
0.898876404494382,93.85924668076544,0.044967101044144794,269636728.4035417,5687.473717652804
0.9213483146067416,93.85924668076544,0.03893390168127449,192454742.24347073,5383.4634737273345
0.9438202247191011,93.85924668076544,0.033900260489379774,136201093.67993876,5066.735627988656
0.9662921348314606,93.85924668076544,0.029669467706483835,94767060.37951542,4721.212890897246
0.9887640449438202,93.85924668076544,0.026091175366570928,64258769.92743958,4335.195970196081
1.0112359550561798,93.85924668076544,0.023058635761931384,42453224.18967143,3920.512850284538
1.0337078651685392,93.85924668076544,0.020499043304835943,27825287.878952075,3522.3111081804286
1.0561797752808988,93.85924668076544,0.018313247979828175,17734905.911969583,3111.054451995732
1.0786516853932584,93.85924668076544,0.016427548652202504,10749239.852200607,2668.6045694179516
1.101123595505618,93.85924668076544,0.01481667630264165,6418309.845443661,2262.4720221557577
1.1235955056179776,93.85924668076544,0.013433892783186397,3777315.821637727,1895.6084724411091
1.146067415730337,93.85924668076544,0.01223378786360164,2149230.307339146,1552.6693587225197
1.1685393258426966,93.85924668076544,0.011188285439901243,1183413.8148731468,1242.9204595608512
1.1910112359550562,93.85924668076544,0.010273518410267395,631162.7113825611,972.0591002782184
1.2134831460674156,93.85924668076544,0.009473598402858201,332303.47133678343,749.9939033538614
1.2359550561797752,93.85924668076544,0.008774019295524354,176074.4401205323,576.8525302183281
1.2584269662921348,93.85924668076544,0.008151427851652812,90666.89416889292,433.4616489295937
1.2808988764044944,93.85924668076544,0.00759884418812032,46602.30379040167,322.9050973074241
1.303370786516854,93.85924668076544,0.007113424356896347,25091.560495721704,245.26637833185467
1.3258426966292134,93.85924668076544,0.006673201892083916,13173.24795059426,182.13690907127207
1.348314606741573,93.85924668076544,0.006283028025759286,7276.585634666788,138.3394805171125
1.3707865168539326,93.85924668076544,0.005934269464777738,4186.156559371203,106.90007189776613
1.393258426966292,93.85924668076544,0.005612830063877101,2365.5668101742867,81.09430806882571
1.4157303370786516,93.85924668076544,0.005327333326024043,1435.4649591921045,63.8365009920764
1.4382022471910112,93.85924668076544,0.005062876458681295,866.2040306411444,49.722193576737034
1.4606741573033708,93.85924668076544,0.004824622028735856,550.7890420446116,39.772209030069796
1.4831460674157304,93.85924668076544,0.004608422349136273,365.13873466682486,32.4803661707934
1.5056179775280898,93.85924668076544,0.004408809855297245,246.49236646074868,26.68325750368503
1.5280898876404494,93.85924668076544,0.004223129111189251,168.4198245624225,21.967161680167653
1.550561797752809,93.85924668076544,0.004052594901637984,118.76521160871513,18.369943316115943
1.5730337078651684,93.85924668076544,0.003898380108539604,87.91477744180445,15.8022237213392
1.595505617977528,93.85924668076544,0.0037506276741912183,64.24245826614856,13.404113240582316
1.6179775280898876,93.85924668076544,0.003616703663449743,49.09652937450808,11.680980415479603
1.6404494382022472,93.85924668076544,0.003489102203949192,37.464196580349004,10.122159288393826
1.6629213483146068,93.85924668076544,0.003371136913666248,29.33544074948251,8.899155039463688
1.6853932584269662,93.85924668076544,0.003261893586207586,23.510657123955973,7.92829639331193
1.7078651685393258,93.85924668076544,0.003159073427168674,19.055247973976545,7.096756078058984
1.7303370786516854,93.85924668076544,0.0030608931099018353,15.48497209562189,6.341708974809477
1.7528089887640448,93.85924668076544,0.002970951193521448,12.9446668386769,5.772988958802163
1.7752808988764044,93.85924668076544,0.002885143188737114,10.864523080901044,5.255213863985099
1.797752808988764,93.85924668076544,0.002802682448553551,9.12958882629928,4.773209425316236
1.8202247191011236,93.85924668076544,0.00272677531240608,7.847657560330912,4.402877501966756
1.8426966292134832,93.85924668076544,0.002653229236253149,6.734154405863544,4.044188443382704
1.8651685393258426,93.85924668076544,0.0025842732698222,5.854909706949452,3.7454604289552558
1.8876404494382022,93.85924668076544,0.002519626246398324,5.153491746703683,3.4965375589433165
1.9101123595505618,93.85924668076544,0.002456228584563607,4.515088040774269,3.2432772602767375
1.9325842696629212,93.85924668076544,0.0023977581285245094,4.025907666577392,3.0477620863091985
1.9550561797752808,93.85924668076544,0.002341003062223675,3.5889987888047497,2.8574079716633056
1.9775280898876404,93.85924668076544,0.0022871396495138564,3.222621698008422,2.690653615760567
2.0,93.85924668076544,0.0022365581234099394,2.9223007220046875,2.5515009830975734
0.0,104.3154471125328,1.5611091194455635,20286372.011697583,123.38991741505826
0.02247191011235955,104.3154471125328,1.5873318248514952,23585523.847568296,132.78038609367118
0.0449438202247191,104.3154471125328,1.6134717163140524,27381496.50888459,142.82300916322683
0.06741573033707865,104.3154471125328,1.6395225775213742,31740864.206196707,153.554082337764
0.0898876404494382,104.3154471125328,1.6654783961921764,36737503.16834358,165.010826147286
0.11235955056179775,104.3154471125328,1.691333284958281,42453076.1541848,177.2312507403391
0.1348314606741573,104.3154471125328,1.7170815140459315,48977492.18946888,190.25400406579945
0.15730337078651685,104.3154471125328,1.7427175023190282,56409316.70341275,204.11818741967065
0.1797752808988764,104.3154471125328,1.768235880515822,64856119.934642896,218.8631433535724
0.20224719101123595,104.3154471125328,1.7936314309955457,74434726.24736428,234.52819868101665
0.2247191011235955,104.3154471125328,1.818899201815384,85271359.96236342,251.15237730192598
0.24719101123595505,104.3154471125328,1.8440343758215103,97501625.04976495,268.7740560305227
0.2696629213483146,104.3154471125328,1.8690323511606297,111270321.35318132,287.4305839773365
0.29213483146067415,104.3154471125328,1.8609897511235558,124598360.83188592,308.1613912300271
0.3146067415730337,104.3154471125328,1.6855767495693124,132657703.63100898,342.14169215590914
0.33707865168539325,104.3154471125328,1.5213571911991368,149228197.04102027,389.7466887465063
0.3595505617977528,104.3154471125328,1.3689747318555954,174650574.73930275,452.59211357025885
0.38202247191011235,104.3154471125328,1.2288551151958873,210143722.8126674,532.9410985929699
0.4044943820224719,104.3154471125328,1.1004121147416657,257389990.28123996,633.6073992346622
0.42696629213483145,104.3154471125328,0.9834134087925375,318398065.1343406,757.7109157362678
0.449438202247191,104.3154471125328,0.8772000214536675,395185775.26026577,908.6503787619314
0.47191011235955055,104.3154471125328,0.7810354834338421,489588819.4784158,1090.0506583530707
0.4943820224719101,104.3154471125328,0.6944422859529671,603704983.5425302,1306.1988221767324
0.5168539325842696,104.3154471125328,0.6165542855968401,739357408.426785,1562.0285909448514
0.5393258426966292,104.3154471125328,0.546695219925999,899024598.5503339,1863.9140453855437
0.5617977528089888,104.3154471125328,0.48427996494679687,1086890008.7218134,2220.7629603052833
0.5842696629213483,104.3154471125328,0.42832886572729306,1305127550.1936405,2641.590248496905
0.6067415730337078,104.3154471125328,0.3783202791235024,1559142491.2656567,3139.6603911476655
0.6292134831460674,104.3154471125328,0.331887331410993,1807608097.0352614,3692.917626301513
0.651685393258427,104.3154471125328,0.28920805488011303,2023037135.6964207,4287.358261943466
0.6741573033707865,104.3154471125328,0.2508933151204142,2199546217.8935823,4923.560106610666
0.696629213483146,104.3154471125328,0.2170487033536182,2337344884.949703,5605.835448458039
0.7191011235955056,104.3154471125328,0.18736793774541785,2430803539.4156666,6330.997819251766
0.7415730337078652,104.3154471125328,0.15775809358696674,2088766736.5201197,6587.516386853857
0.7640449438202247,104.3154471125328,0.1319931020072564,1640705472.2377307,6582.326931445194
0.7865168539325842,104.3154471125328,0.11090964301905953,1266392871.5824242,6515.8467196101665
0.8089887640449438,104.3154471125328,0.09366453842574307,967188476.4462909,6410.106168998605
0.8314606741573034,104.3154471125328,0.07952277788117153,733328758.389256,6276.87990647927
0.8539325842696629,104.3154471125328,0.06779032432559831,544684559.4664391,6080.532009434206
0.8764044943820224,104.3154471125328,0.05814198467704888,404540483.9566847,5882.260358861552
0.898876404494382,104.3154471125328,0.050089997263075295,294694782.7124608,5631.337050915231
0.9213483146067416,104.3154471125328,0.04336714855083269,211185299.98603216,5341.3126606307505
0.9438202247191011,104.3154471125328,0.03774921417184219,149461585.2689741,5027.737616429242
0.9662921348314606,104.3154471125328,0.033007882502988035,102827789.60718285,4659.431214677531
0.9887640449438202,104.3154471125328,0.029026937605771675,69911835.0922422,4284.170499111483
1.0112359550561798,104.3154471125328,0.02566870694590418,46882018.964634165,3903.476029094176
1.0337078651685392,104.3154471125328,0.022806379165085922,30456037.515500158,3491.4079130410414
1.0561797752808988,104.3154471125328,0.020362116222795195,19177371.879870567,3064.5510956758294
1.0786516853932584,104.3154471125328,0.01827474555202359,11799280.190804489,2649.069018842375
1.101123595505618,104.3154471125328,0.016485052557181062,7092748.218765259,2253.83064047616
1.1235955056179776,104.3154471125328,0.014943461940258359,4159888.27292374,1884.9427605887931
1.146067415730337,104.3154471125328,0.013596444623688454,2303666.422816761,1521.534612014646
1.1685393258426966,104.3154471125328,0.01243321275883406,1264785.9618545142,1215.8338588449467
1.1910112359550562,104.3154471125328,0.011421966686686491,687013.9375693009,960.3156289024782
1.2134831460674156,104.3154471125328,0.010536754587955041,367983.2106823108,748.0138114017059
1.2359550561797752,104.3154471125328,0.009755791409465269,193106.21024268956,572.1912332866096
1.2584269662921348,104.3154471125328,0.009064924640283339,100272.32770818436,431.99722735949985
1.2808988764044944,104.3154471125328,0.008451865836754318,52015.24241958159,323.53386693934476
1.303370786516854,104.3154471125328,0.007908235716157298,27509.556928480022,243.1802826819813
1.3258426966292134,104.3154471125328,0.0074231891019924355,14825.503202432397,183.41444837738987
1.348314606741573,104.3154471125328,0.006982787959283505,7900.817679107504,136.33472895367314
1.3707865168539326,104.3154471125328,0.006594774984494277,4541.778974285862,105.28214656603488
1.393258426966292,104.3154471125328,0.006242188162088286,2645.967123881696,81.38046208517767
1.4157303370786516,104.3154471125328,0.00592135453093952,1573.6466279002252,63.258096756479546
1.4382022471910112,104.3154471125328,0.0056321095176670435,979.7292886407686,50.26132127910682
1.4606741573033708,104.3154471125328,0.005367328269432115,624.0485223418309,40.25526012488035
1.4831460674157304,104.3154471125328,0.005119921842345927,395.8303489033219,31.938096117989428
1.5056179775280898,104.3154471125328,0.004898297542543495,267.9025262594231,26.27692229702649
1.5280898876404494,104.3154471125328,0.004695368800425026,187.30135621316094,21.967639920185384
1.550561797752809,104.3154471125328,0.004507636892636016,133.71047684484572,18.526453556277133
1.5730337078651684,104.3154471125328,0.004332293292356661,96.61750377130885,15.672341381844905
1.595505617977528,104.3154471125328,0.004171393985249517,72.13216229559178,13.496282822506835
1.6179775280898876,104.3154471125328,0.004019126703786491,54.00326371199868,11.589479394708697
1.6404494382022472,104.3154471125328,0.0038784608076449364,41.52626726533876,10.098372869946049
1.6629213483146068,104.3154471125328,0.003747354456011064,32.53315230189161,8.881449196687052
1.6853932584269662,104.3154471125328,0.003626543341868565,26.178545612777764,7.936389875879629
1.7078651685393258,104.3154471125328,0.0035084861764002654,20.761352250717675,6.9869238924395685
1.7303370786516854,104.3154471125328,0.003403839453387278,17.322752247431964,6.371538575160165
1.7528089887640448,104.3154471125328,0.0033015301620569508,14.291405089801195,5.740608847244001
1.7752808988764044,104.3154471125328,0.0032045735223559264,11.892691607728748,5.189678435087966
1.797752808988764,104.3154471125328,0.0031161678668293136,10.179627535523846,4.78400914670749
1.8202247191011236,104.3154471125328,0.0030309508007730027,8.711014145595872,4.396693600852285
1.8426966292134832,104.3154471125328,0.002950334475926031,7.522282581603269,4.059800010937463
1.8651685393258426,104.3154471125328,0.0028731643648963684,6.52238577585367,3.7514919250413485
1.8876404494382022,104.3154471125328,0.0028007820575247887,5.725711497366667,3.494244627821981
1.9101123595505618,104.3154471125328,0.002731189295100984,5.039904101954429,3.254363031348252
1.9325842696629212,104.3154471125328,0.0026644116190675145,4.453172110962509,3.0338614051913293
1.9550561797752808,104.3154471125328,0.0026027255042766415,3.99871129733992,2.8626940283430202
1.9775280898876404,104.3154471125328,0.002540368203708624,3.546533876922029,2.665765362531532
2.0,104.3154471125328,0.002484325659975045,3.219390114488812,2.530033249410839
0.0,115.9364995043968,1.5083413637008207,14817351.057872659,107.27814463407313
0.02247191011235955,115.9364995043968,1.5345515710973319,17253803.841240663,115.50078298456322
0.0449438202247191,115.9364995043968,1.5606840574543095,20062295.35036533,124.30210470985217
0.06741573033707865,115.9364995043968,1.586732442162736,23293629.36095764,133.71518086832685
0.0898876404494382,115.9364995043968,1.6126906054215229,27004357.895428553,143.77404054354417
0.11235955056179775,115.9364995043968,1.638552438624125,31257188.537109792,154.51355042007847
0.1348314606741573,115.9364995043968,1.6643120444460142,36121394.25864029,165.96930643176245
0.15730337078651685,115.9364995043968,1.689963693511324,41673184.74036935,178.1774809391306
0.1797752808988764,115.9364995043968,1.7155018286343475,47996035.958938874,191.17464516995892
0.20224719101123595,115.9364995043968,1.7409210292899064,55180956.25260865,204.99755835905842
0.2247191011235955,115.9364995043968,1.766216162556221,63326682.80179548,219.68293071783535
0.24719101123595505,115.9364995043968,1.7913821814183788,72539752.13532801,235.26713065623716
0.2696629213483146,115.9364995043968,1.8164143220805233,82934464.98047815,251.78586677030975
0.29213483146067415,115.9364995043968,1.8413080118687066,94632673.52643639,269.273810125985
0.3146067415730337,115.9364995043968,1.8333748314269416,106303558.31995854,289.259305772312
0.33707865168539325,115.9364995043968,1.6555631512829811,115585072.17867556,325.5068897475109
0.3595505617977528,115.9364995043968,1.4897889590589202,133021693.12151037,376.0209614956389
0.38202247191011235,115.9364995043968,1.3371720351985414,159254747.7216324,442.58394200492296
0.4044943820224719,115.9364995043968,1.1975143011376996,195721849.95871255,527.7393167598382
0.42696629213483145,115.9364995043968,1.0700174281078803,244307596.06608143,634.5636934994898
0.449438202247191,115.9364995043968,0.9541139867573292,307082928.23689586,766.3823726594165
0.47191011235955055,115.9364995043968,0.8497543503530804,386486835.17471004,926.9004427174331
0.4943820224719101,115.9364995043968,0.7553072953161775,484076428.2654568,1119.9001833816915
0.5168539325842696,115.9364995043968,0.6705110977624431,602127938.2458323,1350.0304479358595
0.5393258426966292,115.9364995043968,0.5946094111412236,743148003.7961757,1623.111423715734
0.5617977528089888,115.9364995043968,0.5264494756656596,908352756.3022299,1945.180006400162
0.5842696629213483,115.9364995043968,0.4657860490074749,1103593998.2331965,2327.1120501494515
0.6067415730337078,115.9364995043968,0.41147926288136516,1330420834.0900483,2778.3142312519635
0.6292134831460674,115.9364995043968,0.3624700547256879,1583468063.7954476,3304.3824431939433
0.651685393258427,115.9364995043968,0.3166801655614687,1809269501.900921,3871.269787267943
0.6741573033707865,115.9364995043968,0.27526007186392126,2001951595.7662077,4480.591816810498
0.696629213483146,115.9364995043968,0.23843983679634564,2156280548.7612033,5132.623378581302
0.7191011235955056,115.9364995043968,0.20604366172371877,2267186232.152321,5825.268915265564
0.7415730337078652,115.9364995043968,0.17648125574102067,2215135261.565362,6410.932503335101
0.7640449438202247,115.9364995043968,0.14746398840995714,1747582411.214469,6424.138094545551
0.7865168539325842,115.9364995043968,0.12378100682208003,1353115202.6644459,6372.467919566895
0.8089887640449438,115.9364995043968,0.1044663001296689,1037301726.9244192,6282.82226711059
0.8314606741573034,115.9364995043968,0.08863086410084661,787377937.5359598,6157.7231759336955
0.8539325842696629,115.9364995043968,0.07559325051662197,592131594.0066103,6001.143539997189
0.8764044943820224,115.9364995043968,0.06475926496710849,436759431.67108756,5788.200953811954
0.898876404494382,115.9364995043968,0.05578509486292248,319409746.3421572,5552.400437704424
0.9213483146067416,115.9364995043968,0.04828266235872448,228991055.180507,5268.115607381032
0.9438202247191011,115.9364995043968,0.04201505464861189,161982967.83123836,4958.036101871794
0.9662921348314606,115.9364995043968,0.03675432141838403,112693302.34476505,4620.269785587097
0.9887640449438202,115.9364995043968,0.03230550578946659,76248322.89851885,4238.251781162842
1.0112359550561798,115.9364995043968,0.02856462114178514,51184942.09964565,3863.758775580691
1.0337078651685392,115.9364995043968,0.025378441113746306,33332562.384234186,3460.19457986345
1.0561797752808988,115.9364995043968,0.022660635104910953,21104659.471260324,3045.7850417139484
1.0786516853932584,115.9364995043968,0.020334963709337118,12985687.084587028,2632.9703363647895
1.101123595505618,115.9364995043968,0.01833973083445159,7785564.790605393,2237.0809077143836
1.1235955056179776,115.9364995043968,0.016612059993714803,4472415.931724852,1850.3298368234466
1.146067415730337,115.9364995043968,0.01513004600389402,2565953.303322075,1522.1203806494157
1.1685393258426966,115.9364995043968,0.01383475332478698,1410803.0615377652,1217.325543298969
1.1910112359550562,115.9364995043968,0.01270193289088056,751924.9608972514,951.5274914671998
1.2134831460674156,115.9364995043968,0.011713369728333561,398103.6809248996,736.3179997623596
1.2359550561797752,115.9364995043968,0.010841113132931863,206140.71282581537,558.9073516425485
1.2584269662921348,115.9364995043968,0.010079793307733356,110069.69014085787,428.6673917850224
1.2808988764044944,115.9364995043968,0.009399313717255098,57530.6742366785,322.4321310189978
1.303370786516854,115.9364995043968,0.00879490350655229,30511.621551460397,242.74754445834648
1.3258426966292134,115.9364995043968,0.008251825638116656,16175.191226661176,181.2994395071012
1.348314606741573,115.9364995043968,0.007766986116965973,8852.798931422152,136.93490588275066
1.3707865168539326,115.9364995043968,0.007334588879308735,5073.096964494448,105.55113578620596
1.393258426966292,115.9364995043968,0.0069408653469571315,2932.9235404562282,81.20452601614677
1.4157303370786516,115.9364995043968,0.00658404021206746,1745.6094302111962,63.15029074651589
1.4382022471910112,115.9364995043968,0.006258978604621475,1066.767680833638,49.581668153290174
1.4606741573033708,115.9364995043968,0.0059670740996634625,689.8477589321346,40.09571040681746
1.4831460674157304,115.9364995043968,0.005696104859843868,448.3888871414554,32.32632110668775
1.5056179775280898,115.9364995043968,0.005448999670933096,302.4863517144417,26.543506478159294
1.5280898876404494,115.9364995043968,0.005220616838805418,208.28961575449765,21.96637980439299
1.550561797752809,115.9364995043968,0.005010336575048775,147.46238534990007,18.419821577007742
1.5730337078651684,115.9364995043968,0.004814922051463923,106.33407950624283,15.55842305072294
1.595505617977528,115.9364995043968,0.004636192646635396,79.49389403409285,13.409724823145904
1.6179775280898876,115.9364995043968,0.004467991604278249,59.902105141125475,11.568096325344843
1.6404494382022472,115.9364995043968,0.004313644431701601,46.5947265992306,10.164679822496634
1.6629213483146068,115.9364995043968,0.004166219765308162,36.183459918631925,8.882369083435023
1.6853932584269662,115.9364995043968,0.004029971330879735,28.823816488994982,7.8771827515278074
1.7078651685393258,115.9364995043968,0.003902261607179624,23.29610533895339,7.035304937657697
1.7303370786516854,115.9364995043968,0.003782115318155089,19.05944697689641,6.319135038740623
1.7528089887640448,115.9364995043968,0.0036706091452734487,15.910130824356571,5.745773609983999
1.7752808988764044,115.9364995043968,0.0035642364121710223,13.3364654815185,5.224822522833601
1.797752808988764,115.9364995043968,0.003462417113154125,11.216342411707688,4.748561472875802
1.8202247191011236,115.9364995043968,0.003368952437447524,9.660630086763279,4.38706935702284
1.8426966292134832,115.9364995043968,0.0032795825244844516,8.353703182655721,4.0554398984899205
1.8651685393258426,115.9364995043968,0.0031936894173670263,7.240561621923988,3.74623652232823
1.8876404494382022,115.9364995043968,0.003113378960714995,6.361549044271869,3.491846106719527
1.9101123595505618,115.9364995043968,0.003032966276173389,5.52139920616534,3.212519515530417
1.9325842696629212,115.9364995043968,0.0029621305913366297,4.956585412884931,3.0365764408907996
1.9550561797752808,115.9364995043968,0.0028923714302682745,4.427070185344049,2.8516595506674505
1.9775280898876404,115.9364995043968,0.0028263211654070064,3.984859928255519,2.6911560010001576
2.0,115.9364995043968,0.0027632538144591635,3.6048523711513947,2.546400078260834
0.0,128.85217184405016,1.455477927796116,10783032.394009078,93.15601792266796
0.02247191011235955,128.85217184405016,1.4816698715432757,12576024.480515663,100.34667531400616
0.0449438202247191,128.85217184405016,1.5077893673610623,14646652.96820023,108.05011195823802
0.06741573033707865,128.85217184405016,1.5338299589469127,17033553.13956784,116.2964038805209
0.0898876404494382,128.85217184405016,1.559785303379827,19779859.447899774,125.11658526804919
0.11235955056179775,128.85217184405016,1.5856491704917959,22933557.943332735,134.54257050359763
0.1348314606741573,128.85217184405016,1.6114154947617425,26547833.957927804,144.60706036808472
0.15730337078651685,128.85217184405016,1.6370783569720027,30681401.621175297,155.34342155560864
0.1797752808988764,128.85217184405016,1.662632003203508,35398807.95268024,166.78554422784822
0.20224719101123595,128.85217184405016,1.688070882030431,40770698.300043054,178.9676726213588
0.2247191011235955,128.85217184405016,1.7133895855681536,46874022.25412038,191.92420025844874
0.24719101123595505,128.85217184405016,1.7385829576669878,53792174.899215505,205.689438463362
0.2696629213483146,128.85217184405016,1.7636459817858448,61615034.60518467,220.2973385105116
0.29213483146067415,128.85217184405016,1.7885738814291678,70438895.87137116,235.78117958027977
0.3146067415730337,128.85217184405016,1.8133620985831709,80366255.40720882,252.17320580993513
0.33707865168539325,128.85217184405016,1.8052086267569822,90561316.93554553,271.45397336329637
0.3595505617977528,128.85217184405016,1.6251322443234315,100686666.19650237,309.8377597264341
0.38202247191011235,128.85217184405016,1.4584887658773233,118687389.86420922,363.1317198843407
0.4044943820224719,128.85217184405016,1.3058398047090172,145460167.98417842,433.3900270285786
0.42696629213483145,128.85217184405016,1.1663413342035684,182635984.46579328,523.4848993324764
0.449438202247191,128.85217184405016,1.0396665922349002,232281933.22817856,636.652106103325
0.47191011235955055,128.85217184405016,0.9256441139425124,296819562.9955844,776.4800753210395
0.4943820224719101,128.85217184405016,0.8228601434517485,378481226.3494873,946.9375912160882
0.5168539325842696,128.85217184405016,0.7301458934849817,478968691.8722728,1152.0169221986712
0.5393258426966292,128.85217184405016,0.6472308367494141,600771475.8241575,1396.8481870609362
0.5617977528089888,128.85217184405016,0.573055626021077,745886981.3174754,1687.3604596808525
0.5842696629213483,128.85217184405016,0.5068613933494622,917282549.2971456,2031.4755234193692
0.6067415730337078,128.85217184405016,0.4479409330818493,1119549474.8018782,2440.0323752486142
0.6292134831460674,128.85217184405016,0.3953496287457322,1355778505.6685154,2924.599874351281
0.651685393258427,128.85217184405016,0.3466055263460858,1589134689.4062278,3464.4499509839957
0.6741573033707865,128.85217184405016,0.30196579004082635,1795065416.6257017,4046.792738650603
0.696629213483146,128.85217184405016,0.26197598772103986,1965134821.8754706,4669.9488710603155
0.7191011235955056,128.85217184405016,0.22666307821783777,2094858383.1597784,5333.3879623729645
0.7415730337078652,128.85217184405016,0.1957781476170977,2182547066.4486785,6036.901691260758
0.7640449438202247,128.85217184405016,0.16485692159878804,1847867389.2735984,6244.322176030084
0.7865168539325842,128.85217184405016,0.1383226889199527,1445891326.0799778,6228.272802647004
0.8089887640449438,128.85217184405016,0.11664896090466048,1113890473.9770179,6158.183531890581
0.8314606741573034,128.85217184405016,0.09890920001476186,849171538.8764248,6050.3829693256575
0.8539325842696629,128.85217184405016,0.08430042751650557,639334138.9521248,5901.8339570913795
0.8764044943820224,128.85217184405016,0.07218594774923136,472607163.3391028,5699.8167815706765
0.898876404494382,128.85217184405016,0.062142042616437056,345002083.5137601,5464.075910885751
0.9213483146067416,128.85217184405016,0.053789410286796686,249000535.02472854,5201.703644479327
0.9438202247191011,128.85217184405016,0.04678665260309319,175912803.3378299,4893.11316548028
0.9662921348314606,128.85217184405016,0.04088879947771786,120974172.15527079,4534.256120516663
0.9887640449438202,128.85217184405016,0.03597403759559071,83554168.01145874,4201.9879322098805
1.0112359550561798,128.85217184405016,0.031792278828896174,55774259.56021575,3820.1308031833305
1.0337078651685392,128.85217184405016,0.028231119216831274,36031135.55071429,3407.2514107856705
1.0561797752808988,128.85217184405016,0.025211857829874007,22961957.00222219,3009.039489783659
1.0786516853932584,128.85217184405016,0.02262463601577841,14175831.472996399,2605.6401477356935
1.101123595505618,128.85217184405016,0.020400420026929343,8473979.408535093,2210.342984157805
1.1235955056179776,128.85217184405016,0.018481073264585084,4901439.888590217,1834.8028179349217
1.146067415730337,128.85217184405016,0.016821801961390194,2762648.6427445263,1494.9340871993293
1.1685393258426966,128.85217184405016,0.015387642860447824,1542798.8456835526,1205.6014889072358
1.1910112359550562,128.85217184405016,0.014122199807442011,812719.6481496155,936.236227189729
1.2134831460674156,128.85217184405016,0.013030772830777058,441222.30519495846,734.613778647354
1.2359550561797752,128.85217184405016,0.012058736286594495,227872.4707650459,556.7986678992792
1.2584269662921348,128.85217184405016,0.011204995384859013,118933.89057748672,421.50022877916007
1.2808988764044944,128.85217184405016,0.010451923103295358,63143.34434981529,319.8781273288895
1.303370786516854,128.85217184405016,0.009778652553027326,33396.62511375056,240.41855105730235
1.3258426966292134,128.85217184405016,0.009172780507114876,17582.0011788067,178.7985808079885
1.348314606741573,128.85217184405016,0.008636829415743986,9779.943033093534,136.35495491924547
1.3707865168539326,128.85217184405016,0.008151427851652812,5490.816241915627,103.78837880385416
1.393258426966292,128.85217184405016,0.0077174721509670335,3238.9737972734233,80.8376583847396
1.4157303370786516,128.85217184405016,0.007317626307005998,1900.6904090984228,62.303800097056644
1.4382022471910112,128.85217184405016,0.00695784772925569,1172.679070635803,49.208244272811115
1.4606741573033708,128.85217184405016,0.00662933586319147,743.8637450887253,39.29532729212335
1.4831460674157304,128.85217184405016,0.006331150917456046,491.7193848306922,32.02597185260814
1.5056179775280898,128.85217184405016,0.006054834923085093,329.33376374868953,26.167207011109642
1.5280898876404494,128.85217184405016,0.005804319592000428,230.96208544858305,21.921010321988426
1.550561797752809,128.85217184405016,0.005571443831088495,164.3913870185065,18.449351867992117
1.5730337078651684,128.85217184405016,0.005352329476323615,117.50368996830501,15.48844230605021
1.595505617977528,128.85217184405016,0.0051547678292953635,88.39807409766759,13.408346132874016
1.6179775280898876,128.85217184405016,0.004966868460709079,66.34595016760098,11.53374338070769
1.6404494382022472,128.85217184405016,0.004794047507872145,51.319541311631156,10.092807005467247
1.6629213483146068,128.85217184405016,0.004632613288505293,40.35072382105807,8.900456841182484
1.6853932584269662,128.85217184405016,0.0044792060804957675,31.856652679742464,7.84037842633526
1.7078651685393258,128.85217184405016,0.004339406290588224,26.022368972910783,7.059197138454062
1.7303370786516854,128.85217184405016,0.004202734920995782,20.98916669307732,6.271265468808637
1.7528089887640448,128.85217184405016,0.0040802612317561516,17.64660054376584,5.73386140715925
1.7752808988764044,128.85217184405016,0.003962265977120559,14.812911507629243,5.219764878788998
1.797752808988764,128.85217184405016,0.0038501719349941007,12.52187080077857,4.7636635808762975
1.8202247191011236,128.85217184405016,0.00374498196502855,10.725094586323978,4.38107644161239
1.8426966292134832,128.85217184405016,0.003643931151436782,9.20718175587986,4.025385208540219
1.8651685393258426,128.85217184405016,0.0035505868407731678,8.056173165561903,3.7480581937458033
1.8876404494382022,128.85217184405016,0.003460187019644303,7.045235450970602,3.479624393669769
1.9101123595505618,128.85217184405016,0.0033733224821230813,6.180704859678628,3.2311929511768542
1.9325842696629212,128.85217184405016,0.0032927016214423363,5.505821006872449,3.0337587742207712
1.9550561797752808,128.85217184405016,0.0032158464815728372,4.932057581771758,2.8564784953985822
1.9775280898876404,128.85217184405016,0.003142081277148322,4.433554713475835,2.6925611568459735
2.0,128.85217184405016,0.003071545369000214,4.004171921232438,2.543922065543324
0.0,143.20668866062306,1.4025265509503346,7816379.1490040785,80.78710929158774
0.02247191011235955,143.20668866062306,1.4286940731563187,9130876.5419157,87.06653185006488
0.0449438202247191,143.20668866062306,1.4547946499529592,10651800.838191967,93.79966680443013
0.06741573033707865,143.20668866062306,1.480821666436581,12408421.551532466,101.0138024096413
0.0898876404494382,143.20668866062306,1.5067686577320667,14433518.380683662,108.7371840533012
0.11235955056179775,143.20668866062306,1.5326292622479343,16763674.623618906,116.9989529520049
0.1348314606741573,143.20668866062306,1.5583972327282032,19439570.980392236,125.82907213892487
0.15730337078651685,143.20668866062306,1.584066485832469,22506273.57534676,135.25823607975664
0.1797752808988764,143.20668866062306,1.60963105500494,26013503.974403426,145.31775380542783
0.20224719101123595,143.20668866062306,1.6350852392934696,30015891.38770039,156.03941833277148
0.2247191011235955,143.20668866062306,1.6604234196435206,34573177.21784312,167.4553328395428
0.24719101123595505,143.20668866062306,1.6856402309879026,39750382.98630864,179.59772428939058
0.2696629213483146,143.20668866062306,1.7107304686514875,45617903.937424906,192.49871210488453
0.29213483146067415,143.20668866062306,1.7356891803765855,52251527.4224945,206.1900459140574
0.3146067415730337,143.20668866062306,1.7605115768887478,59732342.38313065,220.70279926075173
0.33707865168539325,143.20668866062306,1.785193076927937,68146530.69679801,236.06702237399145
0.3595505617977528,143.20668866062306,1.7765256017431867,77039233.18035726,254.69241948877016
0.38202247191011235,143.20668866062306,1.59433764940069,87690248.1849547,295.0776959081845
0.4044943820224719,143.20668866062306,1.4268066184828763,105974565.853289,351.0857041425628
0.42696629213483145,143.20668866062306,1.2739962881747824,133027868.80386904,425.0678840660017
0.449438202247191,143.20668866062306,1.135375893801143,170708292.28235006,520.1049399545924
0.47191011235955055,143.20668866062306,1.0101912787838543,221293006.32072502,639.7466099608258
0.4943820224719101,143.20668866062306,0.8974993912905748,287202557.13573897,787.8553650715382
0.5168539325842696,143.20668866062306,0.7961626257011346,370646066.3432848,968.4836428752814
0.5393258426966292,143.20668866062306,0.7056330872744985,474074883.80515707,1186.3061329514792
0.5617977528089888,143.20668866062306,0.6246704283904694,599432344.0315025,1446.593924602094
0.5842696629213483,143.20668866062306,0.5523935801780344,748960691.480105,1755.9236364959515
0.6067415730337078,143.20668866062306,0.48814699179467125,926673565.8249965,2123.777256544319
0.6292134831460674,143.20668866062306,0.43088677708410944,1135473487.4203436,2560.529969021895
0.651685393258427,143.20668866062306,0.37909331176245503,1366303807.8984435,3068.0143952444987
0.6741573033707865,143.20668866062306,0.33119891772356835,1581401192.1818402,3622.6781400182404
0.696629213483146,143.20668866062306,0.28783529411509473,1764174597.967805,4216.540313819046
0.7191011235955056,143.20668866062306,0.24934621723285946,1909567305.7829165,4849.430064004695
0.7415730337078652,143.20668866062306,0.21562009332428983,2017091249.251213,5523.720275107043
0.7640449438202247,143.20668866062306,0.18452588712146967,1943337425.679112,6048.9236146284065
0.7865168539325842,143.20668866062306,0.15466158656107315,1533017158.0053823,6061.324773206092
0.8089887640449438,143.20668866062306,0.13034834553362842,1191012957.6562216,6020.429306556084
0.8314606741573034,143.20668866062306,0.11041566252686133,909922952.7158087,5924.245734489804
0.8539325842696629,143.20668866062306,0.09400711185011136,684087321.5313367,5777.38239451555
0.8764044943820224,143.20668866062306,0.08044496166577499,505961655.3747081,5582.6768849683085
0.898876404494382,143.20668866062306,0.06926219429829958,372581965.06477183,5375.009191666925
0.9213483146067416,143.20668866062306,0.05993755951802886,269737537.70130795,5125.40718438094
0.9438202247191011,143.20668866062306,0.05209166224358061,189342518.85097495,4807.008710283249
0.9662921348314606,143.20668866062306,0.04556867464062299,132921783.99614091,4499.992986558415
0.9887640449438202,143.20668866062306,0.040045941776716214,90466322.69334655,4140.463911687371
1.0112359550561798,143.20668866062306,0.035380830761266246,60295971.08009661,3761.369785153912
1.0337078651685392,143.20668866062306,0.03141602576768112,39048042.57518331,3358.9648829482453
1.0561797752808988,143.20668866062306,0.028048509371846542,24808485.72330414,2961.645532332601
1.0786516853932584,143.20668866062306,0.02516763382909061,15320270.96043177,2564.815322595218
1.101123595505618,143.20668866062306,0.022691281310909923,9159257.580930421,2175.6747978265703
1.1235955056179776,143.20668866062306,0.02055977845333235,5339138.987006416,1813.3358909208532
1.146067415730337,143.20668866062306,0.018713746033585936,3018212.898966694,1479.694527896372
1.1685393258426966,143.20668866062306,0.01710858945253491,1657390.4494612284,1182.3366990755808
1.1910112359550562,143.20668866062306,0.015707227461446528,886777.813813531,925.9331472034536
1.2134831460674156,143.20668866062306,0.014485880173364113,473269.4872558053,719.5542409468842
1.2359550561797752,143.20668866062306,0.013407795010693732,246832.0452339689,548.3062505853079
1.2584269662921348,143.20668866062306,0.012460314407375328,129912.74751536327,417.0072742601569
1.2808988764044944,143.20668866062306,0.011618464044233529,68072.50465011175,314.0301154878803
1.303370786516854,143.20668866062306,0.01087329102907639,36542.25751067397,238.0478891646501
1.3258426966292134,143.20668866062306,0.010203451004295814,19586.202317024585,178.92401582714214
1.348314606741573,143.20668866062306,0.00960221898355134,10686.740194508979,134.87298765901852
1.3707865168539326,143.20668866062306,0.009064924640283339,6074.876572733568,103.43271229001692
1.393258426966292,143.20668866062306,0.0085743556268146,3464.508867960891,78.88387197393598
1.4157303370786516,143.20668866062306,0.008140314024833242,2134.7510466815647,62.67967125823845
1.4382022471910112,143.20668866062306,0.007740053329583635,1317.934214086174,49.530793705554466
1.4606741573033708,143.20668866062306,0.007373872388537811,833.6588425263036,39.485386816439345
1.4831460674157304,143.20668866062306,0.007040589900938532,547.3120672352406,32.038728604991604
1.5056179775280898,143.20668866062306,0.006732079887416833,364.7702656259943,26.092376827186964
1.5280898876404494,143.20668866062306,0.006450886234345192,252.92319599262885,21.68986641565666
1.550561797752809,143.20668866062306,0.006192300991689148,180.44595593912504,18.281735485024075
1.5730337078651684,143.20668866062306,0.005953157351746927,131.7260174191774,15.573591052255502
1.595505617977528,143.20668866062306,0.005729155924900985,97.22622891717823,13.302158645521594
1.6179775280898876,143.20668866062306,0.005521109383621211,73.29913064830049,11.478126021449754
1.6404494382022472,143.20668866062306,0.005327333326024043,56.32153357702584,9.994702924478599
1.6629213483146068,143.20668866062306,0.005150302590770926,44.78051092317965,8.886071530244225
1.6853932584269662,143.20668866062306,0.00498200507053355,35.71149640462307,7.887226209981682
1.7078651685393258,143.20668866062306,0.004821225770612756,28.522909815215346,6.980951184683968
1.7303370786516854,143.20668866062306,0.004675342596750302,23.606891073782,6.326251229041231
1.7528089887640448,143.20668866062306,0.004532139326232067,19.282007130122174,5.6545736929752435
1.7752808988764044,143.20668866062306,0.004403405099346623,16.354135280712107,5.189389495092694
1.797752808988764,143.20668866062306,0.004280734887316884,13.937510176487061,4.766939897476054
1.8202247191011236,143.20668866062306,0.004163637946334994,11.932204885197597,4.3825408849939205
1.8426966292134832,143.20668866062306,0.0040492264678864635,10.162590785725671,4.000203561274798
1.8651685393258426,143.20668866062306,0.003946635277715668,8.934592718838793,3.7393741800927245
1.8876404494382022,143.20668866062306,0.0038449637940599296,7.779921735989812,3.4586831756334346
1.9101123595505618,143.20668866062306,0.0037506276741912183,6.884138677349751,3.2356452604027
1.9325842696629212,143.20668866062306,0.0036604393154225866,6.120164156398151,3.032647220045989
1.9550561797752808,143.20668866062306,0.003573324028134423,5.449320820380026,2.840029438630574
1.9775280898876404,143.20668866062306,0.0034928240605826564,4.926080274821724,2.690515737384262
2.0,143.20668866062306,0.003412185921125317,4.414113012653377,2.5236845823587077
0.0,159.1603415265802,1.3494958903487673,5642139.487997447,69.96235609240873
0.02247191011235955,159.1603415265802,1.3756323787193356,6601956.593543751,75.4378214263938
0.0449438202247191,159.1603415265802,1.401707659234863,7714652.785799795,81.31410443311881
0.06741573033707865,159.1603415265802,1.4277149930621384,9002314.682560135,87.61591141024508
0.0898876404494382,159.1603415265802,1.4536477284922713,10489752.89732546,94.36888630037295
0.11235955056179775,159.1603415265802,1.4794993738166973,12204746.706365379,101.59957316384283
0.1348314606741573,159.1603415265802,1.5052635244483115,14178288.976604454,109.3353564875106
0.15730337078651685,159.1603415265802,1.5309338857861237,16444831.20896806,117.60439141453719
0.1797752808988764,159.1603415265802,1.5565044210824384,19042525.119689997,126.43552188751642
0.20224719101123595,159.1603415265802,1.581969123820974,22013440.478349213,135.8581598704092
0.2247191011235955,159.1603415265802,1.6073222686945974,25403773.047352865,145.90216489192397
0.24719101123595505,159.1603415265802,1.6325582728932362,29264009.794113208,156.5976792819688
0.2696629213483146,159.1603415265802,1.6576717294783123,33649054.71207217,167.97494344146173
0.29213483146067415,159.1603415265802,1.682657445373441,38618297.73136244,180.06407816192944
0.3146067415730337,159.1603415265802,1.7075104868991833,44235611.17041031,192.8948288473934
0.33707865168539325,159.1603415265802,1.7322260646576078,50569251.748144306,206.49627094652774
0.3595505617977528,159.1603415265802,1.7567996379436042,57691660.615285754,220.8964725136651
0.38202247191011235,159.1603415265802,1.7473682226348033,65442700.150350824,238.9196663093081
0.4044943820224719,159.1603415265802,1.5632410093879154,76353807.97525811,281.16673349502685
0.42696629213483145,159.1603415265802,1.3951205502249033,94687527.28040217,339.7804416749851
0.449438202247191,159.1603415265802,1.2423397442097623,121810782.66663963,417.4678471377914
0.47191011235955055,159.1603415265802,1.104692830008514,159777528.00313094,517.5083745378457
0.4943820224719101,159.1603415265802,0.9809494864845963,211039733.6718849,643.7744835899127
0.5168539325842696,159.1603415265802,0.8699229478247956,278127954.31725585,800.3940020317428
0.5393258426966292,159.1603415265802,0.7705001867092511,363388019.00499,991.6962586459285
0.5617977528089888,159.1603415265802,0.6818074242827171,469132480.11705136,1222.5841989015792
0.5842696629213483,159.1603415265802,0.6028534278304883,597783274.6337036,1499.077355606598
0.6067415730337078,159.1603415265802,0.5323058799689292,750552269.2798243,1827.4821102486908
0.6292134831460674,159.1603415265802,0.4699676427942037,933612253.8618861,2219.9114963943157
0.651685393258427,159.1603415265802,0.41442957797512275,1148493244.2305062,2686.5208439536686
0.6741573033707865,159.1603415265802,0.36321582368821476,1365872599.7862325,3210.6900551891968
0.696629213483146,159.1603415265802,0.31631645589139074,1558349682.113509,3775.4468439065836
0.7191011235955056,159.1603415265802,0.27442140940089554,1718322165.173888,4379.383212283364
0.7415730337078652,159.1603415265802,0.2375442693468016,1841772637.3444788,5022.250680146391
0.7640449438202247,159.1603415265802,0.20532357922392858,1923287676.92217,5699.075860674199
0.7865168539325842,159.1603415265802,0.17298736354507227,1605937467.4548104,5861.720341895645
0.8089887640449438,159.1603415265802,0.14564662071699147,1256612456.9326286,5846.015203457178
0.8314606741573034,159.1603415265802,0.12327614630389083,965396578.7169822,5770.937991053006
0.8539325842696629,159.1603415265802,0.10488658838852855,728814238.3639932,5641.3772710756675
0.8764044943820224,159.1603415265802,0.08976028547193678,544570414.7222326,5479.277474194595
0.898876404494382,159.1603415265802,0.07722174171203419,400567288.9503322,5274.24016237778
0.9213483146067416,159.1603415265802,0.06679102010089705,290091964.3459082,5031.123680211522
0.9438202247191011,159.1603415265802,0.0580525381685994,205203175.92294848,4736.877663044637
0.9662921348314606,159.1603415265802,0.0507320549298456,142576125.39552093,4412.48937419646
0.9887640449438202,159.1603415265802,0.04458068312919012,97377507.07902904,4067.104963363281
1.0112359550561798,159.1603415265802,0.039371688063979574,64677854.76132493,3688.3275310120794
1.0337078651685392,159.1603415265802,0.03498387978332137,42679694.30354904,3325.1400138951917
1.0561797752808988,159.1603415265802,0.031224621947037734,27059250.1889665,2928.790317168924
1.0786516853932584,159.1603415265802,0.027996942077653266,16466582.146296218,2517.076964273887
1.101123595505618,159.1603415265802,0.025251195278788673,9974206.542445116,2149.698226737762
1.1235955056179776,159.1603415265802,0.022865575855544103,5730718.7116479445,1777.8668916397057
1.146067415730337,159.1603415265802,0.020814559608340506,3258634.62950679,1455.1286662881844
1.1685393258426966,159.1603415265802,0.01902682145995898,1786891.4658837633,1161.6667652471974
1.1910112359550562,159.1603415265802,0.017479168904715958,981063.1686709512,922.6749514272119
1.2134831460674156,159.1603415265802,0.01611777939105271,522806.7900726205,716.43611980604
1.2359550561797752,159.1603415265802,0.014916248177736884,272199.77403330326,545.399532655345
1.2584269662921348,159.1603415265802,0.013857016582693499,141572.12767733404,411.96992858447976
1.2808988764044944,159.1603415265802,0.012924965456766618,75392.0337459542,313.13430036746854
1.303370786516854,159.1603415265802,0.012092282742574352,40072.656748053894,235.98856706984375
1.3258426966292134,159.1603415265802,0.011345014755271669,21355.398315614628,176.75470255210138
1.348314606741573,159.1603415265802,0.010678647664356439,11775.884571815646,134.0753081655561
1.3707865168539326,159.1603415265802,0.010079793307733356,6673.853426713806,102.6258005532458
1.393258426966292,159.1603415265802,0.009535053802148417,3825.6284842223886,78.5117011945055
1.4157303370786516,159.1603415265802,0.009047241871549368,2312.5238651454574,61.63172004749966
1.4382022471910112,159.1603415265802,0.008601403478890334,1425.2339121488133,48.63858234823086
1.4606741573033708,159.1603415265802,0.008199292156151691,921.7511975065842,39.32707744942513
1.4831460674157304,159.1603415265802,0.007826592120756076,600.6334004030997,31.75211360605577
1.5056179775280898,159.1603415265802,0.0074878932775550265,408.0177301705401,26.187884768715737
1.5280898876404494,159.1603415265802,0.007168497548565692,275.4486021702277,21.379626544515855
1.550561797752809,159.1603415265802,0.006883164576788239,198.45580171511364,18.138898551289365
1.5730337078651684,159.1603415265802,0.006614903939135495,143.60504728483883,15.355656074865339
1.595505617977528,159.1603415265802,0.0063709859604849945,108.29988347535136,13.315226782178746
1.6179775280898876,159.1603415265802,0.006138936821103173,81.45387055892137,11.47009584992015
1.6404494382022472,159.1603415265802,0.0059260792968429425,63.26135330618979,10.066297716615065
1.6629213483146068,159.1603415265802,0.005725793028386792,49.639931990634835,8.863660032189083
1.6853932584269662,159.1603415265802,0.005535708963122598,39.153973079525194,7.80219187869958
1.7078651685393258,159.1603415265802,0.005360823284843451,31.75247905156452,6.985623451602484
1.7303370786516854,159.1603415265802,0.005198156271088072,26.24048636588908,6.323256376864358
1.7528089887640448,159.1603415265802,0.005040932297066649,21.597011318006523,5.68597863756407
1.7752808988764044,159.1603415265802,0.004893181616565701,18.014076447844992,5.149372319756605
1.797752808988764,159.1603415265802,0.004756606023294986,15.346100508705831,4.728169966935369
1.8202247191011236,159.1603415265802,0.004626984896862207,13.16862144083639,4.354734986423068
1.8426966292134832,159.1603415265802,0.004504523264419559,11.406928683646841,4.031081552300881
1.8651685393258426,159.1603415265802,0.004385725672776763,9.8655070622432,3.716679312863841
1.8876404494382022,159.1603415265802,0.004275741223043981,8.682613007404184,3.4690794748302203
1.9101123595505618,159.1603415265802,0.004168808638944676,7.630398600429727,3.226207110947943
1.9325842696629212,159.1603415265802,0.004068378270521091,6.780914294185388,3.0226501420446183
1.9550561797752808,159.1603415265802,0.003970008587988371,6.008629165254476,2.818405782705586
1.9775280898876404,159.1603415265802,0.003882657033574889,5.470468996676213,2.6870498583215743
2.0,159.1603415265802,0.003795053883107005,4.93475858504208,2.5359061034544705
0.0,176.89127897433949,1.295746696977187,4047808.2693286412,60.46435886928063
0.02247191011235955,176.89127897433949,1.3218321724305335,4744685.18856258,65.23000059692018
0.0449438202247191,176.89127897433949,1.3485371553698238,5562734.2470664065,70.38401012124189
0.06741573033707865,176.89127897433949,1.3745182317010003,6502637.985785203,75.8800949433622
0.0898876404494382,176.89127897433949,1.400430402165401,7590583.652942249,81.77521765487901
0.11235955056179775,176.89127897433949,1.4262669556763374,8847574.683422178,88.09349163096547
0.1348314606741573,176.89127897433949,1.4520213840772926,10297124.06080507,94.85988134017691
0.15730337078651685,176.89127897433949,1.4776872587658916,11965458.692885017,102.10014341336695
0.1797752808988764,176.89127897433949,1.5032583183184764,13881725.191267733,109.84076318199278
0.20224719101123595,176.89127897433949,1.5287284099299538,16078186.111932497,118.10886716261469
0.2247191011235955,176.89127897433949,1.5540916031443615,18590406.852259748,126.9321234659769
0.24719101123595505,176.89127897433949,1.5793421230613751,21457418.570000004,136.33861223063482
0.2696629213483146,176.89127897433949,1.6044743649386728,24721853.85401717,146.35667532156913
0.29213483146067415,176.89127897433949,1.629482957445691,28430044.75736694,157.01473847187498
0.3146067415730337,176.89127897433949,1.65436271042543,32632067.443491384,168.34109948629168
0.33707865168539325,176.89127897433949,1.6791086759675,37381725.652022995,180.3636830996491
0.3595505617977528,176.89127897433949,1.7037160649949177,42736452.36836004,193.10975827254728
0.38202247191011235,176.89127897433949,1.7281803356682586,48757120.41924112,206.60561163960182
0.4044943820224719,176.89127897433949,1.7186484446996693,55511127.53752562,223.99833766898254
0.42696629213483145,176.89127897433949,1.5319116561321795,66462930.64368286,268.04141062909554
0.449438202247191,176.89127897433949,1.3629305985732527,84652856.30206867,329.236300674261
0.47191011235955055,176.89127897433949,1.2109345669027467,111646816.25557226,410.4985072933656
0.4943820224719101,176.89127897433949,1.0743688643487097,149693568.85281625,515.585065996293
0.5168539325842696,176.89127897433949,0.9520082968353756,201370529.2399088,648.604585804939
0.5393258426966292,176.89127897433949,0.8429745996691634,269416769.63558257,813.9248524383221
0.5617977528089888,176.89127897433949,0.7454145564109994,356086511.4901241,1016.1562797555343
0.5842696629213483,176.89127897433949,0.6587091904111779,463862681.98379886,1260.5960363095803
0.6067415730337078,176.89127897433949,0.5815420945915465,594668691.798209,1553.3255383157257
0.6292134831460674,176.89127897433949,0.5133746014642856,752881706.3614534,1904.021014366272
0.651685393258427,176.89127897433949,0.4526242224045457,939475736.7007916,2321.1599265446507
0.6741573033707865,176.89127897433949,0.39811206529207566,1151057270.0487084,2810.8710275083176
0.696629213483146,176.89127897433949,0.3475561522473349,1347786373.7329059,3344.5863193707482
0.7191011235955056,176.89127897433949,0.3020866854442187,1520309101.220474,3920.434218886046
0.7415730337078652,176.89127897433949,0.2617739886552126,1657555176.3017447,4531.991538177819
0.7640449438202247,176.89127897433949,0.22647269132056105,1756240379.5345259,5177.759615339422
0.7865168539325842,176.89127897433949,0.19375909730342206,1672141747.8301249,5646.886997481943
0.8089887640449438,176.89127897433949,0.16297197074174655,1322652311.9699283,5665.378126322735
0.8314606741573034,176.89127897433949,0.1378041328587351,1023087572.8021739,5614.577805633005
0.8539325842696629,176.89127897433949,0.11719010659225976,778984168.3360888,5513.513009571342
0.8764044943820224,176.89127897433949,0.10018394757241167,582003873.8555803,5357.377417406463
0.898876404494382,176.89127897433949,0.08614706715858178,429746016.3704977,5167.992652575267
0.9213483146067416,176.89127897433949,0.07443131147047431,309433491.38277715,4917.4215021985065
0.9438202247191011,176.89127897433949,0.0646829496623985,219906850.77873054,4640.939428879014
0.9662921348314606,176.89127897433949,0.056529963319987345,153944956.01289,4339.52042914592
0.9887640449438202,176.89127897433949,0.049649686841633685,104824374.47220656,3994.2114924590896
1.0112359550561798,176.89127897433949,0.04386491401465488,70527106.72720276,3645.840738800377
1.0337078651685392,176.89127897433949,0.03893390168127449,45726302.23113921,3257.7786759370924
1.0561797752808988,176.89127897433949,0.03474752657226504,29053585.202564146,2872.4662672341506
1.0786516853932584,176.89127897433949,0.031166166038278646,17905373.4536488,2484.7771200415314
1.101123595505618,176.89127897433949,0.028100422354818175,10795929.437608175,2116.9363028749776
1.1235955056179776,176.89127897433949,0.025448475231702045,6249772.562648387,1757.6931701171009
1.146067415730337,176.89127897433949,0.023153923480534307,3510011.6540728793,1428.986292086122
1.1685393258426966,176.89127897433949,0.021180001908416908,1978837.2081471628,1158.0301597111231
1.1910112359550562,176.89127897433949,0.019440723545862522,1058055.2263102431,906.4641655810726
1.2134831460674156,176.89127897433949,0.01791708059668609,554324.1342882985,697.0745694927872
1.2359550561797752,176.89127897433949,0.01658767848612085,293772.68627737777,535.8656500061913
1.2584269662921348,176.89127897433949,0.01541352346564532,154816.32919027604,407.767750004413
1.2808988764044944,176.89127897433949,0.014368645271652465,80818.67410530419,306.3448136113831
1.303370786516854,176.89127897433949,0.013441526044675755,42903.47611784417,230.64577048286097
1.3258426966292134,176.89127897433949,0.012612103808881387,23027.95366032628,173.44563072342774
1.348314606741573,176.89127897433949,0.011873467083779038,12828.168699559683,132.34982329338575
1.3707865168539326,176.89127897433949,0.011204995384859013,7223.784153326672,100.89304878142005
1.393258426966292,176.89127897433949,0.010609109927358702,4297.430462435874,78.97277010998434
1.4157303370786516,176.89127897433949,0.010058877520666198,2531.678547903026,61.001419744920085
1.4382022471910112,176.89127897433949,0.00956892226676036,1596.7213311680375,48.85142774326136
1.4606741573033708,176.89127897433949,0.009112259246110473,998.6665994707607,38.65353848440646
1.4831460674157304,176.89127897433949,0.008701662574450457,660.9732712329875,31.523078431033273
1.5056179775280898,176.89127897433949,0.008322339529912685,445.08189398976026,25.84462419429532
1.5280898876404494,176.89127897433949,0.007973606622539701,308.031038079398,21.45437514925976
1.550561797752809,176.89127897433949,0.007654545414541797,220.6788396485063,18.13283726719457
1.5730337078651684,176.89127897433949,0.0073508740670173755,156.72948687955412,15.151510730998721
1.595505617977528,176.89127897433949,0.007082295574351537,119.41532575720294,13.231637593104299
1.6179775280898876,176.89127897433949,0.00682557571834084,90.29708147546438,11.441323835800162
1.6404494382022472,176.89127897433949,0.00658404021206746,68.97522837343227,9.919669416140827
1.6629213483146068,176.89127897433949,0.0063623254173976775,54.346809936681844,8.75946716511786
1.6853932584269662,176.89127897433949,0.006156802019423886,43.764297615530786,7.830612716004006
1.7078651685393258,176.89127897433949,0.005960112247388012,35.23218406333592,6.9723413108979875
1.7303370786516854,176.89127897433949,0.0057777182052623005,28.976094601810658,6.287534920495895
1.7528089887640448,176.89127897433949,0.005603525972294358,23.90731795175733,5.664440840911843
1.7752808988764044,176.89127897433949,0.0054423342227429075,20.149761973458936,5.1725507638672585
1.797752808988764,176.89127897433949,0.005289908227813633,17.13629529183416,4.743265128277159
1.8202247191011236,176.89127897433949,0.00513997532863521,14.437208669770314,4.30329295904741
1.8426966292134832,176.89127897433949,0.005005420481178984,12.572931907280648,4.0006776897508
1.8651685393258426,176.89127897433949,0.004874183534169703,10.905840301304194,3.6974631990485625
1.8876404494382022,176.89127897433949,0.0047526434277690354,9.622017419394519,3.458282354948526
1.9101123595505618,176.89127897433949,0.004636192646635396,8.520230440869069,3.2373472599874886
1.9325842696629212,176.89127897433949,0.004523167914928464,7.541273949443723,3.0225024998412136
1.9550561797752808,176.89127897433949,0.004415295338745608,6.712563363176632,2.8296716649743807
1.9775280898876404,176.89127897433949,0.004313644431701601,6.031297285944149,2.6659162162001633
2.0,176.89127897433949,0.004217909896814962,5.467825896585191,2.527253836795998
0.0,196.5974958149483,1.242613531393643,2894627.030916925,52.19954816906586
0.02247191011235955,196.5974958149483,1.2686536091677332,3398927.102790595,56.34115281989299
0.0449438202247191,196.5974958149483,1.2946445891418872,3985928.9514205167,60.794103237570276
0.06741573033707865,196.5974958149483,1.3205794645691127,4668046.274045437,65.57856351379888
0.0898876404494382,196.5974958149483,1.3471254055567177,5467158.564612759,70.74676303627206
0.11235955056179775,196.5974958149483,1.3729403787776764,6384355.232085393,76.25836496785976
0.1348314606741573,196.5974958149483,1.3986788182544008,7444337.20756898,82.16680146564308
0.15730337078651685,196.5974958149483,1.424334110384284,8666979.312792953,88.49556539960321
0.1797752808988764,196.5974958149483,1.4498998609915854,10074449.073225169,95.26890610741329
0.20224719101123595,196.5974958149483,1.4753697562254076,11691375.432748074,102.51175923494272
0.2247191011235955,196.5974958149483,1.5007376703735846,13545014.570080608,110.24967074666255
0.24719101123595505,196.5974958149483,1.5259976270436517,15665401.753724264,118.508696115512
0.2696629213483146,196.5974958149483,1.5511438309430805,18085486.28877311,127.31528111620825
0.29213483146067415,196.5974958149483,1.5761707264560714,20841241.511366416,136.69611805593942
0.3146067415730337,196.5974958149483,1.6010729044581595,23971737.47927119,146.67797223588653
0.33707865168539325,196.5974958149483,1.6258451662235296,27519172.29674953,157.287481995123
0.3595505617977528,196.5974958149483,1.6504825364678763,31528846.596797172,168.55092288449848
0.38202247191011235,196.5974958149483,1.6749803598939648,36049069.878224455,180.49392899295037
0.4044943820224719,196.5974958149483,1.6993339760214032,41130979.01904063,193.14119121972388
0.42696629213483145,196.5974958149483,1.6886946588720786,47012431.84528624,210.0244498608644
0.449438202247191,196.5974958149483,1.5004266677174325,57828321.00303134,255.6346019870696
0.47191011235955055,196.5974958149483,1.3312878444359753,75698724.36334658,319.2144389590388
0.4943820224719101,196.5974958149483,1.1797962151890427,102391110.73643333,404.0674018165776
0.5168539325842696,196.5974958149483,1.0442752458529747,140308092.16788983,514.2417626598515
0.5393258426966292,196.5974958149483,0.9238594498372495,192205366.36307675,654.0295697057104
0.5617977528089888,196.5974958149483,0.8162951401550423,260706792.15092862,828.1588596561779
0.5842696629213483,196.5974958149483,0.721059606327614,348594698.78749233,1041.6270108382996
0.6067415730337078,196.5974958149483,0.6363912339062094,457991234.76511383,1300.0172457505334
0.6292134831460674,196.5974958149483,0.561234645480804,591053299.6442757,1610.0501711960344
0.651685393258427,196.5974958149483,0.49478329147750894,751255789.385273,1981.33788338084
0.6741573033707865,196.5974958149483,0.4359613173722809,942196667.9357575,2425.667438860614
0.696629213483146,196.5974958149483,0.3818741753971736,1138728315.77211,2927.7149439331097
0.7191011235955056,196.5974958149483,0.3325499877236494,1317081652.299198,3471.9559092652207
0.7415730337078652,196.5974958149483,0.2885432433290527,1465846070.9012978,4052.579734764456
0.7640449438202247,196.5974958149483,0.24983981852477175,1578317152.199635,4665.461865584761
0.7865168539325842,196.5974958149483,0.21618801666806708,1655676689.0470033,5313.028348795426
0.8089887640449438,196.5974958149483,0.1824341523469164,1372745728.7275968,5449.8065837515005
0.8314606741573034,196.5974958149483,0.15410625555368634,1071926386.0091339,5429.407791326481
0.8539325842696629,196.5974958149483,0.13090387340921927,819374359.8251731,5345.065601068144
0.8764044943820224,196.5974958149483,0.11184196090363406,616088782.7708313,5211.778177780737
0.898876404494382,196.5974958149483,0.09610311154635875,455991880.1825077,5035.049395732997
0.9213483146067416,196.5974958149483,0.0830228479121558,330932267.8442704,4810.323379739294
0.9438202247191011,196.5974958149483,0.07210799014110025,235270195.47927782,4541.617058273827
0.9662921348314606,196.5974958149483,0.06301075450024411,165607131.78029895,4258.677087827582
0.9887640449438202,196.5974958149483,0.05532010065562122,112799345.30897745,3920.811741195859
1.0112359550561798,196.5974958149483,0.048858688667316304,75894978.86437869,3579.10584079934
1.0337078651685392,196.5974958149483,0.04336714855083269,49518619.98101541,3208.489066342146
1.0561797752808988,196.5974958149483,0.03868974928812596,31374508.192931503,2824.972072490587
1.0786516853932584,196.5974958149483,0.03469395885904558,19320569.2700307,2442.638831492145
1.101123595505618,196.5974958149483,0.0312763594182342,11654451.78317464,2081.415640798677
1.1235955056179776,196.5974958149483,0.028325198177588325,6781724.2078436585,1732.8361788262876
1.146067415730337,196.5974958149483,0.025778863955483355,3863963.6543448237,1419.66265610343
1.1685393258426966,196.5974958149483,0.023552843610954062,2100528.815054663,1127.876321039706
1.1910112359550562,196.5974958149483,0.021620260529827864,1129662.310404765,885.4858421145424
1.2134831460674156,196.5974958149483,0.0199414256954078,611948.4885444733,693.640985876386
1.2359550561797752,196.5974958149483,0.018450427329798836,317929.7597939904,527.2596265835676
1.2584269662921348,196.5974958149483,0.01714714570911514,169246.70776625758,403.49134783056627
1.2808988764044944,196.5974958149483,0.015980554058042547,87742.01761449546,301.8897199139664
1.303370786516854,196.5974958149483,0.014951433671228488,46995.63707309131,228.4552320464269
1.3258426966292134,196.5974958149483,0.01403133046722804,25487.63765938069,172.85271685095913
1.348314606741573,196.5974958149483,0.0132054088068016,14060.980957725393,131.12292672327456
1.3707865168539326,196.5974958149483,0.012467044564579016,8066.438441496982,101.09431744260944
1.393258426966292,196.5974958149483,0.011789228337589894,4586.640545724649,76.94098671340957
1.4157303370786516,196.5974958149483,0.011188285439901243,2804.786912345019,60.827341703412635
1.4382022471910112,196.5974958149483,0.010635196518481507,1725.3800285899777,47.93993878990577
1.4606741573033708,196.5974958149483,0.010129934726848472,1090.2800148678054,38.1768589643093
1.4831460674157304,196.5974958149483,0.009675097600673328,726.9027826447659,31.279749891375214
1.5056179775280898,196.5974958149483,0.009255363740375607,493.5515250675618,25.785302221982096
1.5280898876404494,196.5974958149483,0.008866126680204327,340.36579003102617,21.35342361172308
1.550561797752809,196.5974958149483,0.00851145208554024,244.19542426123564,18.06452458080631
1.5730337078651684,196.5974958149483,0.008179936861756559,177.11618107405363,15.317337212218716
1.595505617977528,196.5974958149483,0.007873689552274524,131.76111169370475,13.153910382653018
1.6179775280898876,196.5974958149483,0.00758613623147203,99.0462505808424,11.325054606258341
1.6404494382022472,196.5974958149483,0.007324029225764311,77.28179105217548,9.971134859964305
1.6629213483146068,196.5974958149483,0.007074615971895537,60.372270366457165,8.749914743779364
1.6853932584269662,196.5974958149483,0.006844541410876657,48.406432062487,7.796574754743021
1.7078651685393258,196.5974958149483,0.006622890906806216,38.64077692386411,6.896858541697579
1.7303370786516854,196.5974958149483,0.006421901085469165,31.969736929484302,6.247440493750972
1.7528089887640448,196.5974958149483,0.006231335734081446,26.634853773224208,5.671148477430488
1.7752808988764044,196.5974958149483,0.006051309268450868,22.401799959177147,5.170195292296092
1.797752808988764,196.5974958149483,0.005879211538335324,18.91212684778201,4.712947506589941
1.8202247191011236,196.5974958149483,0.005715339973804979,16.068754890266185,4.305359890666692
1.8426966292134832,196.5974958149483,0.00556343408385975,13.906052048849997,3.981697549301936
1.8651685393258426,196.5974958149483,0.005419344654364417,12.126788167390323,3.696408285113487
1.8876404494382022,196.5974958149483,0.005280445009682402,10.590844563825414,3.427212798614879
1.9101123595505618,196.5974958149483,0.005150302590770926,9.36355488701238,3.2035612909917393
1.9325842696629212,196.5974958149483,0.005026583004657508,8.333491035683567,3.0051512461550405
1.9550561797752808,196.5974958149483,0.004909318357843177,7.471905637596316,2.8316140542325945
1.9775280898876404,196.5974958149483,0.00479781574777317,6.740962978891352,2.6776574310369603
2.0,196.5974958149483,0.0046895451486946215,6.082508032222373,2.5276206961346195
0.0,218.49904407280258,1.1893334017716308,2058618.7148522867,44.98188440510826
0.02247191011235955,218.49904407280258,1.2154084498066648,2422228.4172124597,48.57806715262639
0.0449438202247191,218.49904407280258,1.2413635042944837,2845845.837290244,52.44467688694093
0.06741573033707865,218.49904407280258,1.2672577701421703,3339054.5585871157,56.60248697396259
0.0898876404494382,218.49904407280258,1.293095164828709,3912401.1388508244,61.07092002047741
0.11235955056179775,218.49904407280258,1.318868692789492,4577732.487645648,65.86978760707895
0.1348314606741573,218.49904407280258,1.34457153456158,5348402.4132533,71.01973372314725
0.15730337078651685,218.49904407280258,1.3708829203015325,6247341.543702164,76.56902446112115
0.1797752808988764,218.49904407280258,1.3964371138190725,7276295.929473858,82.48519043789439
0.20224719101123595,218.49904407280258,1.421900798529249,8461109.603076134,88.81843149789557
0.2247191011235955,218.49904407280258,1.4472676713303467,9822569.390552672,95.592250563656
0.24719101123595505,218.49904407280258,1.4725315442171976,11383674.542646242,102.83072993629924
0.2696629213483146,218.49904407280258,1.4976864769712668,13169764.950432263,110.55844121328964
0.29213483146067415,218.49904407280258,1.522726662192137,15208629.837956695,118.80032736412574
0.3146067415730337,218.49904407280258,1.5476464894361557,17530596.48605116,127.58156717745672
0.33707865168539325,218.49904407280258,1.5724406000137552,20168588.752326388,136.92741113484772
0.3595505617977528,218.49904407280258,1.5971038014461139,23158144.56801723,146.86298734108323
0.38202247191011235,218.49904407280258,1.6216311265976446,26537386.830450784,157.4130758180674
0.4044943820224719,218.49904407280258,1.6460178325469141,30346933.385797806,168.6018451252694
0.42696629213483145,218.49904407280258,1.670259400699711,34629734.763871014,180.45254843974888
0.449438202247191,218.49904407280258,1.6584545738034406,39751529.23327567,196.86420012842302
0.47191011235955055,218.49904407280258,1.4688709364194972,50283473.61581143,243.87535725741336
0.4943820224719101,218.49904407280258,1.2996528615273808,67690989.74183588,309.72956606560774
0.5168539325842696,218.49904407280258,1.1490108847221843,93914077.19649044,398.05613257437335
0.5393258426966292,218.49904407280258,1.0151251391225067,131515638.14299788,513.1974665630122
0.5617977528089888,218.49904407280258,0.8962955932302382,183348901.4968768,659.8581914743061
0.5842696629213483,218.49904407280258,0.7907543168503989,252159236.2584178,842.9344895071849
0.6067415730337078,218.49904407280258,0.697479064602417,340668182.6487433,1067.7417968804355
0.6292134831460674,218.49904407280258,0.6148953149334759,451212534.3918568,1340.4089640605523
0.651685393258427,218.49904407280258,0.5417375275235282,585890480.5876052,1668.1883785178347
0.6741573033707865,218.49904407280258,0.4771667977457148,748237192.0763788,2061.5652783644146
0.696629213483146,218.49904407280258,0.4194887590463921,935580482.4746373,2526.67837026276
0.7191011235955056,218.49904407280258,0.3661521160063036,1114372601.8362029,3037.5048329499023
0.7415730337078652,218.49904407280258,0.31822308662875753,1272087735.9046037,3587.982924001534
0.7640449438202247,218.49904407280258,0.27586757487525415,1399117603.8118954,4172.363235328275
0.7865168539325842,218.49904407280258,0.23883318025267836,1489409262.5191882,4785.156739737157
0.8089887640449438,218.49904407280258,0.20433246209635675,1401909342.5247397,5197.749299072104
0.8314606741573034,218.49904407280258,0.1724364757689415,1109223123.2018359,5215.334481180998
0.8539325842696629,218.49904407280258,0.14639134638156653,858611833.2355129,5168.439347480256
0.8764044943820224,218.49904407280258,0.12494778192068126,648484711.5805383,5053.280640728079
0.898876404494382,218.49904407280258,0.10728160682043072,481772699.8737322,4892.811530512583
0.9213483146067416,218.49904407280258,0.09265933502714253,352565046.09627044,4694.611280830333
0.9438202247191011,218.49904407280258,0.08044496166577499,251752740.97029275,4442.952389854771
0.9662921348314606,218.49904407280258,0.07022672959819548,176037986.50235337,4153.444482604509
0.9887640449438202,218.49904407280258,0.06165077318902897,120655956.52903064,3836.114550164435
1.0112359550561798,218.49904407280258,0.05441221109706511,80666827.79530196,3490.85309804357
1.0337078651685392,218.49904407280258,0.04828266235872448,52616987.8343805,3128.8403526981924
1.0561797752808988,218.49904407280258,0.04304823450418169,33025699.26302165,2741.3915186477025
1.0786516853932584,218.49904407280258,0.03861389840121149,20574579.308232576,2384.316336884235
1.101123595505618,218.49904407280258,0.034794366919844937,12310779.916499386,2022.8397222859119
1.1235955056179776,218.49904407280258,0.031514096053066376,7209593.946064787,1689.4803033531896
1.146067415730337,218.49904407280258,0.028679487759451415,4116626.7529697134,1385.505088510288
1.1685393258426966,218.49904407280258,0.026216484424421725,2287417.5231666393,1113.7600728726418
1.1910112359550562,218.49904407280258,0.024052379782454787,1212610.1459137748,867.4376464644865
1.2134831460674156,218.49904407280258,0.022188251121796815,663619.9349541962,683.2765757578572
1.2359550561797752,218.49904407280258,0.020528261026312427,345689.4232105586,520.1033248472576
1.2584269662921348,218.49904407280258,0.01907405548955125,183201.08655998946,396.9503691261034
1.2808988764044944,218.49904407280258,0.01777042218731758,94093.80757049797,295.3441687663602
1.303370786516854,218.49904407280258,0.016627647662065696,50786.720132260954,224.46438696660792
1.3258426966292134,218.49904407280258,0.015602259205622476,27494.18248029025,169.61966238389746
1.348314606741573,218.49904407280258,0.014686154803773353,15315.416349104376,129.3989962217403
1.3707865168539326,218.49904407280258,0.013864445090984846,8799.778057633168,99.84675236089636
1.393258426966292,218.49904407280258,0.013119017346341222,5139.583985964398,77.25925598581152
1.4157303370786516,218.49904407280258,0.012443400186201301,3086.219708527615,60.387219272853116
1.4382022471910112,218.49904407280258,0.011830354169333724,1914.4358890285243,47.84490730064899
1.4606741573033708,218.49904407280258,0.011272728019833641,1227.6987849986306,38.46740909038835
1.4831460674157304,218.49904407280258,0.010755020921565432,791.645855631688,30.836632775277792
1.5056179775280898,218.49904407280258,0.010286998177711282,536.3513457917396,25.37870370475341
1.5280898876404494,218.49904407280258,0.009854878269837442,371.22837388067603,21.06414332204103
1.550561797752809,218.49904407280258,0.009464456849882093,269.804509452578,17.975924828714646
1.5730337078651684,218.49904407280258,0.009096654077424125,196.39120768716413,15.279548053137159
1.595505617977528,218.49904407280258,0.008753135084496419,144.98367006152228,13.050013747410869
1.6179775280898876,218.49904407280258,0.008435053692693744,109.61177864820061,11.2809277568387
1.6404494382022472,218.49904407280258,0.008140314024833242,84.79401931485482,9.869672763078235
1.6629213483146068,218.49904407280258,0.007868334374301882,67.29617407083865,8.761925448211505
1.6853932584269662,218.49904407280258,0.007608812736461829,53.43567598210448,7.750536745999748
1.7078651685393258,218.49904407280258,0.007368855786425037,43.44691306662023,6.952772118423815
1.7303370786516854,218.49904407280258,0.0071414863702174295,35.58127923947421,6.249242165814101
1.7528089887640448,218.49904407280258,0.006928188533756359,29.54347160316363,5.657766433851011
1.7752808988764044,218.49904407280258,0.0067270814093475725,24.79609470167273,5.149245271963694
1.797752808988764,218.49904407280258,0.006536009695921714,20.9568328697105,4.697899780067255
1.8202247191011236,218.49904407280258,0.0063573485254650244,17.974450791039736,4.324876743277487
1.8426966292134832,218.49904407280258,0.006188706638369963,15.568209959221315,4.002845850436383
1.8651685393258426,218.49904407280258,0.006025867093669242,13.48905369235917,3.696133279592364
1.8876404494382022,218.49904407280258,0.00587404496070441,11.859116898409294,3.4466175932868808
1.9101123595505618,218.49904407280258,0.005729155924900985,10.481033740980745,3.2209687658914503
1.9325842696629212,218.49904407280258,0.005590335412670318,9.300473807961934,3.0138590680982347
1.9550561797752808,218.49904407280258,0.005458884676455989,8.318551489102214,2.8337624274775
1.9775280898876404,218.49904407280258,0.005331858921741034,7.451908691378861,2.6626414778814596
2.0,218.49904407280258,0.005209386554946745,6.69280374105011,2.5026045441434093
0.0,242.84049022509708,1.1359167504403815,1455351.8512036714,38.68520420001445
0.02247191011235955,242.84049022509708,1.1619441260362564,1715742.9570529142,41.79897080365195
0.0449438202247191,242.84049022509708,1.187928226757888,2020114.224735299,45.15245066268085
0.06741573033707865,242.84049022509708,1.213861893150727,2375308.702344273,48.76182903131708
0.0898876404494382,242.84049022509708,1.2396717950303962,2788677.1051817485,52.641554210465
0.11235955056179775,242.84049022509708,1.2654094324092169,3269324.1564958706,56.811669908068005
0.1348314606741573,242.84049022509708,1.2910824292247225,3827318.205789223,61.291388242567045
0.15730337078651685,242.84049022509708,1.316683894702282,4473913.243456156,66.10015356972599
0.1797752808988764,242.84049022509708,1.342207089610314,5221754.402326526,71.25818089116045
0.20224719101123595,242.84049022509708,1.368330078551241,6092015.003042858,76.80839567490654
0.2247191011235955,242.84049022509708,1.3936896750232453,7087061.674507929,82.72666723478508
0.24719101123595505,242.84049022509708,1.4189515543832611,8230804.794489269,89.05835659524357
0.2696629213483146,242.84049022509708,1.4441094980329405,9542628.07882027,95.82619388148508
0.29213483146067415,242.84049022509708,1.4691575392137495,11043885.212067958,103.05338055530923
0.3146067415730337,242.84049022509708,1.4940898745746702,12757989.798219249,110.76347854117941
0.33707865168539325,242.84049022509708,1.518900904577976,14710487.049037738,118.98028035209032
0.3595505617977528,242.84049022509708,1.5435852511182953,16929098.916076593,127.72765261734826
0.38202247191011235,242.84049022509708,1.5681377630140396,19443735.109490156,137.0293503469905
0.4044943820224719,242.84049022509708,1.5925533963800507,22286460.75564725,146.90880430744636
0.42696629213483145,242.84049022509708,1.6168274825110045,25491415.19518416,157.38886083569233
0.449438202247191,242.84049022509708,1.6409555446251702,29094663.400107425,168.49149103417906
0.47191011235955055,242.84049022509708,1.6280134900052043,33553285.680992924,184.45538725269515
0.4943820224719101,242.84049022509708,1.4373362330167025,43682523.345706254,232.68894311090048
0.5168539325842696,242.84049022509708,1.2682567472845934,60501776.00181015,300.6596903145663
0.5393258426966292,242.84049022509708,1.1186667225824105,86099067.3198851,392.3284913195594
0.5617977528089888,242.84049022509708,0.9864176421842363,123170810.63246946,512.3712825955747
0.5842696629213483,242.84049022509708,0.869454496585831,174669489.47339422,665.8228744320592
0.6067415730337078,242.84049022509708,0.7659924758261005,243415349.93838492,857.8449534607594
0.6292134831460674,242.84049022509708,0.6747097215556063,332048030.71088123,1094.0284525585475
0.651685393258427,242.84049022509708,0.594269310222692,443223009.8567692,1381.2227089439846
0.6741573033707865,242.84049022509708,0.5230037535295091,578432001.164095,1726.6843532111877
0.696629213483146,242.84049022509708,0.4604009571882738,742498766.8598666,2143.1585025158065
0.7191011235955056,242.84049022509708,0.4031127513797343,915851005.7051116,2618.21993140607
0.7415730337078652,242.84049022509708,0.3510360833964199,1077045479.7949138,3136.3275815274255
0.7640449438202247,242.84049022509708,0.304671471413629,1213302204.3427498,3689.1115195689918
0.7865168539325842,242.84049022509708,0.2639737233161472,1316688637.5660682,4270.216613826803
0.8089887640449438,242.84049022509708,0.22859959176028524,1384470882.469651,4875.916775566058
0.8314606741573034,242.84049022509708,0.19303755520648483,1128872870.6880796,4965.813935555703
0.8539325842696629,242.84049022509708,0.16374393026634193,885250438.2735965,4955.543742816745
0.8764044943820224,242.84049022509708,0.13965564562503288,675214729.6488359,4870.925488242038
0.898876404494382,242.84049022509708,0.11984685824150662,506097270.15882957,4738.5402475527135
0.9213483146067416,242.84049022509708,0.1034291232966584,371358915.1074875,4554.225579344737
0.9438202247191011,242.84049022509708,0.0897149280079328,264760552.0155412,4308.040194614296
0.9662921348314606,242.84049022509708,0.07831189721879724,186628068.65253475,4043.8442459845487
0.9887640449438202,242.84049022509708,0.06871309654242633,127896692.3214835,3735.076377943181
1.0112359550561798,242.84049022509708,0.060620297847756445,85495081.79257818,3398.8240567473945
1.0337078651685392,242.84049022509708,0.053789410286796686,56109649.05872003,3055.831708453468
1.0561797752808988,242.84049022509708,0.04797102305156407,35686629.49139915,2695.617336642089
1.0786516853932584,242.84049022509708,0.04301720315489886,22233222.65783047,2344.610335314068
1.101123595505618,242.84049022509708,0.03875248618371149,13304025.582493426,1989.2026088797827
1.1235955056179776,242.84049022509708,0.035086653440195695,7759126.769976806,1657.6772908601106
1.146067415730337,242.84049022509708,0.031918125499356825,4399893.980854012,1354.2557541884928
1.1685393258426966,242.84049022509708,0.02917493598234068,2451230.3303640117,1090.030766738144
1.1910112359550562,242.84049022509708,0.02678089828355057,1331551.4140864464,860.3452661589099
1.2134831460674156,242.84049022509708,0.024687545888927576,713325.0487158287,669.6457299559614
1.2359550561797752,242.84049022509708,0.022845843625391375,376767.89810384676,513.6605301099194
1.2584269662921348,242.84049022509708,0.021206221479957633,192834.3807874411,384.24170668323234
1.2808988764044944,242.84049022509708,0.01976664703597479,101474.03785872762,289.84770969481957
1.303370786516854,242.84049022509708,0.018501034220468587,55662.34470536297,222.3529948131631
1.3258426966292134,242.84049022509708,0.017362714707613892,30433.295380140607,169.00818094216925
1.348314606741573,242.84049022509708,0.016338737256448382,16828.289854060422,128.36005755498758
1.3707865168539326,242.84049022509708,0.01541352346564532,9438.507152002794,97.58363522572722
1.393258426966292,242.84049022509708,0.014589859845649708,5604.238037857194,76.26515948848686
1.4157303370786516,242.84049022509708,0.01383475332478698,3342.7498480230747,59.350253270800415
1.4382022471910112,242.84049022509708,0.013157592096541472,2104.055245296803,47.45462214331646
1.4606741573033708,242.84049022509708,0.012530746970041935,1328.7221181083598,37.77177904161038
1.4831460674157304,242.84049022509708,0.01196184240967486,874.2836209292008,30.677653642730345
1.5056179775280898,242.84049022509708,0.011440403167293885,591.9087291983232,25.23443513448428
1.5280898876404494,242.84049022509708,0.010962024966106917,412.6911070365778,21.04745721056643
1.550561797752809,242.84049022509708,0.010519675427158797,293.93971541044255,17.713806185145206
1.5730337078651684,242.84049022509708,0.010114612706530442,216.46578170850097,15.176824777105256
1.595505617977528,242.84049022509708,0.009730242661852868,159.01363602756183,12.915785983347407
1.6179775280898876,242.84049022509708,0.009375474712429957,120.02414019084027,11.1503749690744
1.6404494382022472,242.84049022509708,0.009053572700726062,94.32354696284553,9.866976727085744
1.6629213483146068,242.84049022509708,0.008743906899815256,73.56337285452838,8.646846276610157
1.6853932584269662,242.84049022509708,0.008459240568358773,59.031968489514874,7.70844792782243
1.7078651685393258,242.84049022509708,0.008189614508954125,47.6981999636104,6.881607086319729
1.7303370786516854,242.84049022509708,0.007937574083134748,39.16298216648231,6.196735667450838
1.7528089887640448,242.84049022509708,0.007701042270907725,32.58586614874143,5.618930128438004
1.7752808988764044,242.84049022509708,0.007479097986975516,27.471456974259638,5.131681781169527
1.797752808988764,242.84049022509708,0.007265828655543573,23.18369516035251,4.676113477769574
1.8202247191011236,242.84049022509708,0.007066547407850834,19.863287185904817,4.300834033775641
1.8426966292134832,242.84049022509708,0.006879224964306086,17.217640346280003,3.9829351265177357
1.8651685393258426,242.84049022509708,0.006699786077948632,14.97766176678156,3.68996113259262
1.8876404494382022,242.84049022509708,0.006528284575378242,13.092830531126253,3.4239920984706322
1.9101123595505618,242.84049022509708,0.00636730230933033,11.577710142981209,3.20110499338657
1.9325842696629212,242.84049022509708,0.006213626196818817,10.291433151995452,2.9996481104685606
1.9550561797752808,242.84049022509708,0.006068800783050448,9.2331503926939,2.8280027820892184
1.9775280898876404,242.84049022509708,0.0059260792968429425,8.246926153802386,2.650132632849019
2.0,242.84049022509708,0.005792708375165663,7.451616731872013,2.504534967300768
0.0,269.8936461850908,1.0824492851159533,1022433.8892033447,33.200449981400865
0.02247191011235955,269.8936461850908,1.1084199623748365,1207816.5581531813,35.89072932816917
0.0449438202247191,269.8936461850908,1.1343548347273549,1424992.868034073,38.790764320879575
0.06741573033707865,269.8936461850908,1.1602458400447722,1679001.2233066803,41.915005274865315
0.0898876404494382,269.8936461850908,1.1860855445603071,1975591.0728926233,45.27866641749043
0.11235955056179775,269.8936461850908,1.2118669204782544,2321304.342393147,48.89772763114081
0.1348314606741573,269.8936461850908,1.237522410265571,2723198.6193022095,52.78684499339424
0.15730337078651685,269.8936461850908,1.2630925653959895,3189867.0888518225,56.9652452227106
0.1797752808988764,269.8936461850908,1.2885904463373492,3730884.755581166,61.45194719325502
0.20224719101123595,269.8936461850908,1.3140092197895759,4356890.676448265,66.2660105656488
0.2247191011235955,269.8936461850908,1.3393422814032878,5079800.147769747,71.4272067827139
0.24719101123595505,269.8936461850908,1.3652662394406567,5918979.838109403,76.9726893227899
0.2696629213483146,269.8936461850908,1.3904210674337192,6877454.110130003,82.88741473055433
0.29213483146067415,269.8936461850908,1.4154710819586838,7977157.502698905,89.21152215013252
0.3146067415730337,269.8936461850908,1.4404103240600328,9236062.661027193,95.96694910859368
0.33707865168539325,269.8936461850908,1.4652329389161511,10673873.95448675,103.17598613405227
0.3595505617977528,269.8936461850908,1.4899333833711603,12312087.606009372,110.86115485116522
0.38202247191011235,269.8936461850908,1.5145062091439556,14174025.035576614,119.04505893644505
0.4044943820224719,269.8936461850908,1.5389462718812257,16284840.758904153,127.75020755810648
0.42696629213483145,269.8936461850908,1.5632486115704352,18671490.475571413,136.99880842592512
0.449438202247191,269.8936461850908,1.5874085105506226,21362655.448124852,146.8125241312086
0.47191011235955055,269.8936461850908,1.611421451321606,24388611.96058722,157.21219285849506
0.4943820224719101,269.8936461850908,1.597468479914676,28265543.030479323,172.73461654897363
0.5168539325842696,269.8936461850908,1.4059209742893808,37898252.852456585,221.9968959972412
0.5393258426966292,269.8936461850908,1.2371745115290194,54021342.74517306,291.90180645129
0.5617977528089888,269.8936461850908,1.0888538739932416,78841751.09694695,386.7282672773744
0.5842696629213483,269.8936461850908,0.9582082657787169,115163221.7623198,511.55022557325645
0.6067415730337078,269.8936461850908,0.8433946880897523,166028430.3697598,671.6080141281451
0.6292134831460674,269.8936461850908,0.7419706212795641,234245348.72107545,872.4279552689042
0.651685393258427,269.8936461850908,0.6529220905474467,322623319.2430886,1120.0424863507658
0.6741573033707865,269.8936461850908,0.5744029897160994,433356288.392224,1421.37661903758
0.696629213483146,269.8936461850908,0.5053602116009803,569394259.5727181,1785.8867650549491
0.7191011235955056,269.8936461850908,0.44369262870133197,727420897.4543644,2217.8206464684904
0.7415730337078652,269.8936461850908,0.38726598224898523,885127981.1453373,2699.7261948421988
0.7640449438202247,269.8936461850908,0.33663113990638377,1026684796.4399594,3220.210015859075
0.7865168539325842,269.8936461850908,0.2920218385798811,1143064864.7252352,3773.4116356858867
0.8089887640449438,269.8936461850908,0.25297398750811206,1222502694.2832618,4344.613217584747
0.8314606741573034,269.8936461850908,0.21660711150279338,1143931217.5418518,4711.736818946309
0.8539325842696629,269.8936461850908,0.18331864334392128,901380192.5297581,4718.581197893951
0.8764044943820224,269.8936461850908,0.15622962162873422,696452946.6419127,4670.098290194499
0.898876404494382,269.8936461850908,0.1339620628816386,526436425.4626025,4564.2337956462225
0.9213483146067416,269.8936461850908,0.1155092157292704,387815317.1050393,4397.078079874591
0.9438202247191011,269.8936461850908,0.10013169461928648,277717912.1278347,4169.651975003179
0.9662921348314606,269.8936461850908,0.08733889514496862,195676036.54900983,3913.963965538349
0.9887640449438202,269.8936461850908,0.07659625540948087,134276297.2878568,3617.922284465785
1.0112359550561798,269.8936461850908,0.0675708475152323,90432083.481813,3304.695148357662
1.0337078651685392,269.8936461850908,0.05993755951802886,59439804.55514985,2973.546373256797
1.0561797752808988,269.8936461850908,0.05345297396513695,38073837.31897922,2632.5377716363882
1.0786516853932584,269.8936461850908,0.0478976399123534,23457669.507657934,2276.4683079240685
1.101123595505618,269.8936461850908,0.04315434543725153,14169348.167848878,1940.7051684611988
1.1235955056179776,269.8936461850908,0.03907260393967227,8319940.278879461,1622.9267117090537
1.146067415730337,269.8936461850908,0.03553963706669645,4729822.786525196,1327.5468703412055
1.1685393258426966,269.8936461850908,0.03245900302759658,2580144.78617259,1056.2273619213263
1.1910112359550562,269.8936461850908,0.029796122277856482,1409493.4791802268,836.0398083853734
1.2134831460674156,269.8936461850908,0.027470849830488354,762783.8302821629,654.270838461197
1.2359550561797752,269.8936461850908,0.025411692485090967,399054.9130880716,499.0569746188849
1.2584269662921348,269.8936461850908,0.02359889856526748,209086.4895039697,378.2679039184886
1.2808988764044944,269.8936461850908,0.021998485975652817,110906.13638938079,286.6304434109472
1.303370786516854,269.8936461850908,0.020580916542411107,60056.38830608198,218.20381155236143
1.3258426966292134,269.8936461850908,0.01930484328634553,32330.398374451503,164.29528787172015
1.348314606741573,269.8936461850908,0.018172488293970477,18196.012605164557,126.08117336686978
1.3707865168539326,269.8936461850908,0.01714714570911514,10331.505171056438,96.55625375473463
1.393258426966292,269.8936461850908,0.016221623001641094,6027.415923477831,74.63312202685805
1.4157303370786516,269.8936461850908,0.015387642860447824,3655.3901474158542,58.676878929419466
1.4382022471910112,269.8936461850908,0.014629169108582207,2278.768987989356,46.62209646478818
1.4606741573033708,269.8936461850908,0.013936705172374582,1458.8813144669298,37.43210277655451
1.4831460674157304,269.8936461850908,0.013306095640479305,966.9434051416472,30.54503386569243
1.5056179775280898,269.8936461850908,0.01272481334168458,653.8590629897866,25.1045356233627
1.5280898876404494,269.8936461850908,0.012192112907531874,455.9574664441739,20.94045672996928
1.550561797752809,269.8936461850908,0.011696220412209486,322.2679649327589,17.52987270683316
1.5730337078651684,269.8936461850908,0.011237668384076699,233.22430417103598,14.835372163002663
1.595505617977528,269.8936461850908,0.010824581837808833,177.37125760502778,12.935625273713365
1.6179775280898876,269.8936461850908,0.010429875470314553,133.95939279458207,11.172788576467862
1.6404494382022472,269.8936461850908,0.010058877520666198,102.2987158965708,9.682185707622725
1.6629213483146068,269.8936461850908,0.009722833409377593,81.37231130944373,8.607759140884767
1.6853932584269662,269.8936461850908,0.00940798494971897,65.59547743797783,7.699539048838748
1.7078651685393258,269.8936461850908,0.0091031960280683,52.463050493017285,6.820195968021672
1.7303370786516854,269.8936461850908,0.008829274157296086,43.70082456429682,6.209874949792689
1.7528089887640448,269.8936461850908,0.00856015085314402,35.9063760105655,5.575499938217196
1.7752808988764044,269.8936461850908,0.008315600890737705,30.431026767120738,5.113067917216028
1.797752808988764,269.8936461850908,0.008079296270003668,25.73854398484142,4.667414965239956
1.8202247191011236,269.8936461850908,0.007857624018356596,22.056890469770323,4.293543124108122
1.8426966292134832,269.8936461850908,0.0076498578429289935,19.14593405854652,3.980819947495714
1.8651685393258426,269.8936461850908,0.007443475012286783,16.43264049655438,3.646290427974658
1.8876404494382022,269.8936461850908,0.007258363825132214,14.530578217738817,3.4164724008809846
1.9101123595505618,269.8936461850908,0.007074615971895537,12.733875014198997,3.16910201130173
1.9325842696629212,269.8936461850908,0.006906452784891248,11.382293173621543,2.9839050054633396
1.9550561797752808,269.8936461850908,0.006744970894519568,10.205500146027902,2.8114465471163634
1.9775280898876404,269.8936461850908,0.006589407598280869,9.17187795186869,2.649226864761984
2.0,269.8936461850908,0.006439003239753248,8.256161973459749,2.4950670524403105
0.0,299.9606045250635,1.0289488428661626,713409.3522017823,28.428588735536486
0.02247191011235955,299.9606045250635,1.0548502527731483,844549.6135096401,30.747523496250192
0.0449438202247191,299.9606045250635,1.0807258288550088,998538.492152688,33.24961094967429
0.06741573033707865,299.9606045250635,1.1065657184591013,1179062.8396339363,35.94769573992254
0.0898876404494382,299.9606045250635,1.1323613160136115,1390343.7010777663,38.85534889565926
0.11235955056179775,299.9606045250635,1.1581048796982574,1637200.230999168,41.986872602144274
0.1348314606741573,299.9606045250635,1.1837892024749501,1925118.2470619802,45.35730041544626
0.15730337078651685,299.9606045250635,1.2094074242764241,2260323.5754562393,48.9823957184942
0.1797752808988764,299.9606045250635,1.2348993501290266,2649568.6027010567,52.87703253469923
0.20224719101123595,299.9606045250635,1.2602912956764605,3100911.2212303905,57.05957945490077
0.2247191011235955,299.9606045250635,1.2856033965052196,3623419.247872822,61.548857137226406
0.24719101123595505,299.9606045250635,1.3108289852583932,4227101.213696394,66.36353136553994
0.2696629213483146,299.9606045250635,1.3359615422230173,4923127.061446435,71.52291524018935
0.29213483146067415,299.9606045250635,1.3616760494222742,5729024.705560969,77.05794888780612
0.3146067415730337,299.9606045250635,1.3866160907216623,6648505.807575805,82.96345289316503
0.33707865168539325,299.9606045250635,1.411444494822557,7701506.592046081,89.27395610976414
0.3595505617977528,299.9606045250635,1.4361554619832926,8904589.985360513,96.01057939835525
0.38202247191011235,299.9606045250635,1.4607433822297555,10275823.945344787,103.19467833889644
0.4044943820224719,299.9606045250635,1.4852028835820772,11834810.018357677,110.84770243879547
0.42696629213483145,299.9606045250635,1.5095287359451455,13602685.704522168,118.99103000195097
0.449438202247191,299.9606045250635,1.5337160440669237,15602096.599085135,127.64576547594275
0.47191011235955055,299.9606045250635,1.5577600781628163,17857127.457001433,136.8325110111412
0.4943820224719101,299.9606045250635,1.5816563303838496,20393187.71215824,146.57109591747238
0.5168539325842696,299.9606045250635,1.5669293921632166,23756655.37109608,161.637637258282
0.5393258426966292,299.9606045250635,1.3747296720689168,32820269.38278417,211.7172850196007
0.5617977528089888,299.9606045250635,1.2064343203155576,48155960.645479,283.3561878587298
0.5842696629213483,299.9606045250635,1.0596394063708687,72050540.41551255,381.08432346620873
0.6067415730337078,299.9606045250635,0.9309039311059968,107400097.6261461,510.3969862044835
0.6292134831460674,299.9606045250635,0.8177550957514413,157220504.46901026,676.8575700328687
0.651685393258427,299.9606045250635,0.7188293925427688,224510708.20363948,886.1716672629916
0.6741573033707865,299.9606045250635,0.631833693103016,311774516.0026875,1144.7117594218307
0.696629213483146,299.9606045250635,0.5553436185677253,421236408.9341837,1459.828278125507
0.7191011235955056,299.9606045250635,0.48820229057458225,555624214.8861245,1841.4827703385113
0.7415730337078652,299.9606045250635,0.42739467399178865,703569973.9931326,2283.8754005213073
0.7640449438202247,299.9606045250635,0.3721131444389987,843707754.7228426,2768.150806447952
0.7865168539325842,299.9606045250635,0.3230623898753115,964479622.5121517,3285.792778815672
0.8089887640449438,299.9606045250635,0.28018354111646887,1058863535.747529,3831.0772883237823
0.8314606741573034,299.9606045250635,0.24288885634660617,1118372674.2533464,4390.668773438436
0.8539325842696629,299.9606045250635,0.20559653218457727,909951181.421747,4468.72435162054
0.8764044943820224,299.9606045250635,0.17496020869135367,710761729.4866339,4450.307509742421
0.898876404494382,299.9606045250635,0.14982433314213797,540551279.4735591,4365.513520609424
0.9213483146067416,299.9606045250635,0.12900779093540182,398270681.22162944,4208.287226960092
0.9438202247191011,299.9606045250635,0.11184196090363406,289732249.6844012,4022.5006160303556
0.9662921348314606,299.9606045250635,0.09750995432334333,205520741.10711485,3789.366259099583
0.9887640449438202,299.9606045250635,0.08545716124540297,141095926.9358419,3504.243678908405
1.0112359550561798,299.9606045250635,0.07537830224809411,95822828.47466315,3214.6348588434494
1.0337078651685392,299.9606045250635,0.06679102010089705,62220370.0609722,2874.923961946337
1.0561797752808988,299.9606045250635,0.059556345276544055,40043401.05202378,2551.2450333109773
1.0786516853932584,299.9606045250635,0.053356505563530277,24745726.559987318,2209.452950476237
1.101123595505618,299.9606045250635,0.04806903857869035,15026742.02536452,1888.6199738229911
1.1235955056179776,299.9606045250635,0.04351259075058448,8828599.580067392,1579.6891920765222
1.146067415730337,299.9606045250635,0.039554357165204404,4958761.30983011,1283.6210224873128
1.1685393258426966,299.9606045250635,0.03613404743765885,2742263.9729596125,1028.6654172794538
1.1910112359550562,299.9606045250635,0.033157136711897774,1487481.691676142,810.8945381213458
1.2134831460674156,299.9606045250635,0.03056749600046667,807522.1170148775,635.544853659475
1.2359550561797752,299.9606045250635,0.028270831061483266,421876.33142533374,484.27005139592
1.2584269662921348,299.9606045250635,0.026259377407310616,224043.3383480074,369.80373226809127
1.2808988764044944,299.9606045250635,0.024478788658983505,119549.2405933332,281.13062949210513
1.303370786516854,299.9606045250635,0.02289725073973968,64612.774623038975,213.73831436408508
1.3258426966292134,299.9606045250635,0.021477281020642863,34943.66269004845,161.34302312697028
1.348314606741573,299.9606045250635,0.02020668521645754,19355.14054309303,122.60274540842744
1.3707865168539326,299.9606045250635,0.01907405548955125,11205.377793024672,94.98802445199625
1.393258426966292,299.9606045250635,0.0180484087245268,6614.944468028528,73.94991045350274
1.4157303370786516,299.9606045250635,0.0171199521886031,4020.130932475529,58.21222006784786
1.4382022471910112,299.9606045250635,0.016270881019176,2486.226210101897,46.0143169430438
1.4606741573033708,299.9606045250635,0.015499502162977498,1592.350399185342,36.9486122737719
1.4831460674157304,299.9606045250635,0.014796080179022876,1053.5329390087963,30.110762147178296
1.5056179775280898,299.9606045250635,0.014152478211218225,718.4408511691643,24.883071034179654
1.5280898876404494,299.9606045250635,0.013561700940265832,503.7866562116137,20.832165993723994
1.550561797752809,299.9606045250635,0.013013606870915781,359.28725032694837,17.546659774418632
1.5730337078651684,299.9606045250635,0.012504427513747685,260.84069265789253,14.883208165354251
1.595505617977528,299.9606045250635,0.012035426935373548,194.7122276549197,12.807949561976857
1.6179775280898876,299.9606045250635,0.011599304745702069,148.10921938281894,11.118151515190789
1.6404494382022472,299.9606045250635,0.01119511849179192,115.17603279627205,9.763091796345497
1.6629213483146068,299.9606045250635,0.010811886732722547,89.94970724246508,8.563584997880435
1.6853932584269662,299.9606045250635,0.01045894515957365,72.16615042849723,7.632239467777172
1.7078651685393258,299.9606045250635,0.010124372540578182,58.267064740034336,6.808963757393132
1.7303370786516854,299.9606045250635,0.009817724069619733,48.37319298018909,6.183529306834916
1.7528089887640448,299.9606045250635,0.009514079972237865,39.442512104932995,5.51827074550945
1.7752808988764044,299.9606045250635,0.009244762166692878,33.613543939042295,5.082361575249681
1.797752808988764,299.9606045250635,0.008984085726476224,28.557605365315926,4.655919638188108
1.8202247191011236,299.9606045250635,0.008734678715134093,24.352489084276776,4.265579072759948
1.8426966292134832,299.9606045250635,0.008505288298434022,21.211026192858178,3.965909374391588
1.8651685393258426,299.9606045250635,0.008283037799615384,18.45117185672563,3.674043255012751
1.8876404494382022,299.9606045250635,0.008071582019962664,16.15634733312166,3.414063064380355
1.9101123595505618,299.9606045250635,0.007873689552274524,14.32310422205987,3.1988788663853542
1.9325842696629212,299.9606045250635,0.007680137628531163,12.659392180725163,2.982597341421906
1.9550561797752808,299.9606045250635,0.0074964836365998995,11.273762807721459,2.7932595958249533
1.9775280898876404,299.9606045250635,0.007324029225764311,10.143703037703922,2.6346773945831385
2.0,299.9606045250635,0.007160346166254054,9.187692369093375,2.495352469674009
0.0,333.37711183217897,0.9754441421627775,494106.54846227565,24.282472499540273
0.02247191011235955,333.37711183217897,1.0012562372659628,586225.6968627285,26.276099779720752
0.0449438202247191,333.37711183217897,1.027057670585553,694662.9042548425,28.42934139481857
0.06741573033707865,333.37711183217897,1.0528349588351011,822097.6832803214,30.75354310124379
0.0898876404494382,333.37711183217897,1.0785771164792537,971608.3546647198,33.260747197543516
0.11235955056179775,333.37711183217897,1.1042748544753975,1146721.5851927553,35.96369495865264
0.1348314606741573,333.37711183217897,1.1299200022378229,1351466.0737095196,38.87582828131622
0.15730337078651685,333.37711183217897,1.1555051025690612,1590430.3312920055,42.01128986509218
0.1797752808988764,333.37711183217897,1.1810231382109593,1868824.3894809762,45.384921124935516
0.20224719101123595,333.37711183217897,1.2064673864414202,2192545.2639097585,49.012257706332726
0.2247191011235955,333.37711183217897,1.2317867458721374,2568028.554607894,52.908381029886385
0.24719101123595505,333.37711183217897,1.2569898351749942,3002781.8577152775,57.090810952297616
0.2696629213483146,333.37711183217897,1.282105654497197,3505354.8404532606,61.57814723749713
0.29213483146067415,333.37711183217897,1.3071277024599297,4085114.6051756223,66.38865168609654
0.3146067415730337,333.37711183217897,1.3320495855411096,4752477.39303604,71.54117028232577
0.33707865168539325,333.37711183217897,1.357544385712777,5523116.289765219,77.05997197613935
0.3595505617977528,333.37711183217897,1.3822599143919403,6401453.546472791,82.95055332362493
0.38202247191011235,333.37711183217897,1.4068571780662327,7405420.646959588,89.24142964361133
0.4044943820224719,333.37711183217897,1.4313306457370893,8550185.736203115,95.95288539981652
0.42696629213483145,333.37711183217897,1.4556748597281508,9852204.694310764,103.10531684844271
0.449438202247191,333.37711183217897,1.479884655338034,11329223.644247776,110.71907245146326
0.47191011235955055,333.37711183217897,1.5039551165860647,13000252.420015918,118.81426309083622
0.4943820224719101,333.37711183217897,1.527881560341579,14885504.55540602,127.41053950138796
0.5168539325842696,333.37711183217897,1.5516594965938275,17006297.020610053,136.52683580576
0.5393258426966292,333.37711183217897,1.536517924172991,19913234.074393366,151.1000557547795
0.5617977528089888,333.37711183217897,1.343872039238986,28353353.821197215,201.76529573514838
0.5842696629213483,333.37711183217897,1.1766291325322287,42804740.48024881,274.7708784030505
0.6067415730337078,333.37711183217897,1.0312472347766746,65641533.072705835,375.1584782031119
0.6292134831460674,333.37711183217897,0.9044112246849059,99786647.35904503,508.6449229452307
0.651685393258427,333.37711183217897,0.7935469449361126,148296049.98669153,681.0690395862036
0.6741573033707865,333.37711183217897,0.69669817908851,214089114.33393213,898.4805059644871
0.696629213483146,333.37711183217897,0.6118075450356366,299632719.30337167,1167.5299055755288
0.7191011235955056,333.37711183217897,0.5374331430067313,407283587.51701623,1496.318101710621
0.7415730337078652,333.37711183217897,0.47159174351305483,536408707.66619164,1891.07401397659
0.7640449438202247,333.37711183217897,0.41152170669910043,669518715.5989549,2336.3932279543974
0.7865168539325842,333.37711183217897,0.3577279567447432,791487846.7708877,2818.9836988200177
0.8089887640449438,333.37711183217897,0.31046480127965354,892841790.8672668,3330.859950275104
0.8314606741573034,333.37711183217897,0.26919993731925873,962393769.9092302,3856.0095159159328
0.8539325842696629,333.37711183217897,0.23074248956196422,896679379.5583078,4178.0724218467285
0.8764044943820224,333.37711183217897,0.1959507852712722,707261336.641063,4185.581487336321
0.898876404494382,333.37711183217897,0.1675925367128474,543602956.0109059,4130.125408591783
0.9213483146067416,333.37711183217897,0.1443374247302387,409818314.12483555,4027.697325273049
0.9438202247191011,333.37711183217897,0.1250107558116416,299643272.91834617,3861.264183298951
0.9662921348314606,333.37711183217897,0.1088628866324771,212088279.45424584,3634.8718025762005
0.9887640449438202,333.37711183217897,0.09539351720357023,147212085.32703957,3380.3117178659636
1.0112359550561798,333.37711183217897,0.08403952882768853,98920167.84384829,3084.9092519868573
1.0337078651685392,333.37711183217897,0.07448667157338082,65254413.248608895,2781.033941233344
1.0561797752808988,333.37711183217897,0.06635754692484133,41551729.082331136,2454.4933875372594
1.0786516853932584,333.37711183217897,0.05948020107352642,26220162.081336588,2148.5844874071927
1.101123595505618,333.37711183217897,0.05354166192459369,15716879.893356698,1824.021644197157
1.1235955056179776,333.37711183217897,0.048459894396069944,9267342.71380214,1528.3122853813804
1.146067415730337,333.37711183217897,0.04406359618451342,5289306.124983056,1252.4070708173617
1.1685393258426966,333.37711183217897,0.040236406366630555,2907845.0524460515,1000.3105045153786
1.1910112359550562,333.37711183217897,0.03692867004036586,1599666.456625871,794.5522247162347
1.2134831460674156,333.37711183217897,0.03402352584546443,855447.5765240325,617.4465904072517
1.2359550561797752,333.37711183217897,0.03148127297526081,457609.090239304,476.7098686469574
1.2584269662921348,333.37711183217897,0.029232863595948778,241949.78977366767,363.0784289835578
1.2808988764044944,333.37711183217897,0.027232122648118477,126527.6763299678,272.76557051142487
1.303370786516854,333.37711183217897,0.025466866605007583,68173.35253917887,206.93769966725228
1.3258426966292134,333.37711183217897,0.023897607849560756,37690.39222725625,158.2215105242096
1.348314606741573,333.37711183217897,0.02248680889196224,21091.087815329243,120.9539765592473
1.3707865168539326,333.37711183217897,0.02122487349509042,12232.777638434738,93.80504184717245
1.393258426966292,333.37711183217897,0.020073138438968224,7116.325137424667,72.35788056280465
1.4157303370786516,333.37711183217897,0.019045422468885662,4382.186398324571,57.419918079402066
1.4382022471910112,333.37711183217897,0.01809772609790482,2704.040430781178,45.316285096725416
1.4606741573033708,333.37711183217897,0.017239750309749693,1737.6403893297534,36.460738790066515
1.4831460674157304,333.37711183217897,0.016456675418068983,1151.5309052588468,29.74061243612535
1.5056179775280898,333.37711183217897,0.015736508146079103,780.9028705708826,24.482378392737754
1.5280898876404494,333.37711183217897,0.015079347176348365,548.7314699106827,20.52162365442178
1.550561797752809,333.37711183217897,0.014468058299501036,390.9130820588157,17.268860578310626
1.5730337078651684,333.37711183217897,0.013909328360773923,288.377875110794,14.809198732898043
1.595505617977528,333.37711183217897,0.013381719718063768,213.22770604033278,12.657935363979806
1.6179775280898876,333.37711183217897,0.012900126812341322,163.45644283473538,11.047862474697713
1.6404494382022472,333.37711183217897,0.012443400186201301,125.61282984337802,9.61703348328136
1.6629213483146068,333.37711183217897,0.012025153011087975,99.63736922740688,8.531639262254021
1.6853932584269662,333.37711183217897,0.011629616819214171,79.58542224765651,7.578232637829107
1.7078651685393258,333.37711183217897,0.01126046449022729,64.64754691094724,6.791608561704066
1.7303370786516854,333.37711183217897,0.010913579305287602,53.16393182233569,6.122469608935516
1.7528089887640448,333.37711183217897,0.010588838027149682,44.35683679416169,5.562955091122914
1.7752808988764044,333.37711183217897,0.010280258293989339,37.240913130417624,5.063393705082188
1.797752808988764,333.37711183217897,0.009990634842043704,31.670886984135294,4.6421451443502955
1.8202247191011236,333.37711183217897,0.009715424156902318,27.116778300446562,4.2670524403246
1.8426966292134832,333.37711183217897,0.009451396830801843,23.2857497612498,3.9206480011181823
1.8651685393258426,333.37711183217897,0.009206426986087502,20.337957033232005,3.6440452802467718
1.8876404494382022,333.37711183217897,0.008974109123825118,17.896751116023683,3.400273130144736
1.9101123595505618,333.37711183217897,0.008753135084496419,15.848464751973399,3.1827770217946507
1.9325842696629212,333.37711183217897,0.008536656833838563,13.985670258929186,2.963362329193509
1.9550561797752808,333.37711183217897,0.008338400508617574,12.573444123793994,2.7986399959287347
1.9775280898876404,333.37711183217897,0.008145870938243028,11.30220887913697,2.6375688202871053
2.0,333.37711183217897,0.007963492228305086,10.233258067218353,2.4973333098031287
0.0,370.51631786626405,0.9219862307295938,339482.369200699,20.68564344928605
0.02247191011235955,370.51631786626405,0.9476739810705335,403685.89757490234,22.394460542463104
0.0449438202247191,370.51631786626405,0.973376327303867,479467.39565985836,24.242178938366457
0.06741573033707865,370.51631786626405,0.9990730139095282,568760.0286404075,26.238734265332006
0.0898876404494382,370.51631786626405,1.0247483030015887,673792.3148758465,28.39473276314813
0.11235955056179775,370.51631786626405,1.0503896867505387,797126.3983180802,30.72145352780473
0.1348314606741573,370.51631786626405,1.0759868977336617,941699.764571379,33.23084992507697
0.15730337078651685,370.51631786626405,1.10153118310702,1110870.4677583324,35.935550444133526
0.1797752808988764,370.51631786626405,1.1270147623818139,1308465.7515983763,38.84885774835807
0.20224719101123595,370.51631786626405,1.1524304263829053,1538833.8885022444,41.984745389347346
0.2247191011235955,370.51631786626405,1.1777713356462618,1806899.2883474298,45.35785396322541
0.24719101123595505,370.51631786626405,1.2030309176094476,2118220.372248458,48.98348365513312
0.2696629213483146,370.51631786626405,1.2281688731163187,2478904.0379248704,52.87688178845723
0.29213483146067415,370.51631786626405,1.2531725761628978,2895902.2156638685,57.054792123337876
0.3146067415730337,370.51631786626405,1.2780817821775428,3377237.775549186,61.535545744422116
0.33707865168539325,370.51631786626405,1.3028901213201236,3931630.8378292616,66.3369927624465
0.3595505617977528,370.51631786626405,1.3275913825647745,4568741.987190168,71.47750574855534
0.38202247191011235,370.51631786626405,1.3528564773136482,5302390.861275586,76.97421196906504
0.4044943820224719,370.51631786626405,1.3773379873731695,6137723.7477374235,82.84412377581751
0.42696629213483145,370.51631786626405,1.401694908462353,7090679.881689234,89.1093303634826
0.449438202247191,370.51631786626405,1.4259218873236357,8175057.335944296,95.78926119011102
0.47191011235955055,370.51631786626405,1.4500137147964764,9405737.978494415,102.90332867521562
0.4943820224719101,370.51631786626405,1.4739655407720764,10798665.054699836,110.47074220624452
0.5168539325842696,370.51631786626405,1.497772577277679,12370791.165440109,118.51030965650287
0.5393258426966292,370.51631786626405,1.521430395997123,14139991.916802993,127.04017493905329
0.5617977528089888,370.51631786626405,1.5063674139487386,16638064.115356043,141.05816734689552
0.5842696629213483,370.51631786626405,1.3134632058327718,24415934.2861691,192.05396530767848
0.6067415730337078,370.51631786626405,1.1473189723337347,37916522.511456825,266.1411950880084
0.6292134831460674,370.51631786626405,1.0035589090129384,59553404.253567524,368.7873908998656
0.651685393258427,370.51631786626405,0.8788325568154288,92247723.97940661,505.9400577174445
0.6741573033707865,370.51631786626405,0.7700794775382382,139020355.06831568,683.7612928649658
0.696629213483146,370.51631786626405,0.6753810489882224,202698848.45500237,908.4802820287827
0.7191011235955056,370.51631786626405,0.5925664692155402,285578656.94966745,1186.960415028925
0.7415730337078652,370.51631786626405,0.5203849925301306,390403281.4008401,1528.473837965845
0.7640449438202247,370.51631786626405,0.45536714285701263,510002273.9976487,1930.013864555057
0.7865168539325842,370.51631786626405,0.3963360700794059,626361975.3672891,2372.7165005469674
0.8089887640449438,370.51631786626405,0.3441876236523544,729111115.2907655,2847.5298697643834
0.8314606741573034,370.51631786626405,0.2986367330612543,808260287.5631403,3342.258818918934
0.8539325842696629,370.51631786626405,0.2591867764219976,858484232.4621785,3846.7298160333344
0.8764044943820224,370.51631786626405,0.21996971433398557,698408446.0709999,3915.894845392569
0.898876404494382,370.51631786626405,0.18783486286809528,544020233.3996834,3893.229406867182
0.9213483146067416,370.51631786626405,0.16149034761403844,411762586.029917,3807.1514308452824
0.9438202247191011,370.51631786626405,0.13965564562503288,301079938.4439916,3651.969618407157
0.9662921348314606,370.51631786626405,0.12163393896468641,217201606.3495436,3471.045991394013
0.9887640449438202,370.51631786626405,0.10651591877859164,151516632.5824281,3236.753742782232
1.0112359550561798,370.51631786626405,0.09383582513792721,103198865.62817138,2974.376403537848
1.0337078651685392,370.51631786626405,0.08310689176577994,67946524.16809207,2679.0851251524623
1.0561797752808988,370.51631786626405,0.07403069685495699,43694278.45638739,2376.519705017433
1.0786516853932584,370.51631786626405,0.06629444152588333,27238463.844459787,2067.2181160503105
1.101123595505618,370.51631786626405,0.05966258693231611,16387516.396434933,1758.109308763501
1.1235955056179776,370.51631786626405,0.05399609395782595,9729372.17337225,1478.2346102799395
1.146067415730337,370.51631786626405,0.04908339854144418,5552909.745444746,1211.1620929796154
1.1685393258426966,370.51631786626405,0.044819277387244255,3076748.517792785,971.3114953415765
1.1910112359550562,370.51631786626405,0.041128870106802516,1698142.4578322333,772.7768491835143
1.2134831460674156,370.51631786626405,0.03786957852464464,895060.6982191845,595.5749824524544
1.2359550561797752,370.51631786626405,0.03504743429380312,486071.1143769847,463.61946089380797
1.2584269662921348,370.51631786626405,0.03253696313468028,256666.89167621493,352.7662893983932
1.2808988764044944,370.51631786626405,0.030320770035343454,137024.1452570387,268.1484602645193
1.303370786516854,370.51631786626405,0.02833986077667712,72775.96609551446,201.69693780910526
1.3258426966292134,370.51631786626405,0.026598913884019956,40791.06995613653,155.44423519364003
1.348314606741573,370.51631786626405,0.025014465955462695,22471.36799902969,117.69180947107897
1.3707865168539326,370.51631786626405,0.02359889856526748,12866.045810407992,90.52776003673583
1.393258426966292,370.51631786626405,0.02233726790220173,7758.288998200121,71.37603719467873
1.4157303370786516,370.51631786626405,0.021180001908416908,4691.295187516915,55.98690561998012
1.4382022471910112,370.51631786626405,0.020129949329696365,2926.696647291659,44.48305056374986
1.4606741573033708,370.51631786626405,0.0191833591731455,1912.2641363037858,36.17104974782508
1.4831460674157304,370.51631786626405,0.01829399676592588,1233.140227360248,28.977102764728887
1.5056179775280898,370.51631786626405,0.017508666674427197,861.0065768343021,24.31531515701943
1.5280898876404494,370.51631786626405,0.016774105418141606,602.8871310983681,20.331700113131113
1.550561797752809,370.51631786626405,0.016097418429360747,432.80965068380783,17.198195161670277
1.5730337078651684,370.51631786626405,0.015463885791136165,313.54121334336844,14.562413158196028
1.595505617977528,370.51631786626405,0.014882401427104116,234.33613850835954,12.539432511342394
1.6179775280898876,370.51631786626405,0.0143475067588778,180.13286127501195,10.964962066069745
1.6404494382022472,370.51631786626405,0.013842170701449373,139.2217775100504,9.584065825462623
1.6629213483146068,370.51631786626405,0.013371373024230249,109.56819531501317,8.452820722055147
1.6853932584269662,370.51631786626405,0.012935560534945422,88.18885740376138,7.550727930869718
1.7078651685393258,370.51631786626405,0.01251972420483145,71.11346292009654,6.729009407899077
1.7303370786516854,370.51631786626405,0.012135606712345719,58.687039254103254,6.081924180437366
1.7528089887640448,370.51631786626405,0.011773712471998533,48.948223114169416,5.524228748706227
1.7752808988764044,370.51631786626405,0.011429633915063863,41.07055399493867,5.0253025483023315
1.797752808988764,370.51631786626405,0.011108442066710739,34.9982105329633,4.614369375630904
1.8202247191011236,370.51631786626405,0.010795498124524527,29.681605955876016,4.208169792393259
1.8426966292134832,370.51631786626405,0.010508361760909255,25.747619182465712,3.898675873507898
1.8651685393258426,370.51631786626405,0.010241720885380617,22.68711309447669,3.6505217567232764
1.8876404494382022,370.51631786626405,0.009979827918767205,19.870129598645867,3.3927445814903225
1.9101123595505618,370.51631786626405,0.009730242661852868,17.507134549189836,3.161759068320103
1.9325842696629212,370.51631786626405,0.009495807312957787,15.591709438049513,2.9674808823020227
1.9550561797752808,370.51631786626405,0.009272401579623842,13.964260073501965,2.7931710290138723
1.9775280898876404,370.51631786626405,0.0090592486705047,12.572012497117385,2.636122366708103
2.0,370.51631786626405,0.00885260709420066,11.327028966326914,2.48476819290639
0.0,411.79294238496476,0.8686706439476352,231257.3585499932,17.57138885755261
0.02247191011235955,411.79294238496476,0.8941699620257972,275606.92863306514,19.030790289503983
0.0449438202247191,411.79294238496476,0.9197280087788019,328115.74275464815,20.611025503428717
0.06741573033707865,411.79294238496476,0.9453123837309463,390167.567813038,22.32068609123705
0.0898876404494382,411.79294238496476,0.9708984107358375,463362.8964468772,24.1690129689618
0.11235955056179775,411.79294238496476,0.9964672637794956,549548.4067579756,26.165900896933632
0.1348314606741573,411.79294238496476,1.0220043507190344,650849.1313177486,28.321898851841784
0.15730337078651685,411.79294238496476,1.0474980988379117,769703.6155418279,30.64821074688853
0.1797752808988764,411.79294238496476,1.072938930718839,908901.8042581177,33.1566926707765
0.20224719101123595,411.79294238496476,1.098318549924945,1071625.8685022574,35.85985066377433
0.2247191011235955,411.79294238496476,1.1236295087853287,1261494.0096235008,38.77083923083681
0.24719101123595505,411.79294238496476,1.1488648484507187,1482606.6818257368,41.903455849833854
0.2696629213483146,411.79294238496476,1.174017919303645,1739595.2400668946,45.27213405098877
0.29213483146067415,411.79294238496476,1.1990822623175317,2037672.3385955293,48.89193173063911
0.3146067415730337,411.79294238496476,1.2240301727056964,2382604.3747724867,52.778187441165585
0.33707865168539325,411.79294238496476,1.2488241661916475,2780792.1094583245,56.947014664876065
0.3595505617977528,411.79294238496476,1.273516610100638,3239724.5308225267,61.41639496108186
0.38202247191011235,411.79294238496476,1.298101317018788,3767474.998385489,66.20376327733892
0.4044943820224719,411.79294238496476,1.3225722619796365,4372952.335370938,71.3270135304017
0.42696629213483145,411.79294238496476,1.3475979379717882,5068141.795457063,76.79564878414628
0.449438202247191,411.79294238496476,1.3718362385590006,5858916.427102435,82.63906308778341
0.47191011235955055,411.79294238496476,1.3959439109420753,6759252.963755987,88.87249586693461
0.4943820224719101,411.79294238496476,1.419915796263013,7781615.000520252,95.51450303896223
0.5168539325842696,411.79294238496476,1.4437469442043736,8939358.934102979,102.58348627899626
0.5393258426966292,411.79294238496476,1.4674327115280295,10246689.859814962,110.09748649069446
0.5617977528089888,411.79294238496476,1.4909686314190083,11718587.724877344,118.07395327756142
0.5842696629213483,411.79294238496476,1.4758835869525782,13857917.616370646,131.54897018201248
0.6067415730337078,411.79294238496476,1.2836241501031287,20938696.55234598,182.49533846611652
0.6292134831460674,411.79294238496476,1.1186234686948715,33432257.027709525,257.32279330620764
0.651685393258427,411.79294238496476,0.9766145075884997,53733775.11723065,361.74621723692485
0.6741573033707865,411.79294238496476,0.854230002869342,84724364.39984332,501.8957328057518
0.696629213483146,411.79294238496476,0.7475298605681715,129334980.10866533,684.3229284532756
0.7191011235955056,411.79294238496476,0.6553274153510309,190459168.45146716,915.5420297602606
0.7415730337078652,411.79294238496476,0.574573063311914,270010474.06522673,1202.501961510053
0.7640449438202247,411.79294238496476,0.50384117076341,369153213.99986196,1552.5982078511088
0.7865168539325842,411.79294238496476,0.43947288166365794,475258086.7691814,1953.0116589406477
0.8089887640449438,411.79294238496476,0.3819722190838391,574929418.0843354,2389.089309964008
0.8314606741573034,411.79294238496476,0.3316754047265648,659522261.2588388,2852.0186389144196
0.8539325842696629,411.79294238496476,0.28800707001823267,720749796.1894376,3329.0869088946074
0.8764044943820224,411.79294238496476,0.24715108880368467,669973743.8915157,3607.166885754182
0.898876404494382,411.79294238496476,0.2107821018973284,534312866.35671526,3631.697177861415
0.9213483146067416,411.79294238496476,0.18083408329324818,406508367.31640977,3564.0494402165027
0.9438202247191011,411.79294238496476,0.15639591926255336,304926469.05691975,3463.4463516211354
0.9662921348314606,411.79294238496476,0.13602745001441408,220393719.9961122,3296.7082874178254
0.9887640449438202,411.79294238496476,0.11903387145207556,154792825.75675824,3085.5543394367055
1.0112359550561798,411.79294238496476,0.10476421889948268,105353980.44286518,2834.976342765004
1.0337078651685392,411.79294238496476,0.09276640775072989,70063873.02869678,2566.672453412757
1.0561797752808988,411.79294238496476,0.08257699408339325,44957304.8477182,2274.289635453422
1.0786516853932584,411.79294238496476,0.07392240925772386,28123682.732369922,1981.7137928993134
1.101123595505618,411.79294238496476,0.06650057292553738,16926589.81657684,1685.5126852280143
1.1235955056179776,411.79294238496476,0.060160180991248244,10033116.695717428,1415.7039300218191
1.146067415730337,411.79294238496476,0.0546835730278582,5769627.347545182,1164.3595620186454
1.1685393258426966,411.79294238496476,0.049922442899028065,3204826.771923916,934.8239253082561
1.1910112359550562,411.79294238496476,0.04580716717670724,1778152.463842598,745.7099391024992
1.2134831460674156,411.79294238496476,0.042193365078159295,958729.6971639193,581.8957641947699
1.2359550561797752,411.79294238496476,0.03902460943005598,513318.3758511116,449.29085736284156
1.2584269662921348,411.79294238496476,0.03623127555243853,273868.2242598274,343.80637352386117
1.2808988764044944,411.79294238496476,0.03375481039563884,145930.3113224322,260.9968621242613
1.303370786516854,411.79294238496476,0.03155502718931708,78606.13546028806,197.90640226214833
1.3258426966292134,411.79294238496476,0.029605817624480106,43744.08856502222,151.84919793914543
1.348314606741573,411.79294238496476,0.027847290355398173,24418.891895318808,115.8676902038227
1.3707865168539326,411.79294238496476,0.026259377407310616,13828.654121946305,88.51631390612859
1.393258426966292,411.79294238496476,0.024858065823606827,8412.187277658102,70.15531318008372
1.4157303370786516,411.79294238496476,0.02356615021461484,5081.14599252464,54.982244266244855
1.4382022471910112,411.79294238496476,0.022395937317308486,3175.204761650905,43.7231985687822
1.4606741573033708,411.79294238496476,0.02134037709626457,2075.0997938921605,35.55171087077174
1.4831460674157304,411.79294238496476,0.020362116222795195,1365.6986796822996,28.860126874418846
1.5056179775280898,411.79294238496476,0.019472001375862413,933.229340829039,23.870814119741286
1.5280898876404494,411.79294238496476,0.018651353385476032,651.8837617044687,19.922952378417282
1.550561797752809,411.79294238496476,0.017903071570806,472.27484281594127,16.954267714133806
1.5730337078651684,411.79294238496476,0.017202523850680187,345.05334748598665,14.438968850777375
1.595505617977528,411.79294238496476,0.016557794682087977,259.1812339985178,12.476245530306143
1.6179775280898876,411.79294238496476,0.01595399260489166,197.00681748270247,10.821495749292811
1.6404494382022472,411.79294238496476,0.015395836681878048,153.380184174249,9.50778256271224
1.6629213483146068,411.79294238496476,0.014873098835946476,121.0383269628101,8.401700019767976
1.6853932584269662,411.79294238496476,0.014379214528039797,96.28324209344896,7.438544049060234
1.7078651685393258,411.79294238496476,0.013929240552098533,79.11241900481728,6.723595036479863
1.7303370786516854,411.79294238496476,0.01350060416189877,65.21856298425443,6.072118639143639
1.7528089887640448,411.79294238496476,0.01308991126181927,53.8331095753754,5.470382978007802
1.7752808988764044,411.79294238496476,0.01271337311628257,45.58513745288137,5.012322470512952
1.797752808988764,411.79294238496476,0.01234748891340131,38.42418846000792,4.561923749747546
1.8202247191011236,411.79294238496476,0.012012137620433136,33.1625502971407,4.220085275481336
1.8426966292134832,411.79294238496476,0.011689231115356262,28.647103909265738,3.896361731965681
1.8651685393258426,411.79294238496476,0.011377386511340017,24.760461037002383,3.5894781158179674
1.8876404494382022,411.79294238496476,0.011096221844565579,21.980313923106404,3.374086294930155
1.9101123595505618,411.79294238496476,0.010817792676088909,19.354526574733768,3.1425503016728724
1.9325842696629212,411.79294238496476,0.010559845408031931,17.303534496707982,2.9593098015791965
1.9550561797752808,411.79294238496476,0.010311764943332882,15.509690979814186,2.78741686022498
1.9775280898876404,411.79294238496476,0.010069335414199777,13.876376837636778,2.615873192071226
2.0,411.79294238496476,0.009846100345931752,12.605925818496118,2.4842073779412277
0.0,457.66790616567,0.8156779867226938,156146.55041963983,14.882062997090431
0.02247191011235955,457.66790616567,0.8408714256547919,186462.8038353382,16.122654501801055
0.0449438202247191,457.66790616567,0.866200870828356,222488.85910618718,17.468525709572003
0.06741573033707865,457.66790616567,0.8916135951249643,265207.4061940673,18.926978344292866
0.0898876404494382,457.66790616567,0.917069144791679,315758.32211795065,20.505939567568916
0.11235955056179775,457.66790616567,0.9425369114479601,375461.20927729376,22.2139737002577
0.1348314606741573,457.66790616567,0.9679938489814438,445840.14317112503,24.060286129255122
0.15730337078651685,457.66790616567,0.9934225136775131,528650.7534814522,26.054723225117154
0.1797752808988764,457.66790616567,1.0188094624707595,625909.7006187965,28.2077700369183
0.20224719101123595,457.66790616567,1.0441439475404701,739926.4834283844,30.53054572722472
0.2247191011235955,457.66790616567,1.0694170274959882,873337.8151756526,33.03480085994219
0.24719101123595505,457.66790616567,1.0946208619171258,1029144.2201633108,35.73291243180895
0.2696629213483146,457.66790616567,1.1197483035719733,1210749.0015300289,38.63787987418729
0.29213483146067415,457.66790616567,1.1447925652199789,1421998.9860399615,41.763317385977565
0.3146067415730337,457.66790616567,1.1697471818669536,1667227.3024784143,45.12344658688036
0.33707865168539325,457.66790616567,1.1946058451793347,1951296.7010748538,48.733080034415714
0.3595505617977528,457.66790616567,1.2193553910248907,2279621.61463878,52.60753348535638
0.38202247191011235,457.66790616567,1.2439295306991145,2658064.910156992,56.76251593895532
0.4044943820224719,457.66790616567,1.2683953249047966,3093577.098319818,61.21554420171389
0.42696629213483145,457.66790616567,1.2927467237023489,3593589.7238757727,65.98363544822172
0.449438202247191,457.66790616567,1.3169779362712322,4166269.7245911444,71.08420169100272
0.47191011235955055,457.66790616567,1.3410833686977575,4820545.330421663,76.53496461898666
0.4943820224719101,457.66790616567,1.365740981409663,5566784.314670051,82.32957781332236
0.5168539325842696,457.66790616567,1.3895908123281244,6413270.448581302,88.52500758001486
0.5393258426966292,457.66790616567,1.4132993640393738,7372436.567677796,95.12257712599089
0.5617977528089888,457.66790616567,1.436861914035835,8456171.919301411,102.13964872953298
0.5842696629213483,457.66790616567,1.4602740424383656,9677018.898772098,109.59305464823198
0.6067415730337078,457.66790616567,1.4467105615931009,11482071.324056352,122.31465404257281
0.6292134831460674,457.66790616567,1.2544828137777735,17863305.891284317,173.00211021678024
0.651685393258427,457.66790616567,1.0909038670219657,29295669.26706611,248.0958603437099
0.6741573033707865,457.66790616567,0.95098004720501,48129254.97302492,353.6248600573783
0.696629213483146,457.66790616567,0.8306602314863325,77178155.37045352,496.0886015468471
0.7191011235955056,457.66790616567,0.7263316142461456,119270663.21882457,682.1129229579349
0.7415730337078652,457.66790616567,0.6360478087596643,176980669.73600638,918.2975901749562
0.7640449438202247,457.66790616567,0.5576669315684147,252573260.1351254,1212.4641050307443
0.7865168539325842,457.66790616567,0.4876516239172961,342661626.7434973,1564.6759335905097
0.8089887640449438,457.66790616567,0.4243847438652305,434376671.60210586,1959.0422556278866
0.8314606741573034,457.66790616567,0.3686889472676156,517920497.46424854,2384.4155612464438
0.8539325842696629,457.66790616567,0.32016926419820557,583590183.2209922,2826.5494747739667
0.8764044943820224,457.66790616567,0.27801978727070986,621191496.2578382,3262.3764621045098
0.898876404494382,457.66790616567,0.2367535640649152,509977733.3148284,3335.839252453559
0.9213483146067416,457.66790616567,0.20288362365814733,397152704.59926635,3314.6044988957224
0.9438202247191011,457.66790616567,0.17513105655176697,299540149.07862115,3232.5617419535038
0.9662921348314606,457.66790616567,0.15218419251447574,219019562.3153944,3096.133724916968
0.9887640449438202,457.66790616567,0.1330611769901178,155043393.0151074,2910.1921222703672
1.0112359550561798,457.66790616567,0.11706186810730512,106716156.72164991,2689.467937313428
1.0337078651685392,457.66790616567,0.10351841581821672,70318816.51715222,2423.892624170563
1.0561797752808988,457.66790616567,0.09216320042283882,45908823.29540186,2166.7572914754646
1.0786516853932584,457.66790616567,0.08243614473394081,28553800.03805802,1882.2578444765377
1.101123595505618,457.66790616567,0.07419108024247995,17582876.457438722,1619.9598440729656
1.1235955056179776,457.66790616567,0.06703574117612186,10201494.337345872,1345.110631407508
1.146067415730337,457.66790616567,0.06092664777708949,5906569.641396036,1110.0246996923254
1.1685393258426966,457.66790616567,0.05563964316632999,3347864.0251634857,900.788782789133
1.1910112359550562,457.66790616567,0.051024608520798015,1842036.9296496345,715.092138988578
1.2134831460674156,457.66790616567,0.046987775562348,994277.5642611919,558.1744958551617
1.2359550561797752,457.66790616567,0.04344558729277148,531320.2958452039,430.355275342214
1.2584269662921348,457.66790616567,0.04033533572808748,285849.91975598206,330.7690051491951
1.2808988764044944,457.66790616567,0.037574448345465104,153038.64477992043,251.70307821980205
1.303370786516854,457.66790616567,0.035135768187683825,84007.94527879267,192.9283964853122
1.3258426966292134,457.66790616567,0.03293387529914481,45456.625810593585,145.53980245679588
1.348314606741573,457.66790616567,0.030984136976315663,25763.138605677937,112.02579384366807
1.3707865168539326,457.66790616567,0.029232863595948778,14973.577023250944,86.92279261038996
1.393258426966292,457.66790616567,0.027647889679144527,8874.528678681063,67.77489074542986
1.4157303370786516,457.66790616567,0.026230092666633936,5527.339675530353,54.131881011138184
1.4382022471910112,457.66790616567,0.024918454347788208,3428.9789431945464,42.840836938364326
1.4606741573033708,457.66790616567,0.023745452546360957,2254.926260320099,34.96722580495905
1.4831460674157304,457.66790616567,0.022660635104910953,1497.2302498066856,28.54636737943492
1.5056179775280898,457.66790616567,0.02166358303385671,1017.5889319813215,23.523785258031342
1.5280898876404494,457.66790616567,0.020759393484515925,721.4235171117165,19.828378770451828
1.550561797752809,457.66790616567,0.019906558030714804,510.1196312848798,16.59399550515438
1.5730337078651684,457.66790616567,0.019137868097017674,378.92159834459954,14.292506739834014
1.595505617977528,457.66790616567,0.018419270866458882,284.7190525928826,12.351399158352137
1.6179775280898876,457.66790616567,0.017750922347364605,217.7840826827225,10.760673002169776
1.6404494382022472,457.66790616567,0.0171199521886031,167.6503006296333,9.376179583028046
1.6629213483146068,457.66790616567,0.01654546867273719,133.69642417789782,8.348786110458581
1.6853932584269662,457.66790616567,0.015997902579697392,106.74246959202583,7.41168674185233
1.7078651685393258,457.66790616567,0.015491256534710143,87.1332364227428,6.665714945377907
1.7303370786516854,457.66790616567,0.015009379663165748,71.4585208456226,5.995077430231183
1.7528089887640448,457.66790616567,0.014555453756400084,59.25956187430253,5.420022499730522
1.7752808988764044,457.66790616567,0.014133560348708569,50.037834675934825,4.954409736083093
1.797752808988764,457.66790616567,0.013735578593576991,42.670227706594886,4.551250196549322
1.8202247191011236,457.66790616567,0.013361026330396729,36.78301588254209,4.206050316258975
1.8426966292134832,457.66790616567,0.013003452791529653,31.85277201215869,3.89130504194245
1.8651685393258426,457.66790616567,0.012659580312157137,27.640446628523687,3.5968881274306694
1.8876404494382022,457.66790616567,0.01233625169798236,24.252252428427838,3.3475954163226813
1.9101123595505618,457.66790616567,0.012035426935373548,21.580128387012305,3.1461580074969824
1.9325842696629212,457.66790616567,0.011736256458234458,19.03817130001177,2.928324594909831
1.9550561797752808,457.66790616567,0.011463626704736534,17.133839654069202,2.7679126770444418
1.9775280898876404,457.66790616567,0.01119511849179192,15.354726558587437,2.6012763685260545
2.0,457.66790616567,0.010948755320329734,13.982058274482208,2.475594433126258
0.0,508.6534779371106,0.7633424058896019,104537.78536144516,12.568658298512691
0.02247191011235955,508.6534779371106,0.788020883641951,125000.55852193337,13.616476612591704
0.0449438202247191,508.6534779371106,0.8129665249477368,149429.29364671148,14.756420865691709
0.06741573033707865,508.6534779371106,0.8380954865319996,178516.9939417084,15.99456898952973
0.0898876404494382,508.6534779371106,0.8633415061571824,213068.94516253844,17.337580500564805
0.11235955056179775,508.6534779371106,0.88865351745997,254019.83798723677,18.7927267750181
0.1348314606741573,508.6534779371106,0.9139929155032507,302452.6942908763,20.36790642794191
0.15730337078651685,508.6534779371106,0.939330909646638,359619.70653491275,22.07165142639424
0.1797752808988764,508.6534779371106,0.9646460640046678,426964.93683739175,23.913125198984673
0.20224719101123595,508.6534779371106,0.989922328694019,506149.1175961998,25.902119594993774
0.2247191011235955,508.6534779371106,1.0151472880840187,599076.2398902477,28.049046462547675
0.24719101123595505,508.6534779371106,1.040311026542022,707922.4391292372,30.364933806614832
0.2696629213483146,508.6534779371106,1.0654051644886222,835166.6499808518,32.861418675647215
0.29213483146067415,508.6534779371106,1.090422225807422,983623.1832514951,35.55074126715736
0.3146067415730337,508.6534779371106,1.1153553270426646,1156476.2090215958,38.445740265881724
0.33707865168539325,508.6534779371106,1.140197919513584,1357315.4659822725,41.55984385108482
0.3595505617977528,508.6534779371106,1.1649436545215202,1590172.9288802277,44.90705730547182
0.38202247191011235,508.6534779371106,1.1895864058520527,1859560.0229194264,48.50194592171557
0.4044943820224719,508.6534779371106,1.2141201778270918,2170503.9817741998,52.35960792461702
0.42696629213483145,508.6534779371106,1.238473959273148,2528423.485295575,56.49576661284563
0.449438202247191,508.6534779371106,1.2627034412464255,2939656.322608027,60.92721846372403
0.47191011235955055,508.6534779371106,1.2868121676659126,3411026.0453177965,65.67059400193995
0.4943820224719101,508.6534779371106,1.3107945550369855,3949972.6839930625,70.74282037466267
0.5168539325842696,508.6534779371106,1.3346451947047695,4564590.675977631,76.16105813629312
0.5393258426966292,508.6534779371106,1.3590390254864613,5263211.046759608,81.90895515424249
0.5617977528089888,508.6534779371106,1.3826228184547993,6054996.529594894,88.05992738193957
0.5842696629213483,508.6534779371106,1.4060601542087867,6950231.965532932,94.60632033865586
0.6067415730337078,508.6534779371106,1.429346520373086,7959406.562850912,101.56442589492106
0.6292134831460674,508.6534779371106,1.4183036956743345,9460954.328197857,113.39536305067281
0.651685393258427,508.6534779371106,1.2261759706005741,15141218.491046434,163.48991555484182
0.6741573033707865,508.6534779371106,1.0641693578185392,25474414.250928376,238.336167251442
0.696629213483146,508.6534779371106,0.9262989019156842,42729316.480556674,344.2913401203867
0.7191011235955056,508.6534779371106,0.8078097700940985,69583215.06929839,488.1480510784768
0.7415730337078652,508.6534779371106,0.7062506327287503,108763366.24784625,676.4082153034186
0.7640449438202247,508.6534779371106,0.61792176711059,162458162.09465486,915.8709396759424
0.7865168539325842,508.6534779371106,0.5412534148336484,232296369.70568287,1213.4892425366752
0.8089887640449438,508.6534779371106,0.4719822834939209,311265523.5197516,1561.6270226743102
0.8314606741573034,508.6534779371106,0.4102679711351258,388600512.0449449,1945.3706205474502
0.8539325842696629,508.6534779371106,0.3564458172153778,455966626.3421973,2353.502509103496
0.8764044943820224,508.6534779371106,0.30971301297283493,503746283.60501003,2767.2046842543805
0.898876404494382,508.6534779371106,0.26630146527505816,471536307.4859793,3011.278028159246
0.9213483146067416,508.6534779371106,0.22783181214331433,376868928.36888355,3034.3152854942336
0.9438202247191011,508.6534779371106,0.19641013732634371,289864427.60384727,2990.637298337535
0.9662921348314606,508.6534779371106,0.1704445493222475,214320279.38002598,2882.261309391975
0.9887640449438202,508.6534779371106,0.1488744528871466,153145380.93516093,2723.0560297731336
1.0112359550561798,508.6534779371106,0.13083795443200327,105811117.46683855,2522.0286145383398
1.0337078651685392,508.6534779371106,0.11571419934878713,71219234.65343317,2297.7873925412396
1.0561797752808988,508.6534779371106,0.1028933681673085,46114614.34362341,2045.5460380583727
1.0786516853932584,508.6534779371106,0.09204400024057029,29202002.090809103,1793.4416365819798
1.101123595505618,508.6534779371106,0.08277000311204837,17878890.005902935,1538.751122648791
1.1235955056179776,508.6534779371106,0.07479299930026345,10538316.610573383,1288.2023393694562
1.146067415730337,508.6534779371106,0.06793679070475131,6076996.571966264,1060.5869929831458
1.1685393258426966,508.6534779371106,0.06201879307025928,3446616.7919188775,860.7535631400252
1.1910112359550562,508.6534779371106,0.05686163007048203,1903908.0552036595,684.6098318909782
1.2134831460674156,508.6534779371106,0.05233481347798854,1020070.4118065808,532.0062122425705
1.2359550561797752,508.6534779371106,0.04838672539364167,549616.6181863343,411.9346889159576
1.2584269662921348,508.6534779371106,0.04489869824834686,292885.5684575341,314.76590780004034
1.2808988764044944,508.6534779371106,0.04185398436361752,162310.89067797724,244.25890482225543
1.303370786516854,508.6534779371106,0.039115317178837476,88035.24867363975,185.85946676872555
1.3258426966292134,508.6534779371106,0.036676542100592215,48661.98361813583,141.95024962521921
1.348314606741573,508.6534779371106,0.03449284706856566,27435.125132290155,108.89250169874796
1.3707865168539326,508.6534779371106,0.032553731616247625,16242.611720313003,85.43024106487546
1.393258426966292,508.6534779371106,0.030784007995998328,9636.013853593455,66.64223407693396
1.4157303370786516,508.6534779371106,0.02917493598234068,5828.466922108721,52.24637727307503
1.4382022471910112,508.6534779371106,0.027725761679950188,3679.6694926826694,41.796808014374776
1.4606741573033708,508.6534779371106,0.02641194925535252,2407.056492734347,33.98917681019598
1.4831460674157304,508.6534779371106,0.025211857829874007,1618.5011708208424,27.969426505845437
1.5056179775280898,508.6534779371106,0.024112120602672232,1117.0470343843765,23.28077779039318
1.5280898876404494,508.6534779371106,0.02309314903190749,782.582832602095,19.464428085981282
1.550561797752809,508.6534779371106,0.02216010647534196,565.5954004825016,16.532676086494398
1.5730337078651684,508.6534779371106,0.02128636900012138,412.1876877489749,14.051204207358436
1.595505617977528,508.6534779371106,0.020480584334497044,308.20512914332124,12.098422505274227
1.6179775280898876,508.6534779371106,0.019747874784382093,239.2483279074618,10.649829769204668
1.6404494382022472,508.6534779371106,0.019045422468885662,184.43683304718854,9.288297972978816
1.6629213483146068,508.6534779371106,0.018399866150342004,146.24518326466952,8.234764442280293
1.6853932584269662,508.6534779371106,0.017788304409107634,116.63547137902368,7.3033493509434555
1.7078651685393258,508.6534779371106,0.017230634992253566,95.97220920942044,6.607288604985697
1.7303370786516854,508.6534779371106,0.016694215691322664,78.77413378887981,5.945902292288144
1.7528089887640448,508.6534779371106,0.01619161600103299,65.56676193276951,5.390688528813091
1.7752808988764044,508.6534779371106,0.015721867803762814,55.388714824392345,4.9291774301875355
1.797752808988764,508.6534779371106,0.015281209785679827,47.37562104629107,4.538952590627264
1.8202247191011236,508.6534779371106,0.01485311365800479,40.37845987315947,4.15574446788901
1.8426966292134832,508.6534779371106,0.014457975496189365,35.088543337163266,3.855436137269176
1.8651685393258426,508.6534779371106,0.014072986476713475,30.393281120387396,3.5579631923255888
1.8876404494382022,508.6534779371106,0.013725373446451248,27.012795786533015,3.3476515864510263
1.9101123595505618,508.6534779371106,0.013381719718063768,23.828989702681746,3.1227097637643033
1.9325842696629212,508.6534779371106,0.013058589076179378,21.236050871496158,2.932310738147568
1.9550561797752808,508.6534779371106,0.012752283562451226,19.0609046330346,2.7652236396065173
1.9775280898876404,508.6534779371106,0.012453587613568544,17.087180517590475,2.599552309067561
2.0,508.6534779371106,0.012168099689674245,15.393430771990543,2.4498422872938743
0.0,565.3189946945122,0.7122524820068401,69504.73018586937,10.590483595846317
0.02247191011235955,565.3189946945122,0.7360649305179041,83101.6206832594,11.467245021705581
0.0449438202247191,565.3189946945122,0.7603530036067815,99428.92155515487,12.425192961446207
0.06741573033707865,565.3189946945122,0.7849920288568305,118973.42780531988,13.469321529472403
0.0898876404494382,565.3189946945122,0.8098780821690494,142300.52904858658,14.605104317328227
0.11235955056179775,565.3189946945122,0.8349276420163844,170067.0363530856,15.838564318223101
0.1348314606741573,565.3189946945122,0.8600756937008528,203035.59016760232,17.176319786036252
0.15730337078651685,565.3189946945122,0.8852728984951023,242090.57168968616,18.625607952339426
0.1797752808988764,565.3189946945122,0.910482566593564,288255.6153358291,20.194294749275635
0.20224719101123595,565.3189946945122,0.9356777290281824,342712.69884866395,21.89087401342121
0.2247191011235955,565.3189946945122,0.9608385710419176,406822.86684724246,23.72446117715511
0.24719101123595505,565.3189946945122,0.9859503362173373,482148.6373961767,25.70478489576368
0.2696629213483146,565.3189946945122,1.011001646542777,570478.0279384711,27.842177397743097
0.29213483146067415,565.3189946945122,1.035983304357025,673850.2945579782,30.147566665566593
0.3146067415730337,565.3189946945122,1.0608874026535369,794583.1863456578,32.632468619693604
0.33707865168539325,565.3189946945122,1.0857068691125416,935301.8852870457,35.30898221200279
0.3595505617977528,565.3189946945122,1.1104350033201533,1098968.8270758826,38.18977987521378
0.38202247191011235,565.3189946945122,1.135065486296395,1288914.9600225687,41.28810027746859
0.4044943820224719,565.3189946945122,1.1595921380330296,1508870.7670714045,44.61773107340047
0.42696629213483145,565.3189946945122,1.184008966235967,1762997.4059390281,48.19298829791331
0.449438202247191,565.3189946945122,1.2083101621001038,2055916.5337437035,52.028685318390764
0.47191011235955055,565.3189946945122,1.2324430846510375,2392654.7611985942,56.14053664248755
0.4943820224719101,565.3189946945122,1.2564269179608551,2778914.6851412165,60.54486277328189
0.5168539325842696,565.3189946945122,1.2802838840506943,3220933.079709376,65.25775570751334
0.5393258426966292,565.3189946945122,1.3040087017992226,3725443.1108096945,70.29565280331606
0.5617977528089888,565.3189946945122,1.327596108389248,4299732.396636756,75.67514910824048
0.5842696629213483,565.3189946945122,1.3517176757239284,4950187.792862515,81.36928773798566
0.6067415730337078,565.3189946945122,1.3750276488230417,5686799.321407879,87.46898275663912
0.6292134831460674,565.3189946945122,1.3981862651814043,6517806.603842324,93.95708074132024
0.651685393258427,565.3189946945122,1.3901670606952161,7751289.392522273,104.83273385017661
0.6741573033707865,565.3189946945122,1.1988502700268913,12732586.088764913,153.8807958799289
0.696629213483146,565.3189946945122,1.0385071423623995,21943875.572671216,227.90610266375018
0.7191011235955056,565.3189946945122,0.9027897839378766,37523095.252932034,333.43558519751224
0.7415730337078652,565.3189946945122,0.7866951224270099,61984479.77753378,477.39385262363237
0.7640449438202247,565.3189946945122,0.6870678898919064,97793454.36758798,666.3895225986241
0.7865168539325842,565.3189946945122,0.6011463705782624,147068100.24913502,907.300391761015
0.8089887640449438,565.3189946945122,0.5252999128117088,209158438.68742493,1202.9043289678793
0.8314606741573034,565.3189946945122,0.4571129340630665,276109161.263967,1541.2755460794235
0.8539325842696629,565.3189946945122,0.39725979212893,339537823.4948413,1909.648713658607
0.8764044943820224,565.3189946945122,0.3451478939425159,389812581.1030414,2289.731615684454
0.898876404494382,565.3189946945122,0.30008715183167534,419642340.90898275,2661.6832596441936
0.9213483146067416,565.3189946945122,0.25627352494192085,347318375.56030935,2732.800272539713
0.9438202247191011,565.3189946945122,0.22052365376048863,272977034.85722786,2725.6567849686962
0.9662921348314606,565.3189946945122,0.19109863123433551,205229635.20861062,2650.8982196932766
0.9887640449438202,565.3189946945122,0.16676435157607403,149085280.44481045,2526.465870117079
1.0112359550561798,565.3189946945122,0.14639134638156653,103705930.85264833,2348.8258231941263
1.0337078651685392,565.3189946945122,0.12938806322757196,70547549.59427705,2151.9104308411625
1.0561797752808988,565.3189946945122,0.11497650859392694,45989289.59952039,1922.4536027289785
1.0786516853932584,565.3189946945122,0.10272768050269121,28847292.353302136,1677.181162496043
1.101123595505618,565.3189946945122,0.09234055948249223,17758846.21232261,1442.829390715989
1.1235955056179776,565.3189946945122,0.08344657738606853,10638080.557098376,1217.9695000658146
1.146067415730337,565.3189946945122,0.07577000963402576,6159235.0488165915,1004.6753587061576
1.1685393258426966,565.3189946945122,0.06912908290979317,3477143.026092544,813.0806868730709
1.1910112359550562,565.3189946945122,0.06338330003120501,1947367.2695074975,651.362039912644
1.2134831460674156,565.3189946945122,0.05832877596855428,1051446.2147860187,508.1834248703372
1.2359550561797752,565.3189946945122,0.053926520854543275,572588.6468620305,395.73422164495815
1.2584269662921348,565.3189946945122,0.05004652161994595,310326.6491910322,305.23946215992464
1.2808988764044944,565.3189946945122,0.04658598090167302,165049.3210769525,231.22886558674128
1.303370786516854,565.3189946945122,0.04355711446948275,91905.10673091734,178.58982283744044
1.3258426966292134,565.3189946945122,0.04084707493050467,51544.128713274804,137.53275742419024
1.348314606741573,565.3189946945122,0.0384093500161798,29161.2389470554,105.69548103144326
1.3707865168539326,565.3189946945122,0.03623127555243853,17087.09093896819,82.37532472723541
1.393258426966292,565.3189946945122,0.03426413111160096,10240.455978668811,64.64082431222697
1.4157303370786516,565.3189946945122,0.032481227167553264,6288.264037118119,51.145299177788566
1.4382022471910112,565.3189946945122,0.030880145147823668,4043.386941398456,41.38976189560259
1.4606741573033708,565.3189946945122,0.02939649473225749,2601.556290684108,33.29704737371323
1.4831460674157304,565.3189946945122,0.028063394200139116,1762.1805882563444,27.526708711696145
1.5056179775280898,565.3189946945122,0.026827361196812317,1205.93075211775,22.779203662309737
1.5280898876404494,565.3189946945122,0.0256962236767383,850.5987521362935,19.127978104521492
1.550561797752809,565.3189946945122,0.024648105533502045,610.5051868603965,16.166508716218463
1.5730337078651684,565.3189946945122,0.023685863669173537,450.9795562946658,13.866691836730796
1.595505617977528,565.3189946945122,0.02279448192412386,339.94533895322894,12.006425101997081
1.6179775280898876,565.3189946945122,0.021968931512387272,261.6831369148543,10.50464704552366
1.6404494382022472,565.3189946945122,0.02119311169418727,203.37004647144084,9.21455376127463
1.6629213483146068,565.3189946945122,0.0204674862807566,160.35457372304427,8.134882697775494
1.6853932584269662,565.3189946945122,0.019795811997211272,129.23461822622315,7.270879372858679
1.7078651685393258,565.3189946945122,0.01916857078276539,105.76767244515358,6.550754105104114
1.7303370786516854,565.3189946945122,0.01857128319878918,86.89039985202527,5.8985559984810765
1.7528089887640448,565.3189946945122,0.01801780157486841,72.80819880344973,5.375612098463691
1.7752808988764044,565.3189946945122,0.01749017188000422,61.27015200026227,4.900345988344056
1.797752808988764,565.3189946945122,0.016997077934834143,52.31092078867288,4.505556715251102
1.8202247191011236,565.3189946945122,0.016519979590964715,44.59082178224307,4.125364495219918
1.8426966292134832,565.3189946945122,0.016073866309937665,38.544809813201574,3.8101944383505044
1.8651685393258426,565.3189946945122,0.0156655219718748,34.029956318943924,3.5728580340701006
1.8876404494382022,565.3189946945122,0.015255877314735797,29.63547849314388,3.3038889035414347
1.9101123595505618,565.3189946945122,0.014882401427104116,26.36796433814209,3.104493206747219
1.9325842696629212,565.3189946945122,0.014522319762005494,23.49785990360917,2.914983642146489
1.9550561797752808,565.3189946945122,0.014175172845963313,20.98244310259036,2.7361561490905117
1.9775280898876404,565.3189946945122,0.013849591786800099,18.92917460059347,2.5866960257424663
2.0,565.3189946945122,0.01353967709266288,17.17246394491984,2.4532699661400654
0.0,628.29721927494,0.6633628076871093,46069.50612797171,8.914498253488684
0.02247191011235955,628.29721927494,0.6857737347057535,54930.68362309262,9.638169547025184
0.0449438202247191,628.29721927494,0.7089570935893945,65648.07925874298,10.433869109475205
0.06741573033707865,628.29721927494,0.7327489358734975,78564.12734310926,11.305815877383639
0.0898876404494382,628.29721927494,0.757000666915085,94075.13215131724,12.258500579436427
0.11235955056179775,628.29721927494,0.7815846116640429,112640.52856186121,13.296817382476654
0.1348314606741573,628.29721927494,0.8063957531639164,134793.50391772197,14.426161566028613
0.15730337078651685,628.29721927494,0.8313509448736996,161153.04463471397,15.652497317731811
0.1797752808988764,628.29721927494,0.8563865032064679,192437.35789565655,16.982398057570094
0.20224719101123595,628.29721927494,0.88145489499448,229478.5609187988,18.423062883606697
0.2247191011235955,628.29721927494,0.906521371676732,273238.7485780446,19.982319603069843
0.24719101123595505,628.29721927494,0.9315608103352407,324827.38605990016,21.66861794164838
0.2696629213483146,628.29721927494,0.9565549597681083,385520.0097642166,23.491017350279254
0.29213483146067415,628.29721927494,0.9814903394630062,456778.40547937434,25.459175837808075
0.3146067415730337,628.29721927494,1.0063564999113477,540271.9989253937,27.583336824525965
0.33707865168539325,628.29721927494,1.031144897801655,637900.7212186356,29.87432047400999
0.3595505617977528,628.29721927494,1.0558480820792395,751819.0495082694,32.34351540371572
0.38202247191011235,628.29721927494,1.0804592742729429,884461.272586776,35.00287240263582
0.4044943820224719,628.29721927494,1.1049720512172612,1038567.4346293337,37.86489516430927
0.42696629213483145,628.29721927494,1.1293802026579545,1217209.736363732,40.942628441916405
0.449438202247191,628.29721927494,1.1536777634943949,1423818.9638009695,44.249640974278094
0.47191011235955055,628.29721927494,1.1778589197838927,1662209.7873686997,47.799998820353416
0.4943820224719101,628.29721927494,1.2019180678207102,1936604.5161224396,51.608229251504625
0.5168539325842696,628.29721927494,1.225822978258277,2251624.001554999,55.689741011212504
0.5393258426966292,628.29721927494,1.2495521517750963,2612387.9915908254,60.060959794993366
0.5617977528089888,628.29721927494,1.2731487076496573,3024547.2704244717,64.73715199959321
0.5842696629213483,628.29721927494,1.2966074593376822,3494152.170223026,69.73426700470992
0.6067415730337078,628.29721927494,1.3199236116257984,4027715.0160657098,75.06831375644875
0.6292134831460674,628.29721927494,1.3430924831402147,4632192.710033193,80.75521939054829
0.651685393258427,628.29721927494,1.3667936055086127,5311122.181708226,86.74218340083658
0.6741573033707865,628.29721927494,1.3632341949488285,6302074.329272667,96.48701473011296
0.696629213483146,628.29721927494,1.1728754647803967,10601365.188857965,144.0628169631681
0.7191011235955056,628.29721927494,1.0141472318941183,18685366.381507028,216.6425213462087
0.7415730337078652,628.29721927494,0.8805290329100476,32520769.046438534,320.8094907250475
0.7640449438202247,628.29721927494,0.7666610760828825,54405144.78719726,463.5349451355411
0.7865168539325842,628.29721927494,0.6692230825300831,86540483.13427687,651.3584956546188
0.8089887640449438,628.29721927494,0.5852561231311764,130646965.92661007,890.7721739892498
0.8314606741573034,628.29721927494,0.5099522128453998,183673523.82740057,1178.46977025529
0.8539325842696629,628.29721927494,0.4433069607814076,238723044.4554094,1502.168149715075
0.8764044943820224,628.29721927494,0.3852182463428982,287760869.7013019,1846.515541498493
0.898876404494382,628.29721927494,0.3351166133311619,324338348.01190025,2196.6546464678117
0.9213483146067416,628.29721927494,0.28856734868075984,305679480.60061604,2400.9206864664175
0.9438202247191011,628.29721927494,0.2478974926869147,248349088.4285584,2437.5537467709546
0.9662921348314606,628.29721927494,0.21452776101449197,191492607.4613865,2402.9684917328964
0.9887640449438202,628.29721927494,0.18696227479615046,141432591.3486183,2310.8344678496965
1.0112359550561798,628.29721927494,0.1639854865783229,100089227.3861713,2167.938884652419
1.0337078651685392,628.29721927494,0.14475968360068564,68380704.11287537,1991.0942130069911
1.0561797752808988,628.29721927494,0.12857522389569767,45194414.36661237,1791.496753211628
1.0786516853932584,628.29721927494,0.11484350965542076,28775239.75571654,1575.0522483276293
1.101123595505618,628.29721927494,0.10309792655246697,17516380.162226778,1346.9248237085176
1.1235955056179776,628.29721927494,0.0930975571631398,10462911.438344702,1135.00096313806
1.146067415730337,628.29721927494,0.08453994122001762,6165165.432550111,944.7721745521117
1.1685393258426966,628.29721927494,0.0770919624759207,3481871.586691379,764.5126515624861
1.1910112359550562,628.29721927494,0.07064637176572897,1944240.8860307243,611.2079441610977
1.2134831460674156,628.29721927494,0.06500751743980193,1061330.916334479,479.5549184736299
1.2359550561797752,628.29721927494,0.060091115905661484,582115.5817268458,374.7814744290278
1.2584269662921348,628.29721927494,0.05574873193877435,315690.6079095989,289.05269576133105
1.2808988764044944,628.29721927494,0.0519098376424796,171823.18392756153,221.8139289724969
1.303370786516854,628.29721927494,0.048533063398498215,96608.42292485223,172.23701311508754
1.3258426966292134,628.29721927494,0.04547561378017443,53167.51569984384,131.11357304661743
1.348314606741573,628.29721927494,0.04277421301740987,30693.396047627994,101.95051772670462
1.3707865168539326,628.29721927494,0.04033533572808748,17942.50986602845,79.31418700118616
1.393258426966292,628.29721927494,0.03815422951208694,10926.206344162358,62.83467759081833
1.4157303370786516,628.29721927494,0.03617548443951899,6797.896438417002,50.114845834344926
1.4382022471910112,628.29721927494,0.03436784228772087,4301.119288182645,40.13251385681432
1.4606741573033708,628.29721927494,0.03272741941705636,2812.7750067551337,32.6169477809281
1.4831460674157304,628.29721927494,0.031224621947037734,1882.1249870994254,26.743178451462686
1.5056179775280898,628.29721927494,0.029852762674273607,1298.8389683757782,22.247356737167003
1.5280898876404494,628.29721927494,0.028596468968757303,922.2282146469651,18.760506504818824
1.550561797752809,628.29721927494,0.02742818622645548,663.3434923990598,15.876082683399375
1.5730337078651684,628.29721927494,0.026363914808222342,494.62097771553925,13.70413606251519
1.595505617977528,628.29721927494,0.02535838898902088,369.311291552347,11.784678463591044
1.6179775280898876,628.29721927494,0.024440608662353404,285.2595411596066,10.333708605471712
1.6404494382022472,628.29721927494,0.023579456818275623,222.66091157158246,9.091807135876506
1.6629213483146068,628.29721927494,0.022773251185580677,176.13522292535706,8.04467859804457
1.6853932584269662,628.29721927494,0.022028840237705488,142.58713836367963,7.213605716660307
1.7078651685393258,628.29721927494,0.02130779074507047,114.52978018218779,6.4064496818546806
1.7303370786516854,628.29721927494,0.020652409103155182,95.00319071675779,5.81039412987939
1.7528089887640448,628.29721927494,0.020040754669180018,80.00006098655933,5.314929650742399
1.7752808988764044,628.29721927494,0.019456362460862468,67.55940075460884,4.858066725782962
1.797752808988764,628.29721927494,0.018892651410665488,57.0115696999019,4.424367135958654
1.8202247191011236,628.29721927494,0.018378211607713545,49.32305018668061,4.099716198437653
1.8426966292134832,628.29721927494,0.017889062544925907,42.925912363778004,3.8078044216865017
1.8651685393258426,628.29721927494,0.017411349151736952,37.20354340810943,3.5154331755991746
1.8876404494382022,628.29721927494,0.016972087468674187,32.862969552293094,3.2899716650831596
1.9101123595505618,628.29721927494,0.016557794682087977,29.28497116765922,3.0955176909227293
1.9325842696629212,628.29721927494,0.016153096869941156,26.02668734311852,2.899643772271617
1.9550561797752808,628.29721927494,0.015764730738811947,23.21387525350615,2.7189018841356014
1.9775280898876404,628.29721927494,0.015404034600218988,20.976646612855035,2.57407577411552
2.0,628.29721927494,0.015054010430948239,18.96127545943477,2.4332032254665408
0.0,698.2914061855316,0.618030521714563,30653.620099129854,7.513401654543207
0.02247191011235955,698.2914061855316,0.638341739004581,36299.604684264785,8.099575908028495
0.0449438202247191,698.2914061855316,0.6597756766987092,43181.45664900616,8.7494941561702
0.06741573033707865,698.2914061855316,0.6821598602941791,51541.547471183265,9.467158278175193
0.0898876404494382,698.2914061855316,0.7053150072290747,61659.12617000387,10.256522940953406
0.11235955056179775,698.2914061855316,0.7290692265406589,73856.1820844458,11.121662801801257
0.1348314606741573,698.2914061855316,0.7532683311666873,88504.79488827629,12.06693913815069
0.15730337078651685,698.2914061855316,0.777781396194562,106035.85966613796,13.097138065984357
0.1797752808988764,698.2914061855316,0.8025022489481052,126949.09866949318,14.217570903882685
0.20224719101123595,698.2914061855316,0.8273481561216155,151824.3138597992,15.434138617105775
0.2247191011235955,698.2914061855316,0.8522567958526843,181333.78364961036,16.753364752925403
0.24719101123595505,698.2914061855316,0.877182511083521,216255.768577644,18.182405324863918
0.2696629213483146,698.2914061855316,0.902092530206862,257489.11409216642,19.729043814081745
0.29213483146067415,698.2914061855316,0.9269635596114566,306068.9527891022,21.401678046525983
0.3146067415730337,698.2914061855316,0.9517788869937921,363183.4631411665,23.209303118136486
0.33707865168539325,698.2914061855316,0.9765261990715336,430191.8069506885,25.16149634776992
0.3595505617977528,698.2914061855316,1.0011959329010935,508643.12965756864,27.268403662945378
0.38202247191011235,698.2914061855316,1.0257801074211357,600296.5765031569,29.540728587654346
0.4044943820224719,698.2914061855316,1.050271715367795,707142.437604238,31.989725582162453
0.42696629213483145,698.2914061855316,1.0746642226391354,831423.846656783,34.627191125793
0.449438202247191,698.2914061855316,1.0989514175199384,975659.1016023812,37.465454913146196
0.47191011235955055,698.2914061855316,1.1231272831743333,1142663.8761533496,40.51736554573995
0.4943820224719101,698.2914061855316,1.147186047230994,1335572.9972426074,43.796269681371555
0.5168539325842696,698.2914061855316,1.1711220711579686,1557860.640027457,47.31598135453148
0.5393258426966292,698.2914061855316,1.1949299572410865,1813358.5499687127,51.090739790021544
0.5617977528089888,698.2914061855316,1.2185999965725858,2106268.4898816356,55.13527027578927
0.5842696629213483,698.2914061855316,1.2420660933533885,2441187.168530996,59.46682060182422
0.6067415730337078,698.2914061855316,1.2653938424366755,2823181.295981931,64.0994903519099
0.6292134831460674,698.2914061855316,1.288578590560017,3257646.2569619687,69.0487193131927
0.651685393258427,698.2914061855316,1.3116157544593117,3750354.2178607704,74.32992477882013
0.6741573033707865,698.2914061855316,1.3345009646604136,4307428.533500635,79.9583267134575
0.696629213483146,698.2914061855316,1.337431780579552,5080353.660647988,88.36467027564436
0.7191011235955056,698.2914061855316,1.147866212156501,8731977.279889576,134.10393595774354
0.7415730337078652,698.2914061855316,0.9910566378111162,15696716.627738887,204.48795564255138
0.7640449438202247,698.2914061855316,0.8595969663053404,27748656.914961874,306.20233901537114
0.7865168539325842,698.2914061855316,0.7479525386108222,46929030.04764998,446.12830139736394
0.8089887640449438,698.2914061855316,0.6527939093325466,75165569.83582719,630.6476734999161
0.8314606741573034,698.2914061855316,0.5697504676810421,113139758.94050632,864.0983441454612
0.8539325842696629,698.2914061855316,0.49553552438219894,156914753.14545372,1139.0107150138035
0.8764044943820224,698.2914061855316,0.43054853129873133,200147363.93508658,1441.6598087301948
0.898876404494382,698.2914061855316,0.3744777311495949,236730144.37674806,1758.1074301283963
0.9213483146067416,698.2914061855316,0.32574885362866135,257343461.57983187,2057.4446814385255
0.9438202247191011,698.2914061855316,0.2790600009957082,216545870.16993052,2129.684905397506
0.9662921348314606,698.2914061855316,0.24109284055511288,172226320.05374146,2134.699068356126
0.9887640449438202,698.2914061855316,0.20978873697378328,129898840.9049236,2076.2856197873257
1.0112359550561798,698.2914061855316,0.18381913858597565,93767287.44073346,1968.4430948070997
1.0337078651685392,698.2914061855316,0.16211918205503392,65025243.00656006,1822.1852921560487
1.0561797752808988,698.2914061855316,0.14383133770200113,43204013.617203444,1644.201179047022
1.0786516853932584,698.2914061855316,0.128358768074542,27651479.96103881,1449.393557178284
1.101123595505618,698.2914061855316,0.1152764882798328,17359418.559518263,1259.4239017194113
1.1235955056179776,698.2914061855316,0.104036627538303,10443603.665571852,1065.1730287140597
1.146067415730337,698.2914061855316,0.09437325398137655,6094858.229681358,881.9028406656844
1.1685393258426966,698.2914061855316,0.08605998540817725,3504581.0687524998,720.3992320950265
1.1910112359550562,698.2914061855316,0.07883695290616846,1969257.8462839911,577.7593552424609
1.2134831460674156,698.2914061855316,0.07253529846529513,1088317.6632809648,456.2889116656095
1.2359550561797752,698.2914061855316,0.06700174030596888,591889.345599074,354.78795614762157
1.2584269662921348,698.2914061855316,0.062142042616437056,322417.99775419064,274.21415070538956
1.2808988764044944,698.2914061855316,0.05784299753794386,175762.91186656116,210.5297475425153
1.303370786516854,698.2914061855316,0.05405594905489206,98480.58979618947,163.06507514225376
1.3258426966292134,698.2914061855316,0.05067408536986479,55743.08629365635,126.16341132072611
1.348314606741573,698.2914061855316,0.04765043276221273,32209.77451157376,98.12261124503632
1.3707865168539326,698.2914061855316,0.04494412897965497,19165.423276107016,77.14161607228668
1.393258426966292,698.2914061855316,0.04247034902531643,11385.417207683748,60.166213716145954
1.4157303370786516,698.2914061855316,0.04026594817057724,7133.434324426355,48.17620650075929
1.4382022471910112,698.2914061855316,0.03824739788400615,4525.556658079208,38.629543142619326
1.4606741573033708,698.2914061855316,0.03643363945930513,3009.029277701151,31.72101957668892
1.4831460674157304,698.2914061855316,0.03476540033555117,2033.3808322225075,26.16994395045435
1.5056179775280898,698.2914061855316,0.03323101173156544,1402.340538862462,21.756660893224563
1.5280898876404494,698.2914061855316,0.03182507930579478,994.1988550980807,18.323408134922264
1.550561797752809,698.2914061855316,0.030535952164314317,724.7818665479945,15.645937547008788
1.5730337078651684,698.2914061855316,0.029329836503685185,532.9158851609359,13.372294428397907
1.595505617977528,698.2914061855316,0.028231119216831274,405.945491226518,11.660051560755887
1.6179775280898876,698.2914061855316,0.027182953716702235,307.73765184324975,10.086786378986444
1.6404494382022472,698.2914061855316,0.026230092666633936,241.91533597144021,8.917964764488142
1.6629213483146068,698.2914061855316,0.02534491643548035,193.66724629464673,7.959248718439939
1.6853932584269662,698.2914061855316,0.02450427381733965,155.58148757409882,7.095248866789401
1.7078651685393258,698.2914061855316,0.02372072564053901,127.07941052313588,6.381287400582552
1.7303370786516854,698.2914061855316,0.022988122314393435,105.30446180403196,5.782944827360505
1.7528089887640448,698.2914061855316,0.022296058890509066,88.01781184541179,5.258927540517567
1.7752808988764044,698.2914061855316,0.021649001117887905,74.61124515250887,4.820873407349093
1.797752808988764,698.2914061855316,0.021019506182758177,62.93607322417895,4.388770328274209
1.8202247191011236,698.2914061855316,0.020454388227016153,54.79975604597355,4.087962295577721
1.8426966292134832,698.2914061855316,0.019891734360082458,47.092971336801426,3.757183812554404
1.8651685393258426,698.2914061855316,0.01938098841026545,41.47805349240311,3.5156843580511103
1.8876404494382022,698.2914061855316,0.01888271005563767,36.4126235426069,3.2729898237509327
1.9101123595505618,698.2914061855316,0.018409566083417175,32.18822189312114,3.058072765160071
1.9325842696629212,698.2914061855316,0.017964015729042965,28.72349734663945,2.8744847536905525
1.9550561797752808,698.2914061855316,0.017532398260439237,25.64473473066151,2.697521178912499
1.9775280898876404,698.2914061855316,0.01713807667077975,23.297558161462526,2.566011943093812
2.0,698.2914061855316,0.016745253659869716,21.020141999760003,2.4214888491935285
0.0,776.0831545860954,0.5778254430014574,20678.805095215488,6.361673262482047
0.02247191011235955,776.0831545860954,0.5953315903941557,24196.390941398888,6.825885802040887
0.0449438202247191,776.0831545860954,0.6142602211343499,28509.88935426608,7.345203311477712
0.06741573033707865,776.0831545860954,0.6344911656417087,33790.02647655279,7.923992678843614
0.0898876404494382,776.0831545860954,0.6558662777285614,40234.683838231584,8.566347862675698
0.11235955056179775,776.0831545860954,0.6782026116259313,48071.4574225633,9.276136219598527
0.1348314606741573,776.0831545860954,0.7013105195800177,57561.74839808411,10.057155192648693
0.15730337078651685,776.0831545860954,0.7250095749425172,69006.28874675668,10.9133237481171
0.1797752808988764,776.0831545860954,0.7491394042981865,82752.0086888925,11.848861399862846
0.20224719101123595,776.0831545860954,0.7735656233778884,99200.32894518769,12.86843872199644
0.2247191011235955,776.0831545860954,0.7981807415942797,118816.47331118296,13.97727560864707
0.24719101123595505,776.0831545860954,0.8229024449290584,142139.97862708938,15.181204158206947
0.2696629213483146,776.0831545860954,0.8476698239520435,169796.04908733998,16.48669238685046
0.29213483146067415,776.0831545860954,0.8724391385523942,202507.87019569735,17.90084650650913
0.3146067415730337,776.0831545860954,0.8971796130162574,241109.76956695094,19.43139771283805
0.33707865168539325,776.0831545860954,0.9218697485671022,286561.2462342879,21.08668232207216
0.3595505617977528,776.0831545860954,0.9464943137463872,339961.86167927645,22.87562055323103
0.38202247191011235,776.0831545860954,0.9710421151232088,402567.0587672035,24.807698576818947
0.4044943820224719,776.0831545860954,0.9955043473477956,475804.7922404002,26.892953396189455
0.42696629213483145,776.0831545860954,1.019873605457814,561293.0784308361,29.141963180513414
0.449438202247191,776.0831545860954,1.0441431662016996,660858.1000567991,31.5658382639374
0.47191011235955055,776.0831545860954,1.0683067824673256,776553.0031921098,34.17621452633348
0.4943820224719101,776.0831545860954,1.0923584343015225,910676.5887497279,36.98524158136108
0.5168539325842696,776.0831545860954,1.1162923320254738,1065791.8045860308,40.00556661531074
0.5393258426966292,776.0831545860954,1.140102842648381,1244743.1412155037,43.250309661904375
0.5617977528089888,776.0831545860954,1.1637846239067977,1450672.4885444432,46.7330271573293
0.5842696629213483,776.0831545860954,1.1873324438717594,1687032.0472354852,50.46766482121322
0.6067415730337078,776.0831545860954,1.210741348241983,1957593.8162254586,54.46849167943083
0.6292134831460674,776.0831545860954,1.2339503532824265,2266494.613542649,58.752630275628675
0.651685393258427,776.0831545860954,1.2570019834754311,2618222.647452691,63.33418559459954
0.6741573033707865,776.0831545860954,1.2799056958794806,3017547.3217566935,68.22759168782936
0.696629213483146,776.0831545860954,1.3026571214416998,3469538.8401399394,73.44765217704433
0.7191011235955056,776.0831545860954,1.31297300052653,4055734.6652575424,80.44827028166873
0.7415730337078652,776.0831545860954,1.1242330650487875,7098608.857714054,123.92682364089966
0.7640449438202247,776.0831545860954,0.9692299800565202,12980675.9981674,191.41743001547522
0.7865168539325842,776.0831545860954,0.8400066919564944,23248233.92811219,289.48890052249084
0.8089887640449438,776.0831545860954,0.7305027546079329,39658964.34603267,424.8827809853838
0.8314606741573034,776.0831545860954,0.6374854371139353,63809069.58672656,603.5627409686989
0.8539325842696629,776.0831545860954,0.5549538367298511,95187939.84998347,826.3798682894483
0.8764044943820224,776.0831545860954,0.482328062033496,130085850.26446983,1084.086704125997
0.898876404494382,776.0831545860954,0.41920199491937277,162710716.90100372,1361.3557511412403
0.9213483146067416,776.0831545860954,0.3649847336626673,187972210.8199813,1642.966654920008
0.9438202247191011,776.0831545860954,0.3150148494039867,181177683.6086167,1817.3109514115094
0.9662921348314606,776.0831545860954,0.2714992885337375,149451595.5769596,1858.2468814680922
0.9887640449438202,776.0831545860954,0.23575271359947664,115524469.84941323,1831.967241195542
1.0112359550561798,776.0831545860954,0.2062425107419923,85012909.81193982,1755.045687392442
1.0337078651685392,776.0831545860954,0.1815794987291125,59366462.98205909,1631.1353567080419
1.0561797752808988,776.0831545860954,0.16109454831226633,40656529.01041113,1494.9045595227403
1.0786516853932584,776.0831545860954,0.14367466612412022,26431506.51227346,1328.555568984974
1.101123595505618,776.0831545860954,0.12884201684405688,16466455.388885459,1149.7042102337334
1.1235955056179776,776.0831545860954,0.11624010834564633,10045438.236846773,979.2977340498918
1.146067415730337,776.0831545860954,0.10538086696011789,5894019.280900589,812.8616666677145
1.1685393258426966,776.0831545860954,0.09605458425423163,3411045.50644797,666.0519384816794
1.1910112359550562,776.0831545860954,0.08798338435127186,1945769.1196209202,538.3629069965255
1.2134831460674156,776.0831545860954,0.08089397605221377,1070781.6683481154,423.9755340511236
1.2359550561797752,776.0831545860954,0.07472829391377665,593517.8084980741,333.0356969908035
1.2584269662921348,776.0831545860954,0.06926219429829958,321362.0299199429,256.3909721632354
1.2808988764044944,776.0831545860954,0.06451731359520793,182200.45770651745,201.2645429980567
1.303370786516854,776.0831545860954,0.06025986069987343,101589.13255925792,155.38900594541298
1.3258426966292134,776.0831545860954,0.05646318105975228,57331.43584698339,119.96174532653981
1.348314606741573,776.0831545860954,0.05308914293833381,33420.99163141423,93.75350574142283
1.3707865168539326,776.0831545860954,0.05004652161994595,19746.653546816746,73.35770362895603
1.393258426966292,776.0831545860954,0.047336037107309464,12212.556790158533,58.63297484464796
1.4157303370786516,776.0831545860954,0.044853267517038754,7579.7270895313695,46.66040094545526
1.4382022471910112,776.0831545860954,0.04262236241843926,4907.645529784172,37.892541130047356
1.4606741573033708,776.0831545860954,0.04057593967738683,3225.680964640902,30.879746266795863
1.4831460674157304,776.0831545860954,0.038711184580950284,2182.8221521142727,25.49241253249158
1.5056179775280898,776.0831545860954,0.03698559149667002,1495.7232259499222,21.096666952705977
1.5280898876404494,776.0831545860954,0.03542543242278565,1069.7830730866544,17.867602484716347
1.550561797752809,776.0831545860954,0.033988528569762526,782.401704466784,15.286352053733523
1.5730337078651684,776.0831545860954,0.03265452874093309,581.315768106246,13.157064489196516
1.595505617977528,776.0831545860954,0.03141602576768112,439.46083955367243,11.409017034960794
1.6179775280898876,776.0831545860954,0.030259499805937673,336.7416506386169,9.943697073421381
1.6404494382022472,776.0831545860954,0.02919634535046508,264.97318239531364,8.796491488882799
1.6629213483146068,776.0831545860954,0.028198695296061164,210.79446356561735,7.81326868845547
1.6853932584269662,776.0831545860954,0.02727556525007757,171.2305874349198,7.022023116989713
1.7078651685393258,776.0831545860954,0.026398250130287376,139.63343323002653,6.307028735622215
1.7303370786516854,776.0831545860954,0.025585308729513593,116.10582037138232,5.730259265832146
1.7528089887640448,776.0831545860954,0.024800564049566175,96.24690538890799,5.176921132587389
1.7752808988764044,776.0831545860954,0.024087027303611796,82.0691931375543,4.767230528312682
1.797752808988764,776.0831545860954,0.023384787519158116,69.25020609492547,4.340696068799969
1.8202247191011236,776.0831545860954,0.022752020447037495,60.207056883217824,4.03777794710092
1.8426966292134832,776.0831545860954,0.022140635691505435,52.303941747736985,3.7442434064536503
1.8651685393258426,776.0831545860954,0.021556716930597557,45.64441452624507,3.4764344538249903
1.8876404494382022,776.0831545860954,0.02100562235588723,40.1947941952916,3.2447273631030025
1.9101123595505618,776.0831545860954,0.020480584334497044,35.59381304457615,3.0360693407554984
1.9325842696629212,776.0831545860954,0.01998936290823698,31.87612052887032,2.8626219844055063
1.9550561797752808,776.0831545860954,0.019513494460008163,28.555863621356146,2.6944667532686672
1.9775280898876404,776.0831545860954,0.019064023477812345,25.784085275237043,2.5491183341386145
2.0,776.0831545860954,0.018631716760786055,23.34502856054005,2.4131364285590213
0.0,862.5411361174284,0.5440374967337515,14293.953659153089,5.4304815590646305
0.02247191011235955,862.5411361174284,0.5583110827338312,16452.839484860146,5.790538419676121
0.0449438202247191,862.5411361174284,0.5741075962673853,19100.71185266898,6.195781083552407
0.06741573033707865,862.5411361174284,0.5914282876766302,22354.61474314169,6.651216343153901
0.0898876404494382,862.5411361174284,0.6102116062270924,26352.85778716549,7.161595404465696
0.11235955056179775,862.5411361174284,0.6303315993124257,31255.725591941093,7.731235800362249
0.1348314606741573,862.5411361174284,0.6516214138034487,37248.487260329035,8.364135498813631
0.15730337078651685,862.5411361174284,0.6738870444759683,44543.40979872389,9.064017633458972
0.1797752808988764,862.5411361174284,0.69692765061697,53383.44530720418,9.834509590015204
0.20224719101123595,862.5411361174284,0.720553329408307,64047.38336408338,10.679359200967152
0.2247191011235955,862.5411361174284,0.7445969953447067,76856.33767550133,11.602633310450262
0.24719101123595505,862.5411361174284,0.7689202605043379,92181.48131332191,12.608874445536346
0.2696629213483146,862.5411361174284,0.7934142313305874,110452.81637081818,13.703204116907306
0.29213483146067415,862.5411361174284,0.8179969280991737,132168.81975184992,14.891377433676931
0.3146067415730337,862.5411361174284,0.8426088809166369,157906.82106940172,16.17979930357505
0.33707865168539325,862.5411361174284,0.8672082912270963,188334.11049254425,17.575517296262237
0.3595505617977528,862.5411361174284,0.8917663741733697,224219.68261961892,19.086199873080965
0.38202247191011235,862.5411361174284,0.916263390939911,266446.64678159665,20.72011001744736
0.4044943820224719,862.5411361174284,0.9406855379856716,316025.3291136775,22.486080317604802
0.42696629213483145,862.5411361174284,0.9650226318849872,374107.04357416584,24.393492128233376
0.449438202247191,862.5411361174284,0.9892665792953027,441998.5820581832,26.45226109307921
0.47191011235955055,862.5411361174284,1.0134103997596229,521177.30233123986,28.672827009915643
0.4943820224719101,862.5411361174284,1.037447730174126,613306.7344221387,31.066146552832034
0.5168539325842696,862.5411361174284,1.0613725304108068,720252.3333937041,33.64368450343055
0.5393258426966292,862.5411361174284,1.0851789743700682,844097.08586132,36.417401532331205
0.5617977528089888,862.5411361174284,1.1088614874265255,987156.5115390738,39.399734673198964
0.5842696629213483,862.5411361174284,1.1324146909000776,1151992.2609219425,42.603567939218905
0.6067415730337078,862.5411361174284,1.1558333763571593,1341423.7131423443,46.04219215068033
0.6292134831460674,862.5411361174284,1.179112658438629,1558536.6928510258,49.72924612734806
0.651685393258427,862.5411361174284,1.2022477338457747,1806688.019314989,53.678649072804376
0.6741573033707865,862.5411361174284,1.225198734591021,2089552.1982004785,57.90652847266679
0.696629213483146,862.5411361174284,1.2479664620001836,2411108.7271327116,62.428295162157674
0.7191011235955056,862.5411361174284,1.2705817559375587,2775514.659321476,67.25676746867718
0.7415730337078652,862.5411361174284,1.2899794161238725,3202940.8203579653,72.74711070320393
0.7640449438202247,862.5411361174284,1.1021650976332107,5684097.39005086,113.53363340227607
0.7865168539325842,862.5411361174284,0.9492346068986187,10533502.090112941,177.30162473590988
0.8089887640449438,862.5411361174284,0.8219299184096236,19068623.335195128,270.5909254859199
0.8314606741573034,862.5411361174284,0.7148380954244629,32743354.703107987,399.58617903659757
0.8539325842696629,862.5411361174284,0.6227535812714659,52631582.82926278,569.4077185989889
0.8764044943820224,862.5411361174284,0.5413111060184531,77609774.91912888,777.6136427396451
0.898876404494382,862.5411361174284,0.47017475020572375,103932815.86537598,1012.3173578930201
0.9213483146067416,862.5411361174284,0.4090728842897398,127256522.94870217,1259.538740294112
0.9438202247191011,862.5411361174284,0.35643774944860196,142254838.00148854,1497.0461737703279
0.9662921348314606,862.5411361174284,0.3063480031799822,123325425.76536235,1572.7853341393459
0.9887640449438202,862.5411361174284,0.265506013060504,99247011.66866833,1584.499948770646
1.0112359550561798,862.5411361174284,0.23184749917409328,75034695.43533106,1540.379214048681
1.0337078651685392,862.5411361174284,0.20383340436372605,53567164.23000575,1448.6684123469606
1.0561797752808988,862.5411361174284,0.18052200586073416,36912258.217345566,1332.3639158769238
1.0786516853932584,862.5411361174284,0.16092234160050264,24545966.9476685,1198.059177106946
1.101123595505618,862.5411361174284,0.14419896400738036,15495776.001055129,1043.9133621526976
1.1235955056179776,862.5411361174284,0.12996683495715328,9484646.068908084,890.567673956962
1.146067415730337,862.5411361174284,0.11783165438436148,5710367.725184447,749.2499366917287
1.1685393258426966,862.5411361174284,0.10728160682043072,3279089.2670740406,611.1373193458953
1.1910112359550562,862.5411361174284,0.09823756007839464,1893019.391639349,496.9983395504649
1.2134831460674156,862.5411361174284,0.09028083986713317,1048570.1617956611,392.63086755171526
1.2359550561797752,862.5411361174284,0.08337542332208261,586738.0556027764,309.90233909013523
1.2584269662921348,862.5411361174284,0.07729998300918166,326662.853779715,242.2859682015904
1.2808988764044944,862.5411361174284,0.07191928011052391,181105.74004731866,187.66275943309978
1.303370786516854,862.5411361174284,0.06719113863619423,103456.37775017647,146.87591736977487
1.3258426966292134,862.5411361174284,0.06294679172182435,58907.58281708872,113.93818618212379
1.348314606741573,862.5411361174284,0.059153208454491346,34189.009053009904,88.76911039929016
1.3707865168539326,862.5411361174284,0.05578509486292248,20708.754701195427,70.4855566563921
1.393258426966292,862.5411361174284,0.05273865228175185,12751.88233424884,56.164986193551954
1.4157303370786516,862.5411361174284,0.04995957033368727,7933.246537458259,44.744286531799055
1.4382022471910112,862.5411361174284,0.04746431104131562,5149.5321905357405,36.379459665103965
1.4606741573033708,862.5411361174284,0.04517603186581398,3393.276627013646,29.68269444705628
1.4831460674157304,862.5411361174284,0.04309025690089221,2299.733288971694,24.51812218229881
1.5056179775280898,862.5411361174284,0.04119646228558922,1614.4165274662812,20.6114032837418
1.5280898876404494,862.5411361174284,0.03944407414842475,1150.1488782038455,17.406378370273767
1.550561797752809,862.5411361174284,0.037850153447920684,848.6071135268671,14.97784736751984
1.5730337078651684,862.5411361174284,0.03634172406455917,624.1291270388404,12.797954494051
1.595505617977528,862.5411361174284,0.03495048489477587,470.0811506025542,11.065076438205956
1.6179775280898876,862.5411361174284,0.033683899828096,366.3377758317041,9.758058665094225
1.6404494382022472,862.5411361174284,0.032503451307509944,289.72211309069706,8.66245691672809
1.6629213483146068,862.5411361174284,0.03139453595296566,231.37531967492112,7.7151362868432996
1.6853932584269662,862.5411361174284,0.030352098635571305,186.68183388403742,6.897940250234967
1.7078651685393258,862.5411361174284,0.0293760408402189,152.63754283355402,6.2069597830579974
1.7303370786516854,862.5411361174284,0.028462281855464004,126.4862688873123,5.623550994324874
1.7528089887640448,862.5411361174284,0.02761252845740954,106.57431143527317,5.144884420820038
1.7752808988764044,862.5411361174284,0.02678089828355057,89.00022423045088,4.659616463388483
1.797752808988764,862.5411361174284,0.02603526230422271,76.84216180740164,4.320985380017204
1.8202247191011236,862.5411361174284,0.025318284739570034,66.38831858635707,3.9987512231391418
1.8426966292134832,862.5411361174284,0.024634787522083798,57.639741553588415,3.7059630785476383
1.8651685393258426,862.5411361174284,0.02398604895407163,50.38939242326901,3.4457210173491886
1.8876404494382022,862.5411361174284,0.023372601218548842,44.41331497269973,3.2183441631390926
1.9101123595505618,862.5411361174284,0.02279448192412386,39.50201915166427,3.0226549346791978
1.9325842696629212,862.5411361174284,0.022227170334850024,34.99635347192933,2.823142022405447
1.9550561797752808,862.5411361174284,0.02169840628636351,31.390474194609016,2.6599440584643754
1.9775280898876404,862.5411361174284,0.021206221479957633,28.487741232317266,2.5276757901139084
2.0,862.5411361174284,0.020719862517145356,25.73526182592393,2.3878506855795307
0.0,958.6307950357793,0.5171479181786574,10201.186955292616,4.685274984150125
0.02247191011235955,958.6307950357793,0.5282140116285484,11524.884643922012,4.961055960197504
0.0449438202247191,958.6307950357793,0.5406877398555173,13136.743531186154,5.27174612621578
0.06741573033707865,958.6307950357793,0.5546605418918985,15109.960739777585,5.6221672198830115
0.0898876404494382,958.6307950357793,0.5701889182615638,17534.8196502444,6.017359351985328
0.11235955056179775,958.6307950357793,0.587280331993413,20520.788443962505,6.462381810035747
0.1348314606741573,958.6307950357793,0.6058786596998619,24197.587133749315,6.962046431532957
0.15730337078651685,958.6307950357793,0.6258531267632258,28714.7125120459,7.5206262538083255
0.1797752808988764,958.6307950357793,0.6470282881304268,34244.439459821304,8.142021217524546
0.20224719101123595,958.6307950357793,0.6691983969483692,40983.284928229106,8.829800260064237
0.2247191011235955,958.6307950357793,0.6921503861029007,49155.30246753507,9.587406197960542
0.24719101123595505,958.6307950357793,0.7156838437648075,59016.86956594949,10.418399929103588
0.2696629213483146,958.6307950357793,0.7396240891980702,70862.78306069177,11.326679953314635
0.29213483146067415,958.6307950357793,0.7638282600454394,85033.50451129183,12.316649031100255
0.3146067415730337,958.6307950357793,0.7881857419696352,101923.32438542401,13.39331886756043
0.33707865168539325,958.6307950357793,0.8126147856604279,121989.19377467576,14.562357579506276
0.3595505617977528,958.6307950357793,0.8370573665475916,145760.1307005588,15.830096885220184
0.38202247191011235,958.6307950357793,0.8614736290080839,173847.12106220008,17.203513954169004
0.4044943820224719,958.6307950357793,0.885836766676668,206953.49108961519,18.690201084856195
0.42696629213483145,958.6307950357793,0.9101287584457896,245885.75775081298,20.29833289772542
0.449438202247191,958.6307950357793,0.9343371220860925,291565.0002016629,22.03663769175052
0.47191011235955055,958.6307950357793,0.9584525910541322,345038.7486566196,23.914375486377597
0.4943820224719101,958.6307950357793,0.9824677155885546,407493.47852698877,25.941324464280598
0.5168539325842696,958.6307950357793,1.006375908084438,480267.4403138738,28.12777092434925
0.5393258426966292,958.6307950357793,1.0301710592356166,564863.8591821707,30.48450269547028
0.5617977528089888,958.6307950357793,1.0538473823202197,662964.1026080808,33.02279984645104
0.5842696629213483,958.6307950357793,1.0773992751878685,776440.3421195727,35.754419921497266
0.6067415730337078,958.6307950357793,1.1008213524795178,907367.3748774156,38.6915752880497
0.6292134831460674,958.6307950357793,1.1241084690743526,1058032.8731236048,41.84689880465536
0.651685393258427,958.6307950357793,1.1472557227204898,1230945.3116141192,45.23339562597121
0.6741573033707865,958.6307950357793,1.1702583075618733,1428838.7634932112,48.86438447006666
0.696629213483146,958.6307950357793,1.1931118327373118,1654673.432787981,52.75340449672454
0.7191011235955056,958.6307950357793,1.2157998672763686,1911653.5094905163,56.91495131834781
0.7415730337078652,958.6307950357793,1.238276588532192,2203328.488018922,61.36686888788222
0.7640449438202247,958.6307950357793,1.260506669371,2533636.31060508,66.1292643357613
0.7865168539325842,958.6307950357793,1.081907634218701,4473441.170113252,102.95478809084744
0.8089887640449438,958.6307950357793,0.9307856654273637,8371178.615947117,162.32620509311994
0.8314606741573034,958.6307950357793,0.8055474769622047,15264326.259553054,249.5618369406633
0.8539325842696629,958.6307950357793,0.7004584544165743,26304821.31228103,370.3639792950809
0.8764044943820224,958.6307950357793,0.6088838072963388,42013901.58508499,528.1754056239566
0.898876404494382,958.6307950357793,0.5287731964883466,60982062.720517255,717.6902926080664
0.9213483146067416,958.6307950357793,0.45958826374528894,80043783.98252799,926.6128164150485
0.9438202247191011,958.6307950357793,0.4005093242060086,95810006.23289147,1141.060336268267
0.9662921348314606,958.6307950357793,0.3461324570933802,94638997.3161444,1279.2889038367437
0.9887640449438202,958.6307950357793,0.29949039477887107,80638395.93793717,1328.614229777588
1.0112359550561798,958.6307950357793,0.26099293101282955,63237210.12119358,1317.4341319398968
1.0337078651685392,958.6307950357793,0.22899960171260897,46196489.53349825,1254.682286686251
1.0561797752808988,958.6307950357793,0.20264287747167162,32801249.1545191,1172.2313513295437
1.0786516853932584,958.6307950357793,0.18039908802899307,22106174.750217304,1061.60446001584
1.101123595505618,958.6307950357793,0.16153554086315217,14231244.0578543,934.4837408052047
1.1235955056179776,958.6307950357793,0.1455131652773217,8877182.090531431,805.1003328188492
1.146067415730337,958.6307950357793,0.13170584574238564,5276578.123506402,672.5272793545387
1.1685393258426966,958.6307950357793,0.1199677353114627,3145329.7557205344,559.511018716067
1.1910112359550562,958.6307950357793,0.1096840793169372,1781594.6080873215,450.0925083508608
1.2134831460674156,958.6307950357793,0.10085212343514573,1024410.9777320011,362.8202653957398
1.2359550561797752,958.6307950357793,0.0930975571631398,577924.8057928057,287.5573880603295
1.2584269662921348,958.6307950357793,0.08624719574159992,320501.76752699,224.19929740280335
1.2808988764044944,958.6307950357793,0.08026507634247747,182579.20039194645,176.30057859328042
1.303370786516854,958.6307950357793,0.07494133268540938,103998.3526131631,137.68462714217384
1.3258426966292134,958.6307950357793,0.07018765332885872,59650.095789982224,107.21472991750598
1.348314606741573,958.6307950357793,0.06595743892152701,35135.31134226434,84.2339330846617
1.3707865168539326,958.6307950357793,0.062183125798496316,21360.150693690674,67.00346873429089
1.393258426966292,958.6307950357793,0.05872672028666992,12907.024942090085,52.74331336048018
1.4157303370786516,958.6307950357793,0.055667962987913155,8280.388908018584,42.810467148183626
1.4382022471910112,958.6307950357793,0.052886954132976345,5425.777497343108,35.001996139148176
1.4606741573033708,958.6307950357793,0.050352123659199076,3636.661323651839,28.86438386529653
1.4831460674157304,958.6307950357793,0.0480200063173714,2473.1960408295054,23.890484240829768
1.5056179775280898,958.6307950357793,0.04590319107878987,1741.3196858383335,20.118692850762926
1.5280898876404494,958.6307950357793,0.04393700060203709,1238.5288779734428,16.96779706337802
1.550561797752809,958.6307950357793,0.04214426122659063,909.7727864405958,14.552402243876829
1.5730337078651684,958.6307950357793,0.04048590437488934,680.7299016540292,12.580645364895334
1.595505617977528,958.6307950357793,0.03893390168127449,514.2452935520942,10.898681101793652
1.6179775280898876,958.6307950357793,0.03752003712634087,401.484889777903,9.622713983249902
1.6404494382022472,958.6307950357793,0.03617548443951899,313.3236089575441,8.45899191142851
1.6629213483146068,958.6307950357793,0.03495048489477587,252.34447919338484,7.5791379932446095
1.6853932584269662,958.6307950357793,0.03379459511144129,204.7047107247264,6.802751883484425
1.7078651685393258,958.6307950357793,0.032710564134988865,168.03246516751796,6.138938361702647
1.7303370786516854,958.6307950357793,0.03168592460451112,138.99818914694822,5.553916596049496
1.7528089887640448,958.6307950357793,0.030719981708561415,116.09965263195268,5.046023222617465
1.7752808988764044,958.6307950357793,0.02981674729308707,98.31647814939524,4.620173951930065
1.797752808988764,958.6307950357793,0.02898329525785499,84.85721998546687,4.283029122060965
1.8202247191011236,958.6307950357793,0.02816627137529105,72.69843897651658,3.936207419625689
1.8426966292134832,958.6307950357793,0.027413979236837062,63.48294512297082,3.664934915809156
1.8651685393258426,958.6307950357793,0.02668655288196271,55.41507749009424,3.4030321871592784
1.8876404494382022,958.6307950357793,0.02599958543959378,48.79488221354762,3.175485596168632
1.9101123595505618,958.6307950357793,0.02535838898902088,43.491136279829135,2.9875222520238744
1.9325842696629212,958.6307950357793,0.02473659775906962,38.753572569757885,2.804232159610686
1.9550561797752808,958.6307950357793,0.024154108953345806,34.891060869923834,2.6508536736901003
1.9775280898876404,958.6307950357793,0.023579456818275623,31.273718993587426,2.4911500848894033
2.0,958.6307950357793,0.023058635761931384,28.553966125312826,2.3758982318577604
0.0,1065.4251289712624,0.49686302462795284,7540.250381515795,4.089954010995492
0.02247191011235955,1065.4251289712624,0.5050708708205123,8361.569468224445,4.300499606679559
0.0449438202247191,1065.4251289712624,0.5144571872526226,9349.172164872227,4.536860598525477
0.06741573033707865,1065.4251289712624,0.5251428582350891,10545.216338555621,4.802982522029426
0.0898876404494382,1065.4251289712624,0.537245605582512,12003.345244413946,5.10330765984509
0.11235955056179775,1065.4251289712624,0.5508674931260603,13791.135330641484,5.442698798697543
0.1348314606741573,1065.4251289712624,0.566076746080299,15992.29489701534,5.826265554540018
0.15730337078651685,1065.4251289712624,0.5827631414043721,18696.27597577824,6.257770617614574
0.1797752808988764,1065.4251289712624,0.6012576560217381,22060.391752389314,6.74616598714058
0.20224719101123595,1065.4251289712624,0.6210473891495074,26186.648439101824,7.291625191653889
0.2247191011235955,1065.4251289712624,0.642075039173182,31246.239571013313,7.899306899986764
0.24719101123595505,1065.4251289712624,0.6641223716655154,37419.65855175997,8.572616022220265
0.2696629213483146,1065.4251289712624,0.6869629558316463,44911.801937409284,9.314796106081335
0.29213483146067415,1065.4251289712624,0.710384572432935,53956.36717769662,10.129202716913126
0.3146067415730337,1065.4251289712624,0.7342037973887839,64821.56123933878,11.019547055645303
0.33707865168539325,1065.4251289712624,0.7582726714702472,77816.93133662497,11.990077538317408
0.3595505617977528,1065.4251289712624,0.7824784197584377,93300.86129118832,13.045681523568076
0.38202247191011235,1065.4251289712624,0.8067393770584738,111688.6513883617,14.191927282800888
0.4044943820224719,1065.4251289712624,0.8309989096938035,133460.93796703796,15.435059493251705
0.42696629213483145,1065.4251289712624,0.8552190935623815,159172.4250951214,16.781969574575363
0.449438202247191,1065.4251289712624,0.8793750597481229,189460.91781828584,18.240156051516237
0.47191011235955055,1065.4251289712624,0.9034504175861882,225056.6793043933,19.817685565375132
0.4943820224719101,1065.4251289712624,0.9274339420721749,266792.20588036964,21.523161843171458
0.5168539325842696,1065.4251289712624,0.9513172031144618,315612.3411223334,23.365702679421815
0.5393258426966292,1065.4251289712624,0.9750932677187328,372584.88964357885,25.354927476630127
0.5617977528089888,1065.4251289712624,0.9987558969187477,438911.45563740644,27.50094878903512
0.5842696629213483,1065.4251289712624,1.0222992801608513,515938.4508346604,29.81436546725306
0.6067415730337078,1065.4251289712624,1.0457178044039137,605167.7686255958,32.306252034537934
0.6292134831460674,1065.4251289712624,1.069006118312355,708266.9400329265,34.98814142712016
0.651685393258427,1065.4251289712624,1.0921590637628138,827078.0579462005,37.87199826261207
0.6741573033707865,1065.4251289712624,1.115171769838072,963625.0203001463,40.970177928014635
0.696629213483146,1065.4251289712624,1.1380394552237767,1120118.2691168135,44.295377137962056
0.7191011235955056,1065.4251289712624,1.160757755600771,1298956.2231115096,47.86055218164676
0.7415730337078652,1065.4251289712624,1.1833223775546133,1502722.417800532,51.67883544386467
0.7640449438202247,1065.4251289712624,1.205729381663296,1734176.873615454,55.76340236316182
0.7865168539325842,1065.4251289712624,1.227882078481118,1996557.8366375277,60.13653672403642
0.8089887640449438,1065.4251289712624,1.0637116916502034,3453148.506177982,92.26546669609934
0.8314606741573034,1065.4251289712624,0.9141436893511424,6497199.506333533,146.60795979874302
0.8539325842696629,1065.4251289712624,0.7908724008745439,11888538.21313263,226.66256013879524
0.8764044943820224,1065.4251289712624,0.6872016518236542,20478967.507137943,337.5356866861208
0.898876404494382,1065.4251289712624,0.5961710103194491,32333307.141302984,480.44376817666534
0.9213483146067416,1065.4251289712624,0.5177874595894575,46090401.12023171,648.4418937825526
0.9438202247191011,1065.4251289712624,0.4503894557402719,58999365.609206304,828.0306013655347
0.9662921348314606,1065.4251289712624,0.39287769754488977,68246047.96167229,1003.2751064938931
0.9887640449438202,1065.4251289712624,0.33854483874841623,61385523.93612984,1074.0186507389067
1.0112359550561798,1065.4251289712624,0.2943253088221531,50502226.29581718,1093.041766181391
1.0337078651685392,1065.4251289712624,0.2579994682548892,38811298.33012485,1069.2210882127727
1.0561797752808988,1065.4251289712624,0.22771295796953228,27916454.39719451,1006.464819703144
1.0786516853932584,1065.4251289712624,0.20247611395935666,19274124.861548655,923.2002528184158
1.101123595505618,1065.4251289712624,0.1811301424881459,12674938.091945084,821.7696427838557
1.1235955056179776,1065.4251289712624,0.16301064767617415,8029816.458245048,713.7080047169313
1.146067415730337,1065.4251289712624,0.14752096152896874,4917082.307800392,605.5812589795139
1.1685393258426966,1065.4251289712624,0.1341345373132414,2888281.693845098,499.65376234892557
1.1910112359550562,1065.4251289712624,0.12269991796629569,1705154.4845580284,410.956139092149
1.2134831460674156,1065.4251289712624,0.11271249698848962,979605.1508895415,330.96533550589874
1.2359550561797752,1065.4251289712624,0.10396864524651274,553928.6032432287,262.5057188431324
1.2584269662921348,1065.4251289712624,0.0963114869270012,313573.5898775956,206.95473568590984
1.2808988764044944,1065.4251289712624,0.089587895449598,179664.56726129522,163.1895510794651
1.303370786516854,1065.4251289712624,0.0836205388243634,103370.14346714948,128.1205762822676
1.3258426966292134,1065.4251289712624,0.07831189721879724,60264.798128666494,100.68091897923307
1.348314606741573,1065.4251289712624,0.07356418127804909,35668.08313137833,79.28841312689137
1.3707865168539326,1065.4251289712624,0.06932515907162548,21725.22827329387,63.10890245038922
1.393258426966292,1065.4251289712624,0.06552060551013629,13606.545730279515,50.76606592786002
1.4157303370786516,1065.4251289712624,0.06205030246679441,8598.011126310674,40.80279029305347
1.4382022471910112,1065.4251289712624,0.058931864189769104,5644.992126705284,33.38691909250824
1.4606741573033708,1065.4251289712624,0.05608485204499075,3780.1827388242955,27.503309754225604
1.4831460674157304,1065.4251289712624,0.05350302831126068,2614.4771052726674,23.005457600330242
1.5056179775280898,1065.4251289712624,0.05111718670132972,1830.5457857207912,19.29409083633261
1.5280898876404494,1065.4251289712624,0.04894730468598903,1324.4393377243155,16.4540864973034
1.550561797752809,1065.4251289712624,0.046925481731485114,967.0709888788479,14.049618946626962
1.5730337078651684,1065.4251289712624,0.0450825816205847,729.0874951170936,12.205351554343038
1.595505617977528,1065.4251289712624,0.04336714855083269,557.1505555454996,10.656544937886812
1.6179775280898876,1065.4251289712624,0.04175198731543829,428.28452326767007,9.302739174770883
1.6404494382022472,1065.4251289712624,0.04029548997452394,342.3329880506442,8.318282839244429
1.6629213483146068,1065.4251289712624,0.038913944708920026,274.30362852474246,7.4239253154156675
1.6853932584269662,1065.4251289712624,0.03762229583719784,222.72282680346248,6.666685256792839
1.7078651685393258,1065.4251289712624,0.036414931993308475,183.30711554577323,6.027087661882218
1.7303370786516854,1065.4251289712624,0.03526514928959637,151.38497712925897,5.444889737822847
1.7528089887640448,1065.4251289712624,0.03421230143837761,128.09936014166306,4.996626204338024
1.7752808988764044,1065.4251289712624,0.0332082754683137,108.77371241568937,4.584614767179914
1.797752808988764,1065.4251289712624,0.03224504859429683,92.51004756925741,4.1997622735961295
1.8202247191011236,1065.4251289712624,0.03134623154207369,79.7922129117039,3.8803452247531305
1.8426966292134832,1065.4251289712624,0.03051689046530397,70.03673408997824,3.627917285698474
1.8651685393258426,1065.4251289712624,0.02970092622259644,61.049675431499445,3.3644732110050586
1.8876404494382022,1065.4251289712624,0.028952505202285102,54.216521773902286,3.1621361417176534
1.9101123595505618,1065.4251289712624,0.02821490725644622,47.86301346676989,2.950535529005056
1.9325842696629212,1065.4251289712624,0.027534574988569017,42.91588497659424,2.784398254073473
1.9550561797752808,1065.4251289712624,0.02687533110890179,38.48897666571634,2.6230270563030675
1.9775280898876404,1065.4251289712624,0.026244735036972278,34.66532761960253,2.4755332015510985
2.0,1065.4251289712624,0.025651180555397723,31.4844729916056,2.3497195707067156
0.0,1184.1166706949616,0.4824721323140902,5770.496643835095,3.6119546444472466
0.02247191011235955,1184.1166706949616,0.4882863380395905,6290.0110910674575,3.7732420745159994
0.0449438202247191,1184.1166706949616,0.49503416281799834,6905.477573030865,3.9531865327857205
0.06741573033707865,1184.1166706949616,0.502829298416355,7640.173492400654,4.154715551352466
0.0898876404494382,1184.1166706949616,0.5117933954167248,8523.880472504707,4.381226388774128
0.11235955056179775,1184.1166706949616,0.5220529572718091,9594.733306510721,4.636624229347989
0.1348314606741573,1184.1166706949616,0.5337340230809573,10901.480374754765,4.9253364859317434
0.15730337078651685,1184.1166706949616,0.5469502478794712,12505.874243952609,5.252249964352259
0.1797752808988764,1184.1166706949616,0.5617835237282022,14484.799692190694,5.622536130855029
0.20224719101123595,1184.1166706949616,0.5782603891712929,16931.692281484695,6.041366512869638
0.2247191011235955,1184.1166706949616,0.5963480154250207,19958.597205924903,6.513754928382493
0.24719101123595505,1184.1166706949616,0.6159082695614491,23692.576272082053,7.043888711111809
0.2696629213483146,1184.1166706949616,0.6367510644147912,28279.38718858093,7.635489059133982
0.29213483146067415,1184.1166706949616,0.6586453462634734,33883.440826060214,8.291792700744267
0.3146067415730337,1184.1166706949616,0.6813499299824571,40690.40664051175,9.015827468088377
0.33707865168539325,1184.1166706949616,0.7046390884830994,48911.237165306295,9.81072113546231
0.3595505617977528,1184.1166706949616,0.7283193702545567,58787.5592144613,10.67997705748798
0.38202247191011235,1184.1166706949616,0.752236698123529,70598.03770765837,11.627668497807853
0.4044943820224719,1184.1166706949616,0.776275627443488,84665.28329941514,12.658541017566119
0.42696629213483145,1184.1166706949616,0.8003543277713151,101363.16061532711,13.778045835081185
0.449438202247191,1184.1166706949616,0.8244174523685466,121124.24312664864,14.992322358768932
0.47191011235955055,1184.1166706949616,0.8484289614202962,144447.41196264565,16.308156097475877
0.4943820224719101,1184.1166706949616,0.8723658682314449,171905.60199487573,17.73292924676973
0.5168539325842696,1184.1166706949616,0.8962133725357598,204153.76658396903,19.274576190326943
0.5393258426966292,1184.1166706949616,0.919961331447691,241937.08829004935,20.941549170472253
0.5617977528089888,1184.1166706949616,0.9436020980355193,286099.5675326446,22.742797314628007
0.5842696629213483,1184.1166706949616,0.9671291809080296,337592.84683361877,24.68775416813276
0.6067415730337078,1184.1166706949616,0.9905366708365823,397485.2610980989,26.78633101393106
0.6292134831460674,1184.1166706949616,1.0138189779514106,466970.7905565204,29.048909238203493
0.651685393258427,1184.1166706949616,1.0369707328953373,547377.6085939797,31.486328109918226
0.6741573033707865,1184.1166706949616,1.059986837290989,640175.8525545808,34.10986349194789
0.696629213483146,1184.1166706949616,1.0828623591610582,746984.0364494777,36.93119733504504
0.7191011235955056,1184.1166706949616,1.1055926170785617,869573.6665867878,39.96237176405124
0.7415730337078652,1184.1166706949616,1.1281731992637098,1009871.2231542729,43.21572539891148
0.7640449438202247,1184.1166706949616,1.15059989985273,1169956.7535444058,46.70381223504774
0.7865168539325842,1184.1166706949616,1.1728687418040336,1352058.090541786,50.4392938921998
0.8089887640449438,1184.1166706949616,1.1949647433509907,1558569.7524747606,54.43583641627504
0.8314606741573034,1184.1166706949616,1.0473595125294133,2612395.568558982,81.66074012771521
0.8539325842696629,1184.1166706949616,0.8994121218351583,4913154.2945297295,130.39766715594223
0.8764044943820224,1184.1166706949616,0.77785689228286,8982076.74217592,202.3379569219722
0.898876404494382,1184.1166706949616,0.6748142250701277,15382253.838091979,301.71718263743946
0.9213483146067416,1184.1166706949616,0.5850008018438777,23916333.828765217,427.5190429032604
0.9438202247191011,1184.1166706949616,0.5080995820825159,33270213.77319621,571.2430894570076
0.9662921348314606,1184.1166706949616,0.44277286162471097,41519628.34751289,720.8005931758779
0.9887640449438202,1184.1166706949616,0.3839721187222842,43439148.438837074,832.5739553225168
1.0112359550561798,1184.1166706949616,0.33265863843236465,37832501.799809895,874.455887712174
1.0337078651685392,1184.1166706949616,0.2908548583323086,30360428.70714319,875.8871861351546
1.0561797752808988,1184.1166706949616,0.25636767798650767,22814503.76995974,843.9133448389089
1.0786516853932584,1184.1166706949616,0.22755386240336128,16149433.101985237,784.5701699488372
1.101123595505618,1184.1166706949616,0.20326771328425122,10834167.86538562,705.805945317689
1.1235955056179776,1184.1166706949616,0.18277145211362467,7023433.035776718,620.4092052149432
1.146067415730337,1184.1166706949616,0.16522363608151425,4356955.255669536,529.9239831235228
1.1685393258426966,1184.1166706949616,0.15022042641646638,2644325.6742653833,444.8401833619752
1.1910112359550562,1184.1166706949616,0.1372000517320384,1547862.122998362,363.99310684553507
1.2134831460674156,1184.1166706949616,0.12601694890592668,911795.269825077,297.05237915773284
1.2359550561797752,1184.1166706949616,0.1161526697241011,518687.48546375986,236.25186650784588
1.2584269662921348,1184.1166706949616,0.10762990984123061,303570.2623276723,189.6978659566806
1.2808988764044944,1184.1166706949616,0.10002892720256001,173550.50284925947,149.30347016432594
1.303370786516854,1184.1166706949616,0.09332196500137478,100610.82894793715,117.6588789230742
1.3258426966292134,1184.1166706949616,0.08733889514496862,58667.8761977815,92.40501667211485
1.348314606741573,1184.1166706949616,0.08205528160011077,35508.42856567427,73.70208744936406
1.3707865168539326,1184.1166706949616,0.07733913300068625,22084.635757526466,59.377766617593984
1.393258426966292,1184.1166706949616,0.0730730033678268,13917.339919961538,47.92218853565162
1.4157303370786516,1184.1166706949616,0.06919922952497369,8903.145295477714,38.79550530165161
1.4382022471910112,1184.1166706949616,0.06567963676184152,5815.134051324248,31.625155149903417
1.4606741573033708,1184.1166706949616,0.0625432027793792,3997.0098166506195,26.48102709787446
1.4831460674157304,1184.1166706949616,0.05963227079691765,2752.720975224575,22.081259818439385
1.5056179775280898,1184.1166706949616,0.05695477295297383,1929.168902418617,18.523326910320783
1.5280898876404494,1184.1166706949616,0.054554018080667344,1416.6143158540115,15.949011948519045
1.550561797752809,1184.1166706949616,0.052308159398289394,1044.7379772506895,13.707869305365303
1.5730337078651684,1184.1166706949616,0.05021021147206032,777.3502025132117,11.797472588329562
1.595505617977528,1184.1166706949616,0.04828266235872448,593.0603709673163,10.284860570473437
1.6179775280898876,1184.1166706949616,0.046503554614173374,462.15444790216657,9.063125371346782
1.6404494382022472,1184.1166706949616,0.044853267517038754,366.51441616089517,8.05571438836002
1.6629213483146068,1184.1166706949616,0.04333346809391801,297.19824227371384,7.250571791685251
1.6853932584269662,1184.1166706949616,0.04188889786385617,241.5345338394466,6.5140161122060904
1.7078651685393258,1184.1166706949616,0.04053266451950271,198.43511773229417,5.879743218464473
1.7303370786516854,1184.1166706949616,0.039247947563642284,164.07512965014652,5.3153890438098825
1.7528089887640448,1184.1166706949616,0.038085495754416325,139.74487117517984,4.901505599105934
1.7752808988764044,1184.1166706949616,0.03696660819257373,118.88814082007171,4.5033474776369795
1.797752808988764,1184.1166706949616,0.035910247093020584,102.003247760959,4.153949485053665
1.8202247191011236,1184.1166706949616,0.03489914043601236,87.77242201634908,3.8303899718769774
1.8426966292134832,1184.1166706949616,0.033971043048238406,77.01204262997149,3.57974752202064
1.8651685393258426,1184.1166706949616,0.03306614618636434,67.33282074551627,3.3279310530418758
1.8876404494382022,1184.1166706949616,0.03221303490726718,59.40304893804288,3.1100815001155424
1.9101123595505618,1184.1166706949616,0.03141602576768112,53.013582402321774,2.928833024341025
1.9325842696629212,1184.1166706949616,0.030635850924478944,47.16410227587282,2.745088943674654
1.9550561797752808,1184.1166706949616,0.029918322752017393,42.61269615591452,2.6026803054940797
1.9775280898876404,1184.1166706949616,0.02921775471858948,38.43637299774654,2.4595546086894737
2.0,1184.1166706949616,0.028547564153877825,34.81275152336387,2.3286854459206765
0.0,1316.0308046906782,0.4729029415497485,4554.67580287306,3.222928680298973
0.02247191011235955,1316.0308046906782,0.47703118270683065,4897.671148679558,3.3490540899188384
0.0449438202247191,1316.0308046906782,0.4816254134738997,5289.684269939619,3.486881871436157
0.06741573033707865,1316.0308046906782,0.48694212986296326,5747.390036362951,3.639483035311409
0.0898876404494382,1316.0308046906782,0.4933454216482335,6295.979124202489,3.811198411785335
0.11235955056179775,1316.0308046906782,0.5006914120913456,6947.101367995837,4.0029611018160205
0.1348314606741573,1316.0308046906782,0.5091914441714526,7730.2901191979045,4.218729693105104
0.15730337078651685,1316.0308046906782,0.5189771949647793,8679.622327198214,4.4623428839592405
0.1797752808988764,1316.0308046906782,0.5301827506910392,9838.858087470293,4.738184610758896
0.20224719101123595,1316.0308046906782,0.5429338323468921,11263.766692497455,5.05114009905579
0.2247191011235955,1316.0308046906782,0.557328161485578,13024.232663165438,5.406431620425811
0.24719101123595505,1316.0308046906782,0.5734870530468329,15211.828549461177,5.81011142496492
0.2696629213483146,1316.0308046906782,0.5911535323855939,17910.213673152477,6.264865705931791
0.29213483146067415,1316.0308046906782,0.6104324965329727,21254.50179737931,6.777330042537436
0.3146067415730337,1316.0308046906782,0.6310476750729106,25370.745944875216,7.3503305193397095
0.33707865168539325,1316.0308046906782,0.6527548511806472,30407.375201926672,7.986932137051693
0.3595505617977528,1316.0308046906782,0.6752964349116755,36530.95914401184,8.689928998047904
0.38202247191011235,1316.0308046906782,0.6984313379958741,43929.91130227234,9.462197988669265
0.4044943820224719,1316.0308046906782,0.721954288492318,52819.52447406756,10.30700785740175
0.42696629213483145,1316.0308046906782,0.7457037837780517,63447.908048508274,11.228231200843558
0.449438202247191,1316.0308046906782,0.7695610030519195,76102.35172499582,12.230449254497179
0.47191011235955055,1316.0308046906782,0.7934435767270016,91115.85523411684,13.318973732422583
0.4943820224719101,1316.0308046906782,0.8172972884487256,108873.65428835407,14.4998153033259
0.5168539325842696,1316.0308046906782,0.8410879137803282,129819.72715044601,15.779627797877305
0.5393258426966292,1316.0308046906782,0.8647942839066398,154463.31427631492,17.165648469193147
0.5617977528089888,1316.0308046906782,0.88840304992022,183385.55368157793,18.665647759159132
0.5842696629213483,1316.0308046906782,0.9119051054303177,217246.31686035913,20.28789396952037
0.6067415730337078,1316.0308046906782,0.9352934306708397,256791.30367008646,22.04113276035924
0.6292134831460674,1316.0308046906782,0.9585619586604714,302859.34529736615,23.93457672756227
0.651685393258427,1316.0308046906782,0.9817050404610581,356389.7419836565,25.977898915642815
0.6741573033707865,1316.0308046906782,1.0047173369940894,418429.43080805533,28.181224236096906
0.696629213483146,1316.0308046906782,1.0275937529860042,490139.5664599332,30.5551139578832
0.7191011235955056,1316.0308046906782,1.0503293749070208,572801.1606244061,33.11054182954589
0.7415730337078652,1316.0308046906782,1.072919530737454,667819.36181331,35.858856920446186
0.7640449438202247,1316.0308046906782,1.0953598410452472,776725.7307229891,38.81172905229857
0.7865168539325842,1316.0308046906782,1.1176461180618869,901177.8964943126,41.981079795638145
0.8089887640449438,1316.0308046906782,1.1397744072381983,1042955.8122863634,45.3789876016485
0.8314606741573034,1316.0308046906782,1.1617399699481605,1203955.7432616341,49.017651414903185
0.8539325842696629,1316.0308046906782,1.0332888514983039,1933636.2530416877,71.25715460755879
0.8764044943820224,1316.0308046906782,0.8867756691220747,3612070.28802818,114.01348385074836
0.898876404494382,1316.0308046906782,0.7668578038351856,6563819.671647343,177.11583469695088
0.9213483146067416,1316.0308046906782,0.6636979562875069,11110848.978879262,263.8451133116763
0.9438202247191011,1316.0308046906782,0.5752830023165253,16923078.387029514,371.033915369087
0.9662921348314606,1316.0308046906782,0.5002115633250185,22935488.878558293,490.0303348855308
0.9887640449438202,1316.0308046906782,0.43677807779825384,27795340.540037487,609.5431926885599
1.0112359550561798,1316.0308046906782,0.3771760379361479,26330606.800555725,670.418857599651
1.0337078651685392,1316.0308046906782,0.3289165003150243,22512199.255936384,695.1375643993383
1.0561797752808988,1316.0308046906782,0.28919116764712266,17672901.120437644,685.9932533718087
1.0786516853932584,1316.0308046906782,0.25608957834609647,12879954.197205093,648.0229412728289
1.101123595505618,1316.0308046906782,0.22840218782543903,8889887.979954034,591.8816458972066
1.1235955056179776,1316.0308046906782,0.20517129575286036,5933191.446346816,528.3058361903434
1.146067415730337,1316.0308046906782,0.1853241330639135,3780342.927163402,457.6405008159089
1.1685393258426966,1316.0308046906782,0.1683322558654508,2334448.7127552344,387.6350276547277
1.1910112359550562,1316.0308046906782,0.15370727085578684,1409485.7394605065,322.4582521706159
1.2134831460674156,1316.0308046906782,0.1410161205168997,833379.9914242888,263.56546083667683
1.2359550561797752,1316.0308046906782,0.12997160867924157,488456.3720925465,213.0386335043838
1.2584269662921348,1316.0308046906782,0.12022997193533616,280587.9139346824,169.1441485887429
1.2808988764044944,1316.0308046906782,0.1117456318615479,164906.24045822874,135.15831765786277
1.303370786516854,1316.0308046906782,0.10427984154199885,98627.31424997433,108.39729324474995
1.3258426966292134,1316.0308046906782,0.09757397270986173,58471.59405647501,85.92350659809274
1.348314606741573,1316.0308046906782,0.09162999678195054,35639.435901129604,68.78673342187135
1.3707865168539326,1316.0308046906782,0.0863190359119592,22238.477637260683,55.4977991355055
1.393258426966292,1316.0308046906782,0.08151843921811598,14059.261846580906,44.853923290472686
1.4157303370786516,1316.0308046906782,0.07718265038684077,9085.311664187631,36.521144032525086
1.4382022471910112,1316.0308046906782,0.07326152743731884,6024.638971122323,30.043187241837575
1.4606741573033708,1316.0308046906782,0.0697000469403993,4094.105154090312,24.959972939560906
1.4831460674157304,1316.0308046906782,0.06650057292553738,2897.528486396695,21.175830851937853
1.5056179775280898,1316.0308046906782,0.0635130955073534,2048.8066373443717,17.862631529767118
1.5280898876404494,1316.0308046906782,0.06078127589868048,1485.6910154955067,15.245234182898058
1.550561797752809,1316.0308046906782,0.058296097985018086,1111.3134058721835,13.224669289174123
1.5730337078651684,1316.0308046906782,0.055958852228263765,832.9507781250888,11.43571727125444
1.595505617977528,1316.0308046906782,0.05381680499194008,640.7469060377877,10.024886765061762
1.6179775280898876,1316.0308046906782,0.05184036195276997,503.07261183938016,8.879689851065317
1.6404494382022472,1316.0308046906782,0.04998505011885411,398.35794465857407,7.882750814525767
1.6629213483146068,1316.0308046906782,0.04825527217244524,319.93613308566773,7.043578945909606
1.6853932584269662,1316.0308046906782,0.046645180318107354,260.93566729591305,6.343020525329789
1.7078651685393258,1316.0308046906782,0.045141045443556155,215.6467982796471,5.749729669774504
1.7303370786516854,1316.0308046906782,0.04372223047057248,179.67916004562085,5.227661704074326
1.7528089887640448,1316.0308046906782,0.042386191012915034,151.13293185224933,4.773084794676286
1.7752808988764044,1316.0308046906782,0.041162666196195866,129.95848176363782,4.421532400758711
1.797752808988764,1316.0308046906782,0.03998809306814773,111.82774168452457,4.087481494184476
1.8202247191011236,1316.0308046906782,0.03887358007761789,96.82657795933602,3.7878425457486067
1.8426966292134832,1316.0308046906782,0.03781328180032306,84.29541711612872,3.5170078134158578
1.8651685393258426,1316.0308046906782,0.03680734715423408,73.87584144907665,3.275675540451488
1.8876404494382022,1316.0308046906782,0.035859885382038506,65.33356220360442,3.067210721229028
1.9101123595505618,1316.0308046906782,0.03495048489477587,57.94180428402206,2.87266861562095
1.9325842696629212,1316.0308046906782,0.034100810432273775,51.95798672556216,2.71066398677403
1.9550561797752808,1316.0308046906782,0.03329952511866382,46.95573534773996,2.570413771236438
1.9775280898876404,1316.0308046906782,0.0325202030331637,42.40907984347949,2.4317415397014184
2.0,1316.0308046906782,0.03177589088345445,38.472659486728276,2.305585673282677
0.0,1462.6405672325488,0.46751653102477214,3699.046238303886,2.9033788087282613
0.02247191011235955,1462.6405672325488,0.47007687959891914,3925.6828447043295,3.0015812073074133
0.0449438202247191,1462.6405672325488,0.4730804343493862,4183.743219253405,3.1088121447338737
0.06741573033707865,1462.6405672325488,0.4768329668430939,4486.240470037072,3.227979781366943
0.0898876404494382,1462.6405672325488,0.4810191683127144,4831.076738239156,3.3581172022677253
0.11235955056179775,1462.6405672325488,0.4859837699604634,5235.815072151437,3.5028067289896296
0.1348314606741573,1462.6405672325488,0.49183934379615135,5714.827214271282,3.6644309375529063
0.15730337078651685,1462.6405672325488,0.4986996959193798,6286.153544866027,3.8457155162813077
0.1797752808988764,1462.6405672325488,0.5066931412288032,6973.135030190129,4.049885199347899
0.20224719101123595,1462.6405672325488,0.5159559286966707,7805.81850701305,4.280683270018941
0.2247191011235955,1462.6405672325488,0.5266294949250679,8822.949382825143,4.542415612584829
0.24719101123595505,1462.6405672325488,0.5388516977406288,10074.228368965632,4.839932830656141
0.2696629213483146,1462.6405672325488,0.5527376227680049,11622.40248606001,5.178484998834297
0.29213483146067415,1462.6405672325488,0.5683513688315931,13544.66312487088,5.563423709091034
0.3146067415730337,1462.6405672325488,0.585683890416799,15933.495877753225,5.9998704443021
0.33707865168539325,1462.6405672325488,0.6046212595388532,18894.931517786976,6.49220066392486
0.3595505617977528,1462.6405672325488,0.6249590141354125,22547.951415307172,7.043945477482296
0.38202247191011235,1462.6405672325488,0.646439947629996,27025.308600961464,7.658000819307334
0.4044943820224719,1462.6405672325488,0.6687885374012785,32474.861793640193,8.336912392568701
0.42696629213483145,1462.6405672325488,0.6917457849288551,39062.90362027814,9.08327659340863
0.449438202247191,1462.6405672325488,0.7150923627095838,46978.91693069113,9.900095877971282
0.47191011235955055,1462.6405672325488,0.7386577085407268,56441.09903731738,10.791011454430091
0.4943820224719101,1462.6405672325488,0.7623185460757754,67702.1815869586,11.760410266436278
0.5168539325842696,1462.6405672325488,0.7859914613414017,81055.2453833155,12.81343617914844
0.5393258426966292,1462.6405672325488,0.8096231485647566,96839.33587136657,13.955941467913407
0.5617977528089888,1462.6405672325488,0.8331810894745734,115444.9221260802,15.194415743681082
0.5842696629213483,1462.6405672325488,0.8566458391184955,137319.2606316725,16.53591539104219
0.6067415730337078,1462.6405672325488,0.8800054004194737,162971.80326722877,17.988008016132007
0.6292134831460674,1462.6405672325488,0.9032515700647812,192979.7611845044,19.558736391925972
0.651685393258427,1462.6405672325488,0.9263778754699133,227993.8724956268,21.256599397079476
0.6741573033707865,1462.6405672325488,0.9493786142755916,268744.30789494514,23.090542888018827
0.696629213483146,1462.6405672325488,0.9722484191561692,316046.48804675636,25.069952797593416
0.7191011235955056,1462.6405672325488,0.9949821726087446,370806.5961735855,27.204644704502307
0.7415730337078652,1462.6405672325488,1.0175750173200055,434026.4297162712,29.50484475891213
0.7640449438202247,1462.6405672325488,1.0400222933510017,506807.20389861846,31.981160892896167
0.7865168539325842,1462.6405672325488,1.0623196493051992,590351.8997521404,34.64453684275014
0.8089887640449438,1462.6405672325488,1.0844628793771705,685965.620727982,37.50619570171868
0.8314606741573034,1462.6405672325488,1.1064481054484023,795053.2732808552,40.57755208138287
0.8539325842696629,1462.6405672325488,1.1282716212440413,919113.9529097194,43.87011014007935
0.8764044943820224,1462.6405672325488,1.0216602620556516,1399749.1019308951,61.246329867679336
0.898876404494382,1462.6405672325488,0.8762946187950168,2578404.715945837,97.8668396969308
0.9213483146067416,1462.6405672325488,0.7566964959961313,4631756.258913417,151.95278265545255
0.9438202247191011,1462.6405672325488,0.6544114794680312,7701416.950195192,225.20381530143553
0.9662921348314606,1462.6405672325488,0.5673530638520334,11434186.276474265,313.41577385762065
0.9887640449438202,1462.6405672325488,0.4942667339176707,15074156.938423254,408.5520938750337
1.0112359550561798,1462.6405672325488,0.4292911928620259,16721704.240128938,487.240503814329
1.0337078651685392,1462.6405672325488,0.37288917422918394,15394992.634278188,526.5227477664066
1.0561797752808988,1462.6405672325488,0.326942013508848,12824033.370053219,536.818713165781
1.0786516853932584,1462.6405672325488,0.28890825590321756,9812302.998840535,520.7101388807586
1.101123595505618,1462.6405672325488,0.25737685885218897,7108061.846590728,488.06729317297453
1.1235955056179776,1462.6405672325488,0.23069362102102633,4836381.114823857,440.2621366142081
1.146067415730337,1462.6405672325488,0.2081221849335367,3165002.2569372044,386.8262770570888
1.1685393258426966,1462.6405672325488,0.18888735225674794,2010465.6062002939,332.5924659598492
1.1910112359550562,1462.6405672325488,0.17230044915946433,1236120.683921893,279.31418326739225
1.2134831460674156,1462.6405672325488,0.15795210548982244,745058.6843604096,230.61757982111257
1.2359550561797752,1462.6405672325488,0.1455021862456662,445903.61581085256,188.48666348146844
1.2584269662921348,1462.6405672325488,0.1346091735057112,265264.1331915301,152.56531936419407
1.2808988764044944,1462.6405672325488,0.12500157824347907,156900.37471874178,122.29319803039448
1.303370786516854,1462.6405672325488,0.11656133861261464,94382.06810953804,98.3480454751592
1.3258426966292134,1462.6405672325488,0.10903303079034382,56896.917404332766,78.68009998579477
1.348314606741573,1462.6405672325488,0.10233387393400259,34927.50362996068,63.216908101583805
1.3707865168539326,1462.6405672325488,0.09639712115125772,22195.317643604274,51.53986942137839
1.393258426966292,1462.6405672325488,0.09100478931000769,14161.627641743687,41.86796986597255
1.4157303370786516,1462.6405672325488,0.08614706715858178,9254.456704560494,34.31049072413215
1.4382022471910112,1462.6405672325488,0.08174181071698364,6172.69336013489,28.314538412462085
1.4606741573033708,1462.6405672325488,0.07779615750741659,4286.241937917344,23.84161747802146
1.4831460674157304,1462.6405672325488,0.07413907400918503,2984.3633280294844,20.00398436104297
1.5056179775280898,1462.6405672325488,0.07081144071886786,2135.303899002812,16.99789371474977
1.5280898876404494,1462.6405672325488,0.06779032432559831,1575.4460344478591,14.670668358679041
1.550561797752809,1462.6405672325488,0.06495772899887857,1164.511383175203,12.618648517199974
1.5730337078651684,1462.6405672325488,0.06239484587108223,891.6733244344523,11.069698590359488
1.595505617977528,1462.6405672325488,0.0599838457889507,685.2268562272028,9.694388533782297
1.6179775280898876,1462.6405672325488,0.057784198643250954,541.6475955543576,8.625957529470284
1.6404494382022472,1462.6405672325488,0.05571236901462623,430.5952275801516,7.677519731637828
1.6629213483146068,1462.6405672325488,0.053789410286796686,347.9881484584344,6.89026280303897
1.6853932584269662,1462.6405672325488,0.051977649302870146,283.37612979188464,6.196769850876788
1.7078651685393258,1462.6405672325488,0.05029100011235821,234.25322750354934,5.617202378997137
1.7303370786516854,1462.6405672325488,0.048728934466753256,197.02412829944234,5.143251953881671
1.7528089887640448,1462.6405672325488,0.047237872322176015,166.08829833165888,4.703679979938212
1.7752808988764044,1462.6405672325488,0.04584345918994776,141.75492331771096,4.331153043825321
1.797752808988764,1462.6405672325488,0.044538078475211934,122.39360173505311,4.014214994260312
1.8202247191011236,1462.6405672325488,0.043272070687587254,105.39847309541636,3.70298878011001
1.8426966292134832,1462.6405672325488,0.0421011493020013,92.24108398641664,3.452510820195323
1.8651685393258426,1462.6405672325488,0.04100105888720516,81.50361520025572,3.2372711804180914
1.8876404494382022,1462.6405672325488,0.03992364010134447,71.70764932729536,3.017867672921587
1.9101123595505618,1462.6405672325488,0.03893390168127449,64.14446966033955,2.847139964779146
1.9325842696629212,1462.6405672325488,0.03797527463766166,57.3799635641815,2.680855653062204
1.9550561797752808,1462.6405672325488,0.03707951635827594,51.86284445028302,2.5423472433866436
1.9775280898876404,1462.6405672325488,0.03621266921782962,46.909098592286256,2.408224206113052
2.0,1462.6405672325488,0.035380830761266246,42.561734301502945,2.2835759505793427
0.0,1625.5830952355086,0.4652712465174952,3073.679499932051,2.635651972495661
0.02247191011235955,1625.5830952355086,0.4667656079490506,3229.4103305831018,2.7137375154656955
0.0449438202247191,1625.5830952355086,0.46860961570430854,3404.92475842077,2.7985136965537523
0.06741573033707865,1625.5830952355086,0.4708539992065343,3603.9453912468434,2.8908995438601153
0.0898876404494382,1625.5830952355086,0.4735582602573694,3831.1163209120123,2.9919851003684172
0.11235955056179775,1625.5830952355086,0.47669911639575435,4089.9273980164808,3.1024690088488778
0.1348314606741573,1625.5830952355086,0.48069917001645074,4396.496447247934,3.2261126790325894
0.15730337078651685,1625.5830952355086,0.4852021491130601,4748.591456411072,3.3618262479197196
0.1797752808988764,1625.5830952355086,0.49056469197158636,5164.798935493359,3.513450137354886
0.20224719101123595,1625.5830952355086,0.4969036016293808,5660.788081438764,3.683605335653592
0.2247191011235955,1625.5830952355086,0.5043479529304442,6256.753225425282,3.8753807956191078
0.24719101123595505,1625.5830952355086,0.5130379407560314,6978.809699296792,4.09239419810861
0.2696629213483146,1625.5830952355086,0.5231213010819862,7860.745088680998,4.338834247931321
0.29213483146067415,1625.5830952355086,0.534747228208454,8946.179265041668,4.6194730251481655
0.3146067415730337,1625.5830952355086,0.5480491989469813,10290.665459927326,4.939554739272618
0.33707865168539325,1625.5830952355086,0.5631151090044959,11963.125203361333,5.304505347562501
0.3595505617977528,1625.5830952355086,0.579956864966005,14046.41487161007,5.719538116314532
0.38202247191011235,1625.5830952355086,0.598481702044944,16636.207097442377,6.18917470467466
0.4044943820224719,1625.5830952355086,0.6184831725295958,19838.637551378382,6.71689539327009
0.42696629213483145,1625.5830952355086,0.6396921955392422,23771.311777545405,7.305439851120715
0.449438202247191,1625.5830952355086,0.6618135810495926,28563.97732112551,7.957090659881912
0.47191011235955055,1625.5830952355086,0.6845676302033663,34361.5195953219,8.674133821420838
0.4943820224719101,1625.5830952355086,0.7077179361436179,41328.39920012854,9.459265773543617
0.5168539325842696,1625.5830952355086,0.731082650317178,49653.84098077414,10.315857619387032
0.5393258426966292,1625.5830952355086,0.7545326607040723,59557.13747163991,11.24806551808118
0.5617977528089888,1625.5830952355086,0.7779827682445051,71292.77505150632,12.260829656986463
0.5842696629213483,1625.5830952355086,0.8013802634207864,85155.19161226143,13.359807070316652
0.6067415730337078,1625.5830952355086,0.8246941619680503,101483.23009770545,14.551282850968407
0.6292134831460674,1625.5830952355086,0.8479066338968847,120664.43574446425,15.842088534200009
0.651685393258427,1625.5830952355086,0.871006908810435,143139.33164382202,17.23954112837954
0.6741573033707865,1625.5830952355086,0.8939875943183102,169405.84383495693,18.75140697273545
0.696629213483146,1625.5830952355086,0.9168426840181707,200023.8642020025,20.385883875537143
0.7191011235955056,1625.5830952355086,0.9395667913302184,235619.89957671985,22.151592734878037
0.7415730337078652,1625.5830952355086,0.9621548048638707,276891.52392010554,24.0575693685442
0.7640449438202247,1625.5830952355086,0.9846018782820011,324611.4305726267,26.113250548797755
0.7865168539325842,1625.5830952355086,1.0069033625381127,379630.7251936648,28.328451520455612
0.8089887640449438,1625.5830952355086,1.029054943622352,442881.1498142177,30.713327611201322
0.8314606741573034,1625.5830952355086,1.0510524115988107,515375.80614818155,33.27832838703239
0.8539325842696629,1625.5830952355086,1.07289191175387,598207.8745853591,36.03412074274253
0.8764044943820224,1625.5830952355086,1.0945697865732176,692546.7680183589,38.99149865863606
0.898876404494382,1625.5830952355086,1.0129366968387097,990980.6467808282,51.795692515396176
0.9213483146067416,1625.5830952355086,0.8682559444662286,1785780.411746374,82.36130450808841
0.9438202247191011,1625.5830952355086,0.7482353781591338,3150523.7154726717,127.47099756601496
0.9662921348314606,1625.5830952355086,0.6466788905268813,5109338.201337888,187.2609491496058
0.9887640449438202,1625.5830952355086,0.561602714013322,7378032.893235092,257.3611820032804
1.0112359550561798,1625.5830952355086,0.490161281210763,9418097.61450563,330.24754218343145
1.0337078651685392,1625.5830952355086,0.4242433805092714,9612109.726683682,377.9647399297918
1.0561797752808988,1625.5830952355086,0.3707193007851465,8640060.183585716,402.02639100352843
1.0786516853932584,1625.5830952355086,0.32665411826893476,7003995.328226453,402.62913297291107
1.101123595505618,1625.5830952355086,0.29033347474568394,5304569.4395858655,386.70600053682784
1.1235955056179776,1625.5830952355086,0.25978107402694794,3753768.0549320113,356.3182456379713
1.146067415730337,1625.5830952355086,0.23405447798033013,2543817.3220066116,318.9879798629691
1.1685393258426966,1625.5830952355086,0.212138460382169,1657882.1917411897,278.04026800807486
1.1910112359550562,1625.5830952355086,0.19336879140439825,1051948.381622952,237.45622130388045
1.2134831460674156,1625.5830952355086,0.17705156920052592,644232.7658650553,197.69236659174132
1.2359550561797752,1625.5830952355086,0.16300105827696124,395217.46373733156,163.72452024136726
1.2584269662921348,1625.5830952355086,0.15072406089445362,240686.9476191768,134.20560765920868
1.2808988764044944,1625.5830952355086,0.139828384961818,143571.55758519904,108.02401547700315
1.303370786516854,1625.5830952355086,0.1303496784571858,88283.92844366422,87.92524727713014
1.3258426966292134,1625.5830952355086,0.12186663403455816,53967.6967481428,70.87075581063465
1.348314606741573,1625.5830952355086,0.11439599646997374,34079.3096396126,57.87414094069305
1.3707865168539326,1625.5830952355086,0.10770173676492825,21829.801487984547,47.38331870096642
1.393258426966292,1625.5830952355086,0.10159264115722855,13923.953764700633,38.45846839387596
1.4157303370786516,1625.5830952355086,0.09622585270274467,9396.107254013048,32.134401893895074
1.4382022471910112,1625.5830952355086,0.09129249452329619,6346.768736465916,26.718894020414268
1.4606741573033708,1625.5830952355086,0.08680951045365788,4377.46137990501,22.389808595420455
1.4831460674157304,1625.5830952355086,0.08269966448460703,3064.026444036482,18.840443241988552
1.5056179775280898,1625.5830952355086,0.07896719708929481,2205.365492745806,16.06359752779551
1.5280898876404494,1625.5830952355086,0.07559325051662197,1641.2119846427504,13.937478249469214
1.550561797752809,1625.5830952355086,0.07245947401051622,1233.192609091212,12.117570593228162
1.5730337078651684,1625.5830952355086,0.06955667448423755,939.8091992463641,10.591543757248933
1.595505617977528,1625.5830952355086,0.06688962753227437,731.9116204679377,9.35931754931062
1.6179775280898876,1625.5830952355086,0.06441147432807814,577.935248748687,8.318937702011501
1.6404494382022472,1625.5830952355086,0.062100959434377795,462.00748230938916,7.431797022476521
1.6629213483146068,1625.5830952355086,0.05993755951802886,373.1902117913887,6.665423255303701
1.6853932584269662,1625.5830952355086,0.05792571643075558,305.9907431882998,6.023573659440483
1.7078651685393258,1625.5830952355086,0.056044333232865194,253.88768955371341,5.474289875482839
1.7303370786516854,1625.5830952355086,0.054284285677201186,213.15024091539772,5.004345626416385
1.7528089887640448,1625.5830952355086,0.052644519778871864,181.3978432308257,4.6096308293019055
1.7752808988764044,1625.5830952355086,0.051057874825781176,153.8746869590375,4.223452703202712
1.797752808988764,1625.5830952355086,0.04959035926278413,132.73251744953012,3.9106139529065413
1.8202247191011236,1625.5830952355086,0.04822788198616601,116.12939600605982,3.6534745705099025
1.8426966292134832,1625.5830952355086,0.04688716979745498,100.85048883290024,3.3845788056828834
1.8651685393258426,1625.5830952355086,0.04564427115716104,88.8644849008622,3.165805685562743
1.8876404494382022,1625.5830952355086,0.04446422173338388,78.76896456322335,2.969457896060687
1.9101123595505618,1625.5830952355086,0.04336714855083269,70.67581370253347,2.8085262837674985
1.9325842696629212,1625.5830952355086,0.042285662294806126,63.08964645177157,2.639543038609602
1.9550561797752808,1625.5830952355086,0.041285108372475274,57.056388395533276,2.504226260199782
1.9775280898876404,1625.5830952355086,0.04029548997452394,51.346772000792406,2.3613339641651807
2.0,1625.5830952355086,0.039371688063979574,46.678789697741394,2.2427640856104007
0.0,1806.6779075568443,0.4656604136653085,2605.801983717538,2.4088013202448804
0.02247191011235955,1806.6779075568443,0.4663495031640675,2715.239247672292,2.4715975107268857
0.0449438202247191,1806.6779075568443,0.4672884399940615,2837.01533723568,2.5392648982220543
0.06741573033707865,1806.6779075568443,0.46851217197307987,2973.2120558125707,2.6124149343423686
0.0898876404494382,1806.6779075568443,0.47006157440731594,3126.38099502978,2.6917658486138296
0.11235955056179775,1806.6779075568443,0.47198462278342856,3299.675207833259,2.778165869494359
0.1348314606741573,1806.6779075568443,0.47433779038618895,3497.024028918229,2.872622069734725
0.15730337078651685,1806.6779075568443,0.4771533733379084,3722.576441446844,2.976122802911446
0.1797752808988764,1806.6779075568443,0.48071546113991737,3987.4847957496213,3.091408946905377
0.20224719101123595,1806.6779075568443,0.4847367512689907,4290.631346163142,3.2177943407916194
0.2247191011235955,1806.6779075568443,0.48957692161904326,4648.289051138542,3.3589530793594515
0.24719101123595505,1806.6779075568443,0.4953601129033323,5074.003673488316,3.517412564232667
0.2696629213483146,1806.6779075568443,0.5022138043046174,5584.936061821203,3.696089582493289
0.29213483146067415,1806.6779075568443,0.5102814389069062,6203.436712728053,3.898445093472296
0.3146067415730337,1806.6779075568443,0.5197157222477733,6958.483997490419,4.1285085541052275
0.33707865168539325,1806.6779075568443,0.5306756153741685,7887.7064623787355,4.390921159318661
0.3595505617977528,1806.6779075568443,0.5433126560549759,9039.48040087166,4.690870324450708
0.38202247191011235,1806.6779075568443,0.5577416512440456,10474.477037912142,5.0338312853995415
0.4044943820224719,1806.6779075568443,0.5740753822965633,12270.791965762804,5.425818838730547
0.42696629213483145,1806.6779075568443,0.5920296001020625,14499.768849682474,5.869446151084001
0.449438202247191,1806.6779075568443,0.611624186192131,17269.542759987344,6.370298753560051
0.47191011235955055,1806.6779075568443,0.6325066781027406,20678.555006553044,6.93028413912588
0.4943820224719101,1806.6779075568443,0.6543609698232971,24839.312635029928,7.551415091490183
0.5168539325842696,1806.6779075568443,0.6768831510001913,29876.25272301882,8.235633024125148
0.5393258426966292,1806.6779075568443,0.6998160022346893,35929.90693769518,8.98528295577762
0.5617977528089888,1806.6779075568443,0.722963313337764,43161.767285837064,9.803417447713565
0.5842696629213483,1806.6779075568443,0.7461882580020855,51759.15396629813,10.693916987281675
0.6067415730337078,1806.6779075568443,0.7694028141581496,61939.67528220765,11.661474176194332
0.6292134831460674,1806.6779075568443,0.7925543899660056,73955.1843943799,12.711505865350887
0.651685393258427,1806.6779075568443,0.8156133585342351,88095.3036939735,13.850044722059337
0.6741573033707865,1806.6779075568443,0.8385633405630513,104690.71489025034,15.083644528621432
0.696629213483146,1806.6779075568443,0.8613946797299241,124116.43280272739,16.419314633823763
0.7191011235955056,1806.6779075568443,0.8841006782308584,146795.19821819608,17.8644833814392
0.7415730337078652,1806.6779075568443,0.9066757384844474,173200.98011679391,19.426981334837297
0.7640449438202247,1806.6779075568443,0.9291147740189972,203862.49498519485,21.115032309179163
0.7865168539325842,1806.6779075568443,0.951412902889059,239366.4362708943,22.937243020579096
0.8089887640449438,1806.6779075568443,0.9735655573778484,280360.2499367198,24.902584046355127
0.8314606741573034,1806.6779075568443,0.9955683707892958,327554.07615424215,27.020361514281312
0.8539325842696629,1806.6779075568443,1.0174172546008062,381721.6113683858,29.30017287363967
0.8764044943820224,1806.6779075568443,1.0391082749290204,443699.5036410475,31.75185050440293
0.898876404494382,1806.6779075568443,1.0606378457408256,514384.7507089328,34.38537356077853
0.9213483146067416,1806.6779075568443,1.006641976354252,688410.891998191,43.157924693137204
0.9438202247191011,1806.6779075568443,0.862123994065845,1202445.995231221,68.00362560142122
0.9662921348314606,1806.6779075568443,0.7416225151700977,2065672.2378732387,104.45756338141663
0.9887640449438202,1806.6779075568443,0.641380594329172,3249275.0052484553,151.54202422128947
1.0112359550561798,1806.6779075568443,0.5577005202452839,4536029.213821512,205.03960044520852
1.0337078651685392,1806.6779075568443,0.48500254002518506,5406814.747812081,254.70381538583044
1.0561797752808988,1806.6779075568443,0.42174492061022184,5317723.793329179,285.2416701262877
1.0786516853932584,1806.6779075568443,0.37067120387604824,4681920.721503214,299.03097284491207
1.101123595505618,1806.6779075568443,0.328303327134742,3725141.7932731993,295.32382957248785
1.1235955056179776,1806.6779075568443,0.29339135974613767,2801310.172557734,281.239093941659
1.146067415730337,1806.6779075568443,0.2637971663256826,1969002.4506671499,256.8736338898288
1.1685393258426966,1806.6779075568443,0.23866772536397537,1320931.6462837642,227.44820690808706
1.1910112359550562,1806.6779075568443,0.2172533642084933,861157.5988162237,197.09572745274966
1.2134831460674156,1806.6779075568443,0.1988037189157431,547175.9408567719,167.39136819117147
1.2359550561797752,1806.6779075568443,0.18286829687215114,344127.34344484267,140.50000573569125
1.2584269662921348,1806.6779075568443,0.16888396595447797,212029.5934433539,115.86048122427526
1.2808988764044944,1806.6779075568443,0.15663481154165,130467.11147348331,94.87056201645666
1.303370786516854,1806.6779075568443,0.14590552498968884,81390.010737793,77.81526045108778
1.3258426966292134,1806.6779075568443,0.13636734677910156,50900.0446097405,63.52603577517859
1.348314606741573,1806.6779075568443,0.12792794719262932,32514.459974198577,52.19864974524125
1.3707865168539326,1806.6779075568443,0.12035577446395794,20975.126118604472,42.88911861946068
1.393258426966292,1806.6779075568443,0.11361553592622724,13931.226215799905,35.664860950977406
1.4157303370786516,1806.6779075568443,0.10746863628467278,9284.506574454932,29.552527655248745
1.4382022471910112,1806.6779075568443,0.10194639816943471,6366.0360586402885,24.790003368815153
1.4606741573033708,1806.6779075568443,0.09694109719645409,4461.531770868441,20.975690366565104
1.4831460674157304,1806.6779075568443,0.09234055948249223,3159.684745767478,17.77696155871395
1.5056179775280898,1806.6779075568443,0.08819866622245184,2316.228671590286,15.334955981081366
1.5280898876404494,1806.6779075568443,0.08436606671897327,1714.9845452364614,13.25527038461029
1.550561797752809,1806.6779075568443,0.08085304952745004,1296.2966226671563,11.566414515395262
1.5730337078651684,1806.6779075568443,0.07755785775617527,983.2120014541523,10.072562367669176
1.595505617977528,1806.6779075568443,0.07461624018285964,777.8739093769627,8.995746300294943
1.6179775280898876,1806.6779075568443,0.07181830968990191,613.4260753362584,7.985692060049478
1.6404494382022472,1806.6779075568443,0.06919922952497369,488.4004850742276,7.110658139365611
1.6629213483146068,1806.6779075568443,0.06684546553156025,402.4827435038938,6.469221081377229
1.6853932584269662,1806.6779075568443,0.06458536964759332,330.3097805236573,5.848956815548207
1.7078651685393258,1806.6779075568443,0.06249819315676884,276.00322265433806,5.342823407904069
1.7303370786516854,1806.6779075568443,0.060524411446520376,231.9885529467626,4.887790686396752
1.7528089887640448,1806.6779075568443,0.05866053572310524,196.3977283999359,4.4832353461414405
1.7752808988764044,1806.6779075568443,0.05692581004794986,168.55916280051377,4.144913580324338
1.797752808988764,1806.6779075568443,0.05526382276689863,144.90319725579224,3.827058364625366
1.8202247191011236,1806.6779075568443,0.05371659583860214,126.22139772259467,3.562169995661926
1.8426966292134832,1806.6779075568443,0.052263536188004736,110.98968331665455,3.3334172034046765
1.8651685393258426,1806.6779075568443,0.050880216669180384,98.05250815865128,3.1245347722541896
1.8876404494382022,1806.6779075568443,0.04955634387126172,86.90144101398378,2.930342650667073
1.9101123595505618,1806.6779075568443,0.04828266235872448,77.16734002958238,2.7469394074944296
1.9325842696629212,1806.6779075568443,0.047096649462331774,69.31551791285611,2.5952969367778835
1.9550561797752808,1806.6779075568443,0.04596401303655343,62.51791405795099,2.4562322652672544
1.9775280898876404,1806.6779075568443,0.04489869824834686,56.83523813206959,2.3367852464242804
2.0,1806.6779075568443,0.04386491401465488,51.67830190669676,2.2198434294038996
0.0,2007.9472228893276,0.4682194302820037,2247.627804549027,2.2143368126436274
0.02247191011235955,2007.9472228893276,0.4682992199706303,2325.9897571342076,2.265327409205745
0.0449438202247191,2007.9472228893276,0.46855704692738803,2412.240101134942,2.3199137516459123
0.06741573033707865,2007.9472228893276,0.46901691658979044,2507.572507983677,2.3785070368020103
0.0898876404494382,2007.9472228893276,0.469706736953875,2613.4250279236558,2.4415849386087833
0.11235955056179775,2007.9472228893276,0.47065908919219746,2731.5431400814614,2.5097053789187362
0.1348314606741573,2007.9472228893276,0.47191215140235493,2864.0619868606796,2.5835235812062796
0.15730337078651685,2007.9472228893276,0.47351084623689976,3013.6152407865698,2.6638134763366916
0.1797752808988764,2007.9472228893276,0.47550821943614013,3183.4796486595983,2.751494409888449
0.20224719101123595,2007.9472228893276,0.47796709812277527,3377.7686820680474,2.8476645457326084
0.2247191011235955,2007.9472228893276,0.4808806636605828,3599.8829416582726,2.953138124112939
0.24719101123595505,2007.9472228893276,0.484646264220668,3863.4536368816302,3.071434315842254
0.2696629213483146,2007.9472228893276,0.4889400612142088,4167.266839628817,3.20177930694457
0.29213483146067415,2007.9472228893276,0.4941341434820158,4528.227994143169,3.348076504727063
0.3146067415730337,2007.9472228893276,0.5003577066145868,4960.780784108961,3.513074228286226
0.33707865168539325,2007.9472228893276,0.5077548564037649,5483.694135876851,3.700033457594298
0.3595505617977528,2007.9472228893276,0.5164819839894467,6121.3866836832485,3.912783168963812
0.38202247191011235,2007.9472228893276,0.5267054224069552,6905.698470349381,4.155774492572759
0.4044943820224719,2007.9472228893276,0.5385929419620946,7877.954997862265,4.434071181479079
0.42696629213483145,2007.9472228893276,0.5522874896196366,9090.648756018052,4.753146631892933
0.449438202247191,2007.9472228893276,0.5678636880355041,10607.960012881076,5.11843423513366
0.47191011235955055,2007.9472228893276,0.5852926622350298,12505.282414242627,5.534824061890647
0.4943820224719101,2007.9472228893276,0.6043946773955481,14865.45641327137,6.005943604137691
0.5168539325842696,2007.9472228893276,0.6248839183194215,17778.045041959907,6.534292511496063
0.5393258426966292,2007.9472228893276,0.6464231076114764,21339.44475247227,7.121620235267493
0.5617977528089888,2007.9472228893276,0.6686802363899778,25654.887963907433,7.769490897652385
0.5842696629213483,2007.9472228893276,0.6913724357027536,30842.353617611323,8.4798450816334
0.6067415730337078,2007.9472228893276,0.7142850519656843,37037.15949707332,9.255358921019996
0.6292134831460674,2007.9472228893276,0.7372708282283437,44396.450693038656,10.099581659834376
0.651685393258427,2007.9472228893276,0.7602374902493,53103.07066869731,11.016906075816353
0.6741573033707865,2007.9472228893276,0.7831319166812091,63368.76847473758,12.012456149798577
0.696629213483146,2007.9472228893276,0.8059255294770138,75436.8590509473,13.091955778621005
0.7191011235955056,2007.9472228893276,0.8286032673616334,89584.61614988411,14.26162013529823
0.7415730337078652,2007.9472228893276,0.8511564566063606,106125.63699415718,15.528084445957555
0.7640449438202247,2007.9472228893276,0.8735789778034811,125412.32898159816,16.898367068993906
0.7865168539325842,2007.9472228893276,0.8958656153184945,147838.48969099068,18.37985296800418
0.8089887640449438,2007.9472228893276,0.9180115460073569,173841.8103826082,19.980282748662976
0.8314606741573034,2007.9472228893276,0.9400121492733742,203906.05229119916,21.707738429030133
0.8539325842696629,2007.9472228893276,0.9618631303119507,238562.69823468314,23.570618262535543
0.8764044943820224,2007.9472228893276,0.9835603682854069,278391.7661389062,25.577602292128887
0.898876404494382,2007.9472228893276,1.0051000300060675,324021.5563681999,27.73759907884221
0.9213483146067416,2007.9472228893276,1.0264784901712491,376126.9583031105,30.059676699632927
0.9438202247191011,2007.9472228893276,1.0040234010583577,469961.03440870304,35.388157033483694
0.9662921348314606,2007.9472228893276,0.857913226604756,789240.5378132425,55.118222310586766
0.9887640449438202,2007.9472228893276,0.7372553366647834,1307842.3384185806,83.58458118043859
1.0112359550561798,2007.9472228893276,0.6383130586705597,1983337.8929640285,119.32856706662741
1.0337078651685392,2007.9472228893276,0.5561654032738383,2670784.1702712225,158.6529355905577
1.0561797752808988,2007.9472228893276,0.48230608582478557,2975876.475396852,190.6956462595816
1.0786516853932584,2007.9472228893276,0.4218679708938665,2855729.923193814,210.12022455304202
1.101123595505618,2007.9472228893276,0.37253841353275785,2453788.0395175405,216.6763850776097
1.1235955056179776,2007.9472228893276,0.3317404398222471,1933841.5721967104,211.93466475305908
1.146067415730337,2007.9472228893276,0.29793432850327467,1445840.7515289644,200.20583618626992
1.1685393258426966,2007.9472228893276,0.26913162236748467,1015142.6716029054,181.7564773696318
1.1910112359550562,2007.9472228893276,0.2445954685468414,685027.2696246171,160.5057393470173
1.2134831460674156,2007.9472228893276,0.22349461130078038,447561.6926415522,138.40063096460594
1.2359550561797752,2007.9472228893276,0.20526238424983695,286705.80894422485,117.31580123785413
1.2584269662921348,2007.9472228893276,0.18953575986528928,184095.86572787576,98.96866195288979
1.2808988764044944,2007.9472228893276,0.17566691079383062,116272.53765028725,82.21232682090222
1.303370786516854,2007.9472228893276,0.16350969336843008,73979.06098945357,68.1665206424223
1.3258426966292134,2007.9472228893276,0.15269986583758938,46998.4757064788,56.12927244575806
1.348314606741573,2007.9472228893276,0.14324400068656862,30884.224828701368,46.875351374081625
1.3707865168539326,2007.9472228893276,0.13467428372539342,20159.944396663108,38.76738152993531
1.393258426966292,2007.9472228893276,0.12701572684267415,13433.657856523816,32.28044270929083
1.4157303370786516,2007.9472228893276,0.12013668162295654,9138.79641933647,27.074316601281822
1.4382022471910112,2007.9472228893276,0.11395960588119146,6381.5801358275085,22.960881519140667
1.4606741573033708,2007.9472228893276,0.10828886060594003,4482.94197742428,19.4463558727813
1.4831460674157304,2007.9472228893276,0.10317423240300437,3240.110535562344,16.69138059156439
1.5056179775280898,2007.9472228893276,0.09848015649210792,2374.648463969665,14.38942137672574
1.5280898876404494,2007.9472228893276,0.09421393469370648,1784.4596179979858,12.555874804134273
1.550561797752809,2007.9472228893276,0.09019351891630373,1336.2373333136707,10.881721003679244
1.5730337078651684,2007.9472228893276,0.08655632141938911,1032.353674327529,9.592848027929097
1.595505617977528,2007.9472228893276,0.08327523175170785,823.579473456809,8.614051638170466
1.6179775280898876,2007.9472228893276,0.08014330052407304,653.2197831656739,7.6757736863898565
1.6404494382022472,2007.9472228893276,0.07726085258289021,528.2025662810145,6.909736212546855
1.6629213483146068,2007.9472228893276,0.07454203167628734,429.25375266606596,6.221343120984544
1.6853932584269662,2007.9472228893276,0.0720203332969891,354.20493386228134,5.645951878345504
1.7078651685393258,2007.9472228893276,0.06966471458310775,295.65406312606217,5.15180530632012
1.7303370786516854,2007.9472228893276,0.06748469164559269,250.73457199476414,4.743999421613172
1.7528089887640448,2007.9472228893276,0.0654086514496148,213.24619950962594,4.366034616120847
1.7752808988764044,2007.9472228893276,0.06344842242710275,182.6683481792387,4.029780715747954
1.797752808988764,2007.9472228893276,0.06161551409407791,158.23377749207677,3.7427821605431144
1.8202247191011236,2007.9472228893276,0.05987633025638381,137.82446809308442,3.483144296915256
1.8426966292134832,2007.9472228893276,0.05823074201794571,120.8560652964566,3.2516364864654945
1.8651685393258426,2007.9472228893276,0.05668199954208612,106.8765626452453,3.049960558473872
1.8876404494382022,2007.9472228893276,0.05519136429186324,94.64483373765798,2.8580445273796844
1.9101123595505618,2007.9472228893276,0.05381680499194008,85.00949142265054,2.7050072396157394
1.9325842696629212,2007.9472228893276,0.05248945345304284,76.4107870257688,2.5570650070920995
1.9550561797752808,2007.9472228893276,0.05121041458690978,68.79686556620521,2.416287841997902
1.9775280898876404,2007.9472228893276,0.05001578586940003,62.54033884311682,2.2985551492122163
2.0,2007.9472228893276,0.048858688667316304,56.888636280643205,2.184213604331878
0.0,2231.6385411283427,0.4725890302758748,1968.0247193197429,2.0459624653928614
0.02247191011235955,2231.6385411283427,0.47220726052959067,2024.9871050445543,2.087696207538675
0.0449438202247191,2231.6385411283427,0.47195170225151156,2087.105656644534,2.132118634719829
0.06741573033707865,2231.6385411283427,0.47183888205039104,2155.081631245972,2.1795099150009043
0.0898876404494382,2231.6385411283427,0.4718878763564531,2229.7463934311927,2.2301918759619905
0.11235955056179775,2231.6385411283427,0.47212078993618767,2312.092020347721,2.284536044601507
0.1348314606741573,2231.6385411283427,0.472563353356849,2403.310827966295,2.342973636529826
0.15730337078651685,2231.6385411283427,0.4732456376926428,2504.8463664181318,2.4060078780244094
0.1797752808988764,2231.6385411283427,0.4742029463165937,2618.4602986873156,2.4742294461593084
0.20224719101123595,2231.6385411283427,0.47547689389463804,2746.3203290397373,2.548335730160501
0.2247191011235955,2231.6385411283427,0.47711675486180916,2891.1175538025573,2.6291551699891986
0.24719101123595505,2231.6385411283427,0.4791810800003181,3056.223316269611,2.7176777425023033
0.2696629213483146,2231.6385411283427,0.48173269580793665,3245.761512649054,2.815052024649644
0.29213483146067415,2231.6385411283427,0.48499367380780106,3468.1145144385364,2.923565318003497
0.3146067415730337,2231.6385411283427,0.4887237339775346,3723.113139633006,3.0428831337159967
0.33707865168539325,2231.6385411283427,0.49329869903617546,4025.2208655412046,3.1766873451875473
0.3595505617977528,2231.6385411283427,0.49885623801291357,4386.562493075611,3.3275818517783056
0.38202247191011235,2231.6385411283427,0.5055376081890256,4822.557685215801,3.4985816921190307
0.4044943820224719,2231.6385411283427,0.5135018813948511,5353.409123704216,3.693277912441117
0.42696629213483145,2231.6385411283427,0.522920050587205,6005.5032997373355,3.915872175894459
0.449438202247191,2231.6385411283427,0.5339723505536862,6813.364845673253,4.171222083531026
0.47191011235955055,2231.6385411283427,0.5468288167359403,7821.4835030414815,4.4647221520783145
0.4943820224719101,2231.6385411283427,0.5616056862493152,9085.12419026027,4.801900260161856
0.5168539325842696,2231.6385411283427,0.5783156823565722,10669.742162878309,5.187825232559793
0.5393258426966292,2231.6385411283427,0.5968199471683421,12648.094628662064,5.626398010033342
0.5617977528089888,2231.6385411283427,0.6168326158302534,15097.22240379393,6.120074483937972
0.5842696629213483,2231.6385411283427,0.6379970390278297,18098.79569803521,6.670369994702344
0.6067415730337078,2231.6385411283427,0.6599492221606713,21740.373620009108,7.278446308089611
0.6292134831460674,2231.6385411283427,0.682374418152882,26119.034970344004,7.945779764751515
0.651685393258427,2231.6385411283427,0.7050340121414959,31345.782920067377,8.674601560541985
0.6741573033707865,2231.6385411283427,0.7277665250554239,37549.72018993067,9.468063576398754
0.696629213483146,2231.6385411283427,0.7504733473584068,44881.41561541768,10.330197364079023
0.7191011235955056,2231.6385411283427,0.7730998751305715,53515.43444096092,11.265773815325698
0.7415730337078652,2231.6385411283427,0.7956182079185735,63652.220357949955,12.280145239406494
0.7640449438202247,2231.6385411283427,0.8180144066011233,75519.67954437368,13.379120077636983
0.7865168539325842,2231.6385411283427,0.8402806490937751,89374.75477573375,14.568885368794513
0.8089887640449438,2231.6385411283427,0.862411347358571,105505.13465367672,15.85596870557433
0.8314606741573034,2231.6385411283427,0.8844015815445455,124231.01294690002,17.247220650571204
0.8539325842696629,2231.6385411283427,0.906246811549027,145906.74124554335,18.74980031301787
0.8764044943820224,2231.6385411283427,0.9279426844056354,170922.08732099706,20.371155625690406
0.898876404494382,2231.6385411283427,0.949485173456597,199702.95120038697,22.11899102162493
0.9213483146067416,2231.6385411283427,0.9708704174562608,232711.26461126487,24.001225078374173
0.9438202247191011,2231.6385411283427,0.9920948314818033,270443.8640072302,26.02592754773884
0.9662921348314606,2231.6385411283427,1.0045455207641532,317494.6102407944,28.64832858906757
0.9887640449438202,2231.6385411283427,0.8561902394043858,506826.5032331357,43.876247537176425
1.0112359550561798,2231.6385411283427,0.7358479654865531,802870.5923660356,65.33518923669108
1.0337078651685392,2231.6385411283427,0.6375974477669357,1167209.5891311856,91.53000472451163
1.0561797752808988,2231.6385411283427,0.5544620311738433,1488411.763265049,118.6485886605119
1.0786516853932584,2231.6385411283427,0.4822855031082597,1586897.4307903883,139.17044589724736
1.101123595505618,2231.6385411283427,0.4241678578348446,1488888.1855908593,151.0022059187927
1.1235955056179776,2231.6385411283427,0.37669698345630503,1267737.5761873897,154.29819333847703
1.146067415730337,2231.6385411283427,0.33726195833685146,998942.0238513149,150.18626666987535
1.1685393258426966,2231.6385411283427,0.30381623226945464,731030.0569070495,139.57364000824344
1.1910112359550562,2231.6385411283427,0.27575795157183025,518017.50418686244,126.61862356875453
1.2134831460674156,2231.6385411283427,0.25178238929634666,355710.020947885,112.2128209924292
1.2359550561797752,2231.6385411283427,0.23092594867931385,235297.27759932078,96.82193943446286
1.2584269662921348,2231.6385411283427,0.2129855040549279,155288.55553294634,82.92472557733663
1.2808988764044944,2231.6385411283427,0.19718798457366374,100489.47811478577,69.81445637048184
1.303370786516854,2231.6385411283427,0.18340828845615947,65597.49479457278,58.71863486814717
1.3258426966292134,2231.6385411283427,0.17118175874470795,42720.42676046044,49.02944048850171
1.348314606741573,2231.6385411283427,0.160357751631175,28156.649318804313,40.98972294173034
1.3707865168539326,2231.6385411283427,0.1508101662572075,19048.343818656416,34.614567876157984
1.393258426966292,2231.6385411283427,0.14221229204716462,12989.620840212076,29.215608704135494
1.4157303370786516,2231.6385411283427,0.13445682798660433,8972.237081358106,24.722793690282018
1.4382022471910112,2231.6385411283427,0.12741192722140768,6264.193166168502,20.952007309200425
1.4606741573033708,2231.6385411283427,0.12112521406988921,4523.305943835741,18.049879139148658
1.4831460674157304,2231.6385411283427,0.11529753526541325,3264.5462696153786,15.47037369572094
1.5056179775280898,2231.6385411283427,0.11005381783817642,2429.0908106631236,13.463539496823769
1.5280898876404494,2231.6385411283427,0.10522098583914001,1828.2081768278606,11.754438141911029
1.550561797752809,2231.6385411283427,0.10080122282373385,1403.3270381206405,10.355326148082817
1.5730337078651684,2231.6385411283427,0.0967056391816077,1089.2490701640618,9.155368381584498
1.595505617977528,2231.6385411283427,0.09296724688206796,864.9320382296008,8.191749982082106
1.6179775280898876,2231.6385411283427,0.08944708562668081,688.9342331819889,7.318790360333518
1.6404494382022472,2231.6385411283427,0.08619713145009085,557.9010157978903,6.5929634741655985
1.6629213483146068,2231.6385411283427,0.08319101968426866,458.8547493040789,5.986303032208607
1.6853932584269662,2231.6385411283427,0.08037146248065741,380.541351656713,5.451592953478197
1.7078651685393258,2231.6385411283427,0.07773311944921277,318.77808210708935,4.986809089075831
1.7303370786516854,2231.6385411283427,0.07525874802510547,269.5229377764589,4.580434174625993
1.7528089887640448,2231.6385411283427,0.0729215915059496,229.34967045328463,4.216261375188378
1.7752808988764044,2231.6385411283427,0.07077555294239665,198.7159137786055,3.9256221861702523
1.797752808988764,2231.6385411283427,0.06871309654242633,172.17551993673024,3.6462503257218324
1.8202247191011236,2231.6385411283427,0.06675714153013199,150.01318238496236,3.393690434615994
1.8426966292134832,2231.6385411283427,0.06492476661557078,132.00065620173433,3.1766969588728173
1.8651685393258426,2231.6385411283427,0.06320181411222317,117.12539405627436,2.987674660690335
1.8876404494382022,2231.6385411283427,0.061540991677629345,104.00542291576012,2.8059557896769958
1.9101123595505618,2231.6385411283427,0.0599838457889507,93.19831292009384,2.650276749635092
1.9325842696629212,2231.6385411283427,0.05848168833074174,83.60566067168311,2.500890780178524
1.9550561797752808,2231.6385411283427,0.057083054285790566,75.78614966472335,2.3769728322890824
1.9775280898876404,2231.6385411283427,0.05574873193877435,68.97374150303342,2.263394454913331
2.0,2231.6385411283427,0.0544409997583464,62.64046324736251,2.147725393930471
0.0,2480.2497403707575,0.4784154951078727,1745.388984549626,1.898668767360079
0.02247191011235955,2480.2497403707575,0.4777351551886353,1787.7930381648637,1.933229474290791
0.0449438202247191,2480.2497403707575,0.4771159958847781,1833.3608461273386,1.9697243896166772
0.06741573033707865,2480.2497403707575,0.4765736195043913,1882.5371728247828,2.0083566044950327
0.0898876404494382,2480.2497403707575,0.47614431408762325,1936.062906188543,2.049435627170649
0.11235955056179775,2480.2497403707575,0.47584313599144723,1994.5163788637703,2.093212432371974
0.1348314606741573,2480.2497403707575,0.47568747052987503,2058.5812975172535,2.1399748889630654
0.15730337078651685,2480.2497403707575,0.47569747303470095,2129.0712001008324,2.190054847145277
0.1797752808988764,2480.2497403707575,0.475896621363931,2206.960988222738,2.2438369494454378
0.20224719101123595,2480.2497403707575,0.47631238161505934,2293.427550329169,2.301769520832203
0.2247191011235955,2480.2497403707575,0.4769770374286528,2389.9028864113316,2.364378212430303
0.24719101123595505,2480.2497403707575,0.47792870421389544,2498.1439016645327,2.432283082840635
0.2696629213483146,2480.2497403707575,0.4792126003681455,2620.3253838346427,2.5062202240625777
0.29213483146067415,2480.2497403707575,0.48088261398435794,2759.1646166105743,2.5870691163298267
0.3146067415730337,2480.2497403707575,0.48300322573405496,2918.0898490139098,2.675887283914117
0.33707865168539325,2480.2497403707575,0.48560123175189124,3100.5014928854944,2.7736570925946817
0.3595505617977528,2480.2497403707575,0.4890022271878075,3316.573492681779,2.883317397507939
0.38202247191011235,2480.2497403707575,0.4929371835375616,3566.055773760156,3.0044854390400166
0.4044943820224719,2480.2497403707575,0.4977956271126521,3863.6334548006416,3.141025861633811
0.42696629213483145,2480.2497403707575,0.5037205203809654,4221.847325653786,3.2957183949306326
0.449438202247191,2480.2497403707575,0.510870363099058,4657.045536052471,3.4718677893195453
0.47191011235955055,2480.2497403707575,0.5194184784427256,5190.62886512306,3.673374207439027
0.4943820224719101,2480.2497403707575,0.5295525383339372,5850.734363676272,3.904801739603634
0.5168539325842696,2480.2497403707575,0.5414647737268092,6674.132691349038,4.171356783529169
0.5393258426966292,2480.2497403707575,0.5553147209209884,7707.4192205112,4.478586385444668
0.5617977528089888,2480.2497403707575,0.5712339176549305,9009.718043791563,4.832311903793381
0.5842696629213483,2480.2497403707575,0.5889439198306887,10634.95877580841,5.2351024617249236
0.6067415730337078,2480.2497403707575,0.6083740037928139,12658.53741992273,5.691201772868345
0.6292134831460674,2480.2497403707575,0.6290870965582929,15145.846784733763,6.201387255402467
0.651685393258427,2480.2497403707575,0.6506841311750433,18168.577677266196,6.766411028519994
0.6741573033707865,2480.2497403707575,0.6728109431702862,21804.847820578598,7.387224614041645
0.696629213483146,2480.2497403707575,0.6951973695972219,26143.47840708592,8.06553418269733
0.7191011235955056,2480.2497403707575,0.7176622654259575,31287.962038976977,8.804016239897152
0.7415730337078652,2480.2497403707575,0.7400976390968798,37359.4319934582,9.606270999125597
0.7640449438202247,2480.2497403707575,0.7624460078696917,44498.6023644411,10.476650194536713
0.7865168539325842,2480.2497403707575,0.784679625292983,52866.96479503445,11.420067414829008
0.8089887640449438,2480.2497403707575,0.8067854614374915,62647.66143651069,12.441852427746152
0.8314606741573034,2480.2497403707575,0.8287564345399361,74046.38358139795,13.547665727236685
0.8539325842696629,2480.2497403707575,0.8505873681258423,87292.41535400758,14.743458298210156
0.8764044943820224,2480.2497403707575,0.8722736783684838,102639.7264906731,16.035451488732438
0.898876404494382,2480.2497403707575,0.893811094392936,120367.8847005745,17.43011744809807
0.9213483146067416,2480.2497403707575,0.915195513694764,140782.57389523776,18.934153057637985
0.9438202247191011,2480.2497403707575,0.9364231370907928,164215.5725007414,20.55444010173018
0.9662921348314606,2480.2497403707575,0.9574904331736683,191023.95373293266,22.29799075517294
0.9887640449438202,2480.2497403707575,0.9783362586186721,221603.5450557911,24.174258312364913
1.0112359550561798,2480.2497403707575,0.8574932252787256,320376.0903779659,34.36204655091125
1.0337078651685392,2480.2497403707575,0.7371212016844039,481162.97934296395,50.02719146714482
1.0561797752808988,2480.2497403707575,0.6398998503188656,668047.6592390402,68.57759626296283
1.0786516853932584,2480.2497403707575,0.554986719425538,803956.8325931459,86.52533195162093
1.101123595505618,2480.2497403707575,0.48523012527726184,831087.360898058,99.58419071668162
1.1235955056179776,2480.2497403707575,0.42915086337975883,768490.8934219996,106.81737892135178
1.146067415730337,2480.2497403707575,0.3828107541028004,646118.279486855,107.97408700982797
1.1685393258426966,2480.2497403707575,0.34435378752100904,508701.76723394246,104.54551046683635
1.1910112359550562,2480.2497403707575,0.3118111170403427,378079.3079357741,97.44921040853382
1.2134831460674156,2480.2497403707575,0.2839544154700807,267845.7538410104,87.912526869805
1.2359550561797752,2480.2497403707575,0.26017890108985325,185649.4312143821,77.85705718169105
1.2584269662921348,2480.2497403707575,0.23971330729356144,127143.3215125522,68.07673237920811
1.2808988764044944,2480.2497403707575,0.2217679237054374,85403.17763430678,58.53061343973724
1.303370786516854,2480.2497403707575,0.20608780117834763,57356.371338036966,50.02491104982135
1.3258426966292134,2480.2497403707575,0.19220688317902052,38365.38199194085,42.411359151188684
1.348314606741573,2480.2497403707575,0.17993507018217336,25890.385953692457,35.940553704569915
1.3707865168539326,2480.2497403707575,0.16907412927182724,17772.52863578952,30.60209264926646
1.393258426966292,2480.2497403707575,0.1593202831330861,12298.299840238782,26.045920465620423
1.4157303370786516,2480.2497403707575,0.15056155168371224,8637.454348921954,22.2562354537544
1.4382022471910112,2480.2497403707575,0.14260827744524768,6119.999326823477,19.02651077032806
1.4606741573033708,2480.2497403707575,0.13548581044993424,4454.752286041219,16.46543509909807
1.4831460674157304,2480.2497403707575,0.12900572326123136,3292.8140504268817,14.324824679893485
1.5056179775280898,2480.2497403707575,0.12303555415716794,2452.6514535529104,12.469048412309494
1.5280898876404494,2480.2497403707575,0.11761078919609387,1866.7541436809347,10.962442010264352
1.550561797752809,2480.2497403707575,0.11263997272467786,1444.551625080486,9.706122890514518
1.5730337078651684,2480.2497403707575,0.10804322458419163,1130.7812871305387,8.6277744061338
1.595505617977528,2480.2497403707575,0.1038170807203275,900.0158742678638,7.729091079271062
1.6179775280898876,2480.2497403707575,0.0998945715800236,724.5982617548847,6.955253621408626
1.6404494382022472,2480.2497403707575,0.09622585270274467,588.0355689572187,6.272967010029502
1.6629213483146068,2480.2497403707575,0.09284334724471426,485.15302493113046,5.706754186155982
1.6853932584269662,2480.2497403707575,0.0897149280079328,406.2076127744805,5.232115372978152
1.7078651685393258,2480.2497403707575,0.08676562763983796,342.06934121477804,4.803732460873938
1.7303370786516854,2480.2497403707575,0.08398441884892771,289.87640688092193,4.419009210019895
1.7528089887640448,2480.2497403707575,0.08138536127998279,248.24085188782269,4.086870098767302
1.7752808988764044,2480.2497403707575,0.07889210725678267,212.65076558671248,3.770778721552406
1.797752808988764,2480.2497403707575,0.07659625540948087,185.13574447611379,3.514829592115361
1.8202247191011236,2480.2497403707575,0.07443131147047431,162.3333271702488,3.287388069632564
1.8426966292134832,2480.2497403707575,0.07242039883033267,144.04723776130115,3.097803171769972
1.8651685393258426,2480.2497403707575,0.0704877667192548,127.96320015222668,2.9159923574844475
1.8876404494382022,2480.2497403707575,0.06863684423043286,113.96880574242526,2.7452699182948392
1.9101123595505618,2480.2497403707575,0.06688962753227437,102.2029885406418,2.5944549456415054
1.9325842696629212,2480.2497403707575,0.06523497948424396,92.18898415768197,2.459676593006162
1.9550561797752808,2480.2497403707575,0.06364274517314972,83.30697808023444,2.331491791099417
1.9775280898876404,2480.2497403707575,0.062142042616437056,75.80372598602888,2.219624286839778
2.0,2480.2497403707575,0.06071017629780057,69.24762751472394,2.1171248536884795
0.0,2756.556969794431,0.48575910800879235,1568.284833184254,1.7698929919150577
0.02247191011235955,2756.556969794431,0.48479228204553343,1599.5879229419895,1.7984340114893933
0.0449438202247191,2756.556969794431,0.483894019841352,1633.305084582683,1.8285597244561296
0.06741573033707865,2756.556969794431,0.48283114620953393,1667.308822756552,1.8595157953371106
0.0898876404494382,2756.556969794431,0.48209769753441434,1706.6543841196071,1.8932303416483036
0.11235955056179775,2756.556969794431,0.48142644771761717,1748.984040463566,1.9288654950504305
0.1348314606741573,2756.556969794431,0.48082909474222557,1794.6774102049417,1.9666090683584183
0.15730337078651685,2756.556969794431,0.48034534937758705,1844.4714514471877,2.0067822458146765
0.1797752808988764,2756.556969794431,0.47999089188193655,1898.9207951121593,2.0496394659356505
0.20224719101123595,2756.556969794431,0.4797839071220519,1958.6832599486575,2.095473512297105
0.2247191011235955,2756.556969794431,0.47974558089911884,2024.5444479575474,2.1446231143678824
0.24719101123595505,2756.556969794431,0.4799007154647347,2097.449528095908,2.1974824113210465
0.2696629213483146,2756.556969794431,0.48027848688255464,2178.544561707429,2.254512767150003
0.29213483146067415,2756.556969794431,0.4809133787501966,2269.230697769881,2.3162575955833447
0.3146067415730337,2756.556969794431,0.48184636693828714,2371.236345204806,2.3833612081184095
0.33707865168539325,2756.556969794431,0.4831263721139042,2486.7134659329513,2.4565926407163623
0.3595505617977528,2756.556969794431,0.4848121033520296,2618.368247307656,2.5368761989163016
0.38202247191011235,2756.556969794431,0.4869743250186979,2769.6390854822075,2.625330363894314
0.4044943820224719,2756.556969794431,0.4896072071280505,2943.285327595543,2.722789138842073
0.42696629213483145,2756.556969794431,0.4931385261003483,3150.9665538082686,2.832804158522302
0.449438202247191,2756.556969794431,0.497271504798787,3392.367582740309,2.95495435491952
0.47191011235955055,2756.556969794431,0.5024059135543564,3682.146628632671,3.0932422807168938
0.4943820224719101,2756.556969794431,0.5086958374113681,4033.20907724484,3.250641881161636
0.5168539325842696,2756.556969794431,0.5163155703262925,4462.5470261181645,3.4307130674607964
0.5393258426966292,2756.556969794431,0.5251918590770179,4984.843190527161,3.6357250699699897
0.5617977528089888,2756.556969794431,0.5363204992295677,5652.574368134127,3.8763368009697663
0.5842696629213483,2756.556969794431,0.5491100592165344,6481.00339218908,4.152214404095034
0.6067415730337078,2756.556969794431,0.5639525641199745,7524.8417716661515,4.470703841446695
0.6292134831460674,2756.556969794431,0.5808380995238415,8838.300426676502,4.8364281607944655
0.651685393258427,2756.556969794431,0.5995490774900226,10478.147469835661,5.252287651177113
0.6741573033707865,2756.556969794431,0.6197094656476453,12501.464369612097,5.719546367389982
0.696629213483146,2756.556969794431,0.6408851390288344,14966.158224071047,6.238579304912502
0.7191011235955056,2756.556969794431,0.6626738862886393,17933.58860312887,6.809760525727508
0.7415730337078652,2756.556969794431,0.6847637068855202,21472.772778335933,7.434181486016489
0.7640449438202247,2756.556969794431,0.7069458611315589,25664.27575120486,8.113952460276916
0.7865168539325842,2756.556969794431,0.7290983826310949,30602.922338928278,8.852163658506347
0.8089887640449438,2756.556969794431,0.7511588211764425,36399.258959130784,9.652678263218773
0.8314606741573034,2756.556969794431,0.7730988032609833,43180.157778099034,10.519903592376036
0.8539325842696629,2756.556969794431,0.7949059225254748,51089.0813082025,11.458619883295654
0.8764044943820224,2756.556969794431,0.8165737416558149,60286.423671346434,12.473884463484781
0.898876404494382,2756.556969794431,0.8380974593389723,70950.00821398142,13.570987554681412
0.9213483146067416,2756.556969794431,0.8594727829346714,83275.63512837462,14.755428345475714
0.9438202247191011,2756.556969794431,0.8806956925621888,97477.41602383516,16.032889466062084
0.9662921348314606,2756.556969794431,0.9017623662181643,113787.72595007352,17.409203002016408
0.9887640449438202,2756.556969794431,0.9226692978134708,132456.63409650995,18.890301506953296
1.0112359550561798,2756.556969794431,0.9432159098806421,153775.16831994243,20.488375978320533
1.0337078651685392,2756.556969794431,0.8623676207846751,201068.08348040943,26.555299060274304
1.0561797752808988,2756.556969794431,0.741748068646978,284146.65161305084,37.6428800312647
1.0786516853932584,2756.556969794431,0.6437915799921635,374165.38728756434,50.37271682070895
1.101123595505618,2756.556969794431,0.5588524105450285,428774.0479804785,62.00322346178943
1.1235955056179776,2756.556969794431,0.49150161752091903,434021.0413355381,70.34777107596658
1.146067415730337,2756.556969794431,0.43661532206324216,395334.34210118727,74.60504805013898
1.1685393258426966,2756.556969794431,0.3911724944252992,330677.6666443303,74.89443711327289
1.1910112359550562,2756.556969794431,0.3534212819588746,261447.77548471536,72.33854994413261
1.2134831460674156,2756.556969794431,0.3213869816854171,196714.48683333813,67.53266010303635
1.2359550561797752,2756.556969794431,0.2938568617419926,141998.5493586078,61.221453891140406
1.2584269662921348,2756.556969794431,0.2701545249412042,100084.37710702936,54.42084893246729
1.2808988764044944,2756.556969794431,0.24968991277745253,69926.60784858589,47.846746082588254
1.303370786516854,2756.556969794431,0.23185147253122168,48659.94244708497,41.73023151510344
1.3258426966292134,2756.556969794431,0.215950489816287,33279.41975471023,35.83020171846694
1.348314606741573,2756.556969794431,0.202073537022094,23174.67167932727,30.92006249640756
1.3707865168539326,2756.556969794431,0.18965508370110776,16138.239357531324,26.54215330472167
1.393258426966292,2756.556969794431,0.17864234792419942,11438.381012145532,22.910131920709894
1.4157303370786516,2756.556969794431,0.16873258507614597,8183.664329187281,19.791202402750066
1.4382022471910112,2756.556969794431,0.15981831656043677,5944.677731109553,17.17677479626843
1.4606741573033708,2756.556969794431,0.1517662809565368,4386.854884134733,14.987824315878797
1.4831460674157304,2756.556969794431,0.1443873595850434,3260.2253576623366,13.078624605809942
1.5056179775280898,2756.556969794431,0.13773888981826193,2481.523409629382,11.541633151339491
1.5280898876404494,2756.556969794431,0.13162391592343053,1908.0480668008533,10.212058215834398
1.550561797752809,2756.556969794431,0.12599045134037848,1483.612402430152,9.067677090432824
1.5730337078651684,2756.556969794431,0.1208219555351711,1171.7316246585253,8.106510338344155
1.595505617977528,2756.556969794431,0.11607037442829765,939.650880883744,7.297699807377452
1.6179775280898876,2756.556969794431,0.11163297073257264,758.7892189806653,6.578917646818459
1.6404494382022472,2756.556969794431,0.10755808291753298,623.3728873773072,5.984051466957732
1.6629213483146068,2756.556969794431,0.10376469837114193,517.4140990486773,5.46654553917416
1.6853932584269662,2756.556969794431,0.10018394757241167,431.2671541304351,4.994135095462033
1.7078651685393258,2756.556969794431,0.0968829949501927,365.1418913660333,4.60260772777187
1.7303370786516854,2756.556969794431,0.09377384791644158,311.10493792096406,4.250443552113569
1.7528089887640448,2756.556969794431,0.09085888593139506,267.3447490749509,3.940724761064848
1.7752808988764044,2756.556969794431,0.08806873676456739,229.9633675274756,3.6471425581978387
1.797752808988764,2756.556969794431,0.08553594477804943,201.8676439148507,3.421383442830525
1.8202247191011236,2756.556969794431,0.08310689176577994,177.37878124686128,3.205218080735681
1.8426966292134832,2756.556969794431,0.08081122594288036,156.81966738401468,3.011170603726382
1.8651685393258426,2756.556969794431,0.07861845190427012,139.0667725246342,2.830116623874198
1.8876404494382022,2756.556969794431,0.07653462361086648,123.91621502845955,2.6651787149646973
1.9101123595505618,2756.556969794431,0.07461624018285964,111.8859480915243,2.5330361016426126
1.9325842696629212,2756.556969794431,0.07270997382332703,100.34714926124649,2.3896367525651034
1.9550561797752808,2756.556969794431,0.07097650967200672,91.41035445125964,2.280628432911446
1.9775280898876404,2756.556969794431,0.06926219429829958,82.89469361562641,2.1646953291274054
2.0,2756.556969794431,0.06769133188656436,76.1324106718526,2.0743906159117835
0.0,3063.645649887819,0.49405184363401894,1422.7907915672963,1.6554209041826884
0.02247191011235955,3063.645649887819,0.4928735481172219,1445.974966370857,1.6790680877003694
0.0449438202247191,3063.645649887819,0.4917401019814587,1470.7968128925465,1.7039257881375913
0.06741573033707865,3063.645649887819,0.49065822206771625,1497.430718268691,1.730094756872157
0.0898876404494382,3063.645649887819,0.48963542161927454,1526.0754941266327,1.7576874346541582
0.11235955056179775,3063.645649887819,0.48868003181869085,1556.9578572024195,1.786829385414713
0.1348314606741573,3063.645649887819,0.4875567926184654,1588.0380203073714,1.81677835526064
0.15730337078651685,3063.645649887819,0.48676481671462185,1624.1497749602602,1.8494364731145514
0.1797752808988764,3063.645649887819,0.486037771605351,1663.06354580353,1.88399236652502
0.20224719101123595,3063.645649887819,0.48537884968010636,1705.049999793154,1.920600232539955
0.2247191011235955,3063.645649887819,0.4848332284859442,1750.8536249624851,1.959597396328445
0.24719101123595505,3063.645649887819,0.48441712663657616,1800.9985461155816,2.001238785203705
0.2696629213483146,3063.645649887819,0.4841494407949991,1856.1083346925682,2.04581866496153
0.29213483146067415,3063.645649887819,0.4840522947603691,1916.9302610759992,2.093678654860807
0.3146067415730337,3063.645649887819,0.4841517214917742,1984.3667721601344,2.1452177506983836
0.33707865168539325,3063.645649887819,0.48447851895022853,2059.51679074475,2.200904962159141
0.3595505617977528,3063.645649887819,0.48506930393154185,2143.730119265675,2.261295234542487
0.38202247191011235,3063.645649887819,0.4859678634332561,2238.6804624466185,2.3270498506706714
0.4044943820224719,3063.645649887819,0.48722683895934205,2346.4637678800136,2.3989624737848687
0.42696629213483145,3063.645649887819,0.4889098629419727,2469.7325300287607,2.477992695068286
0.449438202247191,3063.645649887819,0.49109423915811845,2611.8807281569834,2.565309230351372
0.47191011235955055,3063.645649887819,0.4939935520252173,2779.331268150912,2.6630201539476177
0.4943820224719101,3063.645649887819,0.4973911236622354,2972.210715599443,2.771021655149834
0.5168539325842696,3063.645649887819,0.5017067530985007,3202.781981949567,2.8930648039171083
0.5393258426966292,3063.645649887819,0.5071000539401126,3481.2064974721734,3.0318389141431616
0.5617977528089888,3063.645649887819,0.5137416701355398,3820.6263515610203,3.1905140879037255
0.5842696629213483,3063.645649887819,0.5215594230073911,4231.824587563224,3.37106180722179
0.6067415730337078,3063.645649887819,0.5312812373017046,4749.9623534548155,3.581424419426901
0.6292134831460674,3063.645649887819,0.5431465991534777,5407.7309995365395,3.8270560048738798
0.651685393258427,3063.645649887819,0.5568107806056379,6228.236967286583,4.1095170082802746
0.6741573033707865,3063.645649887819,0.5726129358532833,7264.242875635958,4.435663491284392
0.696629213483146,3063.645649887819,0.5904293066996363,8564.839584537247,4.809002729986359
0.7191011235955056,3063.645649887819,0.6098997353699877,10177.521793902295,5.230899702656587
0.7415730337078652,3063.645649887819,0.6305626770557305,12148.759368591003,5.701459278092104
0.7640449438202247,3063.645649887819,0.6519598224765896,14525.617342190048,6.22045516686432
0.7865168539325842,3063.645649887819,0.6737236555166346,17359.88844200454,6.788269757510236
0.8089887640449438,3063.645649887819,0.6956062261409078,20712.074577894953,7.406342795196662
0.8314606741573034,3063.645649887819,0.7174644625336617,24654.013982031447,8.077166790219097
0.8539325842696629,3063.645649887819,0.7392276196792325,29270.00905491207,8.804046109281638
0.8764044943820224,3063.645649887819,0.7608655295210159,34656.946354582025,9.590819612877558
0.898876404494382,3063.645649887819,0.7823660871971415,40924.050170759954,10.441655552126937
0.9213483146067416,3063.645649887819,0.8037233318589947,48192.76309024624,11.36094121007432
0.9438202247191011,3063.645649887819,0.8249328579502504,56596.83836220326,12.353233410143728
0.9662921348314606,3063.645649887819,0.8459905798104219,66282.45297343755,13.423229811089168
0.9887640449438202,3063.645649887819,0.8668928181993141,77408.14415956875,14.575736012065377
1.0112359550561798,3063.645649887819,0.8876359715122668,90144.34791281918,15.815625051094964
1.0337078651685392,3063.645649887819,0.9083990364298749,104665.70724692411,17.143621003273644
1.0561797752808988,3063.645649887819,0.8715139842648939,126662.05074585202,20.334650157693364
1.0786516853932584,3063.645649887819,0.750343887485443,167308.2046100086,27.962483211410916
1.101123595505618,3063.645649887819,0.6488235625113108,207409.68300769725,36.479458486502196
1.1235955056179776,3063.645649887819,0.5662659556160531,228919.49718491026,43.93320338756642
1.146067415730337,3063.645649887819,0.5005023687753187,227061.6876664392,49.17580428047785
1.1685393258426966,3063.645649887819,0.4465855434339997,204988.8287225272,51.729195716457745
1.1910112359550562,3063.645649887819,0.4019100991441219,172017.55986542255,51.807164727035406
1.2134831460674156,3063.645649887819,0.36455160298089284,137040.1496643031,50.02237441993793
1.2359550561797752,3063.645649887819,0.3327114448633249,104426.71632455784,46.79852328533225
1.2584269662921348,3063.645649887819,0.30548767172577984,77478.39943417501,42.852852483617696
1.2808988764044944,3063.645649887819,0.28187482737620706,56186.67355467231,38.50337226110276
1.303370786516854,3063.645649887819,0.2612482807640931,40141.57659585105,34.10180013790459
1.3258426966292134,3063.645649887819,0.24324831752242734,28667.462996070703,30.027187751729976
1.348314606741573,3063.645649887819,0.2273228113685392,20416.364684723605,26.255363353591747
1.3707865168539326,3063.645649887819,0.213137976636459,14541.698459763189,22.8389484923654
1.393258426966292,3063.645649887819,0.2006421938397241,10555.062310467396,19.99387129365795
1.4157303370786516,3063.645649887819,0.18933223016217854,7665.706055678045,17.425568039349848
1.4382022471910112,3063.645649887819,0.1791552289364378,5631.446020303764,15.223448807370865
1.4606741573033708,3063.645649887819,0.1700646114054772,4229.02436745118,13.424796936081876
1.4831460674157304,3063.645649887819,0.16175714146342418,3199.1448883226844,11.843636967007852
1.5056179775280898,3063.645649887819,0.15416768893206673,2446.382371503545,10.478555829340593
1.5280898876404494,3063.645649887819,0.14726596666525937,1901.9263429314985,9.334870319205198
1.550561797752809,3063.645649887819,0.1410252671505547,1511.1005300190022,8.406175784525768
1.5730337078651684,3063.645649887819,0.1352055976962729,1205.0239370893323,7.562189695705757
1.595505617977528,3063.645649887819,0.1298300156638117,971.644887295873,6.831225217927203
1.6179775280898876,3063.645649887819,0.12487471202758138,793.8651407026816,6.207395368601876
1.6404494382022472,3063.645649887819,0.12026895624972984,654.8437668962043,5.66101074179465
1.6629213483146068,3063.645649887819,0.11594462666462418,543.1114373657214,5.167126227069717
1.6853932584269662,3063.645649887819,0.11197126575723806,457.75495331865136,4.758049809761543
1.7078651685393258,3063.645649887819,0.10820687121711677,386.91111060411924,4.378511894657187
1.7303370786516854,3063.645649887819,0.10476421889948268,332.90013865799443,4.072557620176912
1.7528089887640448,3063.645649887819,0.10149012540928791,287.1181445683144,3.7857056803181366
1.7752808988764044,3063.645649887819,0.09839929102087017,249.05079759147193,3.5261112315626773
1.797752808988764,3063.645649887819,0.09549724812127994,217.72980958625323,3.296866414865209
1.8202247191011236,3063.645649887819,0.09276640775072989,191.70975419687437,3.0932095236729524
1.8426966292134832,3063.645649887819,0.09019351891630373,169.94427494526832,2.911878605945383
1.8651685393258426,3063.645649887819,0.08773838602011921,151.12132382045095,2.7427128430168963
1.8876404494382022,3063.645649887819,0.08545716124540297,135.80806235235238,2.600954743278801
1.9101123595505618,3063.645649887819,0.0832331151941108,121.77774262803345,2.457640929909607
1.9325842696629212,3063.645649887819,0.08112943703490735,109.83861764221528,2.329555840597329
1.9550561797752808,3063.645649887819,0.07914735008561874,99.72979266097727,2.216956966279299
1.9775280898876404,3063.645649887819,0.07729998300918166,91.34565109602725,2.122472245394592
2.0,3063.645649887819,0.07548573221466254,83.45404403441854,2.02458755689529
0.0,3404.9449261977343,0.5032345392597563,1302.8673685077101,1.5534661236798344
0.02247191011235955,3404.9449261977343,0.5020252515722236,1320.950393378575,1.5734642809940211
0.0449438202247191,3404.9449261977343,0.5007349536963489,1339.3552211682786,1.5940759858807079
0.06741573033707865,3404.9449261977343,0.49946664671690466,1358.9170902386084,1.615660264409604
0.0898876404494382,3404.9449261977343,0.4982350179210267,1379.8307012988992,1.638324298009601
0.11235955056179775,3404.9449261977343,0.4970460612150563,1402.2369257158912,1.6621561437044432
0.1348314606741573,3404.9449261977343,0.4959065720359494,1426.2966282306597,1.6872541784943313
0.15730337078651685,3404.9449261977343,0.4948241933182597,1452.1936169785645,1.7137284315528578
0.1797752808988764,3404.9449261977343,0.49380744217359124,1480.1379317320623,1.74170204260605
0.20224719101123595,3404.9449261977343,0.4926187705762414,1508.1779146992378,1.7704459255864267
0.2247191011235955,3404.9449261977343,0.49176267548259084,1540.9180262126897,1.8018291349536568
0.24719101123595505,3404.9449261977343,0.4909763736356055,1576.2797217492462,1.8350776394351211
0.2696629213483146,3404.9449261977343,0.4902490164364168,1614.3806366371082,1.8702916451868146
0.29213483146067415,3404.9449261977343,0.48963365836534894,1655.9847217788083,1.9078293224655984
0.3146067415730337,3404.9449261977343,0.48914694187446606,1701.579208968192,1.9479426260833699
0.33707865168539325,3404.9449261977343,0.48880834668819184,1751.7454119341019,1.9909232353441453
0.3595505617977528,3404.9449261977343,0.4886407925198359,1807.1821725097386,2.03711086492308
0.38202247191011235,3404.9449261977343,0.48867139253109076,1868.736454353349,2.086903717850697
0.4044943820224719,3404.9449261977343,0.4889324030342455,1937.4436911476264,2.140771736222041
0.42696629213483145,3404.9449261977343,0.48946241795439727,2014.581450151292,2.1992734755872685
0.449438202247191,3404.9449261977343,0.49030788716948204,2101.7416795778527,2.263077771991665
0.47191011235955055,3404.9449261977343,0.49152505438880445,2200.929069247552,2.332991732511342
0.4943820224719101,3404.9449261977343,0.49318243583941307,2314.696476865248,2.409997071003459
0.5168539325842696,3404.9449261977343,0.4953424258821648,2446.011213159488,2.4951830554563994
0.5393258426966292,3404.9449261977343,0.49826262323778764,2601.550633124819,2.5908724594405887
0.5617977528089888,3404.9449261977343,0.50174653795856,2781.9069641648794,2.697144344774377
0.5842696629213483,3404.9449261977343,0.5062170870664532,2998.809700127962,2.817758422702086
0.6067415730337078,3404.9449261977343,0.5118419922596343,3262.22545659365,2.9554898838903423
0.6292134831460674,3404.9449261977343,0.5188079801030471,3585.234438661635,3.113655241468776
0.651685393258427,3404.9449261977343,0.5270571168046284,3978.960795967613,3.2944222016978193
0.6741573033707865,3404.9449261977343,0.5373464220498628,4477.994137224229,3.505877338331661
0.696629213483146,3404.9449261977343,0.5499329703364435,5114.939730966598,3.753594605300224
0.7191011235955056,3404.9449261977343,0.564441917298207,5912.5528926960515,4.038973511142873
0.7415730337078652,3404.9449261977343,0.5811339293479375,6919.41825139815,4.368010702741655
0.7640449438202247,3404.9449261977343,0.5997261340624239,8176.073219303715,4.742615661052422
0.7865168539325842,3404.9449261977343,0.6197453490089618,9719.87019953829,5.162797798892872
0.8089887640449438,3404.9449261977343,0.6406736963812962,11586.282134500712,5.6277747831717
0.8314606741573034,3404.9449261977343,0.6620712688918892,13812.628809009715,6.137136494172082
0.8539325842696629,3404.9449261977343,0.6836337597936573,16442.302083293303,6.69153334059711
0.8764044943820224,3404.9449261977343,0.7051856962046136,19527.54821731248,7.292761428515813
0.898876404494382,3404.9449261977343,0.7266425774709657,23130.445704203317,7.943497068975068
0.9213483146067416,3404.9449261977343,0.7479704737618594,27322.656803899652,8.646959215163262
0.9438202247191011,3404.9449261977343,0.769157084207826,32184.765259385513,9.406658429168742
0.9662921348314606,3404.9449261977343,0.7901968428916469,37805.79235032188,10.22626543955313
0.9887640449438202,3404.9449261977343,0.8110856199749962,44282.98265533725,11.10955448685846
1.0112359550561798,3404.9449261977343,0.8318196833664334,51721.64553441685,12.060368984976124
1.0337078651685392,3404.9449261977343,0.8523955106475548,60234.80129552264,13.082583639903651
1.0561797752808988,3404.9449261977343,0.8728024898503182,69942.4367162366,14.180167717818016
1.0786516853932584,3404.9449261977343,0.8854615452189462,81155.70320609475,15.51720084854771
1.101123595505618,3404.9449261977343,0.7628221902777854,99560.54291724476,20.63951222480485
1.1235955056179776,3404.9449261977343,0.6587533509826882,116409.43384755861,26.239146889433005
1.146067415730337,3404.9449261977343,0.5774851579638945,124078.48743200608,30.985088962372984
1.1685393258426966,3404.9449261977343,0.5126101750338284,120882.72352282984,34.27543900505967
1.1910112359550562,3404.9449261977343,0.45931678851579866,108656.65049607979,35.85976261367716
1.2134831460674156,3404.9449261977343,0.41511652109824004,91838.88395384516,35.918985062973746
1.2359550561797752,3404.9449261977343,0.37789733498003397,74015.36969699839,34.75936037692884
1.2584269662921348,3404.9449261977343,0.3461449841027591,57510.82866574801,32.724762626878
1.2808988764044944,3404.9449261977343,0.31878744215522936,43514.892077660304,30.155428042969127
1.303370786516854,3404.9449261977343,0.29508900197645194,32425.28745942572,27.380638055451854
1.3258426966292134,3404.9449261977343,0.2742882720324689,23839.839243217048,24.530718954090094
1.348314606741573,3404.9449261977343,0.25605942532351567,17519.770952121195,21.852716638874394
1.3707865168539326,3404.9449261977343,0.23999429586042828,12935.444187429546,19.421491423410927
1.393258426966292,3404.9449261977343,0.22566301853940612,9574.256946327012,17.20279196559704
1.4157303370786516,3404.9449261977343,0.21281385813025872,7122.181595113994,15.212833176074646
1.4382022471910112,3404.9449261977343,0.20122053175632043,5328.1535002732235,13.438874466852212
1.4606741573033708,3404.9449261977343,0.1908456802768723,4052.7706951471423,11.943731377435046
1.4831460674157304,3404.9449261977343,0.18152013391331917,3134.9987050470845,10.685554831785305
1.5056179775280898,3404.9449261977343,0.1729698601508134,2439.855500964932,9.560358711664371
1.5280898876404494,3404.9449261977343,0.16511218859630283,1912.7964265945177,8.562058003781374
1.550561797752809,3404.9449261977343,0.15801326343501976,1529.738541431958,7.741936921335079
1.5730337078651684,3404.9449261977343,0.151359842826368,1223.2159141808204,6.9754578889458765
1.595505617977528,3404.9449261977343,0.14531343333598365,996.5781197792805,6.344285751234741
1.6179775280898876,3404.9449261977343,0.13973476721417327,821.1659716144816,5.797471750531539
1.6404494382022472,3404.9449261977343,0.1344870131928677,678.5085434141442,5.292016195627179
1.6629213483146068,3404.9449261977343,0.1297061501656755,571.0999562917366,4.880595964420748
1.6853932584269662,3404.9449261977343,0.1251997599985102,482.48315794752386,4.501032084129119
1.7078651685393258,3404.9449261977343,0.120999379575483,411.332437515508,4.167683601287974
1.7303370786516854,3404.9449261977343,0.11706185698142041,353.1983190565445,3.8698971272517966
1.7528089887640448,3404.9449261977343,0.11342835937373862,307.27129452401135,3.620415378413044
1.7752808988764044,3404.9449261977343,0.10994915147622032,267.3920454549067,3.3801414162116177
1.797752808988764,3404.9449261977343,0.1066772733071381,234.28481355545154,3.1655367388235702
1.8202247191011236,3404.9449261977343,0.10360770833977503,206.85345413238454,2.976145511180098
1.8426966292134832,3404.9449261977343,0.1007503476499089,184.43239103157867,2.814455092412542
1.8651685393258426,3404.9449261977343,0.09801303702016159,164.72289112609937,2.660287246887009
1.8876404494382022,3404.9449261977343,0.09539351720357023,147.4650614024882,2.5147672921059234
1.9101123595505618,3404.9449261977343,0.09292028673869862,132.8060375039682,2.384724170297453
1.9325842696629212,3404.9449261977343,0.09060553962006362,120.55374454943811,2.2726323703505305
1.9550561797752808,3404.9449261977343,0.08835813590879134,109.37166107554096,2.1613952059179438
1.9775280898876404,3404.9449261977343,0.08624719574159992,99.91564032823341,2.0646168936037457
2.0,3404.9449261977343,0.08423478831403788,91.61024116959142,1.975549298675893
0.0,3784.265961327549,0.5135483423449289,1205.8753552503956,1.4633367488210123
0.02247191011235955,3784.265961327549,0.512115651727955,1218.5799704171109,1.4796795515602486
0.0449438202247191,3784.265961327549,0.5107294662639383,1232.2828753557228,1.4968323843121492
0.06741573033707865,3784.265961327549,0.5093945669596477,1247.0745318468423,1.514854956019847
0.0898876404494382,3784.265961327549,0.507866583927386,1261.270243483611,1.5330882790455476
0.11235955056179775,3784.265961327549,0.5065859787466354,1278.0565859523142,1.5528511380897498
0.1348314606741573,3784.265961327549,0.5052654550230878,1295.453562730487,1.5733684020278444
0.15730337078651685,3784.265961327549,0.5039789282104783,1314.064349118898,1.594915346737111
0.1797752808988764,3784.265961327549,0.5027323667191425,1334.0165875406528,1.617576620123042
0.20224719101123595,3784.265961327549,0.5015325773321652,1355.4563536657436,1.6414469656458157
0.2247191011235955,3784.265961327549,0.5003872735663514,1378.5510217051965,1.6666326028051088
0.24719101123595505,3784.265961327549,0.49930510207022266,1403.4922713009985,1.6932526687023162
0.2696629213483146,3784.265961327549,0.49804599150215373,1428.4162918783252,1.7205922800336824
0.29213483146067415,3784.265961327549,0.4971201525272417,1457.6928215156875,1.7504799779285405
0.3146067415730337,3784.265961327549,0.496271547889466,1489.416530698982,1.782190702745133
0.33707865168539325,3784.265961327549,0.495468790470012,1523.509748648638,1.815749021499233
0.3595505617977528,3784.265961327549,0.4947755871767495,1560.7678127013824,1.8515386555203939
0.38202247191011235,3784.265961327549,0.4942088532107497,1601.6354572332048,1.8898047244405578
0.4044943820224719,3784.265961327549,0.4937884774788057,1646.6446030242719,1.93083173255502
0.42696629213483145,3784.265961327549,0.4935379785325154,1696.436537418918,1.9749520220416095
0.449438202247191,3784.265961327549,0.49348532633767406,1751.790965779187,2.0225564509941774
0.47191011235955055,3784.265961327549,0.4936639933189657,1813.6646200208854,2.0741080446821667
0.4943820224719101,3784.265961327549,0.4941142746069577,1883.242786475799,2.1301594440796108
0.5168539325842696,3784.265961327549,0.49488499943882963,1962.009346929378,2.191375549840811
0.5393258426966292,3784.265961327549,0.4960357298224864,2051.8427781634077,2.2585629768893156
0.5617977528089888,3784.265961327549,0.4976396104163836,2155.1495073024,2.3327086448455923
0.5842696629213483,3784.265961327549,0.49973777786849066,2274.370468680489,2.414777852074118
0.6067415730337078,3784.265961327549,0.5026561818759546,2416.613073868641,2.5073933465223988
0.6292134831460674,3784.265961327549,0.5061905083847158,2582.415778776551,2.610649072350517
0.651685393258427,3784.265961327549,0.5107753378641134,2782.927885069718,2.7283114778143323
0.6741573033707865,3784.265961327549,0.5165900422007196,3027.7632608890776,2.8632147185707284
0.696629213483146,3784.265961327549,0.5235735741789275,3324.4681171944667,3.0171255108849615
0.7191011235955056,3784.265961327549,0.5324729665285611,3699.5910239259133,3.197246484716717
0.7415730337078652,3784.265961327549,0.5432911626692418,4171.1508952894055,3.406825497216797
0.7640449438202247,3784.265961327549,0.5565599313886463,4775.826601772274,3.653010144457046
0.7865168539325842,3784.265961327549,0.571821118970457,5533.646443515416,3.9365512720362252
0.8089887640449438,3784.265961327549,0.5893120445324074,6489.265675376982,4.262806751776584
0.8314606741573034,3784.265961327549,0.6084948394639815,7670.6117521854885,4.631374711175666
0.8539325842696629,3784.265961327549,0.6288362760978966,9105.47107484505,5.04132969805291
0.8764044943820224,3784.265961327549,0.6498068031716135,10819.606629219652,5.49143334085003
0.898876404494382,3784.265961327549,0.6710211467147003,12842.265354317038,5.981417599727748
0.9213483146067416,3784.265961327549,0.692253037918915,15209.415394610622,6.51226536673671
0.9438202247191011,3784.265961327549,0.7133947618341827,17964.83695015378,7.085954043852914
0.9662921348314606,3784.265961327549,0.7344051725631104,21159.647965355205,7.705046279838209
0.9887640449438202,3784.265961327549,0.7552709500255883,24851.304958848435,8.372374077128386
1.0112359550561798,3784.265961327549,0.7759867686651323,29102.82461066721,9.090875479890306
1.0337078651685392,3784.265961327549,0.7965488028765855,33982.36660112893,9.863528155698392
1.0561797752808988,3784.265961327549,0.8169535447987918,39562.90613496934,10.693310550687105
1.0786516853932584,3784.265961327549,0.8372103416249711,45922.195230836805,11.583045163979257
1.101123595505618,3784.265961327549,0.8572361762041194,53139.180499010865,12.536484511799998
1.1235955056179776,3784.265961327549,0.7768300154605321,60666.009801445565,15.28010557818651
1.146067415730337,3784.265961327549,0.6728691165534724,66949.37150913745,18.870952899192133
1.1685393258426966,3784.265961327549,0.5924073060240085,69067.74560143845,21.88082279645292
1.1910112359550562,3784.265961327549,0.5280985691115423,66340.44434251872,23.974529484895417
1.2134831460674156,3784.265961327549,0.47505263759651817,59563.971616526585,25.002408556901578
1.2359550561797752,3784.265961327549,0.4309112024222314,50754.39696251185,25.07500196915814
1.2584269662921348,3784.265961327549,0.3934961739089512,41415.528415935936,24.34581698069614
1.2808988764044944,3784.265961327549,0.3616577282799025,32877.92593147734,23.103704679919534
1.303370786516854,3784.265961327549,0.33420684696548075,25576.14217675211,21.534191711675764
1.3258426966292134,3784.265961327549,0.3102915564653601,19613.140715915953,19.790586643181605
1.348314606741573,3784.265961327549,0.28916272182024116,14835.22760116959,17.945674776264696
1.3707865168539326,3784.265961327549,0.27074706064585563,11295.213983123158,16.250470690832064
1.393258426966292,3784.265961327549,0.2543013176777474,8573.165563411821,14.618103553799935
1.4157303370786516,3784.265961327549,0.23954790316600663,6508.752256692377,13.091041507737412
1.4382022471910112,3784.265961327549,0.2264568866079916,5010.482596633512,11.771591027675528
1.4606741573033708,3784.265961327549,0.21457734672660012,3869.241465990061,10.561923717664802
1.4831460674157304,3784.265961327549,0.2038213931875078,3013.6972833830155,9.48975953469196
1.5056179775280898,3784.265961327549,0.19409616899545384,2377.1135745572738,8.562705936458427
1.5280898876404494,3784.265961327549,0.18529521508437335,1902.2823999231878,7.771131695825974
1.550561797752809,3784.265961327549,0.17718254533166694,1531.3893054041143,7.056287231549087
1.5730337078651684,3784.265961327549,0.16971557850151556,1243.5141672971733,6.422975247176402
1.595505617977528,3784.265961327549,0.16287105684705228,1022.0691812518132,5.876153285188721
1.6179775280898876,3784.265961327549,0.15647689967329503,843.4575032022204,5.374409417568665
1.6404494382022472,3784.265961327549,0.15065922510870253,708.0941526677819,4.960319438148544
1.6629213483146068,3784.265961327549,0.1451821766896475,596.0956294407553,4.57452823617003
1.6853932584269662,3784.265961327549,0.14013316497200487,507.9702571048831,4.244654075966248
1.7078651685393258,3784.265961327549,0.1354320550885886,436.5745095572724,3.953285988383607
1.7303370786516854,3784.265961327549,0.13093648702739208,374.92983377094464,3.670936363759899
1.7528089887640448,3784.265961327549,0.12683236462821357,327.1838799337398,3.4418418123153205
1.7752808988764044,3784.265961327549,0.12293663666158734,286.35092191897223,3.2272213082487005
1.797752808988764,3784.265961327549,0.11923810896951856,251.45315369452675,3.027342376112999
1.8202247191011236,3784.265961327549,0.11584446047741703,223.81871156389275,2.8642556711198175
1.8426966292134832,3784.265961327549,0.11259682356848223,199.52062176740205,2.708152236455683
1.8651685393258426,3784.265961327549,0.10951821908582936,178.63874194035918,2.5648456919343166
1.8876404494382022,3784.265961327549,0.10656967673798093,160.25312778390025,2.428642266919589
1.9101123595505618,3784.265961327549,0.1038170807203275,144.95878691881774,2.311455613189548
1.9325842696629212,3784.265961327549,0.10117112442221682,131.31194201530758,2.1990148747720677
1.9550561797752808,3784.265961327549,0.09866060787556452,119.48661599055443,2.09668923346102
1.9775280898876404,3784.265961327549,0.0963114869270012,109.52227998548891,2.008600317628566
2.0,3784.265961327549,0.09405461540603642,100.57869937370161,1.9246951395629515
0.0,4205.8444927783485,0.5244645857942913,1124.7857906794452,1.382393360549336
0.02247191011235955,4205.8444927783485,0.5229220335260578,1133.802408857987,1.3958749251421056
0.0449438202247191,4205.8444927783485,0.5216028805209505,1144.7344893741265,1.4104799947790667
0.06741573033707865,4205.8444927783485,0.5200580893405831,1154.78304475351,1.4250789676115592
0.0898876404494382,4205.8444927783485,0.5185611455526784,1165.7031185802207,1.4404109209466436
0.11235955056179775,4205.8444927783485,0.5171170114387452,1177.5732665678297,1.456529904574478
0.1348314606741573,4205.8444927783485,0.5157205473461599,1190.4108895778252,1.4734662478142913
0.15730337078651685,4205.8444927783485,0.5141239647545541,1202.594481187888,1.490571908486523
0.1797752808988764,4205.8444927783485,0.512850348504796,1217.7008469499913,1.5093562273724026
0.20224719101123595,4205.8444927783485,0.5114771293672329,1232.9333382253242,1.5286872118287
0.2247191011235955,4205.8444927783485,0.5101347371719154,1249.2391977961092,1.5489883374145568
0.24719101123595505,4205.8444927783485,0.508829039928031,1266.7320847689928,1.5703397218745063
0.2696629213483146,4205.8444927783485,0.5075667811073847,1285.5424078208684,1.592831209592889
0.29213483146067415,4205.8444927783485,0.5063556628001628,1305.8200004613896,1.6165637485251583
0.3146067415730337,4205.8444927783485,0.5052043891029953,1327.736935724784,1.641650840380597
0.33707865168539325,4205.8444927783485,0.5038700949959403,1349.5162195658488,1.6673927858867696
0.3595505617977528,4205.8444927783485,0.5028690491400745,1375.2904108118503,1.69557002845895
0.38202247191011235,4205.8444927783485,0.5019557105303923,1403.3478087480235,1.7255184339968241
0.4044943820224719,4205.8444927783485,0.5010707354311111,1433.3773453310694,1.757165159515742
0.42696629213483145,4205.8444927783485,0.5002915894109533,1466.2170348836366,1.790923852999509
0.449438202247191,4205.8444927783485,0.49963526967524957,1502.2647024660516,1.8270287052293332
0.47191011235955055,4205.8444927783485,0.4991218530194042,1541.9971620558176,1.865752145062675
0.4943820224719101,4205.8444927783485,0.49877519681367594,1585.9906564167059,1.9074132281382472
0.5168539325842696,4205.8444927783485,0.49862383029160656,1634.9478174340993,1.9523883184691833
0.5393258426966292,4205.8444927783485,0.4987020895861099,1689.7335606452718,2.0011247759783153
0.5617977528089888,4205.8444927783485,0.49905157305408343,1751.4234225287187,2.0541586334814745
0.5842696629213483,4205.8444927783485,0.4997230339545207,1821.369593706734,2.112137663318548
0.6067415730337078,4205.8444927783485,0.5007788475884158,1901.2921787168332,2.175851662666308
0.6292134831460674,4205.8444927783485,0.5022962652088598,1993.407224155632,2.246272569271898
0.651685393258427,4205.8444927783485,0.5043007191077138,2099.709637159151,2.3242586486833736
0.6741573033707865,4205.8444927783485,0.5071739057089225,2227.365961260412,2.4126135377085425
0.696629213483146,4205.8444927783485,0.5106350200390088,2375.79900436605,2.5110594425501827
0.7191011235955056,4205.8444927783485,0.5153542428595219,2558.5999853008093,2.624500435695037
0.7415730337078652,4205.8444927783485,0.5212992608122704,2781.6264155463496,2.754588785233029
0.7640449438202247,4205.8444927783485,0.5284954797850715,3053.18610109766,2.9035461343758175
0.7865168539325842,4205.8444927783485,0.5377192993020967,3398.2706221001404,3.078503585408172
0.8089887640449438,4205.8444927783485,0.5492787208069544,3840.250447830703,3.284537519232985
0.8314606741573034,4205.8444927783485,0.5628868443704548,4395.648950664585,3.523270156788539
0.8539325842696629,4205.8444927783485,0.5788709061615038,5100.046933539889,3.800225003687679
0.8764044943820224,4205.8444927783485,0.5969337907174025,5980.642920211748,4.116667465119645
0.898876404494382,4205.8444927783485,0.6164998522514685,7058.581514778709,4.471449805589709
0.9213483146067416,4205.8444927783485,0.6369432698204611,8351.213304130231,4.862604257855636
0.9438202247191011,4205.8444927783485,0.6577653139071797,9876.58673837754,5.288826322227415
0.9662921348314606,4205.8444927783485,0.6786589776785033,11657.485978382774,5.7501400367408655
0.9887640449438202,4205.8444927783485,0.6994762150661795,13723.0133562463,6.247739482670643
1.0112359550561798,4205.8444927783485,0.7201621072179394,16108.100673493318,6.783507593486232
1.0337078651685392,4205.8444927783485,0.7407006623051118,18852.233196300454,7.359606192121952
1.0561797752808988,4205.8444927783485,0.7610865897643632,21998.42145816332,7.978262435119623
1.0786516853932584,4205.8444927783485,0.7813163225989406,25592.643373278035,8.64168753293448
1.101123595505618,4205.8444927783485,0.8014406167785145,29685.687996183897,9.351806682979937
1.1235955056179776,4205.8444927783485,0.8211158519119629,34315.60511970782,10.11266905350971
1.146067415730337,4205.8444927783485,0.7959731704437745,38430.853240731034,11.390006236814134
1.1685393258426966,4205.8444927783485,0.6920073596034317,40048.76028407006,13.66323595876879
1.1910112359550562,4205.8444927783485,0.6118986149709762,40079.798879004025,15.580096714260547
1.2134831460674156,4205.8444927783485,0.5471227245977633,37913.39520136906,16.918791979995415
1.2359550561797752,4205.8444927783485,0.49401731394657,34073.2306462528,17.617247065901584
1.2584269662921348,4205.8444927783485,0.4496817797467482,29338.215431195404,17.72415397146072
1.2808988764044944,4205.8444927783485,0.4120246213367214,24382.56574108186,17.33235107226813
1.303370786516854,4205.8444927783485,0.3796938564751372,19728.644565592735,16.5719214185635
1.3258426966292134,4205.8444927783485,0.3516982780258574,15668.128035917178,15.574858868443568
1.348314606741573,4205.8444927783485,0.32737935836775206,12335.344706080888,14.478133665310304
1.3707865168539326,4205.8444927783485,0.3060634325497265,9671.026830170353,13.354425497862655
1.393258426966292,4205.8444927783485,0.287021467228406,7519.971252371833,12.198412867342252
1.4157303370786516,4205.8444927783485,0.27019254207428445,5879.739124401966,11.12720783696232
1.4382022471910112,4205.8444927783485,0.2551030191644982,4608.431162231573,10.121167502754556
1.4606741573033708,4205.8444927783485,0.24160783286845894,3643.975338580675,9.218493280826483
1.4831460674157304,4205.8444927783485,0.22933571754474336,2889.9224007869143,8.379533453975883
1.5056179775280898,4205.8444927783485,0.21832983102425496,2324.3820642397077,7.657149715383853
1.5280898876404494,4205.8444927783485,0.20814367255054628,1868.791396989249,6.970921114122386
1.550561797752809,4205.8444927783485,0.19891079740393436,1521.8804832657715,6.377961542662893
1.5730337078651684,4205.8444927783485,0.19049101292013984,1253.5408051199665,5.861067237127413
1.595505617977528,4205.8444927783485,0.18268569183729788,1037.7597586156446,5.38815785826006
1.6179775280898876,4205.8444927783485,0.17552935497983568,868.8408001749643,4.977183391280667
1.6404494382022472,4205.8444927783485,0.16886658875674804,731.5134343209663,4.602762415044613
1.6629213483146068,4205.8444927783485,0.16273129262085445,622.6229028495242,4.2778789010711495
1.6853932584269662,4205.8444927783485,0.1569977071509373,532.9942793956578,3.982274233147919
1.7078651685393258,4205.8444927783485,0.15165939820512625,459.7847392431864,3.7187915418405
1.7303370786516854,4205.8444927783485,0.14661735429792605,397.9075877595885,3.4728600701950274
1.7528089887640448,4205.8444927783485,0.14199974101916454,349.0871345110132,3.269058276086266
1.7752808988764044,4205.8444927783485,0.13757251774048165,306.0935214592262,3.069600193787233
1.797752808988764,4205.8444927783485,0.13343591825785736,270.4535749931521,2.893260784157696
1.8202247191011236,4205.8444927783485,0.12954146253507284,240.29805785426072,2.733541146703437
1.8426966292134832,4205.8444927783485,0.12592095697845895,215.42309730512306,2.5960827485007565
1.8651685393258426,4205.8444927783485,0.12240480751644653,192.72437698589476,2.45720630997116
1.8876404494382022,4205.8444927783485,0.1190853760459462,173.33337026870015,2.3316118090380136
1.9101123595505618,4205.8444927783485,0.11599392094400493,157.20003791900447,2.223866328685345
1.9325842696629212,4205.8444927783485,0.1130789314541087,143.33816493177216,2.127311888928651
1.9550561797752808,4205.8444927783485,0.11026953801797068,130.81157644387463,2.0334745151293707
1.9775280898876404,4205.8444927783485,0.10762990984123061,120.10744139583417,1.951009271927644
2.0,4205.8444927783485,0.10506181355918334,110.21228028107089,1.8684199579613632
0.0,4674.388131860712,0.5360385573178044,1057.7526439787505,1.3099307014895716
0.02247191011235955,4674.388131860712,0.5345205656418909,1064.5173743797693,1.3212642626433464
0.0449438202247191,4674.388131860712,0.5330018142430023,1071.664150069062,1.333035744388601
0.06741573033707865,4674.388131860712,0.5314835038506701,1079.220547709761,1.3452710301725275
0.0898876404494382,4674.388131860712,0.5299669837058818,1087.2168793329258,1.3579981644634735
0.11235955056179775,4674.388131860712,0.5283583188533483,1095.1125362853923,1.371007819867288
0.1348314606741573,4674.388131860712,0.5270211758075342,1105.1262662604995,1.385244982778374
0.15730337078651685,4674.388131860712,0.5254602596179414,1114.2955376910768,1.3994900001824293
0.1797752808988764,4674.388131860712,0.523952715149051,1124.3283958742265,1.4144776163890531
0.20224719101123595,4674.388131860712,0.5224947871537563,1135.2459444185745,1.430239543564136
0.2247191011235955,4674.388131860712,0.5210894805398627,1147.1156420280179,1.446828640133733
0.24719101123595505,4674.388131860712,0.5194881215229431,1158.3800643293227,1.463610230962049
0.2696629213483146,4674.388131860712,0.5181318862897215,1171.9272497355923,1.4818359414007887
0.29213483146067415,4674.388131860712,0.5167334597710259,1185.9584664274107,1.5007727988909478
0.3146067415730337,4674.388131860712,0.5153678807371052,1201.022223108007,1.5206859770155856
0.33707865168539325,4674.388131860712,0.5140417403863291,1217.2327815553722,1.5416591952882726
0.3595505617977528,4674.388131860712,0.5127626321831588,1234.721801946338,1.5637867103056413
0.38202247191011235,4674.388131860712,0.5115392111719318,1253.6409119953382,1.5871747364114668
0.4044943820224719,4674.388131860712,0.5103812085365725,1274.164396421797,1.6119429406429695
0.42696629213483145,4674.388131860712,0.5090442345153658,1294.5898222269873,1.6374065361116112
0.449438202247191,4674.388131860712,0.5080507292232863,1318.909675608718,1.6653381044232523
0.47191011235955055,4674.388131860712,0.5070910188104459,1344.9981570911364,1.694880211438034
0.4943820224719101,4674.388131860712,0.5062181970802307,1373.4297636779136,1.7263437308984297
0.5168539325842696,4674.388131860712,0.5054629366154423,1404.6578990742025,1.7599932736190196
0.5393258426966292,4674.388131860712,0.5048452341016492,1439.1004703949566,1.7960842819871838
0.5617977528089888,4674.388131860712,0.5043889645666709,1477.2634999028417,1.8349165389839555
0.5842696629213483,4674.388131860712,0.504122829387013,1519.7654355840934,1.87684455732027
0.6067415730337078,4674.388131860712,0.5040815701005537,1567.3696456538732,1.9222909598756286
0.6292134831460674,4674.388131860712,0.5043075424651065,1621.0284475257552,1.971763888709725
0.651685393258427,4674.388131860712,0.5048527759908544,1681.9435569776701,2.025879859504885
0.6741573033707865,4674.388131860712,0.5057817009954849,1751.6503309534119,2.0853940636316453
0.696629213483146,4674.388131860712,0.5071747873688349,1832.1368776892498,2.1512408655202435
0.7191011235955056,4674.388131860712,0.5090483804215202,1925.0360043576813,2.2241901538519286
0.7415730337078652,4674.388131860712,0.5118221243187436,2037.201456611221,2.307084115349698
0.7640449438202247,4674.388131860712,0.5152975317901701,2169.098697239453,2.4000821712142097
0.7865168539325842,4674.388131860712,0.5199299023257935,2330.199974018163,2.5067795992674435
0.8089887640449438,4674.388131860712,0.5256621482523465,2524.9269273321743,2.628540840350774
0.8314606741573034,4674.388131860712,0.5332460078490677,2771.6351247552093,2.7714586866746265
0.8539325842696629,4674.388131860712,0.5427012168462457,3081.6834628935458,2.9382078941800436
0.8764044943820224,4674.388131860712,0.5546367166320763,3480.737427983542,3.1352030314438997
0.898876404494382,4674.388131860712,0.5688230901196485,3985.0705607547275,3.3642199203909637
0.9213483146067416,4674.388131860712,0.5852960035157903,4620.187208340404,3.628416802586549
0.9438202247191011,4674.388131860712,0.6037817418952441,5409.000950224554,3.928640383063303
0.9662921348314606,4674.388131860712,0.62352196140719,6362.46628086266,4.262177018164795
0.9887640449438202,4674.388131860712,0.6438725107448213,7490.477083627203,4.626659731072495
1.0112359550561798,4674.388131860712,0.6643986511895009,8805.433506010591,5.020972374259484
1.0337078651685392,4674.388131860712,0.6848801654467126,10324.87594959987,5.445399786396606
1.0561797752808988,4674.388131860712,0.7052347198963614,12071.335354879087,5.901118127838526
1.0786516853932584,4674.388131860712,0.7254401607752682,14070.87349718192,6.389653957148099
1.101123595505618,4674.388131860712,0.7454907475416793,16351.784720832462,6.912584201386769
1.1235955056179776,4674.388131860712,0.7655073409485247,18948.784229584955,7.471344538495077
1.146067415730337,4674.388131860712,0.785128653475699,21878.818998146267,8.067566865227402
1.1685393258426966,4674.388131860712,0.8046540156777393,25185.800691513552,8.702544579767025
1.1910112359550562,4674.388131860712,0.7170520600733812,25262.352562392578,10.023367895662215
1.2134831460674156,4674.388131860712,0.6354866734206364,24430.681651026815,11.23944792434659
1.2359550561797752,4674.388131860712,0.5701732374777064,22804.049236917333,12.112065505470422
1.2584269662921348,4674.388131860712,0.5164542522172026,20486.44006489107,12.595055237527705
1.2808988764044944,4674.388131860712,0.4712967182290648,17756.771267139753,12.69778986882804
1.303370786516854,4674.388131860712,0.43303744323072135,14982.548161625757,12.49411282712396
1.3258426966292134,4674.388131860712,0.4003026478234618,12406.766711859635,12.07016629771899
1.348314606741573,4674.388131860712,0.37189631141879165,10125.028260636998,11.488384576705789
1.3707865168539326,4674.388131860712,0.34674108095980305,8129.086695575882,10.77049880170272
1.393258426966292,4674.388131860712,0.32495789905991407,6553.39750154943,10.06656725832394
1.4157303370786516,4674.388131860712,0.3055301830774753,5260.130808459916,9.340597791473126
1.4382022471910112,4674.388131860712,0.2880948174867414,4212.9424511625,8.61783551583474
1.4606741573033708,4674.388131860712,0.27241318778582724,3379.193946032813,7.925145859813418
1.4831460674157304,4674.388131860712,0.2584143514846426,2736.343492581201,7.3026435666981655
1.5056179775280898,4674.388131860712,0.24580850633957474,2234.6881978083934,6.740889846364974
1.5280898876404494,4674.388131860712,0.23427458438631815,1831.4167544061772,6.215342429097838
1.550561797752809,4674.388131860712,0.2237602170863471,1512.2125450646877,5.740100042530231
1.5730337078651684,4674.388131860712,0.21411013369625287,1256.561446887368,5.306958256461841
1.595505617977528,4674.388131860712,0.20526016720408743,1052.709860413463,4.918950264609217
1.6179775280898876,4674.388131860712,0.1970386577143992,885.6302349922646,4.5594498924812985
1.6404494382022472,4674.388131860712,0.18944108515828356,750.6000061487439,4.236256265997029
1.6629213483146068,4674.388131860712,0.18253623964679755,645.268554410994,3.965144145203858
1.6853932584269662,4674.388131860712,0.176096597736205,557.775078320205,3.7171230632935286
1.7078651685393258,4674.388131860712,0.17000779863449955,482.91024665762114,3.480611838058496
1.7303370786516854,4674.388131860712,0.16437724501344472,422.01024033767334,3.274052639111683
1.7528089887640448,4674.388131860712,0.1590986998677913,370.7759893265217,3.085519466477407
1.7752808988764044,4674.388131860712,0.1540814602751859,326.34036838627685,2.9057960606183806
1.797752808988764,4674.388131860712,0.14943480526908554,289.9294697788852,2.7505934546647315
1.8202247191011236,4674.388131860712,0.1450834354675012,259.22447915841417,2.611660833940101
1.8426966292134832,4674.388131860712,0.14088030027165918,231.49167458428713,2.473061428695647
1.8651685393258426,4674.388131860712,0.13702031379431762,209.06349479287064,2.358565272556366
1.8876404494382022,4674.388131860712,0.13332556791645253,189.1051740993666,2.248636628378625
1.9101123595505618,4674.388131860712,0.1297328582860477,170.78344488901445,2.137746617694674
1.9325842696629212,4674.388131860712,0.12641801620020116,155.75057670829165,2.0454001620787605
1.9550561797752808,4674.388131860712,0.12328408054126772,142.68690175458698,1.9616223249755305
1.9775280898876404,4674.388131860712,0.12028038340083695,130.9762685111474,1.8818394916428691
2.0,4674.388131860712,0.11745259073446862,120.86418309542911,1.8110239439818179
0.0,5195.128931846551,0.5481704155275733,1002.4398060740456,1.2449719159789505
0.02247191011235955,5195.128931846551,0.5466450633793606,1007.1863611076609,1.2543785934969813
0.0449438202247191,5195.128931846551,0.5451144000276996,1012.2011047470497,1.2641272346815862
0.06741573033707865,5195.128931846551,0.5435791859133936,1017.5020657810345,1.2742366900151736
0.0898876404494382,5195.128931846551,0.5420402775998097,1023.108911870079,1.2847272635160527
0.11235955056179775,5195.128931846551,0.5404986407343745,1029.0431489022462,1.2956208636761473
0.1348314606741573,5195.128931846551,0.5389553637454831,1035.3283435873618,1.30694117152967
0.15730337078651685,5195.128931846551,0.537411674882664,1041.990387131952,1.3187138342882105
0.1797752808988764,5195.128931846551,0.5358506310040261,1048.953204136035,1.3309223387583773
0.20224719101123595,5195.128931846551,0.5341969374512525,1055.8024934913624,1.3434068128378724
0.2247191011235955,5195.128931846551,0.5328434426918354,1064.832135298075,1.35716222442629
0.24719101123595505,5195.128931846551,0.5312679919920176,1073.0515067734307,1.3709345142797151
0.2696629213483146,5195.128931846551,0.5297479860863918,1082.0973554370191,1.3854422074257076
0.29213483146067415,5195.128931846551,0.5282767043672197,1091.9712689703688,1.4007096908739056
0.3146067415730337,5195.128931846551,0.5268637191119196,1102.776424045802,1.4168067964194802
0.33707865168539325,5195.128931846551,0.525258892099752,1113.017887055985,1.4331127753625705
0.3595505617977528,5195.128931846551,0.523807315161661,1124.8505161766273,1.4505881607390865
0.38202247191011235,5195.128931846551,0.5223821524633904,1137.552019296798,1.4689519377977285
0.4044943820224719,5195.128931846551,0.5209917575621023,1151.2329353211944,1.4882860009212246
0.42696629213483145,5195.128931846551,0.5196434976959025,1166.0066039055755,1.508676613064491
0.449438202247191,5195.128931846551,0.5183458590525336,1182.0040100143128,1.5302212063968703
0.47191011235955055,5195.128931846551,0.5171084825765716,1199.3762032420323,1.5530298282277233
0.4943820224719101,5195.128931846551,0.5156836598534466,1216.5055754498785,1.5764349991869426
0.5168539325842696,5195.128931846551,0.5146006233167374,1237.1390541212168,1.6021434489828965
0.5393258426966292,5195.128931846551,0.513569501950318,1259.4271808206904,1.629395975031424
0.5617977528089888,5195.128931846551,0.5125960987668176,1283.5478030155537,1.658333311933158
0.5842696629213483,5195.128931846551,0.5117332665081729,1310.055698733377,1.6892699225991705
0.6067415730337078,5195.128931846551,0.5110006075967896,1339.3083063074512,1.722439705320185
0.6292134831460674,5195.128931846551,0.5104216355812992,1371.7390406683735,1.7581175726005935
0.651685393258427,5195.128931846551,0.5100247576464519,1407.8785138639234,1.7966292272854933
0.6741573033707865,5195.128931846551,0.5098445528781131,1448.383097450402,1.8383638586027249
0.696629213483146,5195.128931846551,0.5099234368159569,1494.0737495100586,1.883790738445915
0.7191011235955056,5195.128931846551,0.5103138593874349,1545.9896013406271,1.9334811567106802
0.7415730337078652,5195.128931846551,0.511081252060742,1605.4631571184786,1.988137756384943
0.7640449438202247,5195.128931846551,0.5123080352775012,1674.227660553824,2.0486342064966494
0.7865168539325842,5195.128931846551,0.5140094419817157,1753.6421424172704,2.1156732552774953
0.8089887640449438,5195.128931846551,0.5166184926211382,1849.8923830356216,2.191973895053261
0.8314606741573034,5195.128931846551,0.5199552698761633,1963.4489280006053,2.2777517509444634
0.8539325842696629,5195.128931846551,0.5244877390712663,2102.8030680535285,2.3764374485524704
0.8764044943820224,5195.128931846551,0.5301668982418191,2271.8316870733215,2.4893363739752
0.898876404494382,5195.128931846551,0.5377617611601025,2486.916139114322,2.6222306826784956
0.9213483146067416,5195.128931846551,0.5473228712516021,2758.3506069948526,2.7777395423190487
0.9438202247191011,5195.128931846551,0.5595054440781926,3109.3933509656304,2.9620176085763257
0.9662921348314606,5195.128931846551,0.5740032331938647,3552.7962902709214,3.1761011715767644
0.9887640449438202,5195.128931846551,0.5909328347545044,4111.872087249213,3.4230275630965403
1.0112359550561798,5195.128931846551,0.6096507368335057,4797.571107622795,3.7009998716354255
1.0337078651685392,5195.128931846551,0.629372643501009,5615.116147992195,4.006881249498386
1.0561797752808988,5195.128931846551,0.6494733060847858,6569.172627882082,4.338246481076824
1.0786516853932584,5195.128931846551,0.6696014366149088,7668.203663267356,4.694258266517444
1.101123595505618,5195.128931846551,0.6896174937763773,8925.333075645007,5.0753120933886535
1.1235955056179776,5195.128931846551,0.7094843958779472,10356.914300766084,5.482340779099353
1.146067415730337,5195.128931846551,0.7290598611340584,11976.45742359397,5.916133627914967
1.1685393258426966,5195.128931846551,0.7485387160083975,13809.221153029079,6.37825941572472
1.1910112359550562,5195.128931846551,0.7681062102233909,15880.426889427697,6.869068283807744
1.2134831460674156,5195.128931846551,0.7482582613774822,16995.40446743783,7.497304694545397
1.2359550561797752,5195.128931846551,0.6644621833590802,15847.753562372984,8.264410064425597
1.2584269662921348,5195.128931846551,0.5980206300418227,14572.880006820202,8.838052406118795
1.2808988764044944,5195.128931846551,0.5428514156156458,13040.949828519233,9.172484609856582
1.303370786516854,5195.128931846551,0.49697725061529885,11416.89790176549,9.288275130647811
1.3258426966292134,5195.128931846551,0.45759878332115655,9754.074212873049,9.192795489117628
1.348314606741573,5195.128931846551,0.4240176903080265,8227.396166882727,8.958603587647104
1.3707865168539326,5195.128931846551,0.3946517581809231,6840.973199063014,8.6023328006239
1.393258426966292,5195.128931846551,0.3689506962696185,5647.384226400799,8.177360595485691
1.4157303370786516,5195.128931846551,0.34632950321970696,4649.111061924906,7.7202120774301495
1.4382022471910112,5195.128931846551,0.32616662072172964,3817.0983412405617,7.243382040776188
1.4606741573033708,5195.128931846551,0.30803538956265764,3127.895992343508,6.759179273301375
1.4831460674157304,5195.128931846551,0.29201265939014653,2588.980267771238,6.32082551028944
1.5056179775280898,5195.128931846551,0.2774144008242395,2143.3589103182035,5.89071770784439
1.5280898876404494,5195.128931846551,0.2640652430554253,1776.8647867717636,5.475937970907683
1.550561797752809,5195.128931846551,0.25208167873423337,1489.8654849806483,5.11095424280304
1.5730337078651684,5195.128931846551,0.24101115013350108,1251.5045695226174,4.7617646400861915
1.595505617977528,5195.128931846551,0.23079812890062196,1055.5115869466426,4.435364168956523
1.6179775280898876,5195.128931846551,0.2215942306166253,902.689683494576,4.158659219431695
1.6404494382022472,5195.128931846551,0.21295683855238629,772.4377613909412,3.8909138610252483
1.6629213483146068,5195.128931846551,0.2050426407773058,667.3877331235772,3.655717864628885
1.6853932584269662,5195.128931846551,0.19769780073807328,580.1552865141008,3.441541105819121
1.7078651685393258,5195.128931846551,0.19077551993187644,505.3353275436844,3.237361690075957
1.7303370786516854,5195.128931846551,0.18444642243049492,445.24855952759305,3.064051274217472
1.7528089887640448,5195.128931846551,0.17837453229484757,391.6067040755946,2.8904840683746547
1.7752808988764044,5195.128931846551,0.1728232533448663,348.4918531261219,2.7451121682599435
1.797752808988764,5195.128931846551,0.16747091938571812,309.5456845700344,2.598666903063257
1.8202247191011236,5195.128931846551,0.16249234134184617,277.0248476383084,2.4695941812569253
1.8426966292134832,5195.128931846551,0.1578815751357478,250.02375098703038,2.358239803848691
1.8651685393258426,5195.128931846551,0.1534647409080939,225.86027068026604,2.2499630625638276
1.8876404494382022,5195.128931846551,0.1492927416469643,204.89241805865115,2.150448721745785
1.9101123595505618,5195.128931846551,0.14528682072069654,186.05116147274555,2.0538528970294996
1.9325842696629212,5195.128931846551,0.1415733453693836,170.3119828121449,1.9715412217283035
1.9550561797752808,5195.128931846551,0.1380110924639208,156.13574664899656,1.8922870417563677
1.9775280898876404,5195.128931846551,0.13461773527184565,143.55637048612292,1.8181964419214098
2.0,5195.128931846551,0.1313832253961714,132.36957575604907,1.7489810685430682
0.0,5773.881812370071,0.5607687450846679,957.0522372215787,1.1867084828864605
0.02247191011235955,5773.881812370071,0.559262979709573,960.2596847322634,1.1945053749271426
0.0449438202247191,5773.881812370071,0.5577420191124582,963.6206540456254,1.202555085694264
0.06741573033707865,5773.881812370071,0.5562129552054941,967.180471146061,1.2108851910794773
0.0898876404494382,5773.881812370071,0.5546762986186666,970.9519468705374,1.219510420203836
0.11235955056179775,5773.881812370071,0.5531326313823075,974.9490005888825,1.2284465820259547
0.1348314606741573,5773.881812370071,0.5515826130409915,979.1867706694486,1.2377106641956668
0.15730337078651685,5773.881812370071,0.5500269925533472,983.681765704848,1.247320954576373
0.1797752808988764,5773.881812370071,0.5484666189211733,988.4520221072349,1.257297171797911
0.20224719101123595,5773.881812370071,0.54690245521893,993.5172945257634,1.2676606167788935
0.2247191011235955,5773.881812370071,0.5453355941944983,998.8992724079972,1.2784343433973926
0.24719101123595505,5773.881812370071,0.543767276090517,1004.6218293828855,1.2896433522327604
0.2696629213483146,5773.881812370071,0.5421424939920367,1010.4034177185996,1.3011821217405688
0.29213483146067415,5773.881812370071,0.5407385228045057,1017.783161282911,1.3137318631718635
0.3146067415730337,5773.881812370071,0.5390994015134163,1024.2818646644166,1.3262403879932867
0.33707865168539325,5773.881812370071,0.537510747918181,1031.4899128928491,1.3394139172827295
0.3595505617977528,5773.881812370071,0.5359756930759477,1039.459002168107,1.3532975094696378
0.38202247191011235,5773.881812370071,0.5344916614179637,1048.2123060159538,1.3679254865294728
0.4044943820224719,5773.881812370071,0.5328046413263579,1056.31658568482,1.3826918103715602
0.42696629213483145,5773.881812370071,0.5313891738935963,1066.5507133916078,1.3988470122475358
0.449438202247191,5773.881812370071,0.5299060476819126,1076.9926471013328,1.415573504010919
0.47191011235955055,5773.881812370071,0.5284523872765062,1088.25366670714,1.4331729342790136
0.4943820224719101,5773.881812370071,0.5270351928989556,1100.429123695127,1.451722477217967
0.5168539325842696,5773.881812370071,0.5256626307683848,1113.6296929763025,1.471309504408632
0.5393258426966292,5773.881812370071,0.5243440982623917,1127.98355292925,1.4920329680338225
0.5617977528089888,5773.881812370071,0.5228281700066412,1141.9541602727159,1.5132434002137418
0.5842696629213483,5773.881812370071,0.5216512557999733,1159.051743545517,1.5365751904955562
0.6067415730337078,5773.881812370071,0.5205496095312389,1177.7174517759368,1.5613805226346384
0.6292134831460674,5773.881812370071,0.5194701131053622,1197.709614478219,1.5876087649557895
0.651685393258427,5773.881812370071,0.5184924384920654,1219.6941614660557,1.615628266812263
0.6741573033707865,5773.881812370071,0.5176354500393187,1243.9689388241356,1.6456476165936422
0.696629213483146,5773.881812370071,0.5169218671117781,1270.8953351537948,1.6779121449697045
0.7191011235955056,5773.881812370071,0.5163792740579567,1300.916312449245,1.7127128562046345
0.7415730337078652,5773.881812370071,0.5160414205360903,1334.5805935523167,1.7503980102671641
0.7640449438202247,5773.881812370071,0.5159499460102845,1372.575794740346,1.7913884047779844
0.7865168539325842,5773.881812370071,0.5161566682129767,1415.7742926159488,1.8361976734004635
0.8089887640449438,5773.881812370071,0.5167266861733846,1465.2979697968537,1.8854596474466307
0.8314606741573034,5773.881812370071,0.5177426639642988,1522.6114034392579,1.939965746944227
0.8539325842696629,5773.881812370071,0.5192289885657855,1588.8979103810568,2.000378687321844
0.8764044943820224,5773.881812370071,0.5215981153834872,1669.3468081819933,2.0691169677867833
0.898876404494382,5773.881812370071,0.5247045251924474,1764.497405459008,2.1464795216103876
0.9213483146067416,5773.881812370071,0.529030729136884,1881.8276439917524,2.2356845893367523
0.9438202247191011,5773.881812370071,0.5345330524358547,2024.5520453223455,2.3379172477717542
0.9662921348314606,5773.881812370071,0.5419677420526593,2206.5968202586323,2.4584153841899075
0.9887640449438202,5773.881812370071,0.5514980009986092,2437.9598809329514,2.60005354164246
1.0112359550561798,5773.881812370071,0.5637554996082388,2738.2791824526507,2.768267080207704
1.0337078651685392,5773.881812370071,0.5784595466940965,3118.453801492169,2.963890894717028
1.0561797752808988,5773.881812370071,0.5955954288663,3595.6528187871145,3.1886533239719106
1.0786516853932584,5773.881812370071,0.6143612489482673,4174.507980661237,3.439612138155814
1.101123595505618,5773.881812370071,0.6339023532197275,4855.046722900694,3.713134451966731
1.1235955056179776,5773.881812370071,0.653638406170393,5638.643165104751,4.006945714421748
1.146067415730337,5773.881812370071,0.6733060999475896,6531.044135756286,4.320450277180319
1.1685393258426966,5773.881812370071,0.6927957346740826,7540.730250706823,4.6538773597099565
1.1910112359550562,5773.881812370071,0.712132867298388,8679.603299290733,5.007961227147192
1.2134831460674156,5773.881812370071,0.7313755933090822,9960.759966210571,5.3832767461869455
1.2359550561797752,5773.881812370071,0.7503933975030708,11392.150046742032,5.7799706959279336
1.2584269662921348,5773.881812370071,0.7000007876611123,11052.068921692637,6.224127380808138
1.2808988764044944,5773.881812370071,0.6308276337037428,9941.73849175808,6.59361651802584
1.303370786516854,5773.881812370071,0.5740747395437209,8853.001022933551,6.829589787572404
1.3258426966292134,5773.881812370071,0.5264283071958822,7765.462496770062,6.926470984227632
1.348314606741573,5773.881812370071,0.4855801690222518,6697.43335327909,6.890136177478366
1.3707865168539326,5773.881812370071,0.4507939678246129,5729.220785397798,6.7628647060955105
1.393258426966292,5773.881812370071,0.4205396662699882,4860.495032636621,6.560887679527537
1.4157303370786516,5773.881812370071,0.3938601888524975,4092.9425808261285,6.300563576116404
1.4382022471910112,5773.881812370071,0.37045091398814833,3446.0512083377275,6.017918968459967
1.4606741573033708,5773.881812370071,0.3492524603617924,2879.6273387593687,5.696901954768703
1.4831460674157304,5773.881812370071,0.33066554534580234,2427.16284512199,5.397457806880279
1.5056179775280898,5773.881812370071,0.3136700605699442,2038.602327190218,5.0841286043344525
1.5280898876404494,5773.881812370071,0.29836279087077305,1720.3895505854227,4.786132993394932
1.550561797752809,5773.881812370071,0.28456181745682896,1461.7499921808806,4.510299200603126
1.5730337078651684,5773.881812370071,0.27187833342477635,1244.5518527609415,4.243379786930871
1.595505617977528,5773.881812370071,0.2602443815100266,1064.2485686610207,3.992251702883564
1.6179775280898876,5773.881812370071,0.24969424687735328,918.6948177471288,3.769390693051254
1.6404494382022472,5773.881812370071,0.23985033913022508,794.2393427394213,3.553828466656718
1.6629213483146068,5773.881812370071,0.2307405649966345,690.0939974410819,3.35401391223857
1.6853932584269662,5773.881812370071,0.22231267518387524,603.1401039187426,3.1710946983350157
1.7078651685393258,5773.881812370071,0.2144658078477975,529.6328994904238,3.0015987746409416
1.7303370786516854,5773.881812370071,0.20713285473359694,467.0762263915579,2.8439400883091372
1.7528089887640448,5773.881812370071,0.20033680900220635,414.7465913397102,2.7025946997030776
1.7752808988764044,5773.881812370071,0.19399764904440744,370.3219216028864,2.573912184689478
1.797752808988764,5773.881812370071,0.18790217387853453,330.2044844214243,2.4445710253783814
1.8202247191011236,5773.881812370071,0.18231312619250087,297.3789868012113,2.334990897860812
1.8426966292134832,5773.881812370071,0.17696870497561853,268.0207191266645,2.228035502945752
1.8651685393258426,5773.881812370071,0.17197605324084525,243.0032902486917,2.132345021090443
1.8876404494382022,5773.881812370071,0.16732780603966382,221.77972260050217,2.048232677877277
1.9101123595505618,5773.881812370071,0.16279338678857203,201.94726957228144,1.961194350748313
1.9325842696629212,5773.881812370071,0.158574048462359,185.14073265058693,1.8853691056799868
1.9550561797752808,5773.881812370071,0.15449953649815856,169.75711759396015,1.810329551404942
1.9775280898876404,5773.881812370071,0.15079443003222898,157.28386886604181,1.7508400380652382
2.0,5773.881812370071,0.14708727272533553,144.95736899590185,1.684049296672932
0.0,6417.109492481523,0.5733718744097646,918.3901802134261,1.1337216934082384
0.02247191011235955,6417.109492481523,0.5723251574704327,922.4221944086238,1.1409931955660124
0.0449438202247191,6417.109492481523,0.5708413826522001,924.5420749507342,1.1476333402163978
0.06741573033707865,6417.109492481523,0.5693419001956642,926.7738029744992,1.1544807403864528
0.0898876404494382,6417.109492481523,0.5678248934860527,929.115316463616,1.1615416380154255
0.11235955056179775,6417.109492481523,0.5662886816146342,931.5654623896119,1.1688230333474035
0.1348314606741573,6417.109492481523,0.5647315988532409,934.123432355984,1.176332481593013
0.15730337078651685,6417.109492481523,0.5631703538329508,936.879273110594,1.1841162599579453
0.1797752808988764,6417.109492481523,0.561626339730634,939.9483029878037,1.1922324111438323
0.20224719101123595,6417.109492481523,0.5600666132427242,943.1781165614684,1.200626601555213
0.2247191011235955,6417.109492481523,0.5584993653948439,946.6195444726599,1.209330705232739
0.24719101123595505,6417.109492481523,0.5569253191528473,950.2874028212467,1.2183621478594766
0.2696629213483146,6417.109492481523,0.5553453015487461,954.1979093770722,1.2277397368540648
0.29213483146067415,6417.109492481523,0.5537602563845,958.3688502172173,1.2374838050415515
0.3146067415730337,6417.109492481523,0.5521712633909087,962.8197948948063,1.2476163836016343
0.33707865168539325,6417.109492481523,0.5505795561544957,967.5723243982543,1.2581613901908895
0.3595505617977528,6417.109492481523,0.5488958610158995,972.1777837177167,1.2689383002998114
0.38202247191011235,6417.109492481523,0.5474756562733002,978.5101010383196,1.2807838039606065
0.4044943820224719,6417.109492481523,0.5458198415926545,983.9791695328234,1.2925819369260358
0.42696629213483145,6417.109492481523,0.5442180010744263,990.1222971145882,1.305025633577711
0.449438202247191,6417.109492481523,0.542666200326435,996.9488843218861,1.3181416095024345
0.47191011235955055,6417.109492481523,0.5411695351056546,1004.5198712368838,1.3319811477763646
0.4943820224719101,6417.109492481523,0.5394721274122848,1011.46271762064,1.3459545924619942
0.5168539325842696,6417.109492481523,0.5379738696205439,1019.9988246574968,1.361082813874979
0.5393258426966292,6417.109492481523,0.5364596314314973,1028.9861440026966,1.37688384707488
0.5617977528089888,6417.109492481523,0.5349754933205839,1038.7209917375367,1.3935228902782468
0.5842696629213483,6417.109492481523,0.5335291273640776,1049.2946117693657,1.4110763222384999
0.6067415730337078,6417.109492481523,0.5321294935828099,1060.8132372725,1.429630879153974
0.6292134831460674,6417.109492481523,0.5307868763564637,1073.3999897750825,1.4492849755612822
0.651685393258427,6417.109492481523,0.5292475524699906,1085.5909658735745,1.4694077079619967
0.6741573033707865,6417.109492481523,0.528055198244022,1100.7338459910475,1.4915948492147166
0.696629213483146,6417.109492481523,0.5268887915904055,1116.9974066217808,1.5150573721525424
0.7191011235955056,6417.109492481523,0.525791125728761,1134.7447155243606,1.5400244640942335
0.7415730337078652,6417.109492481523,0.5248026000558047,1154.3565177817682,1.5667414670092226
0.7640449438202247,6417.109492481523,0.5239446903192195,1176.1257468479878,1.5954208553359917
0.7865168539325842,6417.109492481523,0.523243579343238,1200.4115716423148,1.6263147103298126
0.8089887640449438,6417.109492481523,0.5227314580897712,1227.6592521251875,1.6597249180527271
0.8314606741573034,6417.109492481523,0.5224482539746661,1258.4273609462352,1.6960166639695335
0.8539325842696629,6417.109492481523,0.5224439478912168,1293.4256262478268,1.7356364739529169
0.8764044943820224,6417.109492481523,0.5227817261952948,1333.5684473858175,1.7791366350934048
0.898876404494382,6417.109492481523,0.5235424176307594,1380.05264498398,1.8272089798796212
0.9213483146067416,6417.109492481523,0.5247738417963643,1434.0010184263372,1.880514146751832
0.9438202247191011,6417.109492481523,0.5268209685747883,1499.3071270032299,1.940981836279847
0.9662921348314606,6417.109492481523,0.5295929779811236,1576.6640207328026,2.009028824747178
0.9887640449438202,6417.109492481523,0.5335900254116458,1672.566128497388,2.087627543658154
1.0112359550561798,6417.109492481523,0.538766883253101,1789.4776725575823,2.1777772413681618
1.0337078651685392,6417.109492481523,0.5458602874972841,1938.9019395885339,2.284099064346846
1.0561797752808988,6417.109492481523,0.5551667002914112,2130.3861738454357,2.409684615296805
1.0786516853932584,6417.109492481523,0.5672755008392198,2379.835311142628,2.5591413292151772
1.101123595505618,6417.109492481523,0.5819701655845523,2696.6449382865026,2.733259204160081
1.1235955056179776,6417.109492481523,0.5991200887866873,3092.9406510796657,2.9326993888823725
1.146067415730337,6417.109492481523,0.617767857381586,3568.5781699300437,3.1536519550960906
1.1685393258426966,6417.109492481523,0.6370020421002364,4120.194815476625,3.3922413142216303
1.1910112359550562,6417.109492481523,0.6562981501441354,4747.287512555978,3.646421479607904
1.2134831460674156,6417.109492481523,0.6754371495590049,5452.977763316001,3.915628638575628
1.2359550561797752,6417.109492481523,0.6944562986921753,6244.935512247872,4.200280096415443
1.2584269662921348,6417.109492481523,0.713215192860399,7127.017317919472,4.500235617657258
1.2808988764044944,6417.109492481523,0.7320049713954678,8112.372651754967,4.816117846089221
1.303370786516854,6417.109492481523,0.6699631226580238,7306.987776677966,5.051503786382801
1.3258426966292134,6417.109492481523,0.6104521491301661,6426.042049779308,5.208771592334236
1.348314606741573,6417.109492481523,0.5606057649809445,5626.96418331371,5.285094151703959
1.3707865168539326,6417.109492481523,0.5183831956286904,4899.110339228985,5.2867946639631205
1.393258426966292,6417.109492481523,0.48199395503460063,4236.984931243523,5.222873616405134
1.4157303370786516,6417.109492481523,0.4499673124014112,3632.1188910708133,5.098067340368255
1.4382022471910112,6417.109492481523,0.42231258220364276,3118.0455704931505,4.947505486259053
1.4606741573033708,6417.109492481523,0.39765228072339087,2665.920989628222,4.765528127032507
1.4831460674157304,6417.109492481523,0.37566290904301536,2277.976677250834,4.567278816238424
1.5056179775280898,6417.109492481523,0.355996981699386,1949.757124532092,4.363471230659322
1.5280898876404494,6417.109492481523,0.33814491704713934,1668.3457591379577,4.1527415306361855
1.550561797752809,6417.109492481523,0.3219606073364898,1430.965337393184,3.944486494090984
1.5730337078651684,6417.109492481523,0.3074928771846997,1238.1006140279098,3.755202980859974
1.595505617977528,6417.109492481523,0.2941226717130804,1071.7977012139866,3.5663144635236463
1.6179775280898876,6417.109492481523,0.2818263949132396,930.8743607426329,3.3850684074647517
1.6404494382022472,6417.109492481523,0.27052222955146166,812.1728817243395,3.2145690863526424
1.6629213483146068,6417.109492481523,0.26003470387811756,710.7674560685182,3.051654242984246
1.6853932584269662,6417.109492481523,0.2503549044011577,625.2999740094083,2.9007715932756315
1.7078651685393258,6417.109492481523,0.2415132804473395,554.812256437679,2.7676591115569273
1.7303370786516854,6417.109492481523,0.23313606514560037,492.3070333884737,2.635705435038065
1.7528089887640448,6417.109492481523,0.22538773895827283,439.6125149832252,2.516460571554203
1.7752808988764044,6417.109492481523,0.2180970971890487,393.6470091563686,2.40309564322627
1.797752808988764,6417.109492481523,0.21128829666947696,354.17576086849533,2.298847978045119
1.8202247191011236,6417.109492481523,0.20478515680652765,318.76952980016694,2.196077615706668
1.8426966292134832,6417.109492481523,0.19879737538934783,289.2364001201405,2.1071853056354746
1.8651685393258426,6417.109492481523,0.19316113660188078,263.44072998696834,2.0247258228381644
1.8876404494382022,6417.109492481523,0.1877562222439701,240.072147209008,1.9435444456689315
1.9101123595505618,6417.109492481523,0.18269318101853585,219.87006488321816,1.8702110999645207
1.9325842696629212,6417.109492481523,0.17787284813143164,201.8175364367788,1.8004317625857218
1.9550561797752808,6417.109492481523,0.17337361489105077,186.2904975509789,1.7387644618038283
1.9775280898876404,6417.109492481523,0.1690230074755581,171.95396711216588,1.6772150250171811
2.0,6417.109492481523,0.1649050767766044,159.270448910638,1.6204727407803674
0.0,7131.994657437081,0.5580559098083193,765.9176550559281,1.0343008494129402
0.02247191011235955,7131.994657437081,0.5597943815700877,779.5730294569465,1.0450485351960332
0.0449438202247191,7131.994657437081,0.5616013175099746,793.8812708191527,1.0561865509714545
0.06741573033707865,7131.994657437081,0.5634801879495749,808.8870286030713,1.067735952256323
0.0898876404494382,7131.994657437081,0.5654347368751627,824.6390926293742,1.0797193570475705
0.11235955056179775,7131.994657437081,0.5674690197333838,841.1909202093221,1.092161111333104
0.1348314606741573,7131.994657437081,0.569587426395266,858.6011544021685,1.105087437093287
0.15730337078651685,7131.994657437081,0.5717947249116647,876.9342949936805,1.118526630754692
0.1797752808988764,7131.994657437081,0.5740946481954442,896.2546463569597,1.132506410900912
0.20224719101123595,7131.994657437081,0.5737334847818952,903.5754961811994,1.1415838190512546
0.2247191011235955,7131.994657437081,0.5722001390600517,905.6024600303296,1.1486112222226355
0.24719101123595505,7131.994657437081,0.5706503054753134,907.7494772587545,1.1558725315284426
0.2696629213483146,7131.994657437081,0.5690812366128892,910.0110737893829,1.1633740528383913
0.29213483146067415,7131.994657437081,0.5674903160938961,912.3826494150192,1.1711229349663594
0.3146067415730337,7131.994657437081,0.5658868441369087,914.9171130780703,1.1791515722238932
0.33707865168539325,7131.994657437081,0.5643016489308607,917.7726559636668,1.1875388379260403
0.3595505617977528,7131.994657437081,0.562704484694473,920.8148458339068,1.1962385030330271
0.38202247191011235,7131.994657437081,0.5611008738548917,924.0815264016325,1.2052791143070094
0.4044943820224719,7131.994657437081,0.5594918608199527,927.5899653384207,1.214681282577845
0.42696629213483145,7131.994657437081,0.5578786489193136,931.3592459260915,1.2244674038013703
0.449438202247191,7131.994657437081,0.5561424919083036,934.8136034372988,1.234397940245412
0.47191011235955055,7131.994657437081,0.5547078835220466,940.080126012647,1.2454302444546417
0.4943820224719101,7131.994657437081,0.553036313046973,944.4938471990836,1.2564018429559205
0.5168539325842696,7131.994657437081,0.5514194134321061,949.5283297667704,1.2679848157775389
0.5393258426966292,7131.994657437081,0.5498507978440247,955.1773686352271,1.2801984399869415
0.5617977528089888,7131.994657437081,0.5483409586820467,961.5236503529788,1.293103662718633
0.5842696629213483,7131.994657437081,0.5466188512237827,967.185358328337,1.3060972648762335
0.6067415730337078,7131.994657437081,0.5450487626352657,974.0762654281463,1.3200728669198933
0.6292134831460674,7131.994657437081,0.5435018491572476,981.5625737330498,1.334772252287198
0.651685393258427,7131.994657437081,0.541985101619061,989.7174630391291,1.3502603183433144
0.6741573033707865,7131.994657437081,0.540506824659494,998.6266969691726,1.3666109583167942
0.696629213483146,7131.994657437081,0.5390767228592753,1008.390357392563,1.383908298878892
0.7191011235955056,7131.994657437081,0.5374365402034526,1017.6172613466199,1.4015406624207143
0.7415730337078652,7131.994657437081,0.5361379598597319,1029.4354099253005,1.4210183659887914
0.7640449438202247,7131.994657437081,0.5349034887782991,1042.3847375072185,1.441709793203732
0.7865168539325842,7131.994657437081,0.5336836471561145,1056.25488380378,1.4635696335920896
0.8089887640449438,7131.994657437081,0.5325595265499325,1071.603661056659,1.486922907660001
0.8314606741573034,7131.994657437081,0.5315509177882842,1088.6616193261098,1.5119477432765218
0.8539325842696629,7131.994657437081,0.530682030884589,1107.711282745313,1.5388552866681011
0.8764044943820224,7131.994657437081,0.529982749227868,1129.1028261903048,1.5678982827693662
0.898876404494382,7131.994657437081,0.5294903171280461,1153.275680081176,1.5993825101838264
0.9213483146067416,7131.994657437081,0.5292515920861999,1180.7884666435605,1.6336820647793404
0.9438202247191011,7131.994657437081,0.5293261478501534,1212.3615479663106,1.6712602113298505
0.9662921348314606,7131.994657437081,0.5297906526368366,1248.938919714389,1.7126983526421398
0.9887640449438202,7131.994657437081,0.5307371783937376,1291.7216150372217,1.758708844199479
1.0112359550561798,7131.994657437081,0.5323798142654996,1343.039972990927,1.8105422856278042
1.0337078651685392,7131.994657437081,0.5347052498020115,1403.8244876800927,1.868765599568112
1.0561797752808988,7131.994657437081,0.5382374088489867,1479.6840634803032,1.9360958718426067
1.0786516853932584,7131.994657437081,0.5429075345113485,1572.1942155254262,2.0132442652343863
1.101123595505618,7131.994657437081,0.5494759620855727,1691.0434490669052,2.104378917556073
1.1235955056179776,7131.994657437081,0.5583208092096884,1844.595409979334,2.212482449791575
1.146067415730337,7131.994657437081,0.5699954707233719,2045.3763621365076,2.3413935731188733
1.1685393258426966,7131.994657437081,0.5844138919749536,2301.9097736572635,2.4921267814146733
1.1910112359550562,7131.994657437081,0.6013745640350481,2622.7963682943573,2.6646721799446693
1.2134831460674156,7131.994657437081,0.6197616896231111,3004.6284596667756,2.8546066312762046
1.2359550561797752,7131.994657437081,0.638561742409356,3441.407060839745,3.057790908629623
1.2584269662921348,7131.994657437081,0.6573748000340791,3932.7069344842257,3.2726778678985755
1.2808988764044944,7131.994657437081,0.6759949675017809,4479.696951835811,3.4985961890123907
1.303370786516854,7131.994657437081,0.6944677477374653,5087.180989158895,3.7357247678346996
1.3258426966292134,7131.994657437081,0.7130431700676998,5763.729022448836,3.984379321739188
1.348314606741573,7131.994657437081,0.653345437194539,5025.140495862596,4.084251475700489
1.3707865168539326,7131.994657437081,0.6006436169274686,4367.38438992722,4.137189077963458
1.393258426966292,7131.994657437081,0.5559339779932907,3801.5754710734145,4.145878523529627
1.4157303370786516,7131.994657437081,0.5175450906962688,3307.4836967793735,4.114505655128155
1.4382022471910112,7131.994657437081,0.4840432930379526,2871.151900879931,4.047408034610557
1.4606741573033708,7131.994657437081,0.45462813604561125,2489.6492685068015,3.9532195421352165
1.4831460674157304,7131.994657437081,0.4284542502512152,2154.984781710774,3.836343627825745
1.5056179775280898,7131.994657437081,0.4053614052452511,1871.3171368129235,3.7114340300358397
1.5280898876404494,7131.994657437081,0.38438015035757234,1621.641958078263,3.5718186159819867
1.550561797752809,7131.994657437081,0.3656007791115913,1410.8528462651166,3.432411955134396
1.5730337078651684,7131.994657437081,0.3486161721943279,1231.403514020462,3.2938281886907816
1.595505617977528,7131.994657437081,0.3331430857450728,1077.9552769303793,3.1570962104735765
1.6179775280898876,7131.994657437081,0.318898417014358,945.1749504723879,3.020868320147397
1.6404494382022472,7131.994657437081,0.30568261611523745,829.4418141555961,2.8846528021251787
1.6629213483146068,7131.994657437081,0.2937541813072415,734.1083242319424,2.762952627571474
1.6853932584269662,7131.994657437081,0.2825944686657349,650.3273121071506,2.6422265564407033
1.7078651685393258,7131.994657437081,0.2724120838384625,580.3398880733976,2.5337790472093107
1.7303370786516854,7131.994657437081,0.26282644116450155,518.4019750940865,2.426792606611041
1.7528089887640448,7131.994657437081,0.2538942121465828,464.7988692727701,2.3259335953353037
1.7752808988764044,7131.994657437081,0.24557549829961095,418.5147881406135,2.231946043009857
1.797752808988764,7131.994657437081,0.23781084251437956,378.40452758097007,2.144471040533008
1.8202247191011236,7131.994657437081,0.23039353681004032,342.1357471895631,2.0571796700083183
1.8426966292134832,7131.994657437081,0.2235469746489269,311.43193179029316,1.9800123925232616
1.8651685393258426,7131.994657437081,0.21708409260316466,284.2818947579838,1.9069607029440245
1.8876404494382022,7131.994657437081,0.21101821133924578,260.53455272444916,1.839536246891169
1.9101123595505618,7131.994657437081,0.20526961291659587,239.36971819915138,1.775547805011573
1.9325842696629212,7131.994657437081,0.19968785216973745,219.651906188612,1.7100330711097969
1.9550561797752808,7131.994657437081,0.19452423157209736,202.8881719647224,1.6532154455962393
1.9775280898876404,7131.994657437081,0.1897066662023796,188.37200326828,1.6028790892136593
2.0,7131.994657437081,0.1849928294342748,174.60584464692312,1.5504124277688909
0.0,7926.52016508468,0.5455656959522512,651.7527420134353,0.9506494319620783
0.02247191011235955,7926.52016508468,0.5468947219846021,661.1992393223975,0.9590382741867741
0.0449438202247191,7926.52016508468,0.5482760750402497,671.0568341789957,0.9677095524776284
0.06741573033707865,7926.52016508468,0.5497121248955071,681.3506704518891,0.9766772576549083
0.0898876404494382,7926.52016508468,0.5512054113958994,692.1079962520159,0.9859563396496394
0.11235955056179775,7926.52016508468,0.5527586616177007,703.3583910900297,0.9955627932923793
0.1348314606741573,7926.52016508468,0.5543748112099565,715.1340309158885,1.0055137572181068
0.15730337078651685,7926.52016508468,0.5560570266521261,727.4699829190719,1.0158276209834827
0.1797752808988764,7926.52016508468,0.557808732353738,740.4045490687975,1.0265241480965723
0.20224719101123595,7926.52016508468,0.5596336383651815,753.979647554366,1.0376246083882577
0.2247191011235955,7926.52016508468,0.5612545059082258,767.1049346022746,1.0486344031176384
0.24719101123595505,7926.52016508468,0.5632372613316433,782.079111395105,1.060606270824343
0.2696629213483146,7926.52016508468,0.5653063609232881,797.8446967169548,1.073056252921112
0.29213483146067415,7926.52016508468,0.5674670142823675,814.4630442029028,1.086013305067251
0.3146067415730337,7926.52016508468,0.5697249120600153,832.0020184222707,1.0995088134561015
0.33707865168539325,7926.52016508468,0.572086276352437,850.5368410801119,1.1135768407026498
0.3595505617977528,7926.52016508468,0.5745579097634538,870.1510332134948,1.128254385196386
0.38202247191011235,7926.52016508468,0.5753937819543534,882.8545050270316,1.1401120133140406
0.4044943820224719,7926.52016508468,0.5738105197707832,884.7415809980597,1.1475110303274532
0.42696629213483145,7926.52016508468,0.5722096878544912,886.7546469044262,1.1551721007296551
0.449438202247191,7926.52016508468,0.570586395293573,888.8794194675402,1.1630994560135015
0.47191011235955055,7926.52016508468,0.5689531464752114,891.1829512908166,1.1713335640416551
0.4943820224719101,7926.52016508468,0.5673270622121647,893.7555909945775,1.1799264747300153
0.5168539325842696,7926.52016508468,0.5656711705107117,896.43513841453,1.1888198777627297
0.5393258426966292,7926.52016508468,0.5641971107374579,900.2346092151279,1.1984785115364125
0.5617977528089888,7926.52016508468,0.5624674275843625,903.0971742757181,1.2080026068162575
0.5842696629213483,7926.52016508468,0.5607807512943525,906.4480008106468,1.2180417783298325
0.6067415730337078,7926.52016508468,0.5591472708227309,910.3552499434312,1.228646135372559
0.6292134831460674,7926.52016508468,0.5575614314551997,914.8139401628088,1.2398344372281003
0.651685393258427,7926.52016508468,0.5557585845956351,918.5521306180194,1.2510468391893965
0.6741573033707865,7926.52016508468,0.5542526734102806,924.1006375750457,1.2634628208848322
0.696629213483146,7926.52016508468,0.5526496921346049,929.5567775916164,1.276236840109355
0.7191011235955056,7926.52016508468,0.5510687481288297,935.5303980785127,1.2896755327703993
0.7415730337078652,7926.52016508468,0.5495172584710952,942.0886777695441,1.303839874997242
0.7640449438202247,7926.52016508468,0.5480040722899447,949.3107071466976,1.3187995317960872
0.7865168539325842,7926.52016508468,0.5465395390285511,957.2889438571127,1.3346339841127228
0.8089887640449438,7926.52016508468,0.5448623726019911,964.698233451034,1.3507515438091542
0.8314606741573034,7926.52016508468,0.5435323117905019,974.5084147401342,1.36860681620747
0.8539325842696629,7926.52016508468,0.5422263437004657,985.097513579381,1.3874781653449926
0.8764044943820224,7926.52016508468,0.5409667463122262,996.6442763144302,1.4075031263839168
0.898876404494382,7926.52016508468,0.5398056353383643,1009.5074485717822,1.4289134336994083
0.9213483146067416,7926.52016508468,0.5387647264561312,1023.9024037303593,1.4518796793007895
0.9438202247191011,7926.52016508468,0.5378709101853116,1040.095805301976,1.4766057254946194
0.9662921348314606,7926.52016508468,0.5371578252438312,1058.4220382109193,1.5033379096167327
0.9887640449438202,7926.52016508468,0.5366679720595899,1079.3059916616614,1.5323773931349938
1.0112359550561798,7926.52016508468,0.5364556402498346,1103.2954764131189,1.5640970838721793
1.0337078651685392,7926.52016508468,0.5365910109289547,1131.1081386202525,1.598965113850746
1.0561797752808988,7926.52016508468,0.5371662384899953,1163.70230973295,1.637578642873563
1.0786516853932584,7926.52016508468,0.5384065465693522,1203.072957573296,1.6810494438779793
1.101123595505618,7926.52016508468,0.5400786406457492,1248.3237125437283,1.729072073059751
1.1235955056179776,7926.52016508468,0.5430985191293957,1306.7965000065526,1.7853248900501324
1.146067415730337,7926.52016508468,0.5471123910671762,1377.5118928183758,1.84936625938013
1.1685393258426966,7926.52016508468,0.552925117309016,1468.6427746856466,1.9249594842145767
1.1910112359550562,7926.52016508468,0.5609783884836355,1587.1731346782885,2.0148504674186802
1.2134831460674156,7926.52016508468,0.5719247990544317,1743.8291351318642,2.122684226476555
1.2359550561797752,7926.52016508468,0.5857236265474091,1945.4123546372016,2.2493531511647222
1.2584269662921348,7926.52016508468,0.6022657524325448,2199.331318890993,2.3949797955628953
1.2808988764044944,7926.52016508468,0.620237829715406,2499.8654748481395,2.5546312679824825
1.303370786516854,7926.52016508468,0.6386118944502361,2840.827731927807,2.724349484818803
1.3258426966292134,7926.52016508468,0.6569539100244405,3220.401622649752,2.902459348481715
1.348314606741573,7926.52016508468,0.6750502522420867,3638.3246092006357,3.0881880241817448
1.3707865168539326,7926.52016508468,0.6930538920527316,4098.9977466200835,3.281813553255105
1.393258426966292,7926.52016508468,0.6472042672916959,3641.228775405644,3.3292577776807284
1.4157303370786516,7926.52016508468,0.5997117305235731,3153.1141494314816,3.334794095004646
1.4382022471910112,7926.52016508468,0.5585509766463039,2740.463621707473,3.315731049686722
1.4606741573033708,7926.52016508468,0.5229882490010425,2391.9139427195146,3.276926745738195
1.4831460674157304,7926.52016508468,0.4915581037164129,2088.55627887747,3.218120591110884
1.5056179775280898,7926.52016508468,0.4638024509218135,1827.4620440099875,3.1456252045532427
1.5280898876404494,7926.52016508468,0.438899718525464,1599.3889291956991,3.060285139572257
1.550561797752809,7926.52016508468,0.4168448327222031,1406.6561511270424,2.97221744182718
1.5730337078651684,7926.52016508468,0.39675958113862553,1237.5702436723795,2.8767543912384954
1.595505617977528,7926.52016508468,0.37850171345446887,1091.0578533440794,2.7784068524652925
1.6179775280898876,7926.52016508468,0.36194820045634024,965.6589801920998,2.681504309204628
1.6404494382022472,7926.52016508468,0.3466734970243324,855.7049530174362,2.58292065435641
1.6629213483146068,7926.52016508468,0.3327783754996645,762.2093983751402,2.4896030045401685
1.6853932584269662,7926.52016508468,0.3197782803861656,679.0443486758696,2.394508952091042
1.7078651685393258,7926.52016508468,0.30805334104642473,609.9933581248288,2.310215932316454
1.7303370786516854,7926.52016508468,0.29694205847621813,547.499445450094,2.223429532703318
1.7528089887640448,7926.52016508468,0.28661253407323733,493.06139844934347,2.140621834418587
1.7752808988764044,7926.52016508468,0.2771804257671861,447.2018344994551,2.0670801080406345
1.797752808988764,7926.52016508468,0.2680985449534062,404.7478022439964,1.9900269904869996
1.8202247191011236,7926.52016508468,0.2597849223855608,368.94672448506134,1.92221967034341
1.8426966292134832,7926.52016508468,0.2518680269502809,336.52425791892,1.8548591413025592
1.8651685393258426,7926.52016508468,0.2445013083641182,308.3976231523578,1.7933006125715911
1.8876404494382022,7926.52016508468,0.2374899831742498,282.9828510825816,1.7330921577065477
1.9101123595505618,7926.52016508468,0.23081068999905413,260.01336793260106,1.674400585605882
1.9325842696629212,7926.52016508468,0.22466635299203555,240.51830921981662,1.6237018972368507
1.9550561797752808,7926.52016508468,0.2187463527362996,222.50331086006372,1.5728629899943325
1.9775280898876404,7926.52016508468,0.21318334670049627,206.60601590935408,1.5262026063719625
2.0,7926.52016508468,0.20784184742558331,192.01388856780028,1.4803689416312127
0.0,8809.558187480778,0.5351491593249379,563.8490529099067,0.8792989907714696
0.02247191011235955,8809.558187480778,0.5361570690218707,570.4635222160607,0.8858716648840861
0.0449438202247191,8809.558187480778,0.537202011055506,577.331962589903,0.8926445327436343
0.06741573033707865,8809.558187480778,0.5382856923676664,584.4686908502222,0.8996269219336239
0.0898876404494382,8809.558187480778,0.539514318732228,592.2193174795159,0.9069966562161088
0.11235955056179775,8809.558187480778,0.5404929544226919,599.3418611745751,0.9141248677742304
0.1348314606741573,8809.558187480778,0.5417589318687078,607.5546381662676,0.9218862464881242
0.15730337078651685,8809.558187480778,0.5430440150621574,616.0186345964628,0.9298567777991269
0.1797752808988764,8809.558187480778,0.5443546857811907,624.7650778142894,0.9380550178807225
0.20224719101123595,8809.558187480778,0.5457172868304613,633.8939197136876,0.9465336296261914
0.2247191011235955,8809.558187480778,0.5471368951969544,643.4379332148031,0.955311309664099
0.24719101123595505,8809.558187480778,0.5486163362502967,653.4239965983865,0.9644037636093425
0.2696629213483146,8809.558187480778,0.5501586654164137,663.8814225848546,0.9738278620661007
0.29213483146067415,8809.558187480778,0.5517671957933455,674.8422520128155,0.9836017577088401
0.3146067415730337,8809.558187480778,0.5534455277851273,686.3415844682773,0.9937450137382288
0.33707865168539325,8809.558187480778,0.5551975840855169,698.4179628129332,1.0042787504563602
0.3595505617977528,8809.558187480778,0.5570276485982486,711.1138130768843,1.0152258087244244
0.38202247191011235,8809.558187480778,0.55894040712979,724.4759386541225,1.0266109275949533
0.4044943820224719,8809.558187480778,0.5609409950503568,738.5560963334375,1.038460946600765
0.42696629213483145,8809.558187480778,0.5630350472488933,753.4116467014057,1.0508050257753978
0.449438202247191,8809.558187480778,0.5652287512060837,769.1062926923685,1.0636748860864969
0.47191011235955055,8809.558187480778,0.5675289038584999,785.710921642098,1.0771050727955813
0.4943820224719101,8809.558187480778,0.5699429692641594,803.3045533350402,1.091133237348976
0.5168539325842696,8809.558187480778,0.5724791362873404,821.9754064127533,1.1058004370711418
0.5393258426966292,8809.558187480778,0.5751463730333665,841.8220865833393,1.121151446754142
0.5617977528089888,8809.558187480778,0.577448674559861,860.6921289995103,1.1362400971744493
0.5842696629213483,8809.558187480778,0.5757170524207396,861.941802924185,1.1437790024677839
0.6067415730337078,8809.558187480778,0.5740636101237615,863.7544094051233,1.1517996431525197
0.6292134831460674,8809.558187480778,0.5725304619399122,866.3345290280295,1.1604092354045707
0.651685393258427,8809.558187480778,0.5707863238034485,868.1963787777782,1.1689576466290146
0.6741573033707865,8809.558187480778,0.5690850141119042,870.4965774651306,1.1779760989973826
0.696629213483146,8809.558187480778,0.5674341577151524,873.2853715959045,1.1875053113972867
0.7191011235955056,8809.558187480778,0.5658303724813177,876.5646903521506,1.1975656020535943
0.7415730337078652,8809.558187480778,0.5640068221999683,879.11611137157,1.2076166382114477
0.7640449438202247,8809.558187480778,0.5624501817704295,883.2078798481623,1.2187216177864717
0.7865168539325842,8809.558187480778,0.5608143408815054,887.2561739664293,1.2301747506301888
0.8089887640449438,8809.558187480778,0.5591985239913219,891.7425390341734,1.2422230396097165
0.8314606741573034,8809.558187480778,0.5576104433435753,896.7274220656428,1.2549221549523122
0.8539325842696629,8809.558187480778,0.5560593503520126,902.2823404723956,1.2683359176913171
0.8764044943820224,8809.558187480778,0.5545560786405511,908.49100728521,1.2825372655767309
0.898876404494382,8809.558187480778,0.5528358546970917,914.0896949089051,1.2969548387353007
0.9213483146067416,8809.558187480778,0.5514668045473587,921.8949986099835,1.3129800242027103
0.9438202247191011,8809.558187480778,0.5500851361127974,930.1747800609902,1.3298261391588277
0.9662921348314606,8809.558187480778,0.5487754293818712,939.3978720565876,1.3477682706305747
0.9887640449438202,8809.558187480778,0.5475646738325302,949.7638681650287,1.3669587474169278
1.0112359550561798,8809.558187480778,0.5464762127273048,961.4692419587542,1.3875556528616597
1.0337078651685392,8809.558187480778,0.5455393170761648,974.7598892083212,1.4097494821986944
1.0561797752808988,8809.558187480778,0.5447910900276342,989.9478094401593,1.4337726318508865
1.0786516853932584,8809.558187480778,0.5442790917466352,1007.4347096711272,1.4599123852223779
1.101123595505618,8809.558187480778,0.544065006195465,1027.7459863071479,1.488528918892232
1.1235955056179776,8809.558187480778,0.544230047772971,1051.5817956319804,1.5200812123409198
1.146067415730337,8809.558187480778,0.5447994458782806,1079.398174714334,1.554915768185214
1.1685393258426966,8809.558187480778,0.5461863409623166,1114.1004446688582,1.5946103103589713
1.1910112359550562,8809.558187480778,0.5483654241118752,1156.224726687762,1.639542767673781
1.2134831460674156,8809.558187480778,0.5515926158145185,1208.2866973738078,1.691043334026832
1.2359550561797752,8809.558187480778,0.5564264673015248,1275.3614901127298,1.7515762505643142
1.2584269662921348,8809.558187480778,0.563362423757496,1363.1260706767623,1.8236015876867149
1.2808988764044944,8809.558187480778,0.5729266498023972,1478.8515083030381,1.9097879819403447
1.303370786516854,8809.558187480778,0.5858900376046712,1633.7151836145463,2.0135432393116988
1.3258426966292134,8809.558187480778,0.6017544102762761,1830.5053377528254,2.1335534217855026
1.348314606741573,8809.558187480778,0.619212790601613,2064.001490515124,2.2652943638161096
1.3707865168539326,8809.558187480778,0.6369894287061286,2326.1386576891496,2.4043090966907017
1.393258426966292,8809.558187480778,0.6549287071037141,2617.704267996644,2.5498205408577506
1.4157303370786516,8809.558187480778,0.6725100019257644,2934.6476697517155,2.7001035047140243
1.4382022471910112,8809.558187480778,0.6510054425554702,2810.915483211991,2.759232822944236
1.4606741573033708,8809.558187480778,0.6063948005769947,2424.1576128924944,2.7408140910695513
1.4831460674157304,8809.558187480778,0.5676681244670584,2107.8259153832623,2.7112805045512514
1.5056179775280898,8809.558187480778,0.5339178580416215,1845.2603095346503,2.672193043260167
1.5280898876404494,8809.558187480778,0.5039662942864925,1621.1553886531863,2.623202192560435
1.550561797752809,8809.558187480778,0.47737729676851504,1430.2830769109116,2.567584505333847
1.5730337078651684,8809.558187480778,0.453489363101905,1265.5089011067494,2.506076894107936
1.595505617977528,8809.558187480778,0.43186717073040964,1122.3965202937281,2.439931659675333
1.6179775280898876,8809.558187480778,0.4123986309760161,999.833837708622,2.3731404789094355
1.6404494382022472,8809.558187480778,0.39451097051771156,891.9775226658047,2.303334171159935
1.6629213483146068,8809.558187480778,0.37825278032187093,799.1770298835786,2.2350059711329817
1.6853932584269662,8809.558187480778,0.36306386872362145,716.0201603829829,2.1634998470837514
1.7078651685393258,8809.558187480778,0.3492806308835148,645.2776928658093,2.096795511141953
1.7303370786516854,8809.558187480778,0.33648866237697506,582.9725754767308,2.0311161680340386
1.7528089887640448,8809.558187480778,0.32454565039554795,527.7100399369643,1.9661624605496828
1.7752808988764044,8809.558187480778,0.3134345278199285,479.10662569423613,1.903474879390514
1.797752808988764,8809.558187480778,0.3030697529591365,436.2468793260337,1.8431743815341481
1.8202247191011236,8809.558187480778,0.29349283424052397,399.1037431414611,1.7875376997746166
1.8426966292134832,8809.558187480778,0.28434719005687503,365.09100867184605,1.73099062573189
1.8651685393258426,8809.558187480778,0.27588400285775033,335.61883163370635,1.6794412942082149
1.8876404494382022,8809.558187480778,0.2677870687941542,308.5961630206979,1.6275696848705887
1.9101123595505618,8809.558187480778,0.26030832534129206,285.2895127384044,1.5812545984076034
1.9325842696629212,8809.558187480778,0.25307873634241385,263.5518555534686,1.5336860064756779
1.9550561797752808,8809.558187480778,0.2464490480589294,245.04997149097701,1.4927248723154958
1.9775280898876404,8809.558187480778,0.2399606529945357,227.41918215139287,1.4493700243520384
2.0,8809.558187480778,0.2339725483423219,212.25321258318743,1.411630715362301
0.0,9790.96928314955,0.5266803753498299,495.68085390561544,0.8183726549251977
0.02247191011235955,9790.96928314955,0.5274296931464822,500.34607984376464,0.8235310323723051
0.0449438202247191,9790.96928314955,0.52821051906727,505.18463720121537,0.8288396932715434
0.06741573033707865,9790.96928314955,0.5290203749516045,510.1950830791325,0.8342995280026821
0.0898876404494382,9790.96928314955,0.5298604839490519,515.3862215726712,0.8399170681654158
0.11235955056179775,9790.96928314955,0.5307321530221503,520.7674989954328,0.8456992488774119
0.1348314606741573,9790.96928314955,0.5316367705804202,526.3490365718881,0.8516534264196032
0.15730337078651685,9790.96928314955,0.5325758209798426,532.141714201303,0.8577874229880977
0.1797752808988764,9790.96928314955,0.5335508871593325,538.1572262998317,0.8641095558180469
0.20224719101123595,9790.96928314955,0.5345636675531856,544.408184031759,0.8706286904447098
0.2247191011235955,9790.96928314955,0.5356159800626017,550.9081873925671,0.8773542769396186
0.24719101123595505,9790.96928314955,0.5367097784775758,557.67194075477,0.8842964082598986
0.2696629213483146,9790.96928314955,0.5378471676246865,564.715374185505,0.891465880229919
0.29213483146067415,9790.96928314955,0.5391011406587134,572.272270869685,0.8989875293890978
0.3146067415730337,9790.96928314955,0.5401570546332185,579.3867644205237,0.9063644660946135
0.33707865168539325,9790.96928314955,0.5415080203704723,587.5897118465037,0.914398769553246
0.3595505617977528,9790.96928314955,0.542887341456706,596.0757431111554,0.9226720320831403
0.38202247191011235,9790.96928314955,0.5442987057132432,604.8680349191426,0.9311995616606252
0.4044943820224719,9790.96928314955,0.5457463347019331,613.9928177150364,0.9399982942111466
0.42696629213483145,9790.96928314955,0.5473628969317856,623.9043785754324,0.949302817661716
0.449438202247191,9790.96928314955,0.5488321485683879,633.5710512097869,0.9585917867819388
0.47191011235955055,9790.96928314955,0.55049217164069,644.1375510771838,0.9684498600449684
0.4943820224719101,9790.96928314955,0.5522300459284329,655.2522797896316,0.978701133359651
0.5168539325842696,9790.96928314955,0.5540507018676206,666.9576242751572,0.9893698282824697
0.5393258426966292,9790.96928314955,0.5559595703113293,679.300627587626,1.0004823111064596
0.5617977528089888,9790.96928314955,0.5579626375388185,692.3336116202779,1.0120673218032705
0.5842696629213483,9790.96928314955,0.5600665059611729,706.1148934108043,1.0241562284067873
0.6067415730337078,9790.96928314955,0.5622784537400353,720.7095827295998,1.0367832960107055
0.6292134831460674,9790.96928314955,0.5646064965457417,736.1904856712993,1.0499859769364068
0.651685393258427,9790.96928314955,0.5670594453458591,752.639106103543,1.0638052115291572
0.6741573033707865,9790.96928314955,0.5696469612864615,770.1467643699267,1.0782857413215492
0.696629213483146,9790.96928314955,0.5723796004198888,788.8158214977365,1.0934764201906435
0.7191011235955056,9790.96928314955,0.5752688476286623,808.7610223392707,1.1094305200197425
0.7415730337078652,9790.96928314955,0.578327133694558,830.110949304435,1.1262060158494522
0.7640449438202247,9790.96928314955,0.5779802702415905,837.3034279012483,1.1368059939993425
0.7865168539325842,9790.96928314955,0.5763122664497771,839.0094452595233,1.1451923627791445
0.8089887640449438,9790.96928314955,0.5746897783520496,841.1445652642255,1.1540506853169217
0.8314606741573034,9790.96928314955,0.5728425920690571,842.5347451807695,1.1628583577473772
0.8539325842696629,9790.96928314955,0.5712492007472533,845.2936342647956,1.1726058190846131
0.8764044943820224,9790.96928314955,0.5695816686490621,847.995065715942,1.182656660585894
0.898876404494382,9790.96928314955,0.5679311131063235,851.0562377277407,1.1932255793240625
0.9213483146067416,9790.96928314955,0.5663053513250149,854.5303920797562,1.2043618112393464
0.9438202247191011,9790.96928314955,0.5647138275512311,858.4808852530922,1.2161220081714192
0.9662921348314606,9790.96928314955,0.5631676381329733,862.9820192276675,1.2285710349047982
0.9887640449438202,9790.96928314955,0.5613979956764095,866.8254799007161,1.2411577697750225
1.0112359550561798,9790.96928314955,0.5599719820836458,872.6391069367239,1.2551831958286963
1.0337078651685392,9790.96928314955,0.5585241962641206,878.782897575034,1.269896523355344
1.0561797752808988,9790.96928314955,0.5571533011403723,885.7519877243698,1.2855812648872016
1.0786516853932584,9790.96928314955,0.5558787549053636,893.6863981430604,1.3023551187618283
1.101123595505618,9790.96928314955,0.5547249733791196,902.7607797874482,1.3203592767082009
1.1235955056179776,9790.96928314955,0.5537229522261172,913.1960905819423,1.33976530265706
1.146067415730337,9790.96928314955,0.5529125123597004,925.2760979331628,1.360784572267357
1.1685393258426966,9790.96928314955,0.5523454157034088,939.3709281950753,1.3836813201624767
1.1910112359550562,9790.96928314955,0.5520898565711151,955.971833749488,1.4087911894306713
1.2134831460674156,9790.96928314955,0.5522373666898703,975.745336853132,1.4365488949371623
1.2359550561797752,9790.96928314955,0.5529896083883276,1000.0314763154904,1.4677388346308349
1.2584269662921348,9790.96928314955,0.5543053471039523,1028.981228604028,1.5025452634721734
1.2808988764044944,9790.96928314955,0.5565602236393201,1065.1864387093965,1.542375829780468
1.303370786516854,9790.96928314955,0.5603216247182286,1112.772728662298,1.5893356312136242
1.3258426966292134,9790.96928314955,0.5658517146902436,1174.7035869938286,1.6447873591768967
1.348314606741573,9790.96928314955,0.573956306095505,1258.1664197575828,1.7117900091557567
1.3707865168539326,9790.96928314955,0.5852685702998996,1370.8588836484116,1.792881612727938
1.393258426966292,9790.96928314955,0.5998839548968387,1518.4566438049294,1.8886695295788032
1.4157303370786516,9790.96928314955,0.6166436057700666,1697.723547712074,1.9955167626099668
1.4382022471910112,9790.96928314955,0.6339324437393429,1899.4681287362437,2.1083215785954437
1.4606741573033708,9790.96928314955,0.6513324401964026,2121.9224464383938,2.225587214744127
1.4831460674157304,9790.96928314955,0.6625002757123017,2304.379072990471,2.3318343986935304
1.5056179775280898,9790.96928314955,0.6201898342891695,1985.2079217463051,2.3029221981466623
1.5280898876404494,9790.96928314955,0.5833474710734196,1730.0265509616743,2.270967484445993
1.550561797752809,9790.96928314955,0.5506648328293727,1518.1407784357236,2.2340861431011514
1.5730337078651684,9790.96928314955,0.5215550491175867,1339.9748375136471,2.1928592233404216
1.595505617977528,9790.96928314955,0.49567354751578657,1190.1300668788444,2.1492935200491288
1.6179775280898876,9790.96928314955,0.47214085576562626,1060.011709249066,2.101688215430704
1.6404494382022472,9790.96928314955,0.45094088066581695,948.6713003247097,2.0531102492900084
1.6629213483146068,9790.96928314955,0.43159053229845357,851.7440546692567,2.0030394077619262
1.6853932584269662,9790.96928314955,0.41380246038933743,766.6691144134803,1.9516388408453322
1.7078651685393258,9790.96928314955,0.39761060112762786,693.2852670777662,1.9017101273422938
1.7303370786516854,9790.96928314955,0.3824700818133703,627.4735812213897,1.8499738042031648
1.7528089887640448,9790.96928314955,0.36853370711491906,570.0131465870255,1.799783665980914
1.7752808988764044,9790.96928314955,0.35558055068745353,519.1742658548551,1.7503967274614824
1.797752808988764,9790.96928314955,0.34344767019191197,473.72999993099677,1.7012816664985349
1.8202247191011236,9790.96928314955,0.3323729946990357,434.78917860586756,1.6567621706054851
1.8426966292134832,9790.96928314955,0.3217443605104325,398.6771820470137,1.6101276660369166
1.8651685393258426,9790.96928314955,0.31209247855310357,368.07311511045236,1.5693815460893326
1.8876404494382022,9790.96928314955,0.30274484517780376,339.30369097715925,1.526233572995926
1.9101123595505618,9790.96928314955,0.294071777152095,314.1123227990902,1.4865323392499261
1.9325842696629212,9790.96928314955,0.28588059007381716,291.4106991107495,1.4482346623781062
1.9550561797752808,9790.96928314955,0.2780531708038215,270.5739267900186,1.4101484905265995
1.9775280898876404,9790.96928314955,0.27061044535833284,251.621686972792,1.373061350497416
2.0,9790.96928314955,0.2637623718094465,235.2823789303214,1.3406795491529087
0.0,10881.712506287626,0.5194940723421347,441.22251465162583,0.7655619971366389
0.02247191011235955,10881.712506287626,0.520081992441121,444.63220370861774,0.769675146519866
0.0449438202247191,10881.712506287626,0.520688379083207,448.1438922675682,0.7738906734927059
0.06741573033707865,10881.712506287626,0.5213140415532596,451.762359054442,0.7782126580609434
0.0898876404494382,10881.712506287626,0.5219598373118146,455.4926904954031,0.7826454067888154
0.11235955056179775,10881.712506287626,0.5226266800818536,459.34031698173527,0.7871934752368612
0.1348314606741573,10881.712506287626,0.5233155415142137,463.3110353549307,0.7918616825297033
0.15730337078651685,10881.712506287626,0.5240274554379721,467.41103953312734,0.7966551305219358
0.1797752808988764,10881.712506287626,0.5247635241051505,471.64695833236794,0.8015792269625155
0.20224719101123595,10881.712506287626,0.5255084463405774,475.9836496420967,0.8066159858384466
0.2247191011235955,10881.712506287626,0.526254061357201,480.40319986110086,0.8117573554496462
0.24719101123595505,10881.712506287626,0.5270324223249107,484.9920638679789,0.8170538406294672
0.2696629213483146,10881.712506287626,0.5278447484013489,489.75872244239076,0.822512129564742
0.29213483146067415,10881.712506287626,0.5289573175723554,495.4181330470968,0.8285317918018174
0.3146067415730337,10881.712506287626,0.5298420029855317,500.57666307867595,0.8343390003884675
0.33707865168539325,10881.712506287626,0.5307648461261756,505.9426980770987,0.8403308076941448
0.3595505617977528,10881.712506287626,0.5317274460765454,511.5275918362389,0.8465157867144567
0.38202247191011235,10881.712506287626,0.5327315234843034,517.3436068531429,0.8529030892013795
0.4044943820224719,10881.712506287626,0.533778934334362,523.4040133531453,0.859502499450507
0.42696629213483145,10881.712506287626,0.534872198033453,529.7246589544475,0.8663252894804084
0.449438202247191,10881.712506287626,0.5360135583186929,536.3214305540848,0.8733828224337088
0.47191011235955055,10881.712506287626,0.5372040342127641,543.2075066928214,0.8806850721043092
0.4943820224719101,10881.712506287626,0.5384721572177396,550.477954218251,0.8882862889998455
0.5168539325842696,10881.712506287626,0.539632799404689,557.5946313140943,0.8958999857589663
0.5393258426966292,10881.712506287626,0.5411023258516877,565.811394620103,0.9042033361239512
0.5617977528089888,10881.712506287626,0.5426169056048009,574.3636297135656,0.9127871131325693
0.5842696629213483,10881.712506287626,0.543910609757957,582.437399418678,0.921224059321883
0.6067415730337078,10881.712506287626,0.5455354890809632,591.7544772665784,0.9304318439543356
0.6292134831460674,10881.712506287626,0.5471860544311098,601.3905610301512,0.9399230497406698
0.651685393258427,10881.712506287626,0.5488960560543719,611.4692405175336,0.9497670360136288
0.6741573033707865,10881.712506287626,0.5506922246683589,622.0986930373884,0.9600241203704661
0.696629213483146,10881.712506287626,0.5525808566466202,633.3255004797342,0.9707219952779385
0.7191011235955056,10881.712506287626,0.5545688357983799,645.2014646844577,0.9818908347861295
0.7415730337078652,10881.712506287626,0.5566636868061794,657.78428439236,0.9935635409360778
0.7640449438202247,10881.712506287626,0.5588736292933051,671.138316599133,1.005776007007831
0.7865168539325842,10881.712506287626,0.5612076347370293,685.3354430038789,1.0185674021172224
0.8089887640449438,10881.712506287626,0.5636754886734536,700.4560664165506,1.0319804821420675
0.8314606741573034,10881.712506287626,0.5662878594891032,716.5902617912766,1.0460619298351455
0.8539325842696629,10881.712506287626,0.5690563759587863,733.839114106248,1.060862728255372
0.8764044943820224,10881.712506287626,0.5719937195986403,752.31629631099,1.076438578575264
0.898876404494382,10881.712506287626,0.5752155126868063,772.5590508877842,1.0930436189164927
0.9213483146067416,10881.712506287626,0.5784215849637795,793.4437879508721,1.11014554236037
0.9438202247191011,10881.712506287626,0.5808018534940564,811.5939163081168,1.1262003137692558
0.9662921348314606,10881.712506287626,0.5789797098650701,812.5119380105755,1.1345689718180743
0.9887640449438202,10881.712506287626,0.577394649902949,814.659507360605,1.143813830677146
1.0112359550561798,10881.712506287626,0.5754949725330087,815.718096032499,1.1528709383338984
1.0337078651685392,10881.712506287626,0.5739229764259957,818.423731974454,1.1630484487278259
1.0561797752808988,10881.712506287626,0.5723668306295829,821.47466770308,1.173760965951119
1.0786516853932584,10881.712506287626,0.5705937403815506,823.884416868885,1.184559756725633
1.101123595505618,10881.712506287626,0.569107421025456,827.8414659177445,1.1965254971645
1.1235955056179776,10881.712506287626,0.567594220640733,832.019254627525,1.2090534886976514
1.146067415730337,10881.712506287626,0.5661515941928968,836.8679290199696,1.222398258740042
1.1685393258426966,10881.712506287626,0.5647989633245135,842.5072631070522,1.236660041627896
1.1910112359550562,10881.712506287626,0.5635609681712827,849.0880701535872,1.2519598917377515
1.2134831460674156,10881.712506287626,0.5624692675470966,856.80318993465,1.2684461223238581
1.2359550561797752,10881.712506287626,0.5615650563992401,865.9031681024757,1.2863032475638028
1.2584269662921348,10881.712506287626,0.5609026116654794,876.7189153453389,1.3057645221279743
1.2808988764044944,10881.712506287626,0.560554531043036,889.6958839888304,1.3271301782537424
1.303370786516854,10881.712506287626,0.5605717329213642,905.2155874586882,1.3506767207701675
1.3258426966292134,10881.712506287626,0.5612556729855123,924.9375321002976,1.3773381561777136
1.348314606741573,10881.712506287626,0.5626866958106724,949.5761472042874,1.4075662886048221
1.3707865168539326,10881.712506287626,0.5650546838728575,980.5249549125214,1.442141731552694
1.393258426966292,10881.712506287626,0.5689889312346289,1021.754469454462,1.4830741521832633
1.4157303370786516,10881.712506287626,0.5751081345473127,1077.8421098403007,1.5324663384172343
1.4382022471910112,10881.712506287626,0.5842184593205936,1155.433907436477,1.5929648093632534
1.4606741573033708,10881.712506287626,0.5969185178955787,1261.5006285202753,1.6665124975986956
1.4831460674157304,10881.712506287626,0.6125588336832202,1396.4325141296813,1.7512999382789394
1.5056179775280898,10881.712506287626,0.6293115184171822,1551.7119015908104,1.8421302960023167
1.5280898876404494,10881.712506287626,0.6461744885995147,1721.971612063489,1.93609717396034
1.550561797752809,10881.712506287626,0.6410988677901559,1731.0673850324345,1.981279508620919
1.5730337078651684,10881.712506287626,0.6049563481240918,1506.7489771435435,1.9470807595832262
1.595505617977528,10881.712506287626,0.5729394539086661,1324.5795899098728,1.9126136914035055
1.6179775280898876,10881.712506287626,0.5441206351616906,1171.9822917757342,1.8764256055387742
1.6404494382022472,10881.712506287626,0.5183242297872209,1044.1999502915478,1.8396872386660157
1.6629213483146068,10881.712506287626,0.4951155066359887,936.0514230151807,1.802735717699741
1.6853932584269662,10881.712506287626,0.47403096644681547,843.1162977393655,1.7653795607022262
1.7078651685393258,10881.712506287626,0.4546118436809079,761.65892248227,1.7268395220322825
1.7303370786516854,10881.712506287626,0.43673792242913273,690.3199525642813,1.6878861992196417
1.7528089887640448,10881.712506287626,0.4201159828452523,626.9545233561709,1.64799107219299
1.7752808988764044,10881.712506287626,0.40487610935337254,571.8424941718197,1.6094105364332392
1.797752808988764,10881.712506287626,0.39078061528118646,523.3279837378733,1.5717368124222921
1.8202247191011236,10881.712506287626,0.3777732602247296,480.7920059080569,1.5357097131028694
1.8426966292134832,10881.712506287626,0.3653819599091887,441.7289158411021,1.4982622286427814
1.8651685393258426,10881.712506287626,0.3539489678187042,407.55919643011697,1.4631807517444484
1.8876404494382022,10881.712506287626,0.34319518689596484,376.8042601239849,1.4287536609429685
1.9101123595505618,10881.712506287626,0.33310992431852665,349.2620186283955,1.3955440368031342
1.9325842696629212,10881.712506287626,0.32353390950911437,324.1421073551265,1.3625563139304266
1.9550561797752808,10881.712506287626,0.31448585734736234,301.4178570330358,1.3304751376862862
1.9775280898876404,10881.712506287626,0.30590926009640623,280.7690835030064,1.2991777591316425
2.0,10881.712506287626,0.2980581446881925,262.98725674490214,1.271903852315429
0.0,12093.967782463078,0.5137348339070822,397.9508266623318,0.720024048534096
0.02247191011235955,12093.967782463078,0.5141774674926589,400.43192827157856,0.7232911804512387
0.0449438202247191,12093.967782463078,0.5146335129492939,402.97971085643053,0.7266324780466286
0.06741573033707865,12093.967782463078,0.5151034914015921,405.5969368099453,0.7300506112737165
0.0898876404494382,12093.967782463078,0.5155879550942447,408.2865337231768,0.7335483883652886
0.11235955056179775,12093.967782463078,0.5160874889660211,411.0516054591559,0.7371287641985335
0.1348314606741573,12093.967782463078,0.5166027139788806,413.8954478169371,0.7407948514486659
0.15730337078651685,12093.967782463078,0.5171342884870582,416.8215606735725,0.7445499297323288
0.1797752808988764,12093.967782463078,0.5176829129832742,419.83366855699416,0.7483974597992857
0.20224719101123595,12093.967782463078,0.5182493309570464,422.9357335195391,0.7523410932510395
0.2247191011235955,12093.967782463078,0.5188343341001774,426.1319788976801,0.7563846887420099
0.24719101123595505,12093.967782463078,0.5194387659966501,429.4269109790749,0.7605323269985869
0.2696629213483146,12093.967782463078,0.5200635240391491,432.82533791241957,0.7647883242820384
0.29213483146067415,12093.967782463078,0.5207095671391924,436.3324035780867,0.7691572546665018
0.3146067415730337,12093.967782463078,0.5213779184423457,439.95361170257905,0.7736439666209685
0.33707865168539325,12093.967782463078,0.5220696707862768,443.6948582540536,0.7782536044598982
0.3595505617977528,12093.967782463078,0.5227859937403608,447.5624698702252,0.7829916332963623
0.38202247191011235,12093.967782463078,0.523528139111519,451.563241179857,0.7878638633066998
0.4044943820224719,12093.967782463078,0.5242974489953556,455.704481074241,0.792876479125576
0.42696629213483145,12093.967782463078,0.5250953619201689,459.9940575562214,0.7980360682959028
0.449438202247191,12093.967782463078,0.5259234260514546,464.44046365546046,0.803349661724067
0.47191011235955055,12093.967782463078,0.5267699482610446,469.01909543614954,0.8088053529697794
0.4943820224719101,12093.967782463078,0.5276206101386498,473.6977411307344,0.8143871486205057
0.5168539325842696,12093.967782463078,0.5285114622012577,478.57283341293794,0.8201529860502239
0.5393258426966292,12093.967782463078,0.5294443033425767,483.65553697815557,0.8261117699295203
0.5617977528089888,12093.967782463078,0.5306869247657785,489.65832257268164,0.8326713413730954
0.5842696629213483,12093.967782463078,0.5317102615851799,495.2026518074646,0.8390492781404162
0.6067415730337078,12093.967782463078,0.5327819657784439,500.9946303832636,0.8456510809100554
0.6292134831460674,12093.967782463078,0.5339045433719426,507.04995966796076,0.8524886120388889
0.651685393258427,12093.967782463078,0.5350807291481894,513.3858191356791,0.8595746639932681
0.6741573033707865,12093.967782463078,0.5363135182374436,520.021061044307,0.866923063197935
0.696629213483146,12093.967782463078,0.5376101572833923,526.9876203045652,0.8745550160114359
0.7191011235955056,12093.967782463078,0.5389656521252644,534.2841394528541,0.8824732515423502
0.7415730337078652,12093.967782463078,0.540392126891179,541.9590165863602,0.8907082751279313
0.7640449438202247,12093.967782463078,0.5418901680088986,550.0294691906568,0.8992732946948854
0.7865168539325842,12093.967782463078,0.5434647112142833,558.5268199778841,0.9081893850211006
0.8089887640449438,12093.967782463078,0.5451211688680736,567.4858075717448,0.9174794960161515
0.8314606741573034,12093.967782463078,0.546865477195572,576.945025519333,0.9271686460447304
0.8539325842696629,12093.967782463078,0.5487041406929287,586.9474016643688,0.9372841234505002
0.8764044943820224,12093.967782463078,0.550644283589217,597.5407555084964,0.9478557134537736
0.898876404494382,12093.967782463078,0.5526937076874654,608.7784422647916,0.9589159507078442
0.9213483146067416,12093.967782463078,0.5548609628298736,620.7201166768343,0.9705004096097859
0.9438202247191011,12093.967782463078,0.5571554362516259,633.4326549747303,0.982648045212225
0.9662921348314606,12093.967782463078,0.5595874806497437,646.9913261428226,0.9954016222328472
0.9887640449438202,12093.967782463078,0.562450180016967,662.463605816142,1.0093111446396017
1.0112359550561798,12093.967782463078,0.5651946454826274,678.0073692215947,1.0234308334011384
1.0337078651685392,12093.967782463078,0.5680776458676722,694.5538355467056,1.0382446085131987
1.0561797752808988,12093.967782463078,0.5712494692964607,712.7198599344979,1.0540615049032847
1.0786516853932584,12093.967782463078,0.5745505359714634,731.9984395213354,1.0706271000321226
1.101123595505618,12093.967782463078,0.5782693651056862,753.5830907176395,1.088520203127662
1.1235955056179776,12093.967782463078,0.5821455481745214,776.5881261948911,1.107300447547471
1.146067415730337,12093.967782463078,0.5822306360560434,784.9637810406718,1.1194224055016029
1.1685393258426966,12093.967782463078,0.580593386595104,786.6330579014689,1.1287080506580682
1.1910112359550562,12093.967782463078,0.5789459831024417,788.502616915182,1.13844227449773
1.2134831460674156,12093.967782463078,0.5773545641592656,790.8578388804356,1.1487879204187283
1.2359550561797752,12093.967782463078,0.5757807157940084,793.5593778155793,1.1597068500189056
1.2584269662921348,12093.967782463078,0.5743895720299421,797.3121585232996,1.1715766582255016
1.2808988764044944,12093.967782463078,0.572989064398016,801.3473809323658,1.1840580262252145
1.303370786516854,12093.967782463078,0.5718410415345904,806.7915094556424,1.1977490973964109
1.3258426966292134,12093.967782463078,0.5708103590931157,813.1223734475132,1.2124395167069162
1.348314606741573,12093.967782463078,0.570008763135297,820.8660294192472,1.228445055317307
1.3707865168539326,12093.967782463078,0.5695095227083021,830.4102282566379,1.2460213715391695
1.393258426966292,12093.967782463078,0.5695297945363657,842.8090630951593,1.265769058276996
1.4157303370786516,12093.967782463078,0.5698802616651514,857.3673346414556,1.2874084775935224
1.4382022471910112,12093.967782463078,0.5711021219140326,876.711092232951,1.312341899825669
1.4606741573033708,12093.967782463078,0.5735565726816061,902.8757866402245,1.3416476260911572
1.4831460674157304,12093.967782463078,0.5774154895999973,937.2577554023871,1.3760177631633161
1.5056179775280898,12093.967782463078,0.5838068493998139,986.3508728557853,1.4184712076783328
1.5280898876404494,12093.967782463078,0.5934437084924422,1055.7072758098966,1.4710483945562396
1.550561797752809,12093.967782463078,0.6071648952075497,1153.0126025713032,1.5358719729333545
1.5730337078651684,12093.967782463078,0.6230663467617277,1271.4020539546677,1.6081378881593542
1.595505617977528,12093.967782463078,0.6392781925556104,1401.8455424211334,1.683140713086576
1.6179775280898876,12093.967782463078,0.6326577491402352,1389.9212904065469,1.7094564308675846
1.6404494382022472,12093.967782463078,0.6011265368941723,1223.418088545728,1.6766929827373447
1.6629213483146068,12093.967782463078,0.5723134920482317,1083.6929149345683,1.6437765457969808
1.6853932584269662,12093.967782463078,0.5464596110377404,967.8808564406254,1.6120202623009812
1.7078651685393258,12093.967782463078,0.5227109700705379,868.3658891479083,1.5796933966472595
1.7303370786516854,12093.967782463078,0.5011998044698183,783.9419432541814,1.548227647668501
1.7528089887640448,12093.967782463078,0.4815608268500431,711.3385246309199,1.5173891965314559
1.7752808988764044,12093.967782463078,0.463243461626109,646.9829549355579,1.4857544255321005
1.797752808988764,12093.967782463078,0.4466721878740744,592.1189128050296,1.4562425449978782
1.8202247191011236,12093.967782463078,0.4310339184220682,542.5533192480005,1.425735796079261
1.8426966292134832,12093.967782463078,0.41662235762227895,499.17922966934003,1.3964783310518107
1.8651685393258426,12093.967782463078,0.40308132154991666,460.17844371230115,1.3671914556565383
1.8876404494382022,12093.967782463078,0.3904503978504873,425.45882961338316,1.3387155595065845
1.9101123595505618,12093.967782463078,0.37848867718101936,393.88631146891305,1.3100814336933433
1.9325842696629212,12093.967782463078,0.36734601334042805,365.8388517794492,1.28278718145101
1.9550561797752808,12093.967782463078,0.3569613552706393,340.9002313707883,1.2569722983153073
1.9775280898876404,12093.967782463078,0.34700871904615843,317.8163829312705,1.2307175050039014
2.0,12093.967782463078,0.3375947206702854,296.8596526918878,1.2051291508499313
0.0,13441.271917333002,0.5090397079857064,362.90947645520896,0.6804062027440633
0.02247191011235955,13441.271917333002,0.5093791127876413,364.74795485483753,0.6830194901458653
0.0449438202247191,13441.271917333002,0.509727611626096,366.62944206365074,0.685685990458625
0.06741573033707865,13441.271917333002,0.5100855550966066,368.5555701796633,0.6884074678490072
0.0898876404494382,13441.271917333002,0.5104533120622571,370.5280578241614,0.6911857688187821
0.11235955056179775,13441.271917333002,0.5108312709921564,372.5487163182448,0.6940228273657945
0.1348314606741573,13441.271917333002,0.5112191317497189,374.6180199467791,0.6969197924542772
0.15730337078651685,13441.271917333002,0.5116100572281445,376.72316319367985,0.6998697372382119
0.1797752808988764,13441.271917333002,0.5120132623891107,378.88392696906186,0.7028856883601087
0.20224719101123595,13441.271917333002,0.51242921112135,381.10254869650186,0.7059699780471157
0.2247191011235955,13441.271917333002,0.5128583952732858,383.38139818055396,0.7091250582921366
0.24719101123595505,13441.271917333002,0.5133013366721095,385.7229875715105,0.7123535088099102
0.2696629213483146,13441.271917333002,0.5137585895402582,388.12998271225933,0.715658045928862
0.29213483146067415,13441.271917333002,0.5142307428059913,390.6052148873003,0.7190415318243389
0.3146067415730337,13441.271917333002,0.5147184228305101,393.15169412674635,0.7225069847983988
0.33707865168539325,13441.271917333002,0.5152222961875533,395.7726233847029,0.7260575901937766
0.3595505617977528,13441.271917333002,0.5157430734513063,398.4714157224884,0.7296967132364857
0.38202247191011235,13441.271917333002,0.5162815118769151,401.2517100860773,0.7334279111300175
0.4044943820224719,13441.271917333002,0.5168384196792016,404.11739155842804,0.7372549479705033
0.42696629213483145,13441.271917333002,0.517414660784445,407.0726138769265,0.7411818111332306
0.449438202247191,13441.271917333002,0.5180111577140708,410.1218191923593,0.7452127260934416
0.47191011235955055,13441.271917333002,0.5186288991789175,413.2697696759366,0.7493521785015702
0.4943820224719101,13441.271917333002,0.5192689439897926,416.52157277227263,0.7536049324998363
0.5168539325842696,13441.271917333002,0.5199324275258026,419.8827139907666,0.7579760536637467
0.5393258426966292,13441.271917333002,0.5206205686111617,423.35909281773763,0.7624709338740367
0.5617977528089888,13441.271917333002,0.5213346781036465,426.95706502989384,0.767095320060155
0.5842696629213483,13441.271917333002,0.5220761663506511,430.6834852771166,0.7718553430979525
0.6067415730337078,13441.271917333002,0.5228465519152933,434.5457557148445,0.7767575502962274
0.6292134831460674,13441.271917333002,0.5236474752426609,438.55188989094216,0.7818089468927405
0.651685393258427,13441.271917333002,0.5244807052482476,442.7105642918711,0.7870170300054268
0.6741573033707865,13441.271917333002,0.5253481572506647,447.03120139559,0.7923898411119034
0.696629213483146,13441.271917333002,0.5262519054650366,451.5240456466361,0.7979360138948378
0.7191011235955056,13441.271917333002,0.527194198654606,456.2002533020716,0.8036648298082282
0.7415730337078652,13441.271917333002,0.5281336707708565,460.9630408794725,0.809522106419609
0.7640449438202247,13441.271917333002,0.5291084653223211,465.9114681471535,0.8155694934215719
0.7865168539325842,13441.271917333002,0.5303985183218566,471.76331176055174,0.8222306603351895
0.8089887640449438,13441.271917333002,0.5314754843492474,477.1914517429812,0.8287303633274885
0.8314606741573034,13441.271917333002,0.5326072681983764,482.8783827425344,0.8354727537213295
0.8539325842696629,13441.271917333002,0.5337411562762634,488.6948901681081,0.8423864388821385
0.8764044943820224,13441.271917333002,0.5350653092907439,495.14696403820193,0.8497685605681928
0.898876404494382,13441.271917333002,0.536394020287313,501.7579345268718,0.8573463421941576
0.9213483146067416,13441.271917333002,0.5377914118809896,508.70934480477985,0.8652290088675936
0.9438202247191011,13441.271917333002,0.5395320779990489,516.7757480693057,0.8738628146485978
0.9662921348314606,13441.271917333002,0.5410813913078734,524.5015612283197,0.8824194066135475
0.9887640449438202,13441.271917333002,0.5427140649750734,532.6551815611231,0.8913435021018601
1.0112359550561798,13441.271917333002,0.544446202202864,541.3017803417417,0.9006764284702884
1.0337078651685392,13441.271917333002,0.5463267784958503,550.6073909074571,0.9105154695383259
1.0561797752808988,13441.271917333002,0.5483219504580943,560.5015335474827,0.9208247949361577
1.0786516853932584,13441.271917333002,0.5504422072455853,571.0440984871657,0.9316418421248247
1.101123595505618,13441.271917333002,0.5526992725479194,582.3031695347614,0.9430081075125398
1.1235955056179776,13441.271917333002,0.5551062523227096,594.3563289142014,0.9549696326279008
1.146067415730337,13441.271917333002,0.5576705663552669,607.2689430172005,0.9675650536031561
1.1685393258426966,13441.271917333002,0.5603368915352344,620.905896153653,0.980725684090483
1.1910112359550562,13441.271917333002,0.5633559234000001,636.1453430239188,0.9949200156325851
1.2134831460674156,13441.271917333002,0.5664607706010617,652.1704009805779,1.0097147776911042
1.2359550561797752,13441.271917333002,0.5699968117023279,670.2348988554196,1.0257609352650685
1.2584269662921348,13441.271917333002,0.5735963007800174,689.1523151846831,1.0424405021423953
1.2808988764044944,13441.271917333002,0.5775476314308159,710.0327969735923,1.0603153806604777
1.303370786516854,13441.271917333002,0.5818124372597201,732.8660160933738,1.0793646953847993
1.3258426966292134,13441.271917333002,0.5861267420266031,756.7603629346886,1.099144549773942
1.348314606741573,13441.271917333002,0.5847168122392753,758.942451799639,1.10877965692264
1.3707865168539326,13441.271917333002,0.5832837521370026,761.272051026889,1.1188645586291492
1.393258426966292,13441.271917333002,0.5819706576714384,764.3277798433139,1.1297104892630128
1.4157303370786516,13441.271917333002,0.5807455078467187,768.0073106647079,1.141302690388521
1.4382022471910112,13441.271917333002,0.579752626704266,772.9140407926516,1.1539789282343202
1.4606741573033708,13441.271917333002,0.5790438330624118,779.3010735954596,1.1679120011964588
1.4831460674157304,13441.271917333002,0.5786902995697526,787.5173709249891,1.1833278545024548
1.5056179775280898,13441.271917333002,0.5788792285507218,798.4175113185307,1.20071034305149
1.5280898876404494,13441.271917333002,0.5798008867664308,812.9328692838366,1.2205822782044233
1.550561797752809,13441.271917333002,0.5818981541341446,833.171553764497,1.2440376234651285
1.5730337078651684,13441.271917333002,0.585509802942872,861.0229432421652,1.2720011985795183
1.595505617977528,13441.271917333002,0.5916609157226915,901.8180838739587,1.3069090995561703
1.6179775280898876,13441.271917333002,0.6016414287786301,963.1666405667189,1.3517584846485424
1.6404494382022472,13441.271917333002,0.6153965614623045,1047.7263947678225,1.4064263563767694
1.6629213483146068,13441.271917333002,0.6309488355707598,1148.466108981579,1.4664184027758855
1.6853932584269662,13441.271917333002,0.6357141685817391,1195.193198493961,1.5056614693151276
1.7078651685393258,13441.271917333002,0.6064112959044302,1056.7294638989454,1.4734370671384525
1.7303370786516854,13441.271917333002,0.5798948057694959,942.4517858462772,1.4432749584173368
1.7528089887640448,13441.271917333002,0.5557663711234759,846.6080374716367,1.414593033970343
1.7752808988764044,13441.271917333002,0.533664352118204,764.9899235807454,1.3869154087367865
1.797752808988764,13441.271917333002,0.5133941761584347,694.9924758134022,1.3602177493738594
1.8202247191011236,13441.271917333002,0.4944504988172721,633.2957001174125,1.333410979311365
1.8426966292134832,13441.271917333002,0.47714995419071576,580.2824776228356,1.3080798164620044
1.8651685393258426,13441.271917333002,0.4609520043113601,533.1506884319793,1.282856124071441
1.8876404494382022,13441.271917333002,0.44592522952072716,491.6592075639241,1.2584633399998273
1.9101123595505618,13441.271917333002,0.4320066071691805,455.14658314555555,1.2351673928424503
1.9325842696629212,13441.271917333002,0.41885990714260846,422.1400035559219,1.2119452522913614
1.9550561797752808,13441.271917333002,0.40641334749400077,392.18878237740125,1.1887826571653315
1.9775280898876404,13441.271917333002,0.3947684954615616,365.41738981916507,1.1665074081277615
2.0,13441.271917333002,0.3838237027399106,341.3229219296647,1.1449751099658938
0.0,14938.66975713816,0.5051746378846372,334.13626759434896,0.6457293571908016
0.02247191011235955,14938.66975713816,0.5054313256930343,335.50467893616343,0.647821429449511
0.0449438202247191,14938.66975713816,0.5056944484302338,336.9015960247086,0.6499521553300399
0.06741573033707865,14938.66975713816,0.5059642358687663,338.32799074280916,0.652122700930759
0.0898876404494382,14938.66975713816,0.5062409288497477,339.7848815330995,0.6543342819789666
0.11235955056179775,14938.66975713816,0.5065247797770517,341.2733359491662,0.6565881663738027
0.1348314606741573,14938.66975713816,0.5068160536223691,342.79447427063434,0.6588856774501427
0.15730337078651685,14938.66975713816,0.507115028555746,344.34947257407805,0.6612281969537587
0.1797752808988764,14938.66975713816,0.5074219967214285,345.9395662189238,0.6636171683352808
0.20224719101123595,14938.66975713816,0.5077372653906538,347.56605420261786,0.6660541006518509
0.2247191011235955,14938.66975713816,0.5080611578123873,349.2303031393887,0.6685405722963783
0.24719101123595505,14938.66975713816,0.5083940142671666,350.93375181490427,0.6710782351575971
0.2696629213483146,14938.66975713816,0.5087361933934506,352.6779164767548,0.6736688193151096
0.29213483146067415,14938.66975713816,0.5090880732924628,354.46439594892917,0.6763141377007158
0.3146067415730337,14938.66975713816,0.5094500531191842,356.29487793660917,0.6790160915889151
0.33707865168539325,14938.66975713816,0.509822554454785,358.1711452108401,0.6817766760980913
0.3595505617977528,14938.66975713816,0.5102060230334239,360.0950827960975,0.6845979864125128
0.38202247191011235,14938.66975713816,0.510600930619778,362.06868581330895,0.6874822245117023
0.4044943820224719,14938.66975713816,0.5110077770032736,364.0940679516965,0.6904317063956759
0.42696629213483145,14938.66975713816,0.5114197382577134,366.1589033932971,0.6934397530523122
0.449438202247191,14938.66975713816,0.5118438689912782,368.27824971065434,0.6965168784685194
0.47191011235955055,14938.66975713816,0.512282539409432,370.4581507158459,0.6996679908406175
0.4943820224719101,14938.66975713816,0.5127363671800153,372.70128553476644,0.7028959399156679
0.5168539325842696,14938.66975713816,0.5132060117155505,375.010509860997,0.7062037369769344
0.5393258426966292,14938.66975713816,0.5136921772249231,377.38887012763763,0.7095945663470775
0.5617977528089888,14938.66975713816,0.5141956172372463,379.83962152931485,0.7130717994320733
0.5842696629213483,14938.66975713816,0.514717138096991,382.3662449340328,0.7166390082117021
0.6067415730337078,14938.66975713816,0.5152576042477366,384.9724685472167,0.7202999818365685
0.6292134831460674,14938.66975713816,0.5158179426344912,387.66228900259097,0.7240587430107028
0.651685393258427,14938.66975713816,0.5163991495334422,390.43999890118926,0.7279195685299151
0.6741573033707865,14938.66975713816,0.5170022953438463,393.31021168193473,0.7318870082977643
0.696629213483146,14938.66975713816,0.5176285328833824,396.27789564572583,0.7359659101623327
0.7191011235955056,14938.66975713816,0.5182791052912363,399.3484092794468,0.7401614456709432
0.7415730337078652,14938.66975713816,0.5189553530385683,402.52753696260345,0.7444791361663516
0.7640449438202247,14938.66975713816,0.5196587255647402,405.8215373063973,0.748924886781971
0.7865168539325842,14938.66975713816,0.5203907912447652,409.2371910358798,0.7535050201826597
0.8089887640449438,14938.66975713816,0.5211532503821349,412.7818590291115,0.7582263165680238
0.8314606741573034,14938.66975713816,0.5219479480789576,416.46354420712277,0.7630960559683307
0.8539325842696629,14938.66975713816,0.5227768908799836,420.29096657857724,0.7681220684735268
0.8764044943820224,14938.66975713816,0.5236422622185622,424.27364110999355,0.7733127859140124
0.898876404494382,14938.66975713816,0.5245464467337597,428.4219822138909,0.7786773094340064
0.9213483146067416,14938.66975713816,0.5254920484117833,432.7474017939492,0.7842254724567783
0.9438202247191011,14938.66975713816,0.5264819206903547,437.2624436670868,0.7899679250071726
0.9662921348314606,14938.66975713816,0.5274424828378208,441.7978291092483,0.7958050483861654
0.9887640449438202,14938.66975713816,0.5286951400119673,447.13005862932664,0.802211238576185
1.0112359550561798,14938.66975713816,0.5296362289560985,451.81319412270267,0.8083140009567534
1.0337078651685392,14938.66975713816,0.530864899741766,457.30391024132,0.8149986078806973
1.0561797752808988,14938.66975713816,0.5323139800198688,463.46320236439067,0.8221823497685339
1.0786516853932584,14938.66975713816,0.5335568860100303,469.23754137342644,0.8292368286540701
1.101123595505618,14938.66975713816,0.5349579481332903,475.5454196566581,0.8367176393807269
1.1235955056179776,14938.66975713816,0.5364464743171982,482.2242777396099,0.8445312467041122
1.146067415730337,14938.66975713816,0.5380228663419395,489.29015917411687,0.8526914203879702
1.1685393258426966,14938.66975713816,0.5396951703429319,496.78059841142,0.8612247527295207
1.1910112359550562,14938.66975713816,0.5414724341550332,504.7382320673419,0.8701607801317749
1.2134831460674156,14938.66975713816,0.5433648474203319,513.2116419478597,0.879532378423905
1.2359550561797752,14938.66975713816,0.5453838863518327,522.2563130322314,0.8893761894039348
1.2584269662921348,14938.66975713816,0.5475424544295755,531.9357014502755,0.8997330652842891
1.2808988764044944,14938.66975713816,0.5498376385281308,542.2721999805016,0.9106199398519967
1.303370786516854,14938.66975713816,0.5523740861779882,553.606658139321,0.9222336406976581
1.3258426966292134,14938.66975713816,0.5549631245204294,565.4260623338713,0.9342872029014557
1.348314606741573,14938.66975713816,0.5577889799362303,578.3183318807975,0.9471147073090007
1.3707865168539326,14938.66975713816,0.5608290471633618,592.2733681512634,0.9607102572221865
1.393258426966292,14938.66975713816,0.5643724017168518,608.2773878909541,0.9756073646128639
1.4157303370786516,14938.66975713816,0.5678987610442381,624.7591476386339,0.9909474065066297
1.4382022471910112,14938.66975713816,0.5718490959275768,643.2201290826997,1.0075335971594819
1.4606741573033708,14938.66975713816,0.5761537737098981,663.5559209601123,1.0252916572183965
1.4831460674157304,14938.66975713816,0.5808434964987215,686.0062705636017,1.0443244160199954
1.5056179775280898,14938.66975713816,0.585948687535748,710.8363090873235,1.064737269931662
1.5280898876404494,14938.66975713816,0.5901118215863752,733.1169468549158,1.084103761324769
1.550561797752809,14938.66975713816,0.5893008041690143,737.2641037825426,1.0949841411795875
1.5730337078651684,14938.66975713816,0.5886532736462984,742.2910948845705,1.1067236310467319
1.595505617977528,14938.66975713816,0.5884521545386693,749.3163798932312,1.119910251868028
1.6179775280898876,14938.66975713816,0.5888731023407408,759.0937473748091,1.1349577320986126
1.6404494382022472,14938.66975713816,0.5903653569318845,773.5137801865385,1.1528300087308718
1.6629213483146068,14938.66975713816,0.5932615975973652,794.1681255693467,1.17430480444463
1.6853932584269662,14938.66975713816,0.5985735659316352,825.6951890027152,1.2015091008148262
1.7078651685393258,14938.66975713816,0.6078218512577277,875.733345145327,1.2375647685998208
1.7303370786516854,14938.66975713816,0.6211534991297574,947.429631414823,1.2827491425038493
1.7528089887640448,14938.66975713816,0.6361341105558965,1032.26738126008,1.3321321721015993
1.7752808988764044,14938.66975713816,0.6199268330363636,967.7351268868657,1.3227223882919552
1.797752808988764,14938.66975713816,0.5946172650857755,865.9837245372423,1.2941068999143208
1.8202247191011236,14938.66975713816,0.5713670717678122,780.1689982792536,1.2672444140378007
1.8426966292134832,14938.66975713816,0.5504306800465423,708.8668772323689,1.2429495372809332
1.8651685393258426,14938.66975713816,0.530860382629864,646.5919760829579,1.2192993616959276
1.8876404494382022,14938.66975713816,0.5126693278153213,592.3063412907385,1.196518369745281
1.9101123595505618,14938.66975713816,0.4957118352142048,544.6338742823416,1.174475366212333
1.9325842696629212,14938.66975713816,0.4799760081244909,502.85958602106865,1.1534270426192175
1.9550561797752808,14938.66975713816,0.46521564830431533,465.66570019217266,1.1329225511575767
1.9775280898876404,14938.66975713816,0.4511999388920403,431.97731073825065,1.112442636314095
2.0,14938.66975713816,0.43831570786533025,402.6164261777288,1.0935494199260163
0.0,16602.882188928634,0.5020353539077731,310.3521727232511,0.6153067331297724
0.02247191011235955,16602.882188928634,0.5022285835573889,311.3783739662859,0.6169852875330928
0.0449438202247191,16602.882188928634,0.5024263555680505,312.4236362232659,0.6186919900221975
0.06741573033707865,16602.882188928634,0.5026288206957434,313.48854468264346,0.6204276137179693
0.0898876404494382,16602.882188928634,0.5028361363411797,314.5737097791999,0.6221929616641733
0.11235955056179775,16602.882188928634,0.5030484670072842,315.6797687535743,0.6239888684324669
0.1348314606741573,16602.882188928634,0.5032659845038271,316.80738683713435,0.625816201517855
0.15730337078651685,16602.882188928634,0.5034888686468972,317.95725933735457,0.6276758633482025
0.1797752808988764,16602.882188928634,0.5037173075390947,319.1301130751347,0.6295687929120728
0.20224719101123595,16602.882188928634,0.5039514980016445,320.3267081468597,0.6314959676339702
0.2247191011235955,16602.882188928634,0.5041916464851044,321.54784058963185,0.6334584058719807
0.24719101123595505,16602.882188928634,0.5044379690212181,322.7943434721014,0.6354571684441781
0.2696629213483146,16602.882188928634,0.5046906923746337,324.06709014787634,0.6374933615940778
0.29213483146067415,16602.882188928634,0.5049500545086506,325.36699642221043,0.6395681393046626
0.3146067415730337,16602.882188928634,0.5052163052103755,326.6950230965265,0.641682705907686
0.33707865168539325,16602.882188928634,0.5054897071021083,328.0521793078685,0.6438383192601185
0.3595505617977528,16602.882188928634,0.505770536253468,329.4395252933812,0.646036293608965
0.38202247191011235,16602.882188928634,0.5060590830338401,330.8581757110085,0.6482780028768779
0.4044943820224719,16602.882188928634,0.5063556534416239,332.30930396379716,0.6505648846604762
0.42696629213483145,16602.882188928634,0.5066605698563633,333.7941456639176,0.6528984437455732
0.449438202247191,16602.882188928634,0.5069741723559079,335.3140032864563,0.6552802564638792
0.47191011235955055,16602.882188928634,0.5072968199717404,336.87025091724297,0.657711975190489
0.4943820224719101,16602.882188928634,0.5076288919156371,338.46433916709236,0.6601953330340763
0.5168539325842696,16602.882188928634,0.5079707894274517,340.09780146273613,0.6627321495039178
0.5393258426966292,16602.882188928634,0.5083229371568546,341.77225976241556,0.6653243359035251
0.5617977528089888,16602.882188928634,0.5086857851699917,343.48943171527577,0.6679739017560652
0.5842696629213483,16602.882188928634,0.509059810797348,345.25113786510457,0.6706829613676986
0.6067415730337078,16602.882188928634,0.5094455212170487,347.05931059454826,0.6734537416259962
0.6292134831460674,16602.882188928634,0.5098434554002371,348.916002297807,0.6762885894256772
0.651685393258427,16602.882188928634,0.5102541874814099,350.8233966888811,0.6791899812396722
0.6741573033707865,16602.882188928634,0.5106783292515532,352.78381899155966,0.6821605321093552
0.696629213483146,16602.882188928634,0.5111144972283015,354.7958360967122,0.685200496216838
0.7191011235955056,16602.882188928634,0.5115589590447059,356.85346390614376,0.6883072665281211
0.7415730337078652,16602.882188928634,0.5120200351562979,358.9740297513821,0.6914932456866136
0.7640449438202247,16602.882188928634,0.5124985064054569,361.16055748835737,0.694761715042377
0.7865168539325842,16602.882188928634,0.5129952123270337,363.41629103426334,0.6981161593250085
0.8089887640449438,16602.882188928634,0.5135110567761813,365.7447155249297,0.7015602836231667
0.8314606741573034,16602.882188928634,0.5140470133049039,368.1495791920983,0.7050980310056761
0.8539325842696629,16602.882188928634,0.5146041331845853,370.6349218729083,0.7087336045693012
0.8764044943820224,16602.882188928634,0.5151835516635707,373.2051016207352,0.7124714884507306
0.898876404494382,16602.882188928634,0.5157864981577742,375.8648310118277,0.7163164752126523
0.9213483146067416,16602.882188928634,0.5164143038247841,378.6192102940542,0.7202736913749427
0.9438202247191011,16602.882188928634,0.517068415049385,381.4737749536276,0.7243486322968543
0.9662921348314606,16602.882188928634,0.5177504039015324,384.4345399746822,0.7285471950616746
0.9887640449438202,16602.882188928634,0.5184619821542631,387.5080546007499,0.7328757181391335
1.0112359550561798,16602.882188928634,0.5192050193315387,390.701469354293,0.7373410288651152
1.0337078651685392,16602.882188928634,0.519981559260823,394.0226044485705,0.7419504917406758
1.0561797752808988,16602.882188928634,0.5207938411716915,397.4800329412085,0.746712065933841
1.0786516853932584,16602.882188928634,0.5216443268886183,401.0831831902084,0.7516343746937739
1.101123595505618,16602.882188928634,0.5225357268441888,404.84244626389784,0.7567267773668653
1.1235955056179776,16602.882188928634,0.5234710356600305,408.76931286391994,0.7619994592830894
1.146067415730337,16602.882188928634,0.5244535715069188,412.87652935030025,0.7674635325047713
1.1685393258426966,16602.882188928634,0.5255837427066946,417.39657371836785,0.7732681049982146
1.1910112359550562,16602.882188928634,0.5264960793405752,421.5093685660117,0.778902295537768
1.2134831460674156,16602.882188928634,0.5277454766665673,426.48109405833594,0.7851631847350181
1.2359550561797752,16602.882188928634,0.5289359098373488,431.4177057424807,0.791494653362986
1.2584269662921348,16602.882188928634,0.5302187513196197,436.6752305494545,0.7981231583997974
1.2808988764044944,16602.882188928634,0.5315784590471463,442.2282820898011,0.8050367825830966
1.303370786516854,16602.882188928634,0.5330224180855034,448.105837392921,0.8122576185831233
1.3258426966292134,16602.882188928634,0.5345590023076366,454.34097026578036,0.8198103331521726
1.348314606741573,16602.882188928634,0.5361976909103937,460.9714763863794,0.8277224895229244
1.3707865168539326,16602.882188928634,0.5379491897174935,468.04058271418336,0.8360248969674587
1.393258426966292,16602.882188928634,0.5398254986983183,475.5976058903997,0.8447518981677251
1.4157303370786516,16602.882188928634,0.541776087045477,483.5330046989442,0.853842012034896
1.4382022471910112,16602.882188928634,0.5437933025170708,491.8434774602196,0.8632993409938167
1.4606741573033708,16602.882188928634,0.5462986869613544,501.6753183607152,0.8738111309079866
1.4831460674157304,16602.882188928634,0.5488336240356799,511.8556868927317,0.8846787280976712
1.5056179775280898,16602.882188928634,0.5513182383302488,522.1785842166538,0.8957904467347703
1.5280898876404494,16602.882188928634,0.5543556669789789,534.358067594051,0.9081494631333585
1.550561797752809,16602.882188928634,0.5575577646721656,547.3790222498943,0.9211597332759399
1.5730337078651684,16602.882188928634,0.5610660389079343,561.7081293674819,0.9350864620955058
1.595505617977528,16602.882188928634,0.5648632758778415,577.3738673883548,0.9499379537057666
1.6179775280898876,16602.882188928634,0.5690727299427111,594.8449981056943,0.965961978002806
1.6404494382022472,16602.882188928634,0.5737143181903638,614.3096240116025,0.9832377779957423
1.6629213483146068,16602.882188928634,0.5788292464428216,636.0474519550721,1.0018832888663214
1.6853932584269662,16602.882188928634,0.5844628368896876,660.385269516723,1.0220257993109172
1.7078651685393258,16602.882188928634,0.590522290956183,687.2040612356025,1.0435512581936934
1.7303370786516854,16602.882188928634,0.5969231061291431,716.3922424693181,1.0663541847458278
1.7528089887640448,16602.882188928634,0.6011451261855458,738.6728150016427,1.0860068839264978
1.7752808988764044,16602.882188928634,0.6049477777778031,760.1791131671483,1.1056222097108288
1.797752808988764,16602.882188928634,0.612157826385147,795.9126690792635,1.1320865789281047
1.8202247191011236,16602.882188928634,0.6243772155111211,854.1303522263394,1.1683014071509175
1.8426966292134832,16602.882188928634,0.6315404156117497,893.8303413103581,1.196345522380178
1.8651685393258426,16602.882188928634,0.6159261463748339,836.9376837684061,1.184411529845528
1.8876404494382022,16602.882188928634,0.5934758258082844,756.4232418148819,1.159282338067338
1.9101123595505618,16602.882188928634,0.5727212550175296,687.8239630934465,1.1359474232245688
1.9325842696629212,16602.882188928634,0.5533773217309599,628.4549717367754,1.1138858817102328
1.9550561797752808,16602.882188928634,0.535833525833251,578.3520447421149,1.0940472380023285
1.9775280898876404,16602.882188928634,0.5189934269321027,533.0051272662184,1.0741839359417387
2.0,16602.882188928634,0.5033886979581178,493.47182032851714,1.0555791291632042
0.0,18452.492856515975,0.499500828361791,290.5316843089264,0.5885317868339228
0.02247191011235955,18452.492856515975,0.4996454754027119,291.30632574216787,0.5898810439308038
0.0449438202247191,18452.492856515975,0.4997933166141376,292.09380725133417,0.5912508371906132
0.06741573033707865,18452.492856515975,0.4999444508395601,292.8944844409559,0.5926416802638226
0.0898876404494382,18452.492856515975,0.5000989808941497,293.708726717197,0.5940541048637266
0.11235955056179775,18452.492856515975,0.5002570138315984,294.536918086278,0.5954886616617802
0.1348314606741573,18452.492856515975,0.5004186612699177,295.3794580719624,0.5969459212798526
0.15730337078651685,18452.492856515975,0.5005840394520739,296.23676223815255,0.5984264750430265
0.1797752808988764,18452.492856515975,0.5007532696172038,297.1092632309417,0.5999309360943883
0.20224719101123595,18452.492856515975,0.5009264782514318,297.9974116600677,0.6014599404266456
0.2247191011235955,18452.492856515975,0.5011037973928946,298.9016770987424,0.6030141480150628
0.24719101123595505,18452.492856515975,0.5012853648463055,299.82254897177575,0.6045942439020027
0.2696629213483146,18452.492856515975,0.5014713245345531,300.76053769968786,0.6062009394761497
0.29213483146067415,18452.492856515975,0.5016618270183802,301.71617615655913,0.6078349739861443
0.3146067415730337,18452.492856515975,0.5018570295707648,302.69002044892744,0.6094971156379461
0.33707865168539325,18452.492856515975,0.5020570968549979,303.6826517200698,0.6111881633979084
0.3595505617977528,18452.492856515975,0.5022622012034695,304.6946773568508,0.6129089484370458
0.38202247191011235,18452.492856515975,0.5024725230449636,305.7267324905314,0.61466033580446
0.4044943820224719,18452.492856515975,0.5026882515676612,306.77948194523634,0.6164432264334528
0.42696629213483145,18452.492856515975,0.5029095850379359,307.85362168382073,0.6182585588578979
0.449438202247191,18452.492856515975,0.5031367315194853,308.9498809829774,0.6201073114516045
0.47191011235955055,18452.492856515975,0.5033699095693799,310.06902465017663,0.6219905047415605
0.4943820224719101,18452.492856515975,0.5036093485738562,311.21185471991157,0.6239092034278763
0.5168539325842696,18452.492856515975,0.503855289856159,312.3792135294905,0.6258645193639554
0.5393258426966292,18452.492856515975,0.5041079872305535,313.57198596912104,0.6278576140495403
0.5617977528089888,18452.492856515975,0.5043677078810038,314.7911023822021,0.6298897016114352
0.5842696629213483,18452.492856515975,0.5046347333110193,316.03754170547205,0.6319620520060245
0.6067415730337078,18452.492856515975,0.504909360488545,317.31233507349356,0.6340759945957125
0.6292134831460674,18452.492856515975,0.5051919025640396,318.6165688353616,0.6362329214113074
0.651685393258427,18452.492856515975,0.5054826905405639,319.95138935798974,0.638434291668391
0.6741573033707865,18452.492856515975,0.5057820743290337,321.31800695386255,0.6406816357905589
0.696629213483146,18452.492856515975,0.506090423984179,322.7177003030311,0.6429765598468901
0.7191011235955056,18452.492856515975,0.5064081318686257,324.15182270395,0.6453207512886208
0.7415730337078652,18452.492856515975,0.506735613929996,325.6218070233531,0.6477159839307433
0.7640449438202247,18452.492856515975,0.5070733116781649,327.1291721237421,0.6501641240149544
0.7865168539325842,18452.492856515975,0.5074216945750193,328.67553031769626,0.6526671370645455
0.8089887640449438,18452.492856515975,0.5077812623723948,330.2625950678294,0.6552270950246025
0.8314606741573034,18452.492856515975,0.5081525473992867,331.8921889588273,0.657846183713163
0.8539325842696629,18452.492856515975,0.508536118198411,333.5662544976999,0.6605267122749241
0.8764044943820224,18452.492856515975,0.5089325823166699,335.28686387824706,0.6632711221022473
0.898876404494382,18452.492856515975,0.5093425903161466,337.0562314684114,0.6660819977074138
0.9213483146067416,18452.492856515975,0.5097668399843783,338.87672727466725,0.6689620784058954
0.9438202247191011,18452.492856515975,0.5102060811139141,340.7508921356644,0.6719142713151515
0.9662921348314606,18452.492856515975,0.5106611211212101,342.68145525070594,0.6749416660763786
0.9887640449438202,18452.492856515975,0.5111328309989686,344.67135323432376,0.6780475507754434
1.0112359550561798,18452.492856515975,0.5116151749227736,346.7106398448541,0.6812268093700681
1.0337078651685392,18452.492856515975,0.5121170404859213,348.81736897509467,0.6844928091156922
1.0561797752808988,18452.492856515975,0.5126399312839652,350.996021810152,0.6878500620017656
1.0786516853932584,18452.492856515975,0.5131850141772656,353.25058364190244,0.6913028313032076
1.101123595505618,18452.492856515975,0.5137535582167592,355.5853785399461,0.6948556848969761
1.1235955056179776,18452.492856515975,0.5143469481184889,358.0051115282258,0.6985135276063331
1.146067415730337,18452.492856515975,0.5149666957444539,360.51490935408196,0.7022816328075242
1.1685393258426966,18452.492856515975,0.5156144578452191,363.1203761810454,0.7061656839910251
1.1910112359550562,18452.492856515975,0.5162920532117685,365.8276515448441,0.7101718179201911
1.2134831460674156,18452.492856515975,0.5170014858591134,368.64348414415076,0.7143066782192029
1.2359550561797752,18452.492856515975,0.5177449699886922,371.57531401033015,0.7185774743992404
1.2584269662921348,18452.492856515975,0.5185249615978001,374.63137373204034,0.7229920531695727
1.2808988764044944,18452.492856515975,0.5193441978853628,377.82081257624355,0.7275589843225531
1.303370786516854,18452.492856515975,0.5202057435305909,381.15384346329364,0.732287660857409
1.3258426966292134,18452.492856515975,0.5211130483113091,384.64192415468733,0.7371884203272533
1.348314606741573,18452.492856515975,0.5220140541183114,388.1802843927049,0.7421962635274977
1.3707865168539326,18452.492856515975,0.5229584411092314,391.8762775955896,0.7473843569769109
1.393258426966292,18452.492856515975,0.5241508081587957,396.17349489716,0.7530432231963055
1.4157303370786516,18452.492856515975,0.5252848647851603,400.4273054130221,0.7587585394010845
1.4382022471910112,18452.492856515975,0.5264896863533787,404.91941855252645,0.7647165106092398
1.4606741573033708,18452.492856515975,0.5277726582969835,409.67438416937716,0.7709367205701201
1.4831460674157304,18452.492856515975,0.5291421792847011,414.7203206331616,0.777441125078486
1.5056179775280898,18452.492856515975,0.5306077036845901,420.08928328997433,0.7842542425039933
1.5280898876404494,18452.492856515975,0.5321797282105691,425.8175515326313,0.791403275309147
1.550561797752809,18452.492856515975,0.5338246158370356,431.84083862376275,0.7988517350435946
1.5730337078651684,18452.492856515975,0.5355708154066029,438.23806173877847,0.806654403354853
1.595505617977528,18452.492856515975,0.5374803714356804,445.1731660981046,0.8149188326358099
1.6179775280898876,18452.492856515975,0.5395580903365453,452.6811388464693,0.8236703551420171
1.6404494382022472,18452.492856515975,0.5418160213038004,460.8176389784543,0.8329467604630827
1.6629213483146068,18452.492856515975,0.5442776038782596,469.6712343117039,0.8428052985972717
1.6853932584269662,18452.492856515975,0.5469892759980278,479.39627381069056,0.8533416944277665
1.7078651685393258,18452.492856515975,0.5499562693293967,490.0520570563851,0.8645909878719098
1.7303370786516854,18452.492856515975,0.5531959321651383,501.7358072355433,0.8766091721077827
1.7528089887640448,18452.492856515975,0.5567716911966512,514.679395036655,0.8895285233762966
1.7752808988764044,18452.492856515975,0.5607146739776668,529.0467876159967,0.9034341748496283
1.797752808988764,18452.492856515975,0.5653128137504719,545.7552224411412,0.9188331741616045
1.8202247191011236,18452.492856515975,0.5701592604833957,563.7766359407926,0.9351060623641031
1.8426966292134832,18452.492856515975,0.575584706761717,584.2022755493438,0.952834287311697
1.8651685393258426,18452.492856515975,0.5815593270029267,607.1276485292434,0.9720131556763872
1.8876404494382022,18452.492856515975,0.5879604071902408,632.3570959251514,0.9924781485741053
1.9101123595505618,18452.492856515975,0.5945811701148651,659.3778362663645,1.0139155432063596
1.9325842696629212,18452.492856515975,0.6012578290019273,687.7431694853607,1.0360762906773022
1.9550561797752808,18452.492856515975,0.6079494774223841,717.3763297274171,1.0589157611814124
1.9775280898876404,18452.492856515975,0.6015234468953474,700.6232618670758,1.0600414107755243
2.0,18452.492856515975,0.5824326378926594,641.3490799849836,1.03919686793844
0.0,20508.155677140625,0.4974697115189788,273.89449519956224,0.5649021752782009
0.02247191011235955,20508.155677140625,0.4975772852826125,274.48264068466676,0.5659883895097608
0.0449438202247191,20508.155677140625,0.49768709403677225,275.07948944210835,0.5670896071691627
0.06741573033707865,20508.155677140625,0.4977992022947488,275.6852589855566,0.5682061698348189
0.0898876404494382,20508.155677140625,0.49791367700194805,276.30017452589266,0.569338430063779
0.11235955056179775,20508.155677140625,0.49803058766448677,276.9244693457622,0.5704867518655314
0.1348314606741573,20508.155677140625,0.49815000652395625,277.5583852536426,0.5716515112393734
0.15730337078651685,20508.155677140625,0.49827200865851196,278.2021729398652,0.5728330966576209
0.1797752808988764,20508.155677140625,0.4983966720868176,278.8560923480679,0.5740319095708206
0.20224719101123595,20508.155677140625,0.49852407795848214,279.520413188537,0.5752483650199748
0.2247191011235955,20508.155677140625,0.4986543107067862,280.19541540912286,0.5764828922336511
0.24719101123595505,20508.155677140625,0.4987874581972663,280.8813896742225,0.5777359352443442
0.2696629213483146,20508.155677140625,0.4989236119252844,281.578637932999,0.5790079535790648
0.29213483146067415,20508.155677140625,0.49906286717120285,282.287473940175,0.5802994229338223
0.3146067415730337,20508.155677140625,0.49920532325699973,283.008223948299,0.5816108359790433
0.33707865168539325,20508.155677140625,0.4993510836899009,283.74122724773855,0.5829427030807518
0.3595505617977528,20508.155677140625,0.499500256416449,284.48683689453054,0.5842955531656533
0.38202247191011235,20508.155677140625,0.49965295408881133,285.2454204795928,0.5856699346334837
0.4044943820224719,20508.155677140625,0.49980929426811793,286.01736082505664,0.5870664162414185
0.42696629213483145,20508.155677140625,0.49996939975622673,286.80305690296984,0.588485588159168
0.449438202247191,20508.155677140625,0.5001333987799339,287.6029245540303,0.5899280629137463
0.47191011235955055,20508.155677140625,0.5003014255096326,288.4173977527048,0.5913944767246057
0.4943820224719101,20508.155677140625,0.5004736201271082,289.246929206589,0.5928854904197807
0.5168539325842696,20508.155677140625,0.5006501294006458,290.09199177607985,0.5944017909290081
0.5393258426966292,20508.155677140625,0.5008311069638738,290.9530794722871,0.5959440925245438
0.5617977528089888,20508.155677140625,0.5010167136848154,291.83070863393976,0.5975131382135114
0.5842696629213483,20508.155677140625,0.5012071182121741,292.7254194262487,0.599109701379818
0.6067415730337078,20508.155677140625,0.5014024973987014,293.6377771951684,0.6007345873653501
0.6292134831460674,20508.155677140625,0.501603036795935,294.5683739846139,0.6023886351987922
0.651685393258427,20508.155677140625,0.5018089312019408,295.517830193208,0.6040727194589974
0.6741573033707865,20508.155677140625,0.5020203853155558,296.48679646182774,0.6057877523369565
0.696629213483146,20508.155677140625,0.5022376142729232,297.4759554399025,0.607534685663157
0.7191011235955056,20508.155677140625,0.5024608444258756,298.4860240099902,0.6093145132923063
0.7415730337078652,20508.155677140625,0.5026903140249424,299.5177554394507,0.6111282734925053
0.7640449438202247,20508.155677140625,0.5029262741147129,300.57194196061135,0.6129770516791038
0.7865168539325842,20508.155677140625,0.5031689893367626,301.6494172973913,0.6148619831736146
0.8089887640449438,20508.155677140625,0.5034187390018532,302.75105973310247,0.6167842563914047
0.8314606741573034,20508.155677140625,0.5036758180769628,303.87779515628364,0.6187451160845501
0.8539325842696629,20508.155677140625,0.5039405383622089,305.0306005428687,0.6207458669527117
0.8764044943820224,20508.155677140625,0.5042132297395927,306.2105076970133,0.6227878775080603
0.898876404494382,20508.155677140625,0.5044942416969778,307.41860760260397,0.6248725844368129
0.9213483146067416,20508.155677140625,0.5047839447639111,308.6560548035705,0.6270014970722756
0.9438202247191011,20508.155677140625,0.5050827322674118,309.9240725065025,0.6291762024524788
0.9662921348314606,20508.155677140625,0.5053910223592806,311.223958354669,0.6313983709356038
0.9887640449438202,20508.155677140625,0.5057092599366075,312.5570902645287,0.6336697619709752
1.0112359550561798,20508.155677140625,0.5060379194503932,313.924934029319,0.6359922311814767
1.0337078651685392,20508.155677140625,0.5063775071566263,315.32905029122793,0.6383677371513593
1.0561797752808988,20508.155677140625,0.5067285644205276,316.77110364041704,0.6407983497860402
1.0786516853932584,20508.155677140625,0.5070916713070762,318.25287260693335,0.6432862594232518
1.101123595505618,20508.155677140625,0.507467450179901,319.7762601153176,0.6458337864158264
1.1235955056179776,20508.155677140625,0.5078565706862179,321.34330684033034,0.6484433928401072
1.146067415730337,20508.155677140625,0.508259754334608,322.9562044560807,0.65111769431445
1.1685393258426966,20508.155677140625,0.5086777812507541,324.6173133554117,0.6538594750237842
1.1910112359550562,20508.155677140625,0.5091114964155521,326.32918027563164,0.6566717028854047
1.2134831460674156,20508.155677140625,0.5095618178502249,328.0945602569181,0.6595575478501252
1.2359550561797752,20508.155677140625,0.5100297466884205,329.9164430475776,0.6625204034255675
1.2584269662921348,20508.155677140625,0.5105163766659454,331.79807975759445,0.6655639085984411
1.2808988764044944,20508.155677140625,0.5110229081829473,333.7430191780591,0.6686919765089799
1.303370786516854,20508.155677140625,0.5115506628730858,335.75514686295577,0.6719088252225706
1.3258426966292134,20508.155677140625,0.5121011009456008,337.8387313637273,0.6752190135503219
1.348314606741573,20508.155677140625,0.5126758424551023,339.9984802043426,0.6786274836434489
1.3707865168539326,20508.155677140625,0.5132765735552699,342.23938542418347,0.6821394620643743
1.393258426966292,20508.155677140625,0.5139044202394524,344.56556856800415,0.6857596878343606
1.4157303370786516,20508.155677140625,0.51456343452455,346.9868176356141,0.6894968182597738
1.4382022471910112,20508.155677140625,0.5152559382560787,349.5099704066917,0.6933576316634442
1.4606741573033708,20508.155677140625,0.5159845668324654,352.1427220836155,0.6973495972995859
1.4831460674157304,20508.155677140625,0.5167523366010364,354.8937980027613,0.7014809962456882
1.5056179775280898,20508.155677140625,0.5175625529589944,357.7728281416582,0.7057608413954235
1.5280898876404494,20508.155677140625,0.5184195216792193,360.791789953739,0.7101998484788442
1.550561797752809,20508.155677140625,0.5193796778288492,364.0660195938423,0.7148780384168635
1.5730337078651684,20508.155677140625,0.5202938829201599,367.3057746994884,0.7196044492374721
1.595505617977528,20508.155677140625,0.5213215472719764,370.8308290199337,0.7245961817116005
1.6179775280898876,20508.155677140625,0.5224180439200661,374.55912380858587,0.7298015145854185
1.6404494382022472,20508.155677140625,0.5235909978045659,378.5126857462158,0.7352384856790214
1.6629213483146068,20508.155677140625,0.5248489665565301,382.71655029049015,0.7409272169257203
1.6853932584269662,20508.155677140625,0.5262014479043053,387.1989982814933,0.7468900349788119
1.7078651685393258,20508.155677140625,0.5276588162126633,391.9916761419712,0.7531515012063384
1.7303370786516854,20508.155677140625,0.5291139681783698,396.87609183584914,0.7595718270086291
1.7528089887640448,20508.155677140625,0.530741825514344,402.23531434510545,0.7664073476527178
1.7752808988764044,20508.155677140625,0.5325072704264711,408.0102863268634,0.7736226859323065
1.797752808988764,20508.155677140625,0.5344557770337864,414.3190747564676,0.7812981268103629
1.8202247191011236,20508.155677140625,0.5364745558546196,420.92876603188967,0.7892862501571738
1.8426966292134832,20508.155677140625,0.5389151640906292,428.6605871586929,0.7981186075890937
1.8651685393258426,20508.155677140625,0.5414964496020478,436.9105449427028,0.807406213841044
1.8876404494382022,20508.155677140625,0.5443466929634715,446.00926508914034,0.8173602797413496
1.9101123595505618,20508.155677140625,0.5475248425297197,456.14449407571954,0.8280952513785013
1.9325842696629212,20508.155677140625,0.5510885302763059,467.5175470102516,0.8397280036458463
1.9550561797752808,20508.155677140625,0.5549824296040137,480.06200098403286,0.8522054475212266
1.9775280898876404,20508.155677140625,0.5595209502505882,494.67110459133227,0.866047400321863
2.0,20508.155677140625,0.5647166305211943,511.5266647808949,0.8813169119498507
0.0,22792.825476115384,0.49585675668233403,259.8390030960685,0.5439982982877232
0.02247191011235955,22792.825476115384,0.49593616080770553,260.28785696948614,0.5448738512193181
0.0449438202247191,22792.825476115384,0.49601711969255197,260.7426412772732,0.5457603766036759
0.06741573033707865,22792.825476115384,0.49609967492868623,261.20348938021226,0.5466581014362514
0.0898876404494382,22792.825476115384,0.4961838701752915,261.67053977649476,0.547567259934545
0.11235955056179775,22792.825476115384,0.49626975008231505,262.1439346853832,0.5484880927172167
0.1348314606741573,22792.825476115384,0.49635736129831387,262.6238215543963,0.5494208479586177
0.15730337078651685,22792.825476115384,0.496446752105784,263.1103526487295,0.5503657812573385
0.1797752808988764,22792.825476115384,0.49653797244572173,263.60368518930613,0.5513231558806243
0.20224719101123595,22792.825476115384,0.49663107419260477,264.1039818504364,0.5522932432582147
0.2247191011235955,22792.825476115384,0.49672611117120413,264.61141089981203,0.5532763232421262
0.24719101123595505,22792.825476115384,0.4968231392595474,265.1261464661619,0.5542726844600383
0.2696629213483146,22792.825476115384,0.49692221641417705,265.64836870282335,0.5552826246062609
0.29213483146067415,22792.825476115384,0.49702340283954627,266.1782641631238,0.5563064508840713
0.3146067415730337,22792.825476115384,0.497126761120602,266.7160261316765,0.5573444804271506
0.33707865168539325,22792.825476115384,0.4972323562403022,267.2618547988306,0.5583970406242204
0.3595505617977528,22792.825476115384,0.4973402558424955,267.8159577949221,0.5594644696967531
0.38202247191011235,22792.825476115384,0.49745053019419133,268.3785503025868,0.5605471170016416
0.4044943820224719,22792.825476115384,0.4975632523744763,268.94985550319916,0.5616453435707068
0.42696629213483145,22792.825476115384,0.49767849859910973,269.53010523123834,0.5627595228027108
0.449438202247191,22792.825476115384,0.4977963480258894,270.1195398889973,0.5638900406666243
0.47191011235955055,22792.825476115384,0.49791688327141004,270.71840940187406,0.565037296622559
0.4943820224719101,22792.825476115384,0.49804019034511543,271.3269733429693,0.5662017039936673
0.5168539325842696,22792.825476115384,0.4981663588879856,271.9455015119352,0.5673836906601767
0.5393258426966292,22792.825476115384,0.4982954824189175,272.5742745406895,0.5685836997870716
0.5617977528089888,22792.825476115384,0.49842765847125375,273.2135843541749,0.5698021904696617
0.5842696629213483,22792.825476115384,0.49856298896003926,273.86373498635396,0.5710396386374945
0.6067415730337078,22792.825476115384,0.4987015801491099,274.52504282584954,0.5722965375892108
0.6292134831460674,22792.825476115384,0.4988435431352223,275.1978376409379,0.5735733990759843
0.651685393258427,22792.825476115384,0.4989889940401049,275.8824631965448,0.5748707541285474
0.6741573033707865,22792.825476115384,0.4991380542715153,276.5792779945827,0.5761891539897828
0.696629213483146,22792.825476115384,0.49929085084257047,277.2886561247506,0.5775291711456433
0.7191011235955056,22792.825476115384,0.4994475166905989,278.0109881408613,0.5788914003981552
0.7415730337078652,22792.825476115384,0.4996081910009391,278.7466819723813,0.5802764599886376
0.7640449438202247,22792.825476115384,0.49977301970317506,279.49616412539075,0.5816849929460634
0.7865168539325842,22792.825476115384,0.4999421556791477,280.2598804839206,0.5831176681930016
0.8089887640449438,22792.825476115384,0.5001157593143154,281.03829766211015,0.5845751820585353
0.8314606741573034,22792.825476115384,0.5002939989166549,281.83190419670035,0.5860582597163486
0.8539325842696629,22792.825476115384,0.5004770512622254,282.64121197330456,0.587567656818402
0.8764044943820224,22792.825476115384,0.5006651020517048,283.466757563344,0.5891041611062389
0.898876404494382,22792.825476115384,0.5008583465214762,284.30910384540704,0.5906685942575888
0.9213483146067416,22792.825476115384,0.5010569900599945,285.168841689664,0.5922618138201421
0.9438202247191011,22792.825476115384,0.5012612489724994,286.0465919301369,0.5938847153892
0.9662921348314606,22792.825476115384,0.5014713510583909,286.94300711387734,0.595538234683239
0.9887640449438202,22792.825476115384,0.5016875364661922,287.8587737477044,0.5972233500135035
1.0112359550561798,22792.825476115384,0.5019100585482945,288.7946146238734,0.598941084865511
1.0337078651685392,22792.825476115384,0.5021391850433194,289.75129174353964,0.6006925109519151
1.0561797752808988,22792.825476115384,0.5021235109840969,290.3344104787619,0.6022077588761086
1.0786516853932584,22792.825476115384,0.5023665892475343,291.33358948469913,0.6040287579513595
1.101123595505618,22792.825476115384,0.5026171669487041,292.356113217304,0.6058869551907783
1.1235955056179776,22792.825476115384,0.5028755796305674,293.40292801656676,0.6077836461159365
1.146067415730337,22792.825476115384,0.5031421836220008,294.47503639507653,0.609720192468719
1.1685393258426966,22792.825476115384,0.5034173575879525,295.57350129220595,0.6116980266593289
1.1910112359550562,22792.825476115384,0.5037015043263896,296.6994508958576,0.613718656706141
1.2134831460674156,22792.825476115384,0.5039950533553468,297.854084932254,0.615783672294988
1.2359550561797752,22792.825476115384,0.5042984630597499,299.03868048482536,0.6178947506335265
1.2584269662921348,22792.825476115384,0.5046122239204087,300.25459981545976,0.6200536638106712
1.2808988764044944,22792.825476115384,0.5049368615512327,301.50329818168046,0.6222622862911732
1.303370786516854,22792.825476115384,0.5052729406759294,302.7863335212496,0.6245226038438377
1.3258426966292134,22792.825476115384,0.505621069687179,304.10537749296157,0.6268367235636917
1.348314606741573,22792.825476115384,0.5059819055135845,305.46222748497684,0.6292068847321783
1.3707865168539326,22792.825476115384,0.5066099653756643,307.2810691661323,0.6319265951273799
1.393258426966292,22792.825476115384,0.5069986078035943,308.721875013445,0.6344178760583589
1.4157303370786516,22792.825476115384,0.5074022960302426,310.20687147620174,0.6369728968678953
1.4382022471910112,22792.825476115384,0.5078219570127603,311.73853986153733,0.6395945791701957
1.4606741573033708,22792.825476115384,0.5082586109305031,313.3195917850888,0.6422860646724554
1.4831460674157304,22792.825476115384,0.5087133866051723,314.9530041210883,0.6450507431368449
1.5056179775280898,22792.825476115384,0.5091875387373097,316.64205864930614,0.6478922838354151
1.5280898876404494,22792.825476115384,0.5096824690364656,318.3903902786551,0.6508146731757001
1.550561797752809,22792.825476115384,0.5101997526247121,320.20204672196314,0.6538222604744166
1.5730337078651684,22792.825476115384,0.5107411674615827,322.08155633424946,0.6569198095891439
1.595505617977528,22792.825476115384,0.5113087323034968,324.0340143750412,0.6601125634475868
1.6179775280898876,22792.825476115384,0.5119047493127423,326.0651819117294,0.6634063174100928
1.6404494382022472,22792.825476115384,0.5125318580153423,328.1816102353311,0.6668075102307401
1.6629213483146068,22792.825476115384,0.5131930969649987,330.39078592709376,0.6703233290755639
1.6853932584269662,22792.825476115384,0.5138919792841308,332.7013093478426,0.6739618371299404
1.7078651685393258,22792.825476115384,0.5146325785047724,335.1231025466017,0.6777321206126233
1.7303370786516854,22792.825476115384,0.5154146554171414,337.6585485756649,0.6816381877211389
1.7528089887640448,22792.825476115384,0.5162582632666405,340.3476281182072,0.6857100599579651
1.7752808988764044,22792.825476115384,0.5171534806197935,343.1759153550397,0.6899403983196002
1.797752808988764,22792.825476115384,0.5181120265051076,346.1692260445929,0.6943496922619893
1.8202247191011236,22792.825476115384,0.5191038141552771,349.27523516241064,0.6989049144188966
1.8426966292134832,22792.825476115384,0.5201452597487153,352.528672476915,0.7036330468833508
1.8651685393258426,22792.825476115384,0.5212451703722534,355.95094517841403,0.708552039992445
1.8876404494382022,22792.825476115384,0.5226972207154517,360.1193539983388,0.7140591807156998
1.9101123595505618,22792.825476115384,0.5239950886918467,364.0604995905145,0.7194930239197277
1.9325842696629212,22792.825476115384,0.5254166834715694,368.3205988894757,0.7252300756171712
1.9550561797752808,22792.825476115384,0.5269679446885498,372.9225032447603,0.7312891057237377
1.9775280898876404,22792.825476115384,0.5287355758750575,378.0553467748913,0.7378007616744295
2.0,22792.825476115384,0.5306327585298357,383.55987586282,0.7446600788125977
0.0,25332.014314857654,0.49459008077058786,247.89581713544757,0.5254669789834773
0.02247191011235955,25332.014314857654,0.49464819063114024,248.23995072040825,0.5261734573587709
0.0449438202247191,25332.014314857654,0.49470737478356136,248.58814332308867,0.5268879658733542
0.06741573033707865,25332.014314857654,0.49476766010689216,248.94047737451945,0.5276106556370068
0.0898876404494382,25332.014314857654,0.4948290746207728,249.29703806324153,0.5283416820291625
0.11235955056179775,25332.014314857654,0.4948916470059884,249.65791274155504,0.5290812043733865
0.1348314606741573,25332.014314857654,0.49495540725744197,250.02319184334604,0.5298293866426688
0.15730337078651685,25332.014314857654,0.4950203859725219,250.39296798209236,0.5305863969303126
0.1797752808988764,25332.014314857654,0.49508661509779106,250.76733700010072,0.5313524082516099
0.20224719101123595,25332.014314857654,0.49515412761405914,251.1463976011062,0.5321275983854084
0.2247191011235955,25332.014314857654,0.4952229576518853,251.53025156071982,0.5329121501125633
0.24719101123595505,25332.014314857654,0.49529314048692596,251.91900377826883,0.5337062513503601
0.2696629213483146,25332.014314857654,0.49536471266713866,252.31276250899825,0.5345100954140022
0.29213483146067415,25332.014314857654,0.4954377121280919,252.71163958418475,0.5353238812743795
0.3146067415730337,25332.014314857654,0.49551217808080783,253.11575032663572,0.5361478136126429
0.33707865168539325,25332.014314857654,0.4955881511553745,253.5252138147859,0.5369821031172736
0.3595505617977528,25332.014314857654,0.49566567338434675,253.9401529333469,0.5378269666405913
0.38202247191011235,25332.014314857654,0.49574478882683953,254.36069530048977,0.5386826279594188
0.4044943820224719,25332.014314857654,0.4958255424642065,254.78697184523583,0.5395493169361594
0.42696629213483145,25332.014314857654,0.49590798169217304,255.21911892635578,0.5404272711052801
0.449438202247191,25332.014314857654,0.4959921550300085,255.65727665981913,0.5413167346750574
0.47191011235955055,25332.014314857654,0.4960781135347806,256.10159094755835,0.5422179600662737
0.4943820224719101,25332.014314857654,0.4961659097302515,256.5522121098465,0.5431312071350832
0.5168539325842696,25332.014314857654,0.4962555983303954,257.00929598065704,0.5440567440877648
0.5393258426966292,25332.014314857654,0.4963472363284082,257.473004141632,0.5449948478142437
0.5617977528089888,25332.014314857654,0.49644088291355803,257.9435039236126,0.5459458040702994
0.5842696629213483,25332.014314857654,0.4965365996789034,258.4209688152638,0.546909907947099
0.6067415730337078,25332.014314857654,0.4966344506776852,258.9055786697819,0.5478874642113962
0.6292134831460674,25332.014314857654,0.4967345024660708,259.39751989894256,0.5488787876463862
0.651685393258427,25332.014314857654,0.4968368247961365,259.8969865815614,0.5498842040305347
0.6741573033707865,25332.014314857654,0.4969414899508283,260.4041796899221,0.5509040498350694
0.696629213483146,25332.014314857654,0.4970485731210522,260.9193077724292,0.5519386729318427
0.7191011235955056,25332.014314857654,0.49715815326546187,261.44258832820736,0.5529884337896634
0.7415730337078652,25332.014314857654,0.4972703122691658,261.9742468090159,0.5540537050521807
0.7640449438202247,25332.014314857654,0.497385135639654,262.5145177835728,0.5551348726152837
0.7865168539325842,25332.014314857654,0.4975027128324409,263.06364559943825,0.5562323363739219
0.8089887640449438,25332.014314857654,0.49762313719629664,263.6218845208837,0.5573465106231231
0.8314606741573034,25332.014314857654,0.49774650621142513,264.1894992918905,0.5584778247673358
0.8539325842696629,25332.014314857654,0.49787292176995723,264.76676577455555,0.5596267240987192
0.8764044943820224,25332.014314857654,0.4980024904393007,265.3539715798496,0.5607936705882085
0.898876404494382,25332.014314857654,0.49813532366042684,265.951416622671,0.5619791436433748
0.9213483146067416,25332.014314857654,0.4982715382798836,266.5594141728907,0.5631836412290459
0.9438202247191011,25332.014314857654,0.49841125630850885,267.1782908190939,0.5644076802584974
0.9662921348314606,25332.014314857654,0.4985546059401196,267.8083882594122,0.5656517982697017
0.9887640449438202,25332.014314857654,0.4987017212243141,268.45006318457143,0.5669165538077681
1.0112359550561798,25332.014314857654,0.4988527428781615,269.1036888223165,0.5682025279816815
1.0337078651685392,25332.014314857654,0.499007818562233,269.7696557403885,0.5695103255364142
1.0561797752808988,25332.014314857654,0.49916710317834817,270.4483727078127,0.5708405759946208
1.0786516853932584,25332.014314857654,0.49933075943799204,271.1402679809358,0.5721939351240094
1.101123595505618,25332.014314857654,0.4994989583512457,271.8457905103044,0.5735710863837922
1.1235955056179776,25332.014314857654,0.49967187963818005,272.5654110714355,0.5749727423542227
1.146067415730337,25332.014314857654,0.49984971237549364,273.2996237806269,0.5763996464716648
1.1685393258426966,25332.014314857654,0.499782139204293,273.67881001117894,0.5775951640344185
1.1910112359550562,25332.014314857654,0.49997030823366173,274.44254786415405,0.5790739163903198
1.2134831460674156,25332.014314857654,0.5001640152659598,275.22248788363004,0.5805803293624352
1.2359550561797752,25332.014314857654,0.5003634930769999,276.01923253558556,0.582115287947933
1.2584269662921348,25332.014314857654,0.5005689872755652,276.83341629137095,0.5836797181171722
1.2808988764044944,25332.014314857654,0.5007807571087407,277.66570771751685,0.5852745892439395
1.303370786516854,25332.014314857654,0.5009990767060576,278.51681230017925,0.5869009171104833
1.3258426966292134,25332.014314857654,0.501224236042949,279.3874749387982,0.588559766749312
1.348314606741573,25332.014314857654,0.5014565420584253,280.2784827644081,0.5902522555834111
1.3707865168539326,25332.014314857654,0.5016963202449928,281.1906687781959,0.5919795572172332
1.393258426966292,25332.014314857654,0.5019439160851488,282.1249153814051,0.5937429052359785
1.4157303370786516,25332.014314857654,0.5021996968502023,283.0821585896389,0.5955435975737564
1.4382022471910112,25332.014314857654,0.5024640536461638,284.063392778671,0.5973830013515176
1.4606741573033708,25332.014314857654,0.5027374038012853,285.0696761294503,0.5992625583103237
1.4831460674157304,25332.014314857654,0.5030201936636622,286.1021369059833,0.6011837909426947
1.5056179775280898,25332.014314857654,0.5033129018628596,287.16198068337144,0.6031483094141622
1.5280898876404494,25332.014314857654,0.5036160433483102,288.25049905296873,0.6051578196556854
1.550561797752809,25332.014314857654,0.5039301742300116,289.36907990160597,0.6072141327075543
1.5730337078651684,25332.014314857654,0.504255897517367,290.51921947976,0.609319175478951
1.595505617977528,25332.014314857654,0.5045938701544143,291.7025369631681,0.6114750034325784
1.6179775280898876,25332.014314857654,0.5049448120046165,292.92079264702335,0.6136838160117234
1.6404494382022472,25332.014314857654,0.5053095163829863,294.17590927884356,0.6159479744802965
1.6629213483146068,25332.014314857654,0.505942334417328,295.8759525086391,0.6185558335668616
1.6853932584269662,25332.014314857654,0.5063375040134005,297.21356277405863,0.6209402207679618
1.7078651685393258,25332.014314857654,0.5067494126102836,298.59514611296305,0.6233882948225926
1.7303370786516854,25332.014314857654,0.5071793126902214,300.0236082363307,0.6259033305184525
1.7528089887640448,25332.014314857654,0.5076286334407223,301.5022228902227,0.6284889267362308
1.7752808988764044,25332.014314857654,0.5080990162396596,303.0347027970206,0.6311490607333281
1.797752808988764,25332.014314857654,0.508592360727921,304.62529112259807,0.6338881571545065
1.8202247191011236,25332.014314857654,0.5091108800639497,306.278872191053,0.6367111708338101
1.8426966292134832,25332.014314857654,0.50965717212795,308.00111388024857,0.6396236920785642
1.8651685393258426,25332.014314857654,0.5102343072578378,309.79864447012,0.6426320762508285
1.8876404494382022,25332.014314857654,0.5108459331433759,311.67926716143427,0.645743599666321
1.9101123595505618,25332.014314857654,0.5114933053956788,313.6469571342791,0.6489629329132829
1.9325842696629212,25332.014314857654,0.5121906557333583,315.7280575110472,0.652310629617324
1.9550561797752808,25332.014314857654,0.5129309031735273,317.912948391327,0.6557819660580573
1.9775280898876404,25332.014314857654,0.5137184133990945,320.21168882561955,0.6593862135805066
2.0,25332.014314857654,0.5145582033899241,322.63584202586026,0.6631338124775044
0.0,28154.076374629476,0.49360902199061696,237.69471446243426,0.5090088950288153
0.02247191011235955,28154.076374629476,0.4936511294981111,237.95965718207333,0.5095794310915356
0.0449438202247191,28154.076374629476,0.49369397397923975,238.22738891303143,0.5101558469158567
0.06741573033707865,28154.076374629476,0.49373757272571056,238.497960834174,0.5107382431161813
0.0898876404494382,28154.076374629476,0.4937819435517394,238.771425478916,0.5113267227480677
0.11235955056179775,28154.076374629476,0.49382710481144165,239.0478367794951,0.5119213913837583
0.1348314606741573,28154.076374629476,0.4938730754434333,239.3272501469158,0.51252235721381
0.15730337078651685,28154.076374629476,0.49391987497262246,239.60972249727266,0.5131297311137565
0.1797752808988764,28154.076374629476,0.49396752355155604,239.89531232958143,0.5137436267478667
0.20224719101123595,28154.076374629476,0.4940160419899441,240.18407978966914,0.5143641606652729
0.2247191011235955,28154.076374629476,0.49406545177079075,240.47608671801322,0.5149914523870801
0.24719101123595505,28154.076374629476,0.49411577505635695,240.77139668555913,0.5156256244872776
0.2696629213483146,28154.076374629476,0.49416703476679646,241.07007512421058,0.5162668027407842
0.29213483146067415,28154.076374629476,0.49421925456345117,241.37218933608608,0.516915116190582
0.3146067415730337,28154.076374629476,0.49427245891338134,241.677808608633,0.5175706972898715
0.33707865168539325,28154.076374629476,0.4943266731012199,241.98700426335424,0.518233682001136
0.3595505617977528,28154.076374629476,0.4943819232756257,242.29984975065295,0.5189042099294777
0.38202247191011235,28154.076374629476,0.4944382364757112,242.61642072040422,0.5195824244419972
0.4044943820224719,28154.076374629476,0.494495640669757,242.93679511006263,0.5202684728020682
0.42696629213483145,28154.076374629476,0.49455416478109915,243.26105321784058,0.5209625062963188
0.449438202247191,28154.076374629476,0.4946138388829748,243.58927799785553,0.521664680517619
0.47191011235955055,28154.076374629476,0.49467469388753477,243.92155469857414,0.5223751551991053
0.4943820224719101,28154.076374629476,0.494736762085884,244.25797161201,0.5230940948166775
0.5168539325842696,28154.076374629476,0.494800076638216,244.5986194559541,0.5238216682533314
0.5393258426966292,28154.076374629476,0.49486467215201285,244.94359217901453,0.5245580494478381
0.5617977528089888,28154.076374629476,0.4949305844568055,245.29298671898573,0.5253034173260263
0.5842696629213483,28154.076374629476,0.49499785061702706,245.6469030736992,0.5260579559514124
0.6067415730337078,28154.076374629476,0.4950665091440062,246.00544463650309,0.5268218548629715
0.6292134831460674,28154.076374629476,0.49513660003620585,246.36871830982886,0.5275953092644785
0.651685393258427,28154.076374629476,0.4952081647701287,246.7368345563438,0.5283785201754765
0.6741573033707865,28154.076374629476,0.49528124639928817,247.10990759552038,0.5291716946877836
0.696629213483146,28154.076374629476,0.49535588976233763,247.4880557488472,0.5299750463303539
0.7191011235955056,28154.076374629476,0.49543214141934017,247.87140142926722,0.530788795193715
0.7415730337078652,28154.076374629476,0.49551004956663286,248.26007110414997,0.5316131680416497
0.7640449438202247,28154.076374629476,0.4955896646519166,248.65419619381723,0.5324483990773572
0.7865168539325842,28154.076374629476,0.49567103887680364,249.0539124956816,0.5332947296948986
0.8089887640449438,28154.076374629476,0.4957542268616224,249.4593611601752,0.5341524093130112
0.8314606741573034,28154.076374629476,0.4958392850820089,249.87068803322936,0.5350216950836034
0.8539325842696629,28154.076374629476,0.4959262726824074,250.28804484374336,0.5359028528879549
0.8764044943820224,28154.076374629476,0.49601525117978673,250.7115889138126,0.5367961573162786
0.898876404494382,28154.076374629476,0.496106284717713,251.14148361090994,0.5377018921707902
0.9213483146067416,28154.076374629476,0.49619944008263944,251.57789848740984,0.5386203507607616
0.9438202247191011,28154.076374629476,0.49629478706201285,252.0210098878874,0.5395518365326095
0.9662921348314606,28154.076374629476,0.49639239838090493,252.47100099584623,0.5404966633204026
0.9887640449438202,28154.076374629476,0.49649234991104974,252.9280622552256,0.5414551558678071
1.0112359550561798,28154.076374629476,0.4965947210537341,253.39239203790376,0.5424276505332537
1.0337078651685392,28154.076374629476,0.4966995946634878,253.86419669770163,0.5434144955798705
1.0561797752808988,28154.076374629476,0.4968070573705375,254.34369117503596,0.544416051862007
1.0786516853932584,28154.076374629476,0.49691719958771075,254.83109918229778,0.5454326932329752
1.101123595505618,28154.076374629476,0.49703011611713127,255.32665422049982,0.5464648075477607
1.1235955056179776,28154.076374629476,0.4971459060784199,255.8305996817924,0.54751279704312
1.146067415730337,28154.076374629476,0.49726467318932405,256.3431894457677,0.5485770790786514
1.1685393258426966,28154.076374629476,0.49738652607561323,256.8646885310964,0.5496580869341686
1.1910112359550562,28154.076374629476,0.4975115783803335,257.39537348560634,0.5507562704425137
1.2134831460674156,28154.076374629476,0.4976399494688901,257.9355336166644,0.5518720972306568
1.2359550561797752,28154.076374629476,0.4977717643458198,258.4854711506881,0.5530060532319733
1.2584269662921348,28154.076374629476,0.4979071541221472,259.04550217205946,0.5541586437666007
1.2808988764044944,28154.076374629476,0.4980462561912006,259.61595717801754,0.555330394376336
1.303370786516854,28154.076374629476,0.4981892149313917,260.19718239070136,0.5565218522164537
1.3258426966292134,28154.076374629476,0.49808651373242224,260.43911891243334,0.5574870115065729
1.348314606741573,28154.076374629476,0.49823757224458814,261.04200755603443,0.5587187641141019
1.3707865168539326,28154.076374629476,0.4983929631004193,261.6567867718238,0.559971988879004
1.393258426966292,28154.076374629476,0.4985528614798745,262.2838729138685,0.5612473297525351
1.4157303370786516,28154.076374629476,0.498717451973736,262.923703490512,0.5625454589151471
1.4382022471910112,28154.076374629476,0.49888692843726834,263.57673746208746,0.5638670776473261
1.4606741573033708,28154.076374629476,0.4990614947603789,264.2434568683104,0.5652129181777159
1.4831460674157304,28154.076374629476,0.4992413653623703,264.92436810923465,0.5665837453300819
1.5056179775280898,28154.076374629476,0.49942676601116553,265.62000373467504,0.567980358575802
1.5280898876404494,28154.076374629476,0.49961793413924716,266.330923565005,0.5694035936629608
1.550561797752809,28154.076374629476,0.4998151200158529,267.0577170914881,0.570854325203736
1.5730337078651684,28154.076374629476,0.5000185872163513,267.80100493157744,0.5723334686502642
1.595505617977528,28154.076374629476,0.5002286136984109,268.56144122125266,0.57384198299529
1.6179775280898876,28154.076374629476,0.50044549286123,269.33971606044133,0.5753808735771586
1.6404494382022472,28154.076374629476,0.5006695349684485,270.1365585718869,0.5769511953920792
1.6629213483146068,28154.076374629476,0.5009010683008727,270.9527396638808,0.5785540562737109
1.6853932584269662,28154.076374629476,0.5011404415299856,271.7890766843837,0.5801906215012514
1.7078651685393258,28154.076374629476,0.501388025670402,272.6464375973288,0.5818621181608846
1.7303370786516854,28154.076374629476,0.5016442175912391,273.5257476042617,0.5835698413485826
1.7528089887640448,28154.076374629476,0.5019094434533348,274.42799585638403,0.5853151605498037
1.7752808988764044,28154.076374629476,0.5021841642906721,275.3542455730388,0.5870995285704544
1.797752808988764,28154.076374629476,0.5024688821236875,276.305645257092,0.5889244913889934
1.8202247191011236,28154.076374629476,0.5027641484927492,277.2834438857755,0.5907917009990267
1.8426966292134832,28154.076374629476,0.5030705745808547,278.28900895363074,0.5927029304608907
1.8651685393258426,28154.076374629476,0.5033888442489088,279.3238494747985,0.5946600926885
1.8876404494382022,28154.076374629476,0.5037197291489061,280.38964285397515,0.5966652622147721
1.9101123595505618,28154.076374629476,0.5040641074580396,281.48826813695024,0.5987207017547216
1.9325842696629212,28154.076374629476,0.5046758249828652,283.0088665226279,0.6011063529311514
1.9550561797752808,28154.076374629476,0.5050505599362388,284.18176962699255,0.6032716219745538
1.9775280898876404,28154.076374629476,0.5054423342085833,285.39488825357284,0.6054954898091297
2.0,28154.076374629476,0.505775050207899,286.5308700253175,0.6076948162387307
0.0,31290.524577177595,0.49286241902764294,228.94078962089793,0.4943687792017455
0.02247191011235955,31290.524577177595,0.4928925803091388,229.14553291138932,0.49482984805772773
0.0449438202247191,31290.524577177595,0.4929232433347889,229.35219926097898,0.49529522359459804
0.06741573033707865,31290.524577177595,0.4929544190630736,229.56082042977346,0.4957649727093
0.0898876404494382,31290.524577177595,0.4929861187822906,229.77142896739755,0.49623916379288324
0.11235955056179775,31290.524577177595,0.4930183540825464,229.98405818983133,0.4967178667405704
0.1348314606741573,31290.524577177595,0.49305113689838914,230.1987422430526,0.497201153022398
0.15730337078651685,31290.524577177595,0.4930844795318818,230.41551614331024,0.4976890957387284
0.1797752808988764,31290.524577177595,0.4931183946253066,230.63441575599245,0.4981817696344237
0.20224719101123595,31290.524577177595,0.4931528952217086,230.85547788278168,0.498679251188571
0.2247191011235955,31290.524577177595,0.4931879947411579,231.07874024580747,0.4991816186343024
0.24719101123595505,31290.524577177595,0.49322370699702317,231.30424152136973,0.499688952013809
0.2696629213483146,31290.524577177595,0.4932600462234783,231.5320213880862,0.5002013332444237
0.29213483146067415,31290.524577177595,0.49329702715466656,231.7621206395648,0.5007188462304272
0.3146067415730337,31290.524577177595,0.4933346649311888,231.99458108444887,0.5012415768293662
0.33707865168539325,31290.524577177595,0.4933729751408956,232.22944561259345,0.5017696129341813
0.3595505617977528,31290.524577177595,0.4934119738926652,232.46675830299927,0.5023030445855485
0.38202247191011235,31290.524577177595,0.49345167783089705,232.70656445925414,0.5028419640355883
0.4044943820224719,31290.524577177595,0.4934921040878318,232.94891056833453,0.503386465759998
0.42696629213483145,31290.524577177595,0.49353327037014744,233.19384442673532,0.5039366465873045
0.449438202247191,31290.524577177595,0.4935751949550966,233.4414151551914,0.5044926057527037
0.47191011235955055,31290.524577177595,0.4936178967268747,233.69167326420035,0.505054444988648
0.4943820224719101,31290.524577177595,0.4936613951933187,233.94467069594538,0.5056222686008169
0.5168539325842696,31290.524577177595,0.49370571048953393,234.20046085070746,0.5061961835350977
0.5393258426966292,31290.524577177595,0.493750863464262,234.45909871764957,0.5067762995187367
0.5617977528089888,31290.524577177595,0.49379687565347796,234.72064086574034,0.5073627291065577
0.5842696629213483,31290.524577177595,0.49384376930994844,234.98514550548936,0.5079555877782244
0.6067415730337078,31290.524577177595,0.49389156750928725,235.25267264794982,0.5085549941051489
0.6292134831460674,31290.524577177595,0.49394029406925166,235.5232840305306,0.5091610697578439
0.651685393258427,31290.524577177595,0.4939899736758399,235.79704330358936,0.5097739396965334
0.6741573033707865,31290.524577177595,0.494040631886158,236.0740160636971,0.5103937322578306
0.696629213483146,31290.524577177595,0.49409229517145115,236.35426993870712,0.5110205792799175
0.7191011235955056,31290.524577177595,0.49414499095212144,236.6378746641716,0.511654616224392
0.7415730337078652,31290.524577177595,0.4941987476466699,236.92490217888863,0.512295982314221
0.7640449438202247,31290.524577177595,0.49425359471518704,237.2154267152065,0.5129448206710003
0.7865168539325842,31290.524577177595,0.4943095627172959,237.50952490939457,0.5136012784692773
0.8089887640449438,31290.524577177595,0.4943666833718547,237.80727591616795,0.514265507097035
0.8314606741573034,31290.524577177595,0.4944249895068824,238.10876138539118,0.5149376622234763
0.8539325842696629,31290.524577177595,0.4944845153747461,238.41406590569738,0.5156179041959223
0.8764044943820224,31290.524577177595,0.4945452963303135,238.72327663919455,0.516306397876406
0.898876404494382,31290.524577177595,0.4946073692755031,239.03648393487248,0.5170033131648157
0.9213483146067416,31290.524577177595,0.4946707724946692,239.35378116810324,0.5177088249863644
0.9438202247191011,31290.524577177595,0.4947355457255545,239.67526488245608,0.5184231134941751
0.9662921348314606,31290.524577177595,0.49480173037659825,240.00103512232064,0.5191463644099465
0.9887640449438202,31290.524577177595,0.49486936951563365,240.33119547588225,0.5198787691671035
1.0112359550561798,31290.524577177595,0.49493850792861466,240.66585321035797,0.5206205251234131
1.0337078651685392,31290.524577177595,0.49500919225173917,241.0051195051613,0.5213718358474858
1.0561797752808988,31290.524577177595,0.49508147103725303,241.34910960315304,0.5221329113536591
1.0786516853932584,31290.524577177595,0.4951553949303945,241.69794310941268,0.5229039684462217
1.101123595505618,31290.524577177595,0.4952310167028534,242.05174410876788,0.5236852309429617
1.1235955056179776,31290.524577177595,0.4953083912326746,242.41064121714268,0.5244769298586531
1.146067415730337,31290.524577177595,0.4953875760261212,242.77476834116234,0.5252793040928434
1.1685393258426966,31290.524577177595,0.49546863079097175,243.14426421116414,0.5260926002638664
1.1910112359550562,31290.524577177595,0.49555161804469444,243.51927326372476,0.5269170734983702
1.2134831460674156,31290.524577177595,0.4956366030657607,243.89994567672488,0.5277529876340644
1.2359550561797752,31290.524577177595,0.4957236539562384,244.28643755371428,0.528600615535778
1.2584269662921348,31290.524577177595,0.49581284189545916,244.6789113643097,0.5294602396009481
1.2808988764044944,31290.524577177595,0.4959042412922049,245.07753625928214,0.5303321521868577
1.303370786516854,31290.524577177595,0.49599793005809023,245.48248855244478,0.5312166561659245
1.3258426966292134,31290.524577177595,0.4960939895312735,245.89395175027005,0.5321140651729628
1.348314606741573,31290.524577177595,0.49619250478971666,246.3121171012379,0.5330247042304332
1.3707865168539326,31290.524577177595,0.49629356520474455,246.73718447424508,0.5339489106191349
1.393258426966292,31290.524577177595,0.4963972638854771,247.16936177965462,0.5348870337321591
1.4157303370786516,31290.524577177595,0.4965036986059749,247.60886636096444,0.5358394363351309
1.4382022471910112,31290.524577177595,0.49661297177310065,248.0559251299295,0.5368064949535764
1.4606741573033708,31290.524577177595,0.49672519060892406,248.51077499589192,0.5377886004835635
1.4831460674157304,31290.524577177595,0.49684046743143834,248.97366343830927,0.5387861589203414
1.5056179775280898,31290.524577177595,0.49695891986679264,249.44484900140694,0.5397995920494791
1.5280898876404494,31290.524577177595,0.49683163084281784,249.59019393818434,0.5405916644528695
1.550561797752809,31290.524577177595,0.4969567477594036,250.07800108831043,0.5416374454431147
1.5730337078651684,31290.524577177595,0.4970854263099546,250.57493820782298,0.5427004557409135
1.595505617977528,31290.524577177595,0.4972178080722578,251.081313708066,0.5437811880366875
1.6179775280898876,31290.524577177595,0.49735404136926575,251.59745025696526,0.544880155084605
1.6404494382022472,31290.524577177595,0.49749428129759227,252.12368512448165,0.5459978904189147
1.6629213483146068,31290.524577177595,0.49763869022369706,252.66037118025548,0.5471349495620716
1.6853932584269662,31290.524577177595,0.4977874375782875,253.20787696074515,0.5482919105976468
1.7078651685393258,31290.524577177595,0.4979407006426934,253.76658810584098,0.5494693757513136
1.7303370786516854,31290.524577177595,0.49809866392211366,254.33690689458194,0.5506679716462417
1.7528089887640448,31290.524577177595,0.49826152009736374,254.91925395650637,0.5518883511477921
1.7752808988764044,31290.524577177595,0.4984294698646289,255.51406849365588,0.5531311941808364
1.797752808988764,31290.524577177595,0.49860272158266095,256.121808257435,0.5543972084090162
1.8202247191011236,31290.524577177595,0.49878149226290164,256.74295140134495,0.5556871313004422
1.8426966292134832,31290.524577177595,0.49896600747773345,257.3779968811787,0.5570017311984319
1.8651685393258426,31290.524577177595,0.49915650161577857,258.0274653653308,0.5583418088060581
1.8876404494382022,31290.524577177595,0.49935321932308807,258.691901836442,0.5597081999400466
1.9101123595505618,31290.524577177595,0.4995564163970083,259.3718774949017,0.561101777843435
1.9325842696629212,31290.524577177595,0.49976636239360306,260.0679941254661,0.5625234573371457
1.9550561797752808,31290.524577177595,0.49998334388553217,260.7808894847212,0.5639741997844686
1.9775280898876404,31290.524577177595,0.500207669260472,261.51124499262795,0.5654550198042163
2.0,31290.524577177595,0.5004396747066093,262.25979528434124,0.5669669934268128
0.0,34776.38247785859,0.4923071956841363,221.39699577941204,0.48132769682244975
0.02247191011235955,34776.38247785859,0.4923285043449285,221.55576043919166,0.48170050747607956
0.0449438202247191,34776.38247785859,0.4923501517737425,221.7158551357137,0.48207647314538665
0.06741573033707865,34776.38247785859,0.492372144883512,221.87729964956668,0.48245563831105565
0.0898876404494382,34776.38247785859,0.4923944907601767,222.04011418328892,0.48283804833917304
0.11235955056179775,34776.38247785859,0.4924171966522141,222.20431935451884,0.48322374949130725
0.1348314606741573,34776.38247785859,0.49244027004166674,222.36993628563343,0.48361278900167476
0.15730337078651685,34776.38247785859,0.4924637186028125,222.5369865609403,0.484005215063355
0.1797752808988764,34776.38247785859,0.4924875501955515,222.70549222492392,0.4844010768432994
0.20224719101123595,34776.38247785859,0.4925117729306758,222.8754758658611,0.4848004245568637
0.2247191011235955,34776.38247785859,0.4925363951456119,223.04696059374305,0.48520330946984813
0.24719101123595505,34776.38247785859,0.49256142538061926,223.2199700187736,0.4856097839014345
0.2696629213483146,34776.38247785859,0.49258687242699994,223.394528315527,0.48601990128693356
0.29213483146067415,34776.38247785859,0.4926127453645987,223.57066027485135,0.4864337162327072
0.3146067415730337,34776.38247785859,0.4926390534657868,223.74839119718345,0.48685128446189435
0.33707865168539325,34776.38247785859,0.4926658063240129,223.92774705318487,0.4872726629458389
0.3595505617977528,34776.38247785859,0.49269301380043584,224.10875442834256,0.48769790988662776
0.38202247191011235,34776.38247785859,0.49272068602707286,224.2914405349546,0.48812708474693517
0.4044943820224719,34776.38247785859,0.49274883344897297,224.4758332710252,0.4885602483131111
0.42696629213483145,34776.38247785859,0.4927774668163377,224.66196121978717,0.4889974627178664
0.449438202247191,34776.38247785859,0.4928065972180024,224.84985369897316,0.4894387914982333
0.47191011235955055,34776.38247785859,0.49283623606160515,225.03954074666066,0.48988429961032104
0.4943820224719101,34776.38247785859,0.49286639510133756,225.2310531643629,0.49033405348462017
0.5168539325842696,34776.38247785859,0.49289708644544905,225.42442253627866,0.49078812106563413
0.5393258426966292,34776.38247785859,0.49292832260104974,225.61968129373804,0.4912465718838313
0.5617977528089888,34776.38247785859,0.4929601164436569,225.81686268971237,0.49170947706604134
0.5842696629213483,34776.38247785859,0.49299248125035494,226.01600085007078,0.4921769094001507
0.6067415730337078,34776.38247785859,0.49302543080307215,226.217130909964,0.4926489434601183
0.6292134831460674,34776.38247785859,0.4930589791373896,226.42028872345992,0.493125655435029
0.651685393258427,34776.38247785859,0.49309314094678103,226.62551136365573,0.49360712350945946
0.6741573033707865,34776.38247785859,0.493127931249407,226.83283673421067,0.49409342762643915
0.696629213483146,34776.38247785859,0.49316336566535474,227.0423039179197,0.49458464976483957
0.7191011235955056,34776.38247785859,0.49319946027649575,227.25395302192044,0.4950808738674106
0.7415730337078652,34776.38247785859,0.4932362316897009,227.46782526902277,0.4955821859415627
0.7640449438202247,34776.38247785859,0.4932736970987423,227.68396308839542,0.49608867416116265
0.7865168539325842,34776.38247785859,0.4933118742780666,227.9024101243873,0.49660042891266404
0.8089887640449438,34776.38247785859,0.49335078158624224,228.12321125759837,0.49711754285122967
0.8314606741573034,34776.38247785859,0.4933904380577618,228.34641273417586,0.4976401110340377
0.8539325842696629,34776.38247785859,0.4934308633577783,228.5720621292208,0.4981682309393344
0.8764044943820224,34776.38247785859,0.4934720778514421,228.8002084503689,0.4987020025851253
0.898876404494382,34776.38247785859,0.493514102626992,229.03090218603563,0.49924152861100435
0.9213483146067416,34776.38247785859,0.4935569595424503,229.2641953833907,0.4997869143826617
0.9438202247191011,34776.38247785859,0.493600671232253,229.50014167833302,0.5003382680647456
0.9662921348314606,34776.38247785859,0.49364526116632435,229.73879639057478,0.5008957007413603
0.9887640449438202,34776.38247785859,0.4936907536769068,229.98021658041296,0.5014593265118891
1.0112359550561798,34776.38247785859,0.4937371739897013,230.22446111180125,0.5020292625934683
1.0337078651685392,34776.38247785859,0.4937845482814627,230.47159074919233,0.5026056294494935
1.0561797752808988,34776.38247785859,0.493832903762749,230.72166828670203,0.5031885509433637
1.0786516853932584,34776.38247785859,0.4938822686293026,230.9747585168626,0.5037781543821568
1.101123595505618,34776.38247785859,0.49393267220224724,231.23092843329124,0.5043745707272728
1.1235955056179776,34776.38247785859,0.4939841449334512,231.4902472688186,0.5049779346924048
1.146067415730337,34776.38247785859,0.4940367184872205,231.75278662936677,0.5055883849117863
1.1685393258426966,34776.38247785859,0.4940904258040076,232.01862060745714,0.506206064097311
1.1910112359550562,34776.38247785859,0.4941453011174127,232.2878258395596,0.5068311191593979
1.2134831460674156,34776.38247785859,0.4942013800255253,232.5604816325023,0.5074637013799066
1.2359550561797752,34776.38247785859,0.49425869970884945,232.83667027449027,0.5081039667189802
1.2584269662921348,34776.38247785859,0.49431729874218444,233.11647684347068,0.5087520757713152
1.2808988764044944,34776.38247785859,0.49437721739951923,233.39998963075706,0.5094081941603132
1.303370786516854,34776.38247785859,0.4944384976674724,233.6873002049883,0.5100724926829704
1.3258426966292134,34776.38247785859,0.49450118327852155,233.97850350278367,0.5107451474779366
1.348314606741573,34776.38247785859,0.49456531984767105,234.27369805131315,0.511426340291488
1.3707865168539326,34776.38247785859,0.49463095499094795,234.57298617147745,0.5121162587348996
1.393258426966292,34776.38247785859,0.49469813843130284,234.87647416864954,0.5128150965383389
1.4157303370786516,34776.38247785859,0.4947669220560644,235.18427246582561,0.5135230537695016
1.4382022471910112,34776.38247785859,0.4948373601462432,235.49649595653898,0.5142403372138278
1.4606741573033708,34776.38247785859,0.49490950930577476,235.81326398394154,0.5149671604959518
1.4831460674157304,34776.38247785859,0.4949834287517979,236.13470077849024,0.5157037445327622
1.5056179775280898,34776.38247785859,0.4950591805162578,236.4609357895386,0.5164503179185173
1.5280898876404494,34776.38247785859,0.49513682929764813,236.7921035785533,0.517207117005757
1.550561797752809,34776.38247785859,0.49521644290947137,237.1283444722011,0.5179743865336577
1.5730337078651684,34776.38247785859,0.49529809230247085,237.46980468187843,0.5187523798856694
1.595505617977528,34776.38247785859,0.4953818517522177,237.81663663817386,0.5195413595084792
1.6179775280898876,34776.38247785859,0.49546779896653004,238.1689992293881,0.520341597271797
1.6404494382022472,34776.38247785859,0.4955560153152595,238.52705820230614,0.5211533749533602
1.6629213483146068,34776.38247785859,0.49564658600517436,238.89098650025653,0.5219769846896032
1.6853932584269662,34776.38247785859,0.49573960009880375,239.26096440824418,0.5228127292992961
1.7078651685393258,34776.38247785859,0.49583515106594217,239.6371803884854,0.5236609231116721
1.7303370786516854,34776.38247785859,0.4956848696701462,239.70004539278193,0.5242929768760034
1.7528089887640448,34776.38247785859,0.49578574089042926,240.08869982274769,0.5251664379330575
1.7752808988764044,34776.38247785859,0.4958894537002609,240.48419551448458,0.5260533520870205
1.797752808988764,34776.38247785859,0.49599611926929776,240.88675486048604,0.5269540831080293
1.8202247191011236,34776.38247785859,0.4961058534956916,241.29660959404936,0.5278690084583356
1.8426966292134832,34776.38247785859,0.4962187768869274,241.71400081201145,0.5287985196212891
1.8651685393258426,34776.38247785859,0.4963350146259447,242.1391792451588,0.5297430226242434
1.8876404494382022,34776.38247785859,0.4964546963941454,242.5724052216974,0.5307029383580425
1.9101123595505618,34776.38247785859,0.49657795612187944,243.01394854269856,0.5316787028506588
1.9325842696629212,34776.38247785859,0.4967049314853106,243.46408803158428,0.5326707673241731
1.9550561797752808,34776.38247785859,0.4968357635710657,243.9231113056739,0.533679598430414
1.9775280898876404,34776.38247785859,0.49697059606134425,244.39131392257306,0.5347056780555269
2.0,34776.38247785859,0.49710957462039695,244.868998788739,0.5357495033335989
0.0,38650.575360708615,0.4919071737443579,214.87119963690722,0.46969690171271383
0.02247191011235955,38650.575360708615,0.491921976142348,214.99469702047867,0.4699984808341268
0.0449438202247191,38650.575360708615,0.4919370052451253,215.1191168567098,0.4703023714232087
0.06741573033707865,38650.575360708615,0.4919522653652779,215.24447147276217,0.47060860302951585
0.0898876404494382,38650.575360708615,0.4919677609085247,215.37077342582342,0.4709172057311383
0.11235955056179775,38650.575360708615,0.4919834963906011,215.49803552519592,0.47122821015837535
0.1348314606741573,38650.575360708615,0.49199947645051895,215.62627085038076,0.4715416475148927
0.15730337078651685,38650.575360708615,0.4920157058156839,215.75549271414835,0.4718575495610376
0.1797752808988764,38650.575360708615,0.4920321893813004,215.885714756519,0.4721759486880432
0.20224719101123595,38650.575360708615,0.4920489321186466,216.01695084290483,0.4724968778568868
0.2247191011235955,38650.575360708615,0.4920659391650164,216.1492151704136,0.4728203706815802
0.24719101123595505,38650.575360708615,0.4920832157597844,216.2825221979196,0.47314646139065886
0.2696629213483146,38650.575360708615,0.4921007673036803,216.41688671752803,0.47347518488693663
0.29213483146067415,38650.575360708615,0.4921185993291281,216.55232382411887,0.47380657673692167
0.3146067415730337,38650.575360708615,0.4921367175021525,216.68884892117157,0.4741406731856715
0.33707865168539325,38650.575360708615,0.49215512767531044,216.8264777854659,0.47447751121284176
0.3595505617977528,38650.575360708615,0.49217383581810376,216.96522649091287,0.47481712849130203
0.38202247191011235,38650.575360708615,0.4921928480799797,217.10511148508817,0.4751595634520677
0.4044943820224719,38650.575360708615,0.4922121707823092,217.2461495841914,0.4755048552929872
0.42696629213483145,38650.575360708615,0.49223181040601255,217.38835796305227,0.47585304398432837
0.449438202247191,38650.575360708615,0.49225177361545486,217.53175418711052,0.47620417030391055
0.47191011235955055,38650.575360708615,0.4922720672793642,217.67635624119333,0.47655827587043076
0.4943820224719101,38650.575360708615,0.4922926984243821,217.8221824805188,0.47691540312309805
0.5168539325842696,38650.575360708615,0.4923136742928968,217.96925170241505,0.47727559538564396
0.5393258426966292,38650.575360708615,0.49233500235095967,218.1175831605934,0.47763889689085104
0.5617977528089888,38650.575360708615,0.4923566902390765,218.26719651329952,0.4780053527594731
0.5842696629213483,38650.575360708615,0.4923787458490541,218.41811191774306,0.4783750090814794
0.6067415730337078,38650.575360708615,0.492401177296982,218.57035000436707,0.4787479129141325
0.6292134831460674,38650.575360708615,0.4924239929225067,218.72393188170187,0.4791241123018479
0.651685393258427,38650.575360708615,0.4924472013242961,218.87887918350407,0.4795036563260679
0.6741573033707865,38650.575360708615,0.49247081136450005,219.03521408013225,0.47988659513077164
0.696629213483146,38650.575360708615,0.49249483214441353,219.19295925654075,0.4802729799252376
0.7191011235955056,38650.575360708615,0.49251927306192983,219.3521379857604,0.48066286305403527
0.7415730337078652,38650.575360708615,0.49254414380451367,219.51277412757494,0.48105629801545063
0.7640449438202247,38650.575360708615,0.4925694543416676,219.67489212676685,0.4814533394802149
0.7865168539325842,38650.575360708615,0.4925952149640023,219.83851706603346,0.4818540433490989
0.8089887640449438,38650.575360708615,0.49262143626796423,220.00367465571225,0.4822584667670425
0.8314606741573034,38650.575360708615,0.4926481292211603,220.17039131808534,0.4826666682041461
0.8539325842696629,38650.575360708615,0.4926753050918418,220.3386941129672,0.48307870742638565
0.8764044943820224,38650.575360708615,0.49270297551795184,220.5086108269494,0.48349464558157507
0.898876404494382,38650.575360708615,0.49273115256142536,220.68017004597476,0.48391454527457256
0.9213483146067416,38650.575360708615,0.4927598486613339,220.85340110954587,0.4843384705604298
0.9438202247191011,38650.575360708615,0.49278907659640925,221.02833407596103,0.48476648694602686
0.9662921348314606,38650.575360708615,0.4928188496755292,221.20499995615293,0.4851986615809842
0.9887640449438202,38650.575360708615,0.4928491815746171,221.38343053208416,0.48563506315826327
1.0112359550561798,38650.575360708615,0.49288008648954834,221.56365854733878,0.4860757620767809
1.0337078651685392,38650.575360708615,0.4929115790316577,221.7457175950799,0.4865208303926844
1.0561797752808988,38650.575360708615,0.4929436743850842,221.92964231506602,0.4869703419887358
1.0786516853932584,38650.575360708615,0.49297638824758155,222.11546833595312,0.48742437256596033
1.101123595505618,38650.575360708615,0.49300973684270005,222.30323230202788,0.48788299969572274
1.1235955056179776,38650.575360708615,0.49304373700716203,222.49297198961875,0.4883463029361266
1.146067415730337,38650.575360708615,0.4930784061433148,222.6847262643327,0.4888143638377566
1.1685393258426966,38650.575360708615,0.49311376231334475,222.87853520684305,0.48928726606935
1.1910112359550562,38650.575360708615,0.4931498242206251,223.07444010553198,0.48976509545118013
1.2134831460674156,38650.575360708615,0.493186611278565,223.27248355364816,0.49024794006350925
1.2359550561797752,38650.575360708615,0.4932241436215717,223.4727094784671,0.49073589030869513
1.2584269662921348,38650.575360708615,0.4932624421327664,223.67516319103066,0.49122903898938636
1.2808988764044944,38650.575360708615,0.49330152849197406,223.87989146084854,0.4917274814060197
1.303370786516854,38650.575360708615,0.4933414252502853,224.0869426232913,0.492231315479217
1.3258426966292134,38650.575360708615,0.49338215579335304,224.29636655499854,0.49274064178080923
1.348314606741573,38650.575360708615,0.49342374444028103,224.50821481208777,0.49325556368176615
1.3707865168539326,38650.575360708615,0.4934662164867836,224.72254070294602,0.49377618745600727
1.393258426966292,38650.575360708615,0.4935095982467168,224.93939936012316,0.4943026223857029
1.4157303370786516,38650.575360708615,0.4935539170998675,225.15884782082037,0.49483498087488703
1.4382022471910112,38650.575360708615,0.49359920155823866,225.38094513080407,0.49537337858201896
1.4606741573033708,38650.575360708615,0.4936454813072514,225.6057524194821,0.4959179345345887
1.4831460674157304,38650.575360708615,0.49369278728050214,225.83333301666462,0.4964687712758546
1.5056179775280898,38650.575360708615,0.4937411517381941,226.06375257531664,0.4970260150185985
1.5280898876404494,38650.575360708615,0.4937906083242455,226.2970791701921,0.497589795784647
1.550561797752809,38650.575360708615,0.4938411921426246,226.5333834212761,0.49816024756501004
1.5730337078651684,38650.575360708615,0.4938929398106964,226.77273859115496,0.49873750846465065
1.595505617977528,38650.575360708615,0.49394588962624203,227.0152208219207,0.4993217209498384
1.6179775280898876,38650.575360708615,0.4940000815398104,227.26090913840042,0.4999130319328473
1.6404494382022472,38650.575360708615,0.4940555573569391,227.50988573200252,0.5005115930599829
1.6629213483146068,38650.575360708615,0.49411236076782006,227.76223603774278,0.5011175608563712
1.6853932584269662,38650.575360708615,0.49417053746960743,228.01804892601106,0.5017310969565155
1.7078651685393258,38650.575360708615,0.49423013532055515,228.277416935948,0.5023523683689579
1.7303370786516854,38650.575360708615,0.4942912043676435,228.54043635741633,0.5029815476374914
1.7528089887640448,38650.575360708615,0.49435379709122207,228.80720758065718,0.5036188131982738
1.7752808988764044,38650.575360708615,0.49441796838485447,229.07783512584714,0.5042643495134639
1.797752808988764,38650.575360708615,0.4944837758033793,229.35242800367803,0.5049183474466844
1.8202247191011236,38650.575360708615,0.49455127959972145,229.6310998211341,0.5055810044620371
1.8426966292134832,38650.575360708615,0.49462054297903957,229.91396915746182,0.5062525250224184
1.8651685393258426,38650.575360708615,0.4946916321385078,230.20115968125293,0.506933120808852
1.8876404494382022,38650.575360708615,0.494764616356498,230.4928003316987,0.5076230109921658
1.9101123595505618,38650.575360708615,0.49483956819759667,230.78902564686769,0.5083224226170674
1.9325842696629212,38650.575360708615,0.49491656363307596,231.08997599274224,0.50903159092249
1.9550561797752808,38650.575360708615,0.49474768411994774,231.08870514443566,0.5095297860068063
1.9775280898876404,38650.575360708615,0.4948289675162212,231.3990424077683,0.5102586828466795
2.0,38650.575360708615,0.4949125417269591,231.71455273106483,0.5109980847579508
0.0,42956.36490267305,0.49163206419826533,209.20647114495713,0.45931290729161384
0.02247191011235955,42956.36490267305,0.49164212914141886,209.3028122099733,0.45955694862661606
0.0449438202247191,42956.36490267305,0.49165234431372,209.39979465758566,0.4598026833483389
0.06741573033707865,42956.36490267305,0.4916627124036087,209.49742620514297,0.4600501310922069
0.0898876404494382,42956.36490267305,0.4916732361334739,209.5957146782994,0.46029931179735883
0.11235955056179775,42956.36490267305,0.4916839182607782,209.6946680136215,0.4605502457131637
0.1348314606741573,42956.36490267305,0.4916947616267799,209.79429431413865,0.46080295344255745
0.15730337078651685,42956.36490267305,0.49170576915741826,209.89460185189668,0.46105745594881337
0.1797752808988764,42956.36490267305,0.4917169438311957,209.99559903382678,0.4613137745369956
0.20224719101123595,42956.36490267305,0.4917282887085491,210.09729443599005,0.4615719308829424
0.2247191011235955,42956.36490267305,0.49173980690598995,210.1996967764407,0.46183194701982083
0.24719101123595505,42956.36490267305,0.49175150163826675,210.3028149638496,0.4620938453773795
0.2696629213483146,42956.36490267305,0.49176337616785626,210.40665804296944,0.4623576487497673
0.29213483146067415,42956.36490267305,0.4917754338633172,210.51123526142862,0.4626233803477049
0.3146067415730337,42956.36490267305,0.49178767815303864,210.6165560199934,0.462891063769921
0.33707865168539325,42956.36490267305,0.4918001125676174,210.72262992170693,0.46316072304340145
0.3595505617977528,42956.36490267305,0.49181274070791114,210.82946673815314,0.46343238260624287
0.38202247191011235,42956.36490267305,0.49182556628639346,210.93707645763013,0.46370606734758757
0.4044943820224719,42956.36490267305,0.49183859307209915,211.0454692256344,0.4639818025728802
0.42696629213483145,42956.36490267305,0.4918518249722302,211.15465543820457,0.4642596140755842
0.449438202247191,42956.36490267305,0.49186526595930413,211.26464566257965,0.4645395280890051
0.47191011235955055,42956.36490267305,0.4918789201477706,211.3754507251852,0.46482157135469654
0.4943820224719101,42956.36490267305,0.49189279170694017,211.48708161636102,0.4651057710635435
0.5168539325842696,42956.36490267305,0.49190688494992574,211.59954959235228,0.46539215493434577
0.5393258426966292,42956.36490267305,0.4919212042620406,211.71286609741247,0.46568075116737884
0.5617977528089888,42956.36490267305,0.491935754195225,211.8270428722499,0.4659715885279639
0.5842696629213483,42956.36490267305,0.4919505394156816,211.94209189786156,0.4662646963156129
0.6067415730337078,42956.36490267305,0.49196556465739144,212.0580253458247,0.4665601043378305
0.6292134831460674,42956.36490267305,0.4919808348339703,212.17485570673958,0.4668578430083889
0.651685393258427,42956.36490267305,0.4919963549923773,212.292595741029,0.4671579433220264
0.6741573033707865,42956.36490267305,0.4920121302902121,212.41125845621397,0.46746043684781297
0.696629213483146,42956.36490267305,0.4920281660287812,212.53085714706006,0.4677653557666582
0.7191011235955056,42956.36490267305,0.49204446768848975,212.6514054385815,0.46807273291113577
0.7415730337078652,42956.36490267305,0.4920610408537495,212.77291720446397,0.46838260171857404
0.7640449438202247,42956.36490267305,0.49207789131158647,212.8954066815778,0.46869499632141703
0.7865168539325842,42956.36490267305,0.4920950249693719,213.01888838043138,0.46900995149532065
0.8089887640449438,42956.36490267305,0.49211244795950865,213.14337720692498,0.46932750275527074
0.8314606741573034,42956.36490267305,0.49213016650654035,213.26888831561368,0.4696476862642695
0.8539325842696629,42956.36490267305,0.4921481871146414,213.3954373255339,0.46997053899599384
0.8764044943820224,42956.36490267305,0.4921665163951292,213.52304012875214,0.47029609861284627
0.898876404494382,42956.36490267305,0.49218516118897954,213.65171303299005,0.47062440357815405
0.9213483146067416,42956.36490267305,0.49220412855835294,213.78147275617548,0.4709554931651568
0.9438202247191011,42956.36490267305,0.492223425724754,213.91233636041633,0.4712894074238868
0.9662921348314606,42956.36490267305,0.4922430601729728,214.0443213742908,0.4716261872804463
0.9887640449438202,42956.36490267305,0.492263039614124,214.17744575545933,0.4719658745248145
1.0112359550561798,42956.36490267305,0.4922833719682491,214.31172787543503,0.4723085118145911
1.0337078651685392,42956.36490267305,0.49230406539823446,214.44718656291096,0.47265414272026646
1.0561797752808988,42956.36490267305,0.4923251283657974,214.58384117253584,0.47300281178889786
1.0786516853932584,42956.36490267305,0.4923465695608577,214.72171150961663,0.47335456450710695
1.101123595505618,42956.36490267305,0.49236839796199133,214.8608179042905,0.4737094473695444
1.1235955056179776,42956.36490267305,0.4923906228314558,215.001181211397,0.4740675078957147
1.146067415730337,42956.36490267305,0.49241325374601796,215.1428228514034,0.47442879467622523
1.1685393258426966,42956.36490267305,0.492436300580682,215.2857647977477,0.47479335738192713
1.1910112359550562,42956.36490267305,0.4924597735214236,215.4300295974846,0.47516124679706045
1.2134831460674156,42956.36490267305,0.4924836831263905,215.57564044773625,0.4755325148923463
1.2359550561797752,42956.36490267305,0.4925080402989274,215.72262117147812,0.4759072148278716
1.2584269662921348,42956.36490267305,0.4925328563445143,215.87099628972277,0.47628540102455136
1.2808988764044944,42956.36490267305,0.49255814286732413,216.02079090991376,0.4766671291067198
1.303370786516854,42956.36490267305,0.492583911952863,216.17203094296204,0.47705245607717306
1.3258426966292134,42956.36490267305,0.4926101761082084,216.32474304250363,0.477441440297183
1.348314606741573,42956.36490267305,0.4926369482481414,216.47895459692248,0.4778341415044256
1.3707865168539326,42956.36490267305,0.492664241762835,216.63469381555313,0.47823062089823654
1.393258426966292,42956.36490267305,0.49269207056682884,216.79198979391037,0.47863094121101707
1.4157303370786516,42956.36490267305,0.4927204490170083,216.95087242820676,0.4790351666739929
1.4382022471910112,42956.36490267305,0.4927493920444458,217.11137257682097,0.47944336315847236
1.4606741573033708,42956.36490267305,0.4927789151366982,217.27352204984578,0.4798555981966068
1.4831460674157304,42956.36490267305,0.49280903437438206,217.43735366166905,0.4802719410477452
1.5056179775280898,42956.36490267305,0.4928397664370836,217.60290124855646,0.48069246274108973
1.5280898876404494,42956.36490267305,0.4928711286790746,217.77019976755295,0.48111723617709795
1.550561797752809,42956.36490267305,0.49290313910252914,217.9392852772223,0.4815463361463444
1.5730337078651684,42956.36490267305,0.4929358164480186,218.11019505483156,0.4819798394463355
1.595505617977528,42956.36490267305,0.49296918021110686,218.2829676285587,0.48241782493940893
1.6179775280898876,42956.36490267305,0.4930032506863486,218.457642842101,0.48286037363496787
1.6404494382022472,42956.36490267305,0.49303804899943343,218.6342619061878,0.4833075687638426
1.6629213483146068,42956.36490267305,0.4930735971549746,218.81286746899212,0.4837594958675649
1.6853932584269662,42956.36490267305,0.4931099181126685,218.99350372044339,0.4842162429133445
1.7078651685393258,42956.36490267305,0.49314703578507507,219.17621640598878,0.48467790034628455
1.7303370786516854,42956.36490267305,0.4931849751710668,219.36105299950924,0.4851445612565755
1.7528089887640448,42956.36490267305,0.493223762333158,219.5480626949826,0.48561632141950334
1.7752808988764044,42956.36490267305,0.49326342451716215,219.73729656533806,0.4860932794563952
1.797752808988764,42956.36490267305,0.4933039902041905,219.92880764343255,0.48657553694214245
1.8202247191011236,42956.36490267305,0.4933454891744919,220.12265101796976,0.48706319852546065
1.8426966292134832,42956.36490267305,0.4933879526064704,220.31888397193052,0.48755637208171393
1.8651685393258426,42956.36490267305,0.4934314131392751,220.51756607963426,0.48805516883856215
1.8876404494382022,42956.36490267305,0.4934759049621527,220.7187593365854,0.4885597035274584
1.9101123595505618,42956.36490267305,0.49352146394070856,220.9225283343559,0.48907009456997125
1.9325842696629212,42956.36490267305,0.49356812768023267,221.1289403630785,0.48958646421508906
1.9550561797752808,42956.36490267305,0.49361593563755884,221.33806557274863,0.4901089387214296
1.9775280898876404,42956.36490267305,0.4936649292259945,221.54997712825195,0.4906376485379966
2.0,42956.36490267305,0.49371515202530214,221.7647514906904,0.491172728578725
0.0,47741.83226072852,0.49145660291626464,204.2737217825451,0.450033502321396
0.02247191011235955,47741.83226072852,0.4914632550510358,204.34907802831418,0.450231035744854
0.0449438202247191,47741.83226072852,0.4914700056605573,204.42488127040164,0.4504298096042819
0.06741573033707865,47741.83226072852,0.4914768563871758,204.50113632516553,0.45062983692300773
0.0898876404494382,47741.83226072852,0.49148380889056253,204.57784806822343,0.45083113090644417
0.11235955056179775,47741.83226072852,0.4914908648623764,204.65502145101905,0.4510337049562165
0.1348314606741573,47741.83226072852,0.4914980260449128,204.73266152176026,0.45123757268739934
0.15730337078651685,47741.83226072852,0.49150529421489214,204.81077340866116,0.4514427479196842
0.1797752808988764,47741.83226072852,0.4915126711781441,204.8893623149629,0.45164924467676726
0.20224719101123595,47741.83226072852,0.49152015877716926,204.96843352791748,0.4518570771954883
0.2247191011235955,47741.83226072852,0.49152775892630074,205.04799245774538,0.45206625995585614
0.24719101123595505,47741.83226072852,0.4915354735424955,205.12804456345413,0.45227680763261485
0.2696629213483146,47741.83226072852,0.4915433045951114,205.20859540764823,0.4524887351364029
0.29213483146067415,47741.83226072852,0.49155125413061257,205.2896506842765,0.4527020576362377
0.3146067415730337,47741.83226072852,0.49155932418067144,205.37121611975545,0.4529167904941095
0.33707865168539325,47741.83226072852,0.49156751688986233,205.45329761257503,0.45313294936532067
0.3595505617977528,47741.83226072852,0.49157583439183367,205.5359010997349,0.4533505501091182
0.38202247191011235,47741.83226072852,0.49158427891683454,205.6190326745764,0.4535696088741058
0.4044943820224719,47741.83226072852,0.49159285271363135,205.70269850289625,0.4537901420435385
0.42696629213483145,47741.83226072852,0.49160155808623135,205.78690486388774,0.45401216626747337
0.449438202247191,47741.83226072852,0.49161039743817886,205.87165819946742,0.45423569850088963
0.47191011235955055,47741.83226072852,0.49161937313615756,205.95696496676803,0.4544607559049174
0.4943820224719101,47741.83226072852,0.491628487713752,206.04283186125008,0.4546873560060944
0.5168539325842696,47741.83226072852,0.4916377436754513,206.12926560424276,0.4549155165525555
0.5393258426966292,47741.83226072852,0.49164714361221906,206.21627307004619,0.45514525560668295
0.5617977528089888,47741.83226072852,0.4916566902176701,206.3038613048644,0.4553765915626109
0.5842696629213483,47741.83226072852,0.49166638620480463,206.39203743713497,0.4556095430881446
0.6067415730337078,47741.83226072852,0.4916762343468605,206.48080872333358,0.4558441291611586
0.6292134831460674,47741.83226072852,0.4916862375064014,206.57018258105924,0.45608036909728894
0.651685393258427,47741.83226072852,0.4916963986356881,206.66016659082212,0.45631828255594103
0.6741573033707865,47741.83226072852,0.49170672073209953,206.75076844863574,0.4565578895120828
0.696629213483146,47741.83226072852,0.49171720686360254,206.84199599523703,0.45679921028160303
0.7191011235955056,47741.83226072852,0.49172786017659387,206.93385722610128,0.457042265533418
0.7415730337078652,47741.83226072852,0.4917386839201292,207.0263603194835,0.4572870763143149
0.7640449438202247,47741.83226072852,0.4917496814021735,207.11951358998627,0.45753366402192325
0.7865168539325842,47741.83226072852,0.49176085604016245,207.2133255455536,0.4577820504500605
0.8089887640449438,47741.83226072852,0.49177221131692533,207.30780484071755,0.45803225776175355
0.8314606741573034,47741.83226072852,0.49178375081772396,207.4029603188763,0.4582843085246182
0.8539325842696629,47741.83226072852,0.4917954782165024,207.49880099889458,0.45853822570749037
0.8764044943820224,47741.83226072852,0.49180739728996015,207.5953360923025,0.4587940326986122
0.898876404494382,47741.83226072852,0.491819511913018,207.6925750000975,0.45905175330972564
0.9213483146067416,47741.83226072852,0.4918318260561984,207.79052731170012,0.4593114117818314
0.9438202247191011,47741.83226072852,0.4918443438157097,207.88920283995128,0.4595730328163767
0.9662921348314606,47741.83226072852,0.4918570693742957,207.98861157994622,0.45983664155329107
0.9887640449438202,47741.83226072852,0.4918700070683978,208.08876378506778,0.4601022636313019
1.0112359550561798,47741.83226072852,0.4918831613007824,208.18966987268897,0.4603699251291209
1.0337078651685392,47741.83226072852,0.4918965366372195,208.291340532934,0.4606396526491137
1.0561797752808988,47741.83226072852,0.4919101377549866,208.39378667407144,0.46091147328670307
1.0786516853932584,47741.83226072852,0.49192396951736056,208.49701950706205,0.461185414697585
1.101123595505618,47741.83226072852,0.49193803684581716,208.60105040668267,0.4614615050083902
1.1235955056179776,47741.83226072852,0.4919523448185516,208.70589102271902,0.46173977290303025
1.146067415730337,47741.83226072852,0.49196689870377774,208.81155331935136,0.46202024765898214
1.1685393258426966,47741.83226072852,0.49198170393309193,208.9180495483206,0.4623029591373218
1.1910112359550562,47741.83226072852,0.49199676602359044,209.02539216523564,0.46258793773298423
1.2134831460674156,47741.83226072852,0.49201209071945234,209.13359398912047,0.46287521449626273
1.2359550561797752,47741.83226072852,0.49202768394501856,209.24266815333144,0.4631648211080007
1.2584269662921348,47741.83226072852,0.49204355172405395,209.35262801879665,0.4634567898284622
1.2808988764044944,47741.83226072852,0.4920597004177652,209.46348744128053,0.46375115369566805
1.303370786516854,47741.83226072852,0.492076136380103,209.57526039164125,0.464047946268633
1.3258426966292134,47741.83226072852,0.4920928663953589,209.68796144530089,0.4643472019828975
1.348314606741573,47741.83226072852,0.4921098972388841,209.8016052971962,0.4646489558200911
1.3707865168539326,47741.83226072852,0.4921272360726593,209.91620720518347,0.4649532436318859
1.393258426966292,47741.83226072852,0.49214489021067315,210.0317827325818,0.46526010197049905
1.4157303370786516,47741.83226072852,0.492162867193214,210.1483478344526,0.46556956816175465
1.4382022471910112,47741.83226072852,0.4921811748863646,210.2659189724183,0.4658816803988095
1.4606741573033708,47741.83226072852,0.49219982135413437,210.38451297604425,0.4661964776574164
1.4831460674157304,47741.83226072852,0.4922188149291208,210.5041471256761,0.4665139997678548
1.5056179775280898,47741.83226072852,0.49223816425069933,210.62483919937833,0.4668342874620298
1.5280898876404494,47741.83226072852,0.49225787826840356,210.74660748119052,0.46715738239372
1.550561797752809,47741.83226072852,0.49227796623426706,210.86947075716074,0.46748332715063085
1.5730337078651684,47741.83226072852,0.4922984377226666,210.9934483422886,0.4678121652887834
1.595505617977528,47741.83226072852,0.4923193026426908,211.1185600993091,0.46814394136164567
1.6179775280898876,47741.83226072852,0.492340571297201,211.24482651006312,0.4684787009870543
1.6404494382022472,47741.83226072852,0.49236225429991676,211.37226858784697,0.4688164908020618
1.6629213483146068,47741.83226072852,0.4923843627216279,211.5009080470167,0.4691573586005855
1.6853932584269662,47741.83226072852,0.4924069080666674,211.63076728254643,0.46950135333710136
1.7078651685393258,47741.83226072852,0.4924299021882493,211.76186928084076,0.4698485250820858
1.7303370786516854,47741.83226072852,0.4924533574876866,211.89423785002276,0.4701989252047446
1.7528089887640448,47741.83226072852,0.49247728677155783,212.02789746585916,0.47055260628375567
1.7752808988764044,47741.83226072852,0.49250170342644134,212.16287347535007,0.4709096222725728
1.797752808988764,47741.83226072852,0.4925266214120111,212.29919209636705,0.471270028520785
1.8202247191011236,47741.83226072852,0.4925520550822395,212.43688022332205,0.4716338816581906
1.8426966292134832,47741.83226072852,0.4925780196420667,212.57596595044325,0.4720012399899833
1.8651685393258426,47741.83226072852,0.4926045306641445,212.71647803437043,0.4723721631384535
1.8876404494382022,47741.83226072852,0.492631604676762,212.8584465671537,0.4727467125467488
1.9101123595505618,47741.83226072852,0.49265925867687826,213.001902434786,0.47312495111918773
1.9325842696629212,47741.83226072852,0.49268751054181337,213.1468777923685,0.47350694358633977
1.9550561797752808,47741.83226072852,0.4927163789965593,213.29340603749924,0.47389275651399376
1.9775280898876404,47741.83226072852,0.4927458835036443,213.44152169586098,0.47428245825034726
2.0,47741.83226072852,0.4927760445037845,213.59126070520907,0.4746761191585035
0.0,53060.41497635453,0.4913598068390859,199.9660682522833,0.4417345072072174
0.02247191011235955,53060.41497635453,0.4913640309662503,200.02515594176194,0.441894427968406
0.0449438202247191,53060.41497635453,0.4913683188545511,200.08455583817906,0.4420552572138151
0.06741573033707865,53060.41497635453,0.49137267147598956,200.14427092815578,0.442217003560114
0.0898876404494382,53060.41497635453,0.4913770898452968,200.20430426680664,0.4423796757580755
0.11235955056179775,53060.41497635453,0.4913815750030509,200.26465896031004,0.44254328268199045
0.1348314606741573,53060.41497635453,0.4913861280071025,200.32533815723733,0.44270783332517305
0.15730337078651685,53060.41497635453,0.4913907498901197,200.38634500402128,0.44287333677061425
0.1797752808988764,53060.41497635453,0.4913954417683652,200.44768276040915,0.4430398022726286
0.20224719101123595,53060.41497635453,0.4914002047526994,200.50935470575678,0.4432072391934872
0.2247191011235955,53060.41497635453,0.4914050399599566,200.57136415144848,0.44337565701366266
0.24719101123595505,53060.41497635453,0.49140994857446507,200.6337145064799,0.44354506537903116
0.2696629213483146,53060.41497635453,0.4914149317606753,200.69640918536936,0.4437154740386785
0.29213483146067415,53060.41497635453,0.4914199907140999,200.75945166253823,0.4438868928843912
0.3146067415730337,53060.41497635453,0.4914251266938407,200.82284550727854,0.44405933197674957
0.33707865168539325,53060.41497635453,0.4914303409368763,200.88659429334953,0.4442328014841722
0.3595505617977528,53060.41497635453,0.4914356347280802,200.9507016736823,0.4444073117366729
0.38202247191011235,53060.41497635453,0.4914410093722951,201.01517135125835,0.4445828732075476
0.4044943820224719,53060.41497635453,0.4914464662174533,201.08000710415163,0.44475949653273816
0.42696629213483145,53060.41497635453,0.4914520066319251,201.14521276199955,0.44493719249648117
0.449438202247191,53060.41497635453,0.49145763199658016,201.2107921980652,0.4451159720278245
0.47191011235955055,53060.41497635453,0.4914633437439742,201.27674937141228,0.44529584623204876
0.4943820224719101,53060.41497635453,0.49146914333013797,201.34308829747928,0.44547682637234437
0.5168539325842696,53060.41497635453,0.4914750322337956,201.4098130477871,0.4456589238717876
0.5393258426966292,53060.41497635453,0.4914810119861007,201.47692778215156,0.44584215033799723
0.5617977528089888,53060.41497635453,0.49148708413145376,201.54443670756967,0.44602651753680417
0.5842696629213483,53060.41497635453,0.49149325025932833,201.61234411268788,0.44621203741858373
0.6067415730337078,53060.41497635453,0.4914995119985934,201.68065436237686,0.4463987221168779
0.6292134831460674,53060.41497635453,0.4915058709961489,201.7493718755832,0.44658658393540873
0.651685393258427,53060.41497635453,0.491512328959738,201.8185011715996,0.44677563538282367
0.6741573033707865,53060.41497635453,0.4915188876150969,201.88804682503388,0.4469658891438783
0.696629213483146,53060.41497635453,0.4915255487423758,201.95801350531997,0.44715735810959906
0.7191011235955056,53060.41497635453,0.491532314159039,202.02840595917004,0.4473500553677373
0.7415730337078652,53060.41497635453,0.4915391857050433,202.0992289954246,0.4475439941949432
0.7640449438202247,53060.41497635453,0.49154616530283646,202.17048754986783,0.4477391881048014
0.7865168539325842,53060.41497635453,0.4915532548834343,202.24218660699123,0.4479356507961232
0.8089887640449438,53060.41497635453,0.49156045643862134,202.31433125651435,0.44813339619533415
0.8314606741573034,53060.41497635453,0.4915677720048386,202.38692667694298,0.4483324384480222
0.8539325842696629,53060.41497635453,0.49157520367138974,202.4599781451365,0.44853279192871365
0.8764044943820224,53060.41497635453,0.4915827535771298,202.53349103358136,0.44873447124213844
0.898876404494382,53060.41497635453,0.4915904238908781,202.60747079023338,0.4489374912123797
0.9213483146067416,53060.41497635453,0.4915982168819172,202.6819230148818,0.4491418669395857
0.9438202247191011,53060.41497635453,0.49160613481571697,202.75685334831167,0.4493476137258822
0.9662921348314606,53060.41497635453,0.49161418007462987,202.83226760255292,0.4495547471699457
0.9887640449438202,53060.41497635453,0.49162235503726986,202.90817163245634,0.4497632830807563
1.0112359550561798,53060.41497635453,0.4916306622059219,202.98457147330348,0.449973237577546
1.0337078651685392,53060.41497635453,0.49163910408569905,203.06147321213032,0.45018462700349643
1.0561797752808988,53060.41497635453,0.4916476832965926,203.1388831089589,0.45039746801447217
1.0786516853932584,53060.41497635453,0.4916564024865019,203.2168075044501,0.4506117775183041
1.101123595505618,53060.41497635453,0.491665264400563,203.29525289542417,0.4508275727317392
1.1235955056179776,53060.41497635453,0.49167427183776746,203.37422588930966,0.45104487115268993
1.146067415730337,53060.41497635453,0.4916834276600995,203.45373321504314,0.4512636905721226
1.1685393258426966,53060.41497635453,0.49169273485693593,203.53378179354627,0.4514840491278633
1.1910112359550562,53060.41497635453,0.4917021964217733,203.6143786061602,0.45170596521681367
1.2134831460674156,53060.41497635453,0.49171181548399423,203.69553083772652,0.4519294575999134
1.2359550561797752,53060.41497635453,0.4917215952376353,203.77724580111015,0.4521545453539275
1.2584269662921348,53060.41497635453,0.49173153898878325,203.85953098956224,0.45238124791305706
1.2808988764044944,53060.41497635453,0.4917416500811771,203.94239399775265,0.45260958501846155
1.303370786516854,53060.41497635453,0.4917519319943141,204.02584262894456,0.4528395767986409
1.3258426966292134,53060.41497635453,0.4917623882884025,204.10988483698483,0.45307124373394975
1.348314606741573,53060.41497635453,0.49177302263950656,204.19452876567527,0.453304606689662
1.3707865168539326,53060.41497635453,0.49178383882130255,204.27978273053026,0.45353968690869473
1.393258426966292,53060.41497635453,0.491794840703064,204.36565521807702,0.45377650601679925
1.4157303370786516,53060.41497635453,0.49180603228540803,204.452154926071,0.45401508605670565
1.4382022471910112,53060.41497635453,0.4918174176652914,204.53929072721442,0.4542554494686048
1.4606741573033708,53060.41497635453,0.49182900108446964,204.6270717232638,0.45449761913441816
1.4831460674157304,53060.41497635453,0.4918407868838976,204.71550719733133,0.45474161835056354
1.5056179775280898,53060.41497635453,0.4918527795716105,204.80460668920426,0.45498747088754715
1.5280898876404494,53060.41497635453,0.49186498375269777,204.89437992122336,0.45523520094445324
1.550561797752809,53060.41497635453,0.49187740421315995,204.9848368911017,0.4554848332212787
1.5730337078651684,53060.41497635453,0.4918900458638031,205.07598781298228,0.45573639288449164
1.595505617977528,53060.41497635453,0.49190291377339695,205.16784315539874,0.45598990560110897
1.6179775280898876,53060.41497635453,0.4919160131883183,205.26041366469113,0.4562453975627603
1.6404494382022472,53060.41497635453,0.4919293494811151,205.35371031118953,0.4565028954554321
1.6629213483146068,53060.41497635453,0.49194292823687935,205.44774438532338,0.4567624265353045
1.6853932584269662,53060.41497635453,0.491956755240388,205.5425274859767,0.4570240186287772
1.7078651685393258,53060.41497635453,0.49197083643073086,205.63807147341365,0.4572877001076501
1.7303370786516854,53060.41497635453,0.4919851779500322,205.73438852472538,0.4575534999370074
1.7528089887640448,53060.41497635453,0.49199978617643425,205.83149117233305,0.4578214477114435
1.7752808988764044,53060.41497635453,0.49201466770504654,205.9293922858623,0.4580915736515098
1.797752808988764,53060.41497635453,0.49202982931753964,206.028105041609,0.4583639085916102
1.8202247191011236,53060.41497635453,0.4920452781279517,206.1276430845676,0.45863848410457586
1.8426966292134832,53060.41497635453,0.49206102138842006,206.22802031914514,0.4589153323635664
1.8651685393258426,53060.41497635453,0.49207706674950447,206.32925119667752,0.45919448635624555
1.8876404494382022,53060.41497635453,0.49209342200752954,206.43135044232906,0.4594759797020051
1.9101123595505618,53060.41497635453,0.49211009538083095,206.53433336055957,0.4597598468796878
1.9325842696629212,53060.41497635453,0.4921270952921784,206.63821560040583,0.460046123072606
1.9550561797752808,53060.41497635453,0.4921444305649606,206.7430133738412,0.46033484433533944
1.9775280898876404,53060.41497635453,0.4921621103846859,206.84874341742554,0.4606260475788422
2.0,53060.41497635453,0.4921801442493242,206.95542294165818,0.4609197705471108
0.0,58971.50369276547,0.49132433184618873,196.1944765183861,0.434307114320214
0.02247191011235955,58971.50369276547,0.4913268543242116,196.2409142003843,0.4344366035026714
0.0449438202247191,58971.50369276547,0.49132941748536924,196.28757038169348,0.4345667578947588
0.06741573033707865,58971.50369276547,0.4913320219228187,196.33444694301073,0.43469758321357377
0.0898876404494382,58971.50369276547,0.49133466824409844,196.38154579344513,0.43482908524895425
0.11235955056179775,58971.50369276547,0.4913373570520877,196.42886885100168,0.43496126985078
0.1348314606741573,58971.50369276547,0.49134008898548875,196.47641808468882,0.43509414295899107
0.15730337078651685,58971.50369276547,0.4913428646794371,196.52419547394845,0.43522771057633214
0.1797752808988764,58971.50369276547,0.4913456847811783,196.5722030250861,0.4353619787806097
0.20224719101123595,58971.50369276547,0.4913485499486433,196.6204427700075,0.43549695372470504
0.2247191011235955,58971.50369276547,0.4913514608686016,196.66891678525369,0.43563264165068544
0.24719101123595505,58971.50369276547,0.4913544182174801,196.71762715160642,0.4357690488627125
0.2696629213483146,58971.50369276547,0.4913574226970994,196.76657599135243,0.4359061817538301
0.29213483146067415,58971.50369276547,0.4913604750212435,196.81576545459325,0.43604404679743086
0.3146067415730337,58971.50369276547,0.4913635759186381,196.86519772256597,0.43618265055054123
0.33707865168539325,58971.50369276547,0.4913667261291327,196.91487500391696,0.4363219996522347
0.3595505617977528,58971.50369276547,0.4913699264015867,196.9647995327433,0.43646210082328873
0.38202247191011235,58971.50369276547,0.49137317751625176,197.01497359208588,0.43660296088353906
0.4044943820224719,58971.50369276547,0.4913764802545621,197.06539948280812,0.4367445867313307
0.42696629213483145,58971.50369276547,0.49137983540750385,197.11607953252891,0.43688698535079773
0.449438202247191,58971.50369276547,0.49138324379555387,197.16701611661233,0.43703016382754956
0.47191011235955055,58971.50369276547,0.49138670625021547,197.21821163924554,0.437174129336653
0.4943820224719101,58971.50369276547,0.4913902236120538,197.26966853165607,0.4373188891425383
0.5168539325842696,58971.50369276547,0.49139379675838557,197.32138928119937,0.43746445062039335
0.5393258426966292,58971.50369276547,0.49139742658155666,197.37337640905324,0.4376108212418592
0.5617977528089888,58971.50369276547,0.49140111395989156,197.42563244024595,0.43775800855539576
0.5842696629213483,58971.50369276547,0.49140485980232124,197.47815995039255,0.4379060202200272
0.6067415730337078,58971.50369276547,0.4914086650857812,197.53096160498902,0.4380548640339705
0.6292134831460674,58971.50369276547,0.49141253072869373,197.58404002790223,0.4382045478444191
0.651685393258427,58971.50369276547,0.4914164577185428,197.637397934595,0.4383550796415734
0.6741573033707865,58971.50369276547,0.4914204470684709,197.69103808724682,0.43850646752877454
0.696629213483146,58971.50369276547,0.49142449975976626,197.74496323507367,0.43865871968231684
0.7191011235955056,58971.50369276547,0.491428616862224,197.79917624020658,0.4388118444405226
0.7415730337078652,58971.50369276547,0.4914327994224108,197.85367996147394,0.4389658502242419
0.7640449438202247,58971.50369276547,0.4914370485124374,197.90847730561444,0.4391207455739854
0.7865168539325842,58971.50369276547,0.4914413652634385,197.9635712626135,0.439276539176066
0.8089887640449438,58971.50369276547,0.4914457507796233,198.01896481629097,0.4394332398018102
0.8314606741573034,58971.50369276547,0.49145020622205415,198.07466103217928,0.43959085637037826
0.8539325842696629,58971.50369276547,0.4914547327792759,198.13066302723354,0.43974939792926115
0.8764044943820224,58971.50369276547,0.49145933164239347,198.18697394414764,0.4399088736379945
0.898876404494382,58971.50369276547,0.49146400403024654,198.243596978048,0.4400692927884447
0.9213483146067416,58971.50369276547,0.49146875122616646,198.30053541538527,0.44023066483366746
0.9438202247191011,58971.50369276547,0.4914735745040685,198.35779255700493,0.4403929993359659
0.9662921348314606,58971.50369276547,0.4914784751762555,198.4153717685817,0.4405563060038694
0.9887640449438202,58971.50369276547,0.4914834545868315,198.47327647414096,0.4407205946894478
1.0112359550561798,58971.50369276547,0.4914885141070232,198.53151015166745,0.44088587538708274
1.0337078651685392,58971.50369276547,0.491493655141812,198.59007634037349,0.44105215824049815
1.0561797752808988,58971.50369276547,0.4914988791330477,198.6489786445706,0.44121945354736636
1.0786516853932584,58971.50369276547,0.4915041875447361,198.70822071860852,0.4413877717508092
1.101123595505618,58971.50369276547,0.4915095818898869,198.7678062955524,0.4415571234614726
1.1235955056179776,58971.50369276547,0.491515063702497,198.82773915828335,0.4417275194394046
1.146067415730337,58971.50369276547,0.4915206345543967,198.88802315765545,0.44189897060888644
1.1685393258426966,58971.50369276547,0.49152629607241327,198.94866223106328,0.4420714880736088
1.1910112359550562,58971.50369276547,0.49153204988670524,199.009660348677,0.44224508308127763
1.2134831460674156,58971.50369276547,0.4915378977112933,199.07102159860716,0.4424197670855105
1.2359550561797752,58971.50369276547,0.49154384126038747,199.1327500995113,0.4425955516869933
1.2584269662921348,58971.50369276547,0.4915498823204275,199.19485007689957,0.44277244868930166
1.2808988764044944,58971.50369276547,0.49155602271152843,199.2573258231779,0.4429504700733723
1.303370786516854,58971.50369276547,0.49156226428249444,199.32018169296978,0.44312962799672073
1.3258426966292134,58971.50369276547,0.4915686089576066,199.3834221529861,0.44330993483096276
1.348314606741573,58971.50369276547,0.4915750586869988,199.44705173040094,0.44349140312825813
1.3707865168539326,58971.50369276547,0.4915816154856538,199.51107505456125,0.44367404565324453
1.393258426966292,58971.50369276547,0.49158828140650107,199.57549682929636,0.4438578753663733
1.4157303370786516,58971.50369276547,0.4915950585592504,199.64032185343234,0.44404290544112035
1.4382022471910112,58971.50369276547,0.49160194911768773,199.70555502918972,0.44422914927277707
1.4606741573033708,58971.50369276547,0.4916089552959986,199.7712013379051,0.44441662046436825
1.4831460674157304,58971.50369276547,0.4916160793917584,199.83726588613305,0.44460533286206283
1.5056179775280898,58971.50369276547,0.4916233237361489,199.90375385383444,0.44479530052189237
1.5280898876404494,58971.50369276547,0.49163069073828847,199.97067054194335,0.44498653774635255
1.550561797752809,58971.50369276547,0.4916381828728436,200.03802136008125,0.4451790590790449
1.5730337078651684,58971.50369276547,0.4916458026757962,200.10581182288377,0.44537287930544245
1.595505617977528,58971.50369276547,0.49165355276258543,200.17404757001384,0.4455680134703985
1.6179775280898876,58971.50369276547,0.4916614358193028,200.24273435770914,0.445764476875728
1.6404494382022472,58971.50369276547,0.49166945459103667,200.31187804730402,0.445962285075735
1.6629213483146068,58971.50369276547,0.4916776119203526,200.38148464686796,0.44616145391022255
1.6853932584269662,58971.50369276547,0.49168591073606516,200.45156030026547,0.44636199950060723
1.7078651685393258,58971.50369276547,0.49169435402553147,200.522111258735,0.44656393823379215
1.7303370786516854,58971.50369276547,0.49170294490298394,200.59314395430397,0.44676728681789213
1.7528089887640448,58971.50369276547,0.4917116865280702,200.6646649144228,0.4469720622261848
1.7752808988764044,58971.50369276547,0.4917205821939275,200.736680856415,0.4471782817678966
1.797752808988764,58971.50369276547,0.49172963528613023,200.80919864502246,0.44738596306261535
1.8202247191011236,58971.50369276547,0.4917388492753531,200.88222528569221,0.4475951240399861
1.8426966292134832,58971.50369276547,0.4917482277607079,200.9557679717423,0.4478057829775533
1.8651685393258426,58971.50369276547,0.4917577744433108,201.02983405746278,0.448017958486472
1.8876404494382022,58971.50369276547,0.4917674931598916,201.10443109506085,0.44823166954241067
1.9101123595505618,58971.50369276547,0.4917773878354603,201.1795667855576,0.44844693545581504
1.9325842696629212,58971.50369276547,0.49178746256386685,201.25524906579076,0.4486637759384584
1.9550561797752808,58971.50369276547,0.4917977215458036,201.3314860437787,0.44888221106300286
1.9775280898876404,58971.50369276547,0.4918081691465072,201.4082860615347,0.4491022613127751
2.0,58971.50369276547,0.4918188098605884,201.4856576590355,0.449323947561819
0.0,65541.10534822635,0.49133591845437663,192.88436622022897,0.4276556925198617
0.02247191011235955,65541.10534822635,0.49133727030683627,192.92094033986524,0.42776055215974373
0.0449438202247191,65541.10534822635,0.491338647672144,192.957667679032,0.4278658987568002
0.06741573033707865,65541.10534822635,0.4913400508976206,192.99454941164552,0.42797173609310857
0.0898876404494382,65541.10534822635,0.49134148033721503,193.03158672621242,0.42807806799323816
0.11235955056179775,65541.10534822635,0.49134293635686677,193.0687808313814,0.4281848983285517
0.1348314606741573,65541.10534822635,0.4913444193309697,193.10613295246068,0.42829223101526087
0.15730337078651685,65541.10534822635,0.49134592963547163,193.1436443245088,0.42840007001011443
0.1797752808988764,65541.10534822635,0.4913474676522631,193.18131619690013,0.42850841931403966
0.20224719101123595,65541.10534822635,0.49134903376625866,193.21914983046446,0.42861728297065
0.2247191011235955,65541.10534822635,0.49135062838145543,193.25714651393105,0.4287266650781372
0.24719101123595505,65541.10534822635,0.49135225190158294,193.29530754436448,0.4288365697762244
0.2696629213483146,65541.10534822635,0.49135390473020346,193.3336342273739,0.4289470012468222
0.29213483146067415,65541.10534822635,0.4913555872851129,193.37212789188078,0.4290579637247905
0.3146067415730337,65541.10534822635,0.4913572999984882,193.41078989039818,0.4291694614986693
0.33707865168539325,65541.10534822635,0.4913590432980565,193.4496215799763,0.42928149889801104
0.3595505617977528,65541.10534822635,0.49136081762424555,193.4886243397857,0.42939408030612514
0.38202247191011235,65541.10534822635,0.49136262342241477,193.52779956333094,0.4295072101552413
0.4044943820224719,65541.10534822635,0.49136446115279486,193.56714866870354,0.4296208929341978
0.42696629213483145,65541.10534822635,0.49136633128001467,193.6066730880439,0.42973513318171436
0.449438202247191,65541.10534822635,0.491368234272671,193.64637426722814,0.4298499354867674
0.47191011235955055,65541.10534822635,0.49137017061061633,193.6862536734282,0.42996530449444337
0.4943820224719101,65541.10534822635,0.49137214078910196,193.72631279948232,0.43008124490958943
0.5168539325842696,65541.10534822635,0.4913741453030835,193.76655314802062,0.4301977614864224
0.5393258426966292,65541.10534822635,0.4913761846631122,193.8069762478175,0.43031485904052086
0.5617977528089888,65541.10534822635,0.4913782593812664,193.84758363957985,0.430432542439606
0.5842696629213483,65541.10534822635,0.4913803699900872,193.88837689541955,0.4305508166177325
0.6067415730337078,65541.10534822635,0.4913825170269384,193.92935760303985,0.4306696865649799
0.6292134831460674,65541.10534822635,0.49138470103193876,193.97052736376688,0.43078915732676937
0.651685393258427,65541.10534822635,0.4913869225645516,194.0118878096483,0.4309092340164491
0.6741573033707865,65541.10534822635,0.4913891821994536,194.05344059940282,0.4310299218131967
0.696629213483146,65541.10534822635,0.49139148050587655,194.09518739745482,0.4311512259481697
0.7191011235955056,65541.10534822635,0.4913938180751416,194.1371299022429,0.43127315172492886
0.7415730337078652,65541.10534822635,0.491396195512931,194.17926983849148,0.43139570451482445
0.7640449438202247,65541.10534822635,0.4913986134278725,194.22160894570234,0.4315188897497589
0.7865168539325842,65541.10534822635,0.4914010724440841,194.2641489911528,0.431642712932015
0.8089887640449438,65541.10534822635,0.4914035731964406,194.3068917652328,0.43176717963181066
0.8314606741573034,65541.10534822635,0.49140611634319137,194.34983909453894,0.43189229549723257
0.8539325842696629,65541.10534822635,0.49140870253524793,194.39299281061545,0.4320180662333031
0.8764044943820224,65541.10534822635,0.4914113324432487,194.43635477783639,0.43214449762223844
0.898876404494382,65541.10534822635,0.4914140067626199,194.47992689879746,0.43227159552807176
0.9213483146067416,65541.10534822635,0.4914167261976853,194.52371109822437,0.43239936588633154
0.9438202247191011,65541.10534822635,0.491419491459061,194.56770932050173,0.43252781470321017
0.9662921348314606,65541.10534822635,0.4914223032875473,194.6119235543524,0.4326569480736852
0.9887640449438202,65541.10534822635,0.49142516243565154,194.6563558141434,0.43278677216941547
1.0112359550561798,65541.10534822635,0.49142806962715585,194.70100809850118,0.43291729321086686
1.0337078651685392,65541.10534822635,0.49143102566154345,194.74588249780342,0.43304851754317614
1.0561797752808988,65541.10534822635,0.4914340313553727,194.79098113415617,0.4331804515953574
1.0786516853932584,65541.10534822635,0.4914370874710133,194.83630608847076,0.43331310183040755
1.101123595505618,65541.10534822635,0.4914401948587138,194.88185954655356,0.4334464748482492
1.1235955056179776,65541.10534822635,0.49144335437544523,194.92764371600936,0.43358057732883426
1.146067415730337,65541.10534822635,0.4914465668511947,194.9736607918297,0.433715416009176
1.1685393258426966,65541.10534822635,0.49144983319823443,195.0199130689143,0.43385099776299857
1.1910112359550562,65541.10534822635,0.49145315427630865,195.06640280374668,0.43398732950527913
1.2134831460674156,65541.10534822635,0.49145653105352416,195.1131323800705,0.43412441830909015
1.2359550561797752,65541.10534822635,0.49145996441136414,195.1601041086047,0.4342622712668684
1.2584269662921348,65541.10534822635,0.49146345535970676,195.20732044849046,0.43440089564631035
1.2808988764044944,65541.10534822635,0.49146700484409395,195.25478380925858,0.4345402987532179
1.303370786516854,65541.10534822635,0.49147061387963065,195.30249668888862,0.43468048802921583
1.3258426966292134,65541.10534822635,0.49147428349626443,195.3504616177751,0.43482147101386354
1.348314606741573,65541.10534822635,0.49147801471934094,195.3986811389611,0.43496325533211283
1.3707865168539326,65541.10534822635,0.491481808638732,195.447157879645,0.4351058487456447
1.393258426966292,65541.10534822635,0.49148566634839125,195.49589448920798,0.43524925911087425
1.4157303370786516,65541.10534822635,0.49148958895037415,195.544893643629,0.43539349438340397
1.4382022471910112,65541.10534822635,0.49149357760607776,195.5941580986339,0.435538562656633
1.4606741573033708,65541.10534822635,0.49149763349647635,195.64369064902002,0.43568447213473366
1.4831460674157304,65541.10534822635,0.4915017578057005,195.69349411201048,0.4358312311224541
1.5056179775280898,65541.10534822635,0.49150595175791517,195.7435713656316,0.43597884805348947
1.5280898876404494,65541.10534822635,0.4915102166249715,195.7939253569674,0.4361273314978121
1.550561797752809,65541.10534822635,0.4915145536867292,195.84455906153227,0.436276690134772
1.5730337078651684,65541.10534822635,0.4915189642700582,195.89547552389928,0.4364269327831705
1.595505617977528,65541.10534822635,0.4915234497257567,195.94667783421858,0.43657806838644136
1.6179775280898876,65541.10534822635,0.49152801142690883,195.99816912687206,0.43673010601337425
1.6404494382022472,65541.10534822635,0.49153265080437375,196.0499526175477,0.4368830548858338
1.6629213483146068,65541.10534822635,0.4915373693068603,196.10203156234257,0.43703692435182423
1.6853932584269662,65541.10534822635,0.49154216842155307,196.15440927948006,0.43719172390251193
1.7078651685393258,65541.10534822635,0.4915470496904548,196.20708916663992,0.43734746318622686
1.7303370786516854,65541.10534822635,0.4915520146684479,196.26007465795283,0.43750415198014375
1.7528089887640448,65541.10534822635,0.4915570649727977,196.31336927567835,0.43766180022848156
1.7752808988764044,65541.10534822635,0.49156220225257247,196.36697659897493,0.43782041802253596
1.797752808988764,65541.10534822635,0.4915674281984468,196.42090027449154,0.4379800156101211
1.8202247191011236,65541.10534822635,0.49157274456414995,196.47514403906635,0.43814060341358035
1.8426966292134832,65541.10534822635,0.49157815311363107,196.52971166540482,0.43830219199369624
1.8651685393258426,65541.10534822635,0.4915836557053531,196.584607049983,0.43846479211364847
1.8876404494382022,65541.10534822635,0.49158925420906097,196.63983412720373,0.43862841468084846
1.9101123595505618,65541.10534822635,0.4915949505721364,196.6953969387479,0.4387930707979714
1.9325842696629212,65541.10534822635,0.49160074679078775,196.751299604203,0.43895877174460773
1.9550561797752808,65541.10534822635,0.49160664489541106,196.80754630637156,0.43912552896927276
1.9775280898876404,65541.10534822635,0.49161264701836027,196.86414136223144,0.4392933541417951
2.0,65541.10534822635,0.4916187553124739,196.92108913884294,0.4394622590965799
0.0,72842.58025108298,0.4913829132405899,189.97294139543263,0.4216959623784523
0.02247191011235955,72842.58025108298,0.4913834788076216,190.00180479858815,0.42178088336860836
0.0449438202247191,72842.58025108298,0.49138406002216917,190.03077583880673,0.42186616072476213
0.06741573033707865,72842.58025108298,0.4913846570891545,190.05985525415258,0.42195179695057744
0.0898876404494382,72842.58025108298,0.4913852702170275,190.08904379079797,0.42203779457504514
0.11235955056179775,72842.58025108298,0.49138589961851226,190.1183422038205,0.4221241561532893
0.1348314606741573,72842.58025108298,0.49138654551246164,190.1477512591114,0.4222108842681434
0.15730337078651685,72842.58025108298,0.4913872081193503,190.17727172892975,0.42229798152733433
0.1797752808988764,72842.58025108298,0.4913878876607778,190.20690439145673,0.4223854505634391
0.20224719101123595,72842.58025108298,0.491388584360323,190.23665003170575,0.42247329403478107
0.2247191011235955,72842.58025108298,0.4913892984489232,190.26650944695842,0.42256151462946573
0.24719101123595505,72842.58025108298,0.49139003016662575,190.2964834485808,0.4226501150669165
0.2696629213483146,72842.58025108298,0.49139077975014284,190.32657284963122,0.42273909808957827
0.29213483146067415,72842.58025108298,0.4913915474362088,190.35677846827423,0.4228284664655643
0.3146067415730337,72842.58025108298,0.49139233347381506,190.3871011400869,0.4229182229974696
0.33707865168539325,72842.58025108298,0.4913931381065354,190.41754170043222,0.42300837051045787
0.3595505617977528,72842.58025108298,0.4913939615959861,190.44810100800382,0.42309891186887194
0.38202247191011235,72842.58025108298,0.4913948042006264,190.47877992367205,0.423189849961886
0.4044943820224719,72842.58025108298,0.49139566617522235,190.5095793100028,0.4232811877034789
0.42696629213483145,72842.58025108298,0.49139654778705777,190.54050004755905,0.42337292804404436
0.449438202247191,72842.58025108298,0.491397449309461,190.5715430284895,0.42346507396627076
0.47191011235955055,72842.58025108298,0.49139837101946365,190.60270915424914,0.4235576284838871
0.4943820224719101,72842.58025108298,0.49139931320323577,190.6339993411177,0.42365059464581994
0.5168539325842696,72842.58025108298,0.49140027614068327,190.665414504828,0.4237439755258714
0.5393258426966292,72842.58025108298,0.49140126011828533,190.69695557350127,0.42383777423202823
0.5617977528089888,72842.58025108298,0.49140226543177523,190.72862349041034,0.4239319939087272
0.5842696629213483,72842.58025108298,0.49140329238088476,190.76041920878674,0.4240266377336066
0.6067415730337078,72842.58025108298,0.49140434126906923,190.79234369161333,0.42412170891772294
0.6292134831460674,72842.58025108298,0.49140541240403135,190.82439791222802,0.42421721070633345
0.651685393258427,72842.58025108298,0.49140650609713504,190.85658285380845,0.42431314637891004
0.6741573033707865,72842.58025108298,0.4914076226795585,190.88889952567067,0.42440951926083126
0.696629213483146,72842.58025108298,0.4914087624836592,190.92134894464812,0.4245063327108434
0.7191011235955056,72842.58025108298,0.4914099258345907,190.95393212673832,0.42460359011565174
0.7415730337078652,72842.58025108298,0.49141111306530294,190.9866501022549,0.42470129490083014
0.7640449438202247,72842.58025108298,0.49141232451745637,191.01950391682234,0.42479945053192153
0.7865168539325842,72842.58025108298,0.49141356054142327,191.05249463146842,0.42489806051491313
0.8089887640449438,72842.58025108298,0.4914148214972138,191.08562332364423,0.4249971283973649
0.8314606741573034,72842.58025108298,0.4914161077549449,191.1188910877855,0.4250966577692277
0.8539325842696629,72842.58025108298,0.49141741968089664,191.15229902138216,0.42519665225359454
0.8764044943820224,72842.58025108298,0.49141875764337295,191.18584823095034,0.4252971155112888
0.898876404494382,72842.58025108298,0.4914201220224223,191.21953984190674,0.4253980512481733
0.9213483146067416,72842.58025108298,0.49142151320515715,191.25337499394874,0.4254994632123995
0.9438202247191011,72842.58025108298,0.4914229316125791,191.28735486816083,0.4256013552137221
0.9662921348314606,72842.58025108298,0.4914243776332224,191.32148062032365,0.42570373107759424
0.9887640449438202,72842.58025108298,0.4914258516709888,191.35575342914,0.425806594679181
1.0112359550561798,72842.58025108298,0.49142735414024935,191.39017449141986,0.42590994994049897
1.0337078651685392,72842.58025108298,0.49142888549472685,191.42474505126577,0.4260138008512356
1.0561797752808988,72842.58025108298,0.4914304461579372,191.45946633013375,0.42611815142058107
1.0786516853932584,72842.58025108298,0.49143203655666384,191.49433956063376,0.42622300570125665
1.101123595505618,72842.58025108298,0.4914336571532245,191.52936601914877,0.4263283678127567
1.1235955056179776,72842.58025108298,0.4914353084217395,191.56454700205336,0.4264342419253321
1.146067415730337,72842.58025108298,0.4914369908157576,191.59988379317667,0.42654063223787125
1.1685393258426966,72842.58025108298,0.4914387048054693,191.6353777014156,0.42664754300464613
1.1910112359550562,72842.58025108298,0.4914404509046389,191.67103008804315,0.4267549785549072
1.2134831460674156,72842.58025108298,0.49144222959025696,191.70684228576602,0.426862943237068
1.2359550561797752,72842.58025108298,0.49144404136304587,191.74281565987351,0.4269714414618876
1.2584269662921348,72842.58025108298,0.4914458867709769,191.7789516321157,0.427080477719725
1.2808988764044944,72842.58025108298,0.49144776630843295,191.8152515790365,0.42719005651027175
1.303370786516854,72842.58025108298,0.49144968051476073,191.85171693157645,0.42730018241260154
1.3258426966292134,72842.58025108298,0.49145162996705777,191.88834916795008,0.42741086008085366
1.348314606741573,72842.58025108298,0.4914536151838478,191.9251497164649,0.42752209417708686
1.3707865168539326,72842.58025108298,0.4914556367601103,191.9621200920629,0.4276338894671748
1.393258426966292,72842.58025108298,0.4914576952860521,191.9992618144053,0.4277462507643397
1.4157303370786516,72842.58025108298,0.49145979133073925,192.0365763914386,0.4278591829183481
1.4382022471910112,72842.58025108298,0.4914619255409665,192.07406541950388,0.4279726908860825
1.4606741573033708,72842.58025108298,0.4914640984836312,192.11173042407935,0.42808677962106817
1.4831460674157304,72842.58025108298,0.4914663108270873,192.149573043342,0.4282014542023511
1.5056179775280898,72842.58025108298,0.491468563196744,192.18759488225757,0.4283167197333502
1.5280898876404494,72842.58025108298,0.491470856276486,192.22579761534615,0.42843258141437784
1.550561797752809,72842.58025108298,0.4914731907117717,192.26418288875988,0.42854904447499204
1.5730337078651684,72842.58025108298,0.4914755671989207,192.30275241081895,0.4286661142380266
1.595505617977528,72842.58025108298,0.49147798645856094,192.34150792531074,0.4287837961017397
1.6179775280898876,72842.58025108298,0.49148044917326644,192.3804511484709,0.4289020954965555
1.6404494382022472,72842.58025108298,0.49148295610512044,192.41958388824807,0.42902101796927367
1.6629213483146068,72842.58025108298,0.49148550800259444,192.45890795014083,0.42914056911807513
1.6853932584269662,72842.58025108298,0.49148810559993683,192.4984251367144,0.42926075459301916
1.7078651685393258,72842.58025108298,0.49149074974310875,192.53813737548182,0.4293815801864
1.7303370786516854,72842.58025108298,0.4914934411515629,192.57804647750345,0.42950305166471275
1.7528089887640448,72842.58025108298,0.4914961807291484,192.6181544529141,0.42962517499038844
1.7752808988764044,72842.58025108298,0.49149896923976755,192.65846318207647,0.4297479560925381
1.797752808988764,72842.58025108298,0.4915018075996298,192.69897471231565,0.42987140107564065
1.8202247191011236,72842.58025108298,0.49150469664065166,192.73969101798994,0.42999551605250436
1.8426966292134832,72842.58025108298,0.4915076372881743,192.7806141810963,0.4301203072717391
1.8651685393258426,72842.58025108298,0.49151063046809546,192.82174629720052,0.43024578105288075
1.8876404494382022,72842.58025108298,0.49151367708827126,192.86308945671996,0.43037194377427823
1.9101123595505618,72842.58025108298,0.49151677814403166,192.90464585235304,0.43049880194944495
1.9325842696629212,72842.58025108298,0.4915199346158079,192.94641767528208,0.43062636215537514
1.9550561797752808,72842.58025108298,0.4915231475026964,192.98840714948304,0.4307546310576767
1.9775280898876404,72842.58025108298,0.4915264178553762,193.03061656543952,0.43088361543533776
2.0,72842.58025108298,0.4915297467295151,193.07304823299063,0.43101332214879257
0.0,80957.46126715335,0.49145585621064175,187.4070756125152,0.41635346949950497
0.02247191011235955,80957.46126715335,0.49145591047378145,187.4298967423507,0.4164222463416935
0.0449438202247191,80957.46126715335,0.4914559740616886,187.45279362432342,0.41649128390494755
0.06741573033707865,80957.46126715335,0.4914560470959275,187.47576672513517,0.41656058384695294
0.0898876404494382,80957.46126715335,0.4914561296948309,187.49881651098616,0.4166301478370241
0.11235955056179775,80957.46126715335,0.49145622198195665,187.52194345592656,0.4166999775620123
0.1348314606741573,80957.46126715335,0.49145632407960543,187.5451480355017,0.41677007472205646
0.15730337078651685,80957.46126715335,0.4914564361140779,187.56843073195853,0.41684044103432233
0.1797752808988764,80957.46126715335,0.49145655821437356,187.5917920329945,0.41691107823228396
0.20224719101123595,80957.46126715335,0.4914566905152096,187.6152324347582,0.4169819880679455
0.2247191011235955,80957.46126715335,0.4914568331439401,187.63875242899914,0.41705317230310623
0.24719101123595505,80957.46126715335,0.4914569862358876,187.6623525181936,0.4171246327199683
0.2696629213483146,80957.46126715335,0.49145714992454853,187.6860332059303,0.4171963711146433
0.29213483146067415,80957.46126715335,0.4914573243503945,187.7097950056139,0.41726838930332477
0.3146067415730337,80957.46126715335,0.4914575096528483,187.7336384325866,0.4173406891170008
0.33707865168539325,80957.46126715335,0.4914577059777149,187.75756401148894,0.41741327240670234
0.3595505617977528,80957.46126715335,0.4914579134651827,187.78157226445816,0.41748614103550485
0.38202247191011235,80957.46126715335,0.49145813226343915,187.80566372458853,0.41755929688800153
0.4044943820224719,80957.46126715335,0.4914583625194758,187.82983892689455,0.41763274186422134
0.42696629213483145,80957.46126715335,0.4914586043857006,187.8540984148702,0.417706477884335
0.449438202247191,80957.46126715335,0.491458858016347,187.87844273697777,0.4177805068864
0.47191011235955055,80957.46126715335,0.4914591235692354,187.90287244842295,0.4178548308277631
0.4943820224719101,80957.46126715335,0.4914594012007291,187.9273881062107,0.41792945168181567
0.5168539325842696,80957.46126715335,0.49145969106986376,187.95199027325705,0.4180043714410182
0.5393258426966292,80957.46126715335,0.491459993338998,187.97667951906254,0.41807959211755186
0.5617977528089888,80957.46126715335,0.4914603081749096,188.00145642083953,0.4181551157442819
0.5842696629213483,80957.46126715335,0.49146063574911825,188.02632156386184,0.41823094437519237
0.6067415730337078,80957.46126715335,0.49146097623263524,188.0512755363222,0.4183070800820131
0.6292134831460674,80957.46126715335,0.4914613297987344,188.07631893210456,0.4183835249563342
0.651685393258427,80957.46126715335,0.49146169662028916,188.1014523481907,0.41846028110800526
0.6741573033707865,80957.46126715335,0.491462076877252,188.12667639208811,0.4185373506704832
0.696629213483146,80957.46126715335,0.4914624707529306,188.15199167819398,0.41861473579851494
0.7191011235955056,80957.46126715335,0.4914628784381914,188.17739883199047,0.4186924386712537
0.7415730337078652,80957.46126715335,0.4914633001138779,188.20289847270732,0.4187704614804483
0.7640449438202247,80957.46126715335,0.49146373597161713,188.22849123392294,0.4188488064449379
0.7865168539325842,80957.46126715335,0.49146418620832044,188.25417775818198,0.41892747580713474
0.8089887640449438,80957.46126715335,0.4914646510167736,188.27995868772564,0.4190064718268177
0.8314606741573034,80957.46126715335,0.4914651306079133,188.30583468657272,0.4190857967966669
0.8539325842696629,80957.46126715335,0.4914656251766949,188.33180640679035,0.41916545301910035
0.8764044943820224,80957.46126715335,0.4914661349354069,188.35787452151243,0.41924544282939796
0.898876404494382,80957.46126715335,0.4914666600873304,188.38403969890945,0.4193257685778819
0.9213483146067416,80957.46126715335,0.4914672008556545,188.4103026308487,0.4194064326500417
0.9438202247191011,80957.46126715335,0.49146775745723054,188.43666400697936,0.41948743744878725
0.9662921348314606,80957.46126715335,0.49146833010900737,188.46312452113443,0.41956878539913767
0.9887640449438202,80957.46126715335,0.4914689190414074,188.48968488464888,0.41965047895770496
1.0112359550561798,80957.46126715335,0.49146952447856057,188.5163458067401,0.41973252059936766
1.0337078651685392,80957.46126715335,0.49147014665459005,188.5431080108678,0.4198149128288049
1.0561797752808988,80957.46126715335,0.49147078581029807,188.56997223131296,0.4198976581784678
1.0786516853932584,80957.46126715335,0.49147144218577393,188.59693920603112,0.41998075920382416
1.101123595505618,80957.46126715335,0.4914721160250982,188.6240096812997,0.42006421848688236
1.1235955056179776,80957.46126715335,0.49147280757446526,188.65118440993842,0.42014803863521505
1.146067415730337,80957.46126715335,0.49147351709307135,188.67846416214965,0.4202322222897736
1.1685393258426966,80957.46126715335,0.49147424483869256,188.70584971127371,0.4203167721152735
1.1910112359550562,80957.46126715335,0.4914749910747407,188.73334184084183,0.42040169080537987
1.2134831460674156,80957.46126715335,0.49147575606493055,188.7609413393416,0.4204869810793601
1.2359550561797752,80957.46126715335,0.49147654008069475,188.78864900762724,0.42057264568753167
1.2584269662921348,80957.46126715335,0.4914773434055982,188.81646566336158,0.42065868741465406
1.2808988764044944,80957.46126715335,0.49147816632034064,188.84439212619245,0.42074510906992657
1.303370786516854,80957.46126715335,0.4914790091084501,188.87242922345965,0.4208319134912661
1.3258426966292134,80957.46126715335,0.49147987206108545,188.90057779502288,0.42091910354898104
1.348314606741573,80957.46126715335,0.49148075547712833,188.92883869341466,0.4210066821462019
1.3707865168539326,80957.46126715335,0.491481659664737,188.95721278545258,0.42109465222032955
1.393258426966292,80957.46126715335,0.4914825849345844,188.985700945582,0.4211830167387376
1.4157303370786516,80957.46126715335,0.49148353159312824,189.01430404925387,0.4212717786944968
1.4382022471910112,80957.46126715335,0.4914844999620269,189.04302299227902,0.4213609411201912
1.4606741573033708,80957.46126715335,0.49148549037139294,189.07185868419666,0.42145050708365395
1.4831460674157304,80957.46126715335,0.4914865031522477,189.10081204084162,0.4215404796831468
1.5056179775280898,80957.46126715335,0.4914875386419694,189.12988398982523,0.42163086205153816
1.5280898876404494,80957.46126715335,0.4914885971816153,189.15907546794404,0.4217216573548639
1.550561797752809,80957.46126715335,0.49148967912999175,189.18838743524552,0.4218128688025037
1.5730337078651684,80957.46126715335,0.4914907848488501,189.21782086037962,0.42190449963735654
1.595505617977528,80957.46126715335,0.4914919146974274,189.24737671523542,0.42199655313248774
1.6179775280898876,80957.46126715335,0.4914930690459097,189.27705598840888,0.42208903260090747
1.6404494382022472,80957.46126715335,0.4914942482733621,189.3068596832232,0.42218194139459303
1.6629213483146068,80957.46126715335,0.4914954527735327,189.33678882358547,0.4222752829089824
1.6853932584269662,80957.46126715335,0.491496682942435,189.36684444170496,0.4223690605748263
1.7078651685393258,80957.46126715335,0.4914979391791481,189.3970275789661,0.42246327785921556
1.7303370786516854,80957.46126715335,0.4914992218904489,189.42733929062044,0.4225579382692828
1.7528089887640448,80957.46126715335,0.4915005314994022,189.45778065442826,0.4226530453586709
1.7752808988764044,80957.46126715335,0.49150186843647986,189.48835276190206,0.42274860272186987
1.797752808988764,80957.46126715335,0.4915032331335084,189.51905671235363,0.42284461399051354
1.8202247191011236,80957.46126715335,0.4915046260327322,189.54989362201488,0.42294108284020515
1.8426966292134832,80957.46126715335,0.49150604758920685,189.58086462651355,0.4230380129927167
1.8651685393258426,80957.46126715335,0.49150749827709506,189.6119708872467,0.42313540822092227
1.8876404494382022,80957.46126715335,0.49150897856305353,189.643213564933,0.42323327233081043
1.9101123595505618,80957.46126715335,0.49151048893124594,189.6745938446471,0.42333160917946555
1.9325842696629212,80957.46126715335,0.49151202988474535,189.70611293732532,0.4234304226766273
1.9550561797752808,80957.46126715335,0.49151360192243293,189.73777205680685,0.42352971676916185
1.9775280898876404,80957.46126715335,0.4915152055381605,189.7695724190842,0.4236294954410518
2.0,80957.46126715335,0.49151684127632256,189.80151529788816,0.4237297627527882
0.0,89976.36426704156,0.49154712587320465,185.14162396032935,0.41156229913312026
0.02247191011235955,89976.36426704156,0.4915468629218696,185.1596995544347,0.4116180024634643
0.0449438202247191,89976.36426704156,0.4915466053155107,185.17782856180446,0.4116738964888802
0.06741573033707865,89976.36426704156,0.4915463531242872,185.1960112767503,0.4117299823052969
0.0898876404494382,89976.36426704156,0.4915461063889609,185.21424796659403,0.4117862609972748
0.11235955056179775,89976.36426704156,0.4915458652019011,185.23253895036987,0.4118427336923834
0.1348314606741573,89976.36426704156,0.49154562963966386,185.2508845333548,0.41189940151610976
0.15730337078651685,89976.36426704156,0.4915453997469788,185.26928499151234,0.4119562655811951
0.1797752808988764,89976.36426704156,0.49154517562458666,185.28774065686,0.4120133270466308
0.20224719101123595,89976.36426704156,0.49154495733192155,185.30625182292118,0.41207058705248445
0.2247191011235955,89976.36426704156,0.49154474493903716,185.32481879519443,0.4121280467548134
0.24719101123595505,89976.36426704156,0.49154453853975444,185.34344190395913,0.41218570733459137
0.2696629213483146,89976.36426704156,0.491544338181374,185.36212143595975,0.412243569950623
0.29213483146067415,89976.36426704156,0.4915441439737298,185.3808577404432,0.412301635812847
0.3146067415730337,89976.36426704156,0.4915439559678839,185.39965111123618,0.41235990610099
0.33707865168539325,89976.36426704156,0.4915437742695553,185.41850189705423,0.4124183820408341
0.3595505617977528,89976.36426704156,0.4915435989359807,185.43741040121526,0.41247706483504026
0.38202247191011235,89976.36426704156,0.4915434300698112,185.45637697298667,0.412535955726331
0.4044943820224719,89976.36426704156,0.4915432677326213,185.47540192346267,0.4125950559394717
0.42696629213483145,89976.36426704156,0.49154311203095824,185.49448560930068,0.4126543667392113
0.449438202247191,89976.36426704156,0.4915429630284184,185.5136283471888,0.4127138893712779
0.47191011235955055,89976.36426704156,0.49154282083604667,185.53283050183322,0.4127736251232726
0.4943820224719101,89976.36426704156,0.4915426855184644,185.552092394617,0.4128335752616402
0.5168539325842696,89976.36426704156,0.49154255718639067,185.5714143936709,0.41289374109401866
0.5393258426966292,89976.36426704156,0.4915424359143096,185.59079683374807,0.4129541239139526
0.5617977528089888,89976.36426704156,0.4915423218022238,185.61024007636044,0.41301472504256215
0.5842696629213483,89976.36426704156,0.49154221494186673,185.62974447690183,0.41307554580591627
0.6067415730337078,89976.36426704156,0.49154211542256,185.6493103903695,0.41313658753908705
0.6292134831460674,89976.36426704156,0.49154202335372477,185.66893819330966,0.4131978516014325
0.651685393258427,89976.36426704156,0.4915419388185268,185.68862823868338,0.4132593393454854
0.6741573033707865,89976.36426704156,0.4915418619268862,185.70838090752628,0.41332105215278847
0.696629213483146,89976.36426704156,0.49154179277549076,185.72819657001648,0.41338299140707274
0.7191011235955056,89976.36426704156,0.4915417314567369,185.74807559419529,0.4134451585003982
0.7415730337078652,89976.36426704156,0.4915416780893147,185.76801837580095,0.41350755485390756
0.7640449438202247,89976.36426704156,0.4915416327701628,185.78802529146935,0.4135701818855536
0.7865168539325842,89976.36426704156,0.49154159560657873,185.80809673004072,0.41363304103187903
0.8089887640449438,89976.36426704156,0.4915415667115523,185.82823308804302,0.41369613374500486
0.8314606741573034,89976.36426704156,0.4915415461900999,185.8484347563869,0.4137594614835369
0.8539325842696629,89976.36426704156,0.49154153415048096,185.8687021313177,0.41382302572026625
0.8764044943820224,89976.36426704156,0.4915415307119735,185.88903562203217,0.4138868279475612
0.898876404494382,89976.36426704156,0.4915415359861425,185.90943563242354,0.41395086966485234
0.9213483146067416,89976.36426704156,0.4915415500915996,185.92990257550557,0.414015152388741
0.9438202247191011,89976.36426704156,0.49154157315044067,185.95043686995893,0.41407967765073544
0.9662921348314606,89976.36426704156,0.49154160527707486,185.97103892925756,0.4141444469898432
0.9887640449438202,89976.36426704156,0.4915416465921641,185.99170917528005,0.41420946196213293
1.0112359550561798,89976.36426704156,0.4915416972226555,186.01244803841183,0.41427472414091765
1.0337078651685392,89976.36426704156,0.49154175729735106,186.03325595315522,0.4143402351138882
1.0561797752808988,89976.36426704156,0.4915418269430105,186.05413335446218,0.4144059964806532
1.0786516853932584,89976.36426704156,0.49154190628781963,186.0750806810616,0.41447200985521826
1.101123595505618,89976.36426704156,0.4915419954654521,186.09609837948628,0.4145382768689002
1.1235955056179776,89976.36426704156,0.4915420946077823,186.1171868969707,0.41460479916554854
1.146067415730337,89976.36426704156,0.4915422038498652,186.1383466863453,0.4146715784050783
1.1685393258426966,89976.36426704156,0.4915423233306674,186.15957820677852,0.41473861626412883
1.1910112359550562,89976.36426704156,0.49154245319658746,186.18088192724437,0.41480591443861686
1.2134831460674156,89976.36426704156,0.4915425935901795,186.2022583155274,0.41487347463626034
1.2359550561797752,89976.36426704156,0.49154274465334263,186.2237078413693,0.41494129857890855
1.2584269662921348,89976.36426704156,0.49154290652910904,186.2452309782386,0.41500938800392245
1.2808988764044944,89976.36426704156,0.4915430793722057,186.2668282136913,0.41507774467151837
1.303370786516854,89976.36426704156,0.4915432633388468,186.2885000394183,0.4151463703580223
1.3258426966292134,89976.36426704156,0.4915434585785705,186.3102469432909,0.4152152668505078
1.348314606741573,89976.36426704156,0.4915436652533078,186.33206942803864,0.41528443595992043
1.3707865168539326,89976.36426704156,0.491543883518194,186.3539679925112,0.4153538795082369
1.393258426966292,89976.36426704156,0.4915441135367883,186.37594314659643,0.4154235993389862
1.4157303370786516,89976.36426704156,0.49154435547721237,186.3979954074761,0.41549359731482177
1.4382022471910112,89976.36426704156,0.4915446095079189,186.420125295515,0.4155638753148392
1.4606741573033708,89976.36426704156,0.4915448758004404,186.44233333698315,0.41563443523664056
1.4831460674157304,89976.36426704156,0.49154515452942993,186.4646200641285,0.4157052789965619
1.5056179775280898,89976.36426704156,0.49154544586513704,186.4869860078393,0.4157764085247558
1.5280898876404494,89976.36426704156,0.4915457499947519,186.50943171857978,0.4158478257799184
1.550561797752809,89976.36426704156,0.49154606709961174,186.53195774410472,0.41591953273399296
1.5730337078651684,89976.36426704156,0.4915463973658436,186.55456463991138,0.41599153137961997
1.595505617977528,89976.36426704156,0.4915467409863729,186.57725297124875,0.4160638237317241
1.6179775280898876,89976.36426704156,0.4915470981484386,186.60002330091424,0.4161364118192274
1.6404494382022472,89976.36426704156,0.49154746904686913,186.6228762022987,0.4162092976943121
1.6629213483146068,89976.36426704156,0.4915478538869699,186.64581226225593,0.4162824834346185
1.6853932584269662,89976.36426704156,0.49154825287264925,186.66883206950104,0.41635597113538225
1.7078651685393258,89976.36426704156,0.49154866621144006,186.69193621956924,0.4164297629130881
1.7303370786516854,89976.36426704156,0.49154909410868447,186.71512530915027,0.41650386090173785
1.7528089887640448,89976.36426704156,0.4915495367782988,186.73839994668162,0.4165782672604315
1.7752808988764044,89976.36426704156,0.4915499944429172,186.76176075253068,0.41665298417371305
1.797752808988764,89976.36426704156,0.4915504673260087,186.78520835130496,0.4167280138464396
1.8202247191011236,89976.36426704156,0.4915509556514689,186.80874337148816,0.41680335850375055
1.8426966292134832,89976.36426704156,0.4915514596481198,186.83236644989452,0.41687902039439306
1.8651685393258426,89976.36426704156,0.49155197955062474,186.8560782326095,0.41695500179160877
1.8876404494382022,89976.36426704156,0.49155251560062313,186.87987937614648,0.41703130499417307
1.9101123595505618,89976.36426704156,0.49155306804186677,186.90377054271514,0.41710793232333954
1.9325842696629212,89976.36426704156,0.4915536371228311,186.92775240282782,0.41718488612489585
1.9550561797752808,89976.36426704156,0.49155422309348096,186.95182563216767,0.4172621687672268
1.9775280898876404,89976.36426704156,0.4915548262109046,186.97599091716432,0.4173397826454482
2.0,89976.36426704156,0.49155544674189594,187.00024895757835,0.41741773018346245
0.0,100000.0,0.4916506346383234,183.1380661303329,0.40726398723071816
0.02247191011235955,100000.0,0.49165018924647375,183.15240673601542,0.40730910267721004
0.0449438202247191,100000.0,0.491649746728413,183.166785058944,0.4073543575532434
0.06741573033707865,100000.0,0.49164930712109484,183.18120128215617,0.4073997525809518
0.0898876404494382,100000.0,0.4916488704617649,183.19565558988754,0.40744528848768014
0.11235955056179775,100000.0,0.49164843678955833,183.21014816911807,0.4074909660070891
0.1348314606741573,100000.0,0.4916480061443486,183.22467920847222,0.40753678587844094
0.15730337078651685,100000.0,0.4916475785654398,183.23924889697085,0.4075827488457825
0.1797752808988764,100000.0,0.491647154093295,183.25385742570157,0.4076288556591377
0.20224719101123595,100000.0,0.4916467327688318,183.26850498714782,0.4076751070740901
0.2247191011235955,100000.0,0.4916463146331281,183.28319177491494,0.40772150385163836
0.24719101123595505,100000.0,0.4916458997279547,183.29791798424935,0.40776804675859873
0.2696629213483146,100000.0,0.49164548809475267,183.31268381106656,0.40781473656697903
0.29213483146067415,100000.0,0.4916450797759334,183.32748945320623,0.4078615740548905
0.3146067415730337,100000.0,0.49164467481528074,183.3423351108281,0.40790856000686765
0.33707865168539325,100000.0,0.49164427325540494,183.3572209839736,0.4079556952122329
0.3595505617977528,100000.0,0.49164387514047675,183.37214727520205,0.4080029804669621
0.38202247191011235,100000.0,0.49164348051796625,183.387114191272,0.4080504165748922
0.4044943820224719,100000.0,0.4916430894322785,183.40212193703206,0.40809800434355653
0.42696629213483145,100000.0,0.49164270192989123,183.41717072036639,0.4081457445876454
0.449438202247191,100000.0,0.49164231806046793,183.43226075327829,0.4081936381298023
0.47191011235955055,100000.0,0.4916419378715341,183.44739224677866,0.4082416857971493
0.4943820224719101,100000.0,0.4916415614141783,183.46256541637544,0.40828988842512526
0.5168539325842696,100000.0,0.49164118872846985,183.47778046806596,0.4083382468478688
0.5393258426966292,100000.0,0.4916408198594511,183.4930376137139,0.4083867619088841
0.5617977528089888,100000.0,0.49164045486873115,183.50833708222058,0.4084354344688032
0.5842696629213483,100000.0,0.49164009380834545,183.52367909438956,0.4084842653880941
0.6067415730337078,100000.0,0.4916397367351971,183.53906387682918,0.40853325553670916
0.6292134831460674,100000.0,0.4916393836773278,183.55449162951155,0.4085824057717404
0.651685393258427,100000.0,0.4916390347019826,183.56996259126112,0.4086317169826914
0.6741573033707865,100000.0,0.4916386898692617,183.58547699518087,0.4086811900607608
0.696629213483146,100000.0,0.4916383492321514,183.60103506869336,0.408730825898923
0.7191011235955056,100000.0,0.4916380128280721,183.61663702540557,0.4087806253863674
0.7415730337078652,100000.0,0.49163768073267855,183.63228311690293,0.4088305894443298
0.7640449438202247,100000.0,0.4916373530063537,183.64797358127035,0.40888071899059625
0.7865168539325842,100000.0,0.4916370296822592,183.66370863158363,0.4089310149316092
0.8089887640449438,100000.0,0.49163671083804655,183.6794885249642,0.4089814782102328
0.8314606741573034,100000.0,0.49163639653595015,183.69531350491715,0.4090321097659813
0.8539325842696629,100000.0,0.49163608681349585,183.71118379238675,0.4090829105288944
0.8764044943820224,100000.0,0.49163578175428935,183.72709965393722,0.40913388146671753
0.898876404494382,100000.0,0.4916354814137319,183.7430613302306,0.4091850235355395
0.9213483146067416,100000.0,0.4916351858448845,183.75906906094414,0.4092363376970716
0.9438202247191011,100000.0,0.4916348951318858,183.7751231169648,0.4092878249409771
0.9662921348314606,100000.0,0.4916346093135003,183.79122372676852,0.4093394862340327
0.9887640449438202,100000.0,0.4916343284729762,183.80737116299147,0.4093913225800505
1.0112359550561798,100000.0,0.4916340526723026,183.8235656790751,0.4094433349761583
1.0337078651685392,100000.0,0.49163378197114777,183.83980752760093,0.4094955244255045
1.0561797752808988,100000.0,0.49163351645319625,183.85609698560393,0.4095478919548761
1.0786516853932584,100000.0,0.4916332561686566,183.87243429921315,0.4096004385764602
1.101123595505618,100000.0,0.4916330012100776,183.88881975673414,0.40965316533847135
1.1235955056179776,100000.0,0.4916327516245016,183.9052536039844,0.40970607326665204
1.146067415730337,100000.0,0.49163250750665066,183.92173613413826,0.40975916342650714
1.1685393258426966,100000.0,0.4916322689090603,183.93826760109627,0.40981243686343694
1.1910112359550562,100000.0,0.49163203592471616,183.95484829918328,0.4098658946579595
1.2134831460674156,100000.0,0.4916318086084385,183.97147848734542,0.4099195378733299
1.2359550561797752,100000.0,0.4916315870613133,183.98815847059953,0.4099733676119872
1.2584269662921348,100000.0,0.4916313713383006,184.00488851092263,0.41002738495395546
1.2808988764044944,100000.0,0.491631161540226,184.02166891601183,0.41008159101836306
1.303370786516854,100000.0,0.49163095772563165,184.03849995425134,0.41013598690465536
1.3258426966292134,100000.0,0.49163075999406425,184.05538193509182,0.4101905737483268
1.348314606741573,100000.0,0.4916305684100502,184.07231513570028,0.4102453526702136
1.3707865168539326,100000.0,0.4916303830752078,184.08929987057095,0.4103003248247834
1.393258426966292,100000.0,0.4916302040600229,184.1063364256892,0.41035549135462335
1.4157303370786516,100000.0,0.4916300314637395,184.12342511636015,0.4104108534305796
1.4382022471910112,100000.0,0.4916298653666347,184.14056624114988,0.41046641221993924
1.4606741573033708,100000.0,0.4916297058544039,184.15776010544116,0.41052216890283516
1.4831460674157304,100000.0,0.4916295530288757,184.17500703180033,0.410578124679521
1.5056179775280898,100000.0,0.49162940696605206,184.1923073194681,0.4106342807423883
1.5280898876404494,100000.0,0.49162926777344534,184.2096612997547,0.4106906383144486
1.550561797752809,100000.0,0.4916291355383023,184.22706928604555,0.4107471986147768
1.5730337078651684,100000.0,0.4916290103600409,184.24453160514904,0.4108039628803326
1.595505617977528,100000.0,0.49162889233972923,184.26204858715258,0.4108609323590252
1.6179775280898876,100000.0,0.4916287815648534,184.27962055071475,0.41091810829961073
1.6404494382022472,100000.0,0.491628678145292,184.29724783785107,0.4109754919759101
1.6629213483146068,100000.0,0.4916285821817527,184.31493078344897,0.41103308466576965
1.6853932584269662,100000.0,0.4916284937743646,184.33266972358211,0.4110908876569278
1.7078651685393258,100000.0,0.4916284130382948,184.35046501063422,0.4111489022576059
1.7303370786516854,100000.0,0.49162834007486006,184.36831698538077,0.41120712977724805
1.7528089887640448,100000.0,0.49162827499151657,184.38622599633652,0.4112655715400436
1.7752808988764044,100000.0,0.49162821790656874,184.40419240432954,0.41132422888821124
1.797752808988764,100000.0,0.49162816892173666,184.4222165559852,0.411383103163705
1.8202247191011236,100000.0,0.4916281281564669,184.44029881693376,0.411442195731368
1.8426966292134832,100000.0,0.49162809573610006,184.45843956038797,0.41150150797111934
1.8651685393258426,100000.0,0.4916280717692046,184.47663914522698,0.41156104126285165
1.8876404494382022,100000.0,0.491628056374655,184.4948979422152,0.4116207970047444
1.9101123595505618,100000.0,0.49162804968508017,184.5132163373671,0.4116807766157183
1.9325842696629212,100000.0,0.49162805181469105,184.53159470082284,0.4117409815139405
1.9550561797752808,100000.0,0.4916280628931411,184.550033419646,0.41180141313971746
1.9775280898876404,100000.0,0.4916280830539435,184.56853288663274,0.4118620729478469
2.0,100000.0,0.4916281124267328,184.58709349284177,0.4119229624025492
