100.000000 1.000000e-04
150.000000 1.000000e-04
200.000000 1.000000e-04
250.000000 1.000000e-04
300.000000 1.000000e-04
350.000000 1.000000e-04
400.000000 1.000000e-04
450.000000 1.000000e-04
500.000000 1.000000e-04
550.000000 1.000000e-04
600.000000 1.000000e-04
650.000000 1.000000e-04
700.000000 1.000000e-04
750.000000 1.000000e-04
800.000000 1.000000e-04
860.432000 2.883055e-03
860.997000 4.992245e-02
861.562000 4.128240e-02
862.127000 3.012383e-02
862.692000 3.397306e-02
863.257000 5.378705e-02
863.822000 7.411143e-02
864.387000 1.451921e-01
864.952000 1.544320e-01
865.517000 1.308690e-01
866.082000 1.626590e-01
866.647000 1.409286e-01
867.212000 1.004826e-01
867.777000 1.332805e-01
868.342000 1.546188e-01
868.907000 1.134276e-01
869.472000 9.141381e-02
870.037000 8.888650e-02
870.602000 7.254177e-02
871.167000 1.058818e-01
871.732000 8.814483e-02
872.297000 3.773600e-02
872.862000 3.730616e-02
873.427000 3.423520e-02
873.992000 2.810261e-02
874.556000 3.864553e-02
875.121000 1.049726e-01
875.686000 1.087083e-01
876.251000 1.083414e-01
876.816000 8.726048e-02
877.381000 8.242432e-02
877.946000 7.665025e-02
878.511000 7.166837e-02
879.076000 6.574453e-02
879.641000 7.144486e-02
880.206000 7.974543e-02
880.771000 8.994655e-02
881.336000 1.123142e-01
881.901000 1.368071e-01
882.466000 1.516426e-01
883.031000 2.278661e-01
883.596000 2.594753e-01
884.161000 2.315846e-01
884.726000 2.110093e-01
885.291000 2.054083e-01
885.856000 1.491018e-01
886.421000 2.005808e-01
886.986000 2.936818e-01
887.551000 3.349086e-01
888.115000 3.477010e-01
888.680000 3.608537e-01
889.245000 3.337256e-01
889.810000 3.178117e-01
890.375000 3.231883e-01
890.940000 3.613497e-01
891.505000 3.935911e-01
892.070000 3.810980e-01
892.635000 3.561017e-01
893.200000 3.439530e-01
893.765000 3.288714e-01
894.330000 3.200133e-01
894.895000 3.419284e-01
895.460000 3.799133e-01
896.025000 3.850475e-01
896.590000 3.980869e-01
897.155000 3.907030e-01
897.720000 3.522019e-01
898.285000 3.275343e-01
898.850000 3.264783e-01
899.415000 2.980396e-01
899.980000 2.809919e-01
900.545000 2.733173e-01
901.109000 2.545409e-01
901.674000 2.498519e-01
902.239000 2.631593e-01
902.804000 2.725873e-01
903.369000 2.792081e-01
903.934000 2.801447e-01
904.499000 2.915083e-01
905.064000 2.955710e-01
905.629000 3.012571e-01
906.194000 3.165554e-01
906.759000 3.269390e-01
907.324000 3.182755e-01
907.889000 3.113731e-01
908.454000 3.051676e-01
909.019000 2.941419e-01
909.584000 2.765447e-01
910.149000 2.651346e-01
910.714000 2.711242e-01
911.279000 2.866638e-01
911.844000 2.869679e-01
912.409000 2.824986e-01
912.974000 2.974107e-01
913.539000 2.983457e-01
914.104000 2.891249e-01
914.669000 3.002421e-01
915.234000 3.257725e-01
915.798000 3.361863e-01
916.363000 3.412919e-01
916.928000 3.392609e-01
917.493000 3.431613e-01
918.058000 3.595184e-01
918.623000 3.719920e-01
919.188000 3.823847e-01
919.753000 3.938026e-01
920.318000 3.976743e-01
920.883000 3.961385e-01
921.448000 3.905885e-01
922.013000 3.903949e-01
922.578000 4.028110e-01
923.143000 4.239027e-01
923.708000 4.403811e-01
924.273000 4.540184e-01
924.838000 4.676365e-01
925.403000 4.582636e-01
925.968000 4.418012e-01
926.533000 4.282845e-01
927.098000 4.340784e-01
927.663000 4.495011e-01
928.228000 4.851674e-01
928.793000 5.092028e-01
929.357000 5.283576e-01
929.922000 5.445800e-01
930.487000 5.511515e-01
931.052000 5.439879e-01
931.617000 5.534614e-01
932.182000 5.556765e-01
932.747000 5.414877e-01
933.312000 5.256599e-01
933.877000 5.168780e-01
934.442000 4.941410e-01
935.007000 4.802440e-01
935.572000 4.681833e-01
936.137000 4.550559e-01
936.702000 4.445675e-01
937.267000 4.351938e-01
937.832000 4.175539e-01
938.397000 3.903872e-01
938.962000 3.655600e-01
939.527000 3.579566e-01
940.092000 3.731511e-01
940.657000 3.975976e-01
941.222000 4.286327e-01
941.787000 4.534090e-01
942.352000 4.612595e-01
942.917000 4.636979e-01
943.481000 4.707267e-01
944.046000 4.856147e-01
944.611000 5.125338e-01
945.176000 5.237285e-01
945.741000 5.134723e-01
946.306000 5.001516e-01
946.871000 4.904303e-01
947.436000 4.636826e-01
948.001000 4.349413e-01
948.566000 4.237227e-01
949.131000 4.237046e-01
949.696000 4.363274e-01
950.261000 4.658383e-01
950.826000 4.904415e-01
951.391000 5.071295e-01
951.956000 5.162559e-01
952.521000 5.201038e-01
953.086000 5.168884e-01
953.651000 5.277063e-01
954.216000 5.424453e-01
954.781000 5.467067e-01
955.346000 5.401587e-01
955.911000 5.278485e-01
956.476000 5.128601e-01
957.040000 4.919172e-01
957.605000 4.601225e-01
958.170000 4.371518e-01
958.735000 4.335245e-01
959.300000 4.348707e-01
959.865000 4.374516e-01
960.430000 4.542602e-01
960.995000 4.605143e-01
961.560000 4.495001e-01
962.125000 4.461348e-01
962.690000 4.505372e-01
963.255000 4.606556e-01
963.820000 4.806453e-01
964.385000 5.129047e-01
964.950000 5.472292e-01
965.515000 5.657920e-01
966.080000 5.845658e-01
966.645000 5.911452e-01
967.210000 5.859944e-01
967.775000 5.756744e-01
968.340000 5.753224e-01
968.905000 5.668287e-01
969.470000 5.735331e-01
970.034000 5.878025e-01
970.599000 5.972756e-01
971.164000 6.082136e-01
971.729000 6.066513e-01
972.294000 5.924190e-01
972.859000 5.709760e-01
973.424000 5.669446e-01
973.989000 5.628416e-01
974.554000 5.679431e-01
975.119000 5.858227e-01
975.684000 6.151943e-01
976.249000 6.369349e-01
976.814000 6.435037e-01
977.379000 6.433609e-01
977.944000 6.331679e-01
978.509000 6.149487e-01
979.074000 5.974942e-01
979.639000 5.933053e-01
980.204000 5.951427e-01
980.769000 6.054435e-01
981.334000 6.172662e-01
981.899000 6.190677e-01
982.464000 6.237407e-01
983.029000 6.364696e-01
983.594000 6.433554e-01
984.159000 6.492560e-01
984.723000 6.595049e-01
985.288000 6.615228e-01
985.853000 6.542769e-01
986.418000 6.486787e-01
986.983000 6.365892e-01
987.548000 6.241980e-01
988.113000 6.241020e-01
988.678000 6.384833e-01
989.243000 6.537000e-01
989.808000 6.654741e-01
990.373000 6.775015e-01
990.938000 6.783930e-01
991.503000 6.640176e-01
992.068000 6.341325e-01
992.633000 6.174549e-01
993.198000 6.041236e-01
993.763000 6.011966e-01
994.328000 6.112098e-01
994.893000 6.225813e-01
995.458000 6.217160e-01
996.023000 6.110511e-01
996.588000 6.006000e-01
997.153000 5.921639e-01
997.718000 5.916449e-01
998.282000 5.938613e-01
998.847000 5.928302e-01
999.412000 5.785989e-01
999.977000 5.577112e-01
1000.540000 5.458060e-01
1001.110000 5.461565e-01
1001.670000 5.533485e-01
1002.240000 5.665803e-01
1002.800000 5.788306e-01
1003.370000 5.884084e-01
1003.930000 5.897633e-01
1004.500000 5.849044e-01
1005.060000 5.721235e-01
1005.630000 5.623732e-01
1006.190000 5.581142e-01
1006.760000 5.691565e-01
1007.320000 5.877305e-01
1007.890000 6.122463e-01
1008.450000 6.281872e-01
1009.020000 6.280349e-01
1009.580000 6.077783e-01
1010.150000 5.894225e-01
1010.710000 5.765706e-01
1011.280000 5.720706e-01
1011.840000 5.722420e-01
1012.410000 5.855034e-01
1012.970000 5.916015e-01
1013.540000 5.945296e-01
1014.100000 6.019009e-01
1014.670000 6.236328e-01
1015.230000 6.451071e-01
1015.800000 6.631126e-01
1016.360000 6.820948e-01
1016.930000 6.950246e-01
1017.490000 6.933903e-01
1018.060000 6.880694e-01
1018.620000 7.005719e-01
1019.190000 7.227467e-01
1019.750000 7.409568e-01
1020.320000 7.580967e-01
1020.880000 7.680327e-01
1021.450000 7.714170e-01
1022.010000 7.784938e-01
1022.580000 7.904303e-01
1023.140000 8.020070e-01
1023.710000 8.113655e-01
1024.270000 8.109810e-01
1024.840000 8.032650e-01
1025.400000 8.060334e-01
1025.970000 8.145354e-01
1026.530000 8.261523e-01
1027.100000 8.468428e-01
1027.660000 8.590899e-01
1028.230000 8.644130e-01
1028.790000 8.689145e-01
1029.360000 8.765447e-01
1029.920000 8.832150e-01
1030.490000 8.939985e-01
1031.050000 8.961318e-01
1031.610000 9.027353e-01
1032.180000 9.187121e-01
1032.740000 9.306541e-01
1033.310000 9.446132e-01
1033.870000 9.644213e-01
1034.440000 9.795172e-01
1035.000000 9.799744e-01
1035.570000 9.724661e-01
1036.130000 9.529944e-01
1036.700000 9.302150e-01
1037.260000 9.094671e-01
1037.830000 8.895700e-01
1038.390000 8.820716e-01
1038.960000 8.882677e-01
1039.520000 8.882310e-01
1040.090000 8.745961e-01
1040.650000 8.606197e-01
1041.220000 8.368689e-01
1041.780000 8.052537e-01
1042.350000 7.733736e-01
1042.910000 7.477280e-01
1043.480000 7.397040e-01
1044.040000 7.395137e-01
1044.610000 7.394062e-01
1045.170000 7.363749e-01
1045.740000 7.312992e-01
1046.300000 7.123734e-01
1046.870000 6.887057e-01
1047.430000 6.615798e-01
1048.000000 6.415821e-01
1048.560000 6.308670e-01
1049.130000 6.343887e-01
1049.690000 6.443875e-01
1050.260000 6.587172e-01
1050.820000 6.771436e-01
1051.390000 6.875200e-01
1051.950000 6.772347e-01
1052.520000 6.648665e-01
1053.080000 6.593737e-01
1053.650000 6.540572e-01
1054.210000 6.569705e-01
1054.780000 6.666578e-01
1055.340000 6.747856e-01
1055.910000 6.783152e-01
1056.470000 6.806093e-01
1057.040000 6.751689e-01
1057.600000 6.708237e-01
1058.170000 6.667457e-01
1058.730000 6.630067e-01
1059.300000 6.582577e-01
1059.860000 6.600505e-01
1060.430000 6.745105e-01
1060.990000 6.939645e-01
1061.560000 7.079709e-01
1062.120000 7.217257e-01
1062.690000 7.318503e-01
1063.250000 7.312993e-01
1063.820000 7.270021e-01
1064.380000 7.163954e-01
1064.950000 7.003641e-01
1065.510000 6.862131e-01
1066.080000 6.713986e-01
1066.640000 6.567199e-01
1067.210000 6.586956e-01
1067.770000 6.691549e-01
1068.340000 6.780722e-01
1068.900000 6.864391e-01
1069.470000 6.910822e-01
1070.030000 6.890928e-01
1070.600000 6.897778e-01
1071.160000 6.926265e-01
1071.730000 6.950682e-01
1072.290000 7.017091e-01
1072.860000 7.087473e-01
1073.420000 7.134618e-01
1073.990000 7.117294e-01
1074.550000 7.072922e-01
1075.120000 7.033698e-01
1075.680000 6.986136e-01
1076.250000 6.891466e-01
1076.810000 6.856350e-01
1077.380000 6.891068e-01
1077.940000 6.928718e-01
1078.510000 6.953056e-01
1079.070000 6.970795e-01
1079.640000 6.961568e-01
1080.200000 6.930702e-01
1080.770000 6.881000e-01
1081.330000 6.821399e-01
1081.900000 6.768635e-01
1082.460000 6.749036e-01
1083.030000 6.727592e-01
1083.590000 6.709503e-01
1084.160000 6.782232e-01
1084.720000 6.867475e-01
1085.290000 6.835536e-01
1085.850000 6.739498e-01
1086.420000 6.596417e-01
1086.980000 6.414031e-01
1087.550000 6.227864e-01
1088.110000 6.124849e-01
1088.680000 6.029012e-01
1089.240000 6.044707e-01
1089.810000 6.065593e-01
1090.370000 6.085225e-01
1090.940000 6.138578e-01
1091.500000 6.288301e-01
1092.070000 6.407305e-01
1092.630000 6.484940e-01
1093.200000 6.581913e-01
1093.760000 6.614281e-01
1094.330000 6.562615e-01
1094.890000 6.479983e-01
1095.460000 6.435429e-01
1096.020000 6.382183e-01
1096.590000 6.338036e-01
1097.150000 6.341353e-01
1097.720000 6.322134e-01
1098.280000 6.256373e-01
1098.850000 6.209482e-01
1099.410000 6.237439e-01
1099.980000 6.267950e-01
1100.540000 6.347835e-01
1101.100000 6.457439e-01
1101.670000 6.554064e-01
1102.230000 6.594170e-01
1102.800000 6.609780e-01
1103.360000 6.576858e-01
1103.930000 6.501943e-01
1104.490000 6.439496e-01
1105.060000 6.455703e-01
1105.620000 6.491952e-01
1106.190000 6.570169e-01
1106.750000 6.682659e-01
1107.320000 6.798179e-01
1107.880000 6.878169e-01
1108.450000 6.942584e-01
1109.010000 6.966369e-01
1109.580000 6.976761e-01
1110.140000 6.973576e-01
1110.710000 6.978457e-01
1111.270000 6.997712e-01
1111.840000 7.049871e-01
1112.400000 7.063680e-01
1112.970000 7.085092e-01
1113.530000 7.088224e-01
1114.100000 7.098953e-01
1114.660000 7.030425e-01
1115.230000 6.999424e-01
1115.790000 6.982252e-01
1116.360000 7.004878e-01
1116.920000 7.097539e-01
1117.490000 7.258123e-01
1118.050000 7.436902e-01
1118.620000 7.487164e-01
1119.180000 7.491537e-01
1119.750000 7.422541e-01
1120.310000 7.282116e-01
1120.880000 7.073010e-01
1121.440000 6.976932e-01
1122.010000 6.837188e-01
1122.570000 6.699251e-01
1123.140000 6.648819e-01
1123.700000 6.662566e-01
1124.270000 6.672860e-01
1124.830000 6.798409e-01
1125.400000 6.989252e-01
1125.960000 7.164203e-01
1126.530000 7.285042e-01
1127.090000 7.365607e-01
1127.660000 7.379731e-01
1128.220000 7.310529e-01
1128.790000 7.286134e-01
1129.350000 7.355625e-01
1129.920000 7.466282e-01
1130.480000 7.552284e-01
1131.050000 7.612391e-01
1131.610000 7.532252e-01
1132.180000 7.354826e-01
1132.740000 7.120286e-01
1133.310000 6.905775e-01
1133.870000 6.762256e-01
1134.440000 6.688134e-01
1135.000000 6.613183e-01
1135.570000 6.546508e-01
1136.130000 6.502114e-01
1136.700000 6.486467e-01
1137.260000 6.533356e-01
1137.830000 6.678442e-01
1138.390000 6.861757e-01
1138.960000 6.969001e-01
1139.520000 6.965244e-01
1140.090000 6.907031e-01
1140.650000 6.761893e-01
1141.220000 6.621168e-01
1141.780000 6.604623e-01
1142.350000 6.660273e-01
1142.910000 6.746804e-01
1143.480000 6.926405e-01
1144.040000 7.147378e-01
1144.610000 7.282916e-01
1145.170000 7.392415e-01
1145.740000 7.458436e-01
1146.300000 7.463976e-01
1146.870000 7.406346e-01
1147.430000 7.365336e-01
1148.000000 7.344201e-01
1148.560000 7.293383e-01
1149.130000 7.195387e-01
1149.690000 7.161641e-01
1150.260000 7.163509e-01
1150.820000 7.157100e-01
1151.390000 7.201880e-01
1151.950000 7.307850e-01
1152.520000 7.345305e-01
1153.080000 7.347813e-01
1153.650000 7.332297e-01
1154.210000 7.271349e-01
1154.780000 7.203688e-01
1155.340000 7.146665e-01
1155.910000 7.164063e-01
1156.470000 7.247911e-01
1157.040000 7.364513e-01
1157.600000 7.471291e-01
1158.170000 7.584454e-01
1158.730000 7.605418e-01
1159.300000 7.545678e-01
1159.860000 7.466587e-01
1160.430000 7.365452e-01
1160.990000 7.293548e-01
1161.560000 7.224578e-01
1162.120000 7.174739e-01
1162.690000 7.189163e-01
1163.250000 7.231881e-01
1163.820000 7.263962e-01
1164.380000 7.267747e-01
1164.950000 7.286946e-01
1165.510000 7.330293e-01
1166.080000 7.458110e-01
1166.640000 7.593237e-01
1167.210000 7.789918e-01
1167.770000 7.971938e-01
1168.340000 8.105768e-01
1168.900000 8.152912e-01
1169.460000 8.172843e-01
1170.030000 8.137536e-01
1170.590000 8.134248e-01
1171.160000 8.132556e-01
1171.720000 8.139332e-01
1172.290000 8.185967e-01
1172.850000 8.340629e-01
1173.420000 8.442127e-01
1173.980000 8.467021e-01
1174.550000 8.492095e-01
1175.110000 8.480299e-01
1175.680000 8.361370e-01
1176.240000 8.225277e-01
1176.810000 8.169401e-01
1177.370000 8.178012e-01
1177.940000 8.251636e-01
1178.500000 8.363360e-01
1179.070000 8.541856e-01
1179.630000 8.714493e-01
1180.200000 8.845664e-01
1180.760000 8.882962e-01
1181.330000 8.884998e-01
1181.890000 8.871916e-01
1182.460000 8.869591e-01
1183.020000 8.868123e-01
1183.590000 8.892818e-01
1184.150000 8.942726e-01
1184.720000 9.029209e-01
1185.280000 9.082218e-01
1185.850000 9.050736e-01
1186.410000 9.020723e-01
1186.980000 9.076597e-01
1187.540000 9.234006e-01
1188.110000 9.469994e-01
1188.670000 9.850158e-01
1189.240000 1.021879e+00
1189.800000 1.048784e+00
1190.370000 1.064958e+00
1190.930000 1.077282e+00
1191.500000 1.075737e+00
1192.060000 1.076278e+00
1192.630000 1.086893e+00
1193.190000 1.099193e+00
1193.760000 1.116479e+00
1194.320000 1.145520e+00
1194.890000 1.180264e+00
1195.450000 1.206306e+00
1196.020000 1.228387e+00
1196.580000 1.244095e+00
1197.150000 1.258810e+00
1197.710000 1.271001e+00
1198.280000 1.289700e+00
1198.840000 1.310309e+00
1199.410000 1.336644e+00
1199.970000 1.364473e+00
1200.540000 1.383988e+00
1201.100000 1.398178e+00
1201.670000 1.420640e+00
1202.230000 1.441142e+00
1202.800000 1.464112e+00
1203.360000 1.498285e+00
1203.930000 1.535649e+00
1204.490000 1.574129e+00
1205.060000 1.621006e+00
1205.620000 1.677957e+00
1206.190000 1.752429e+00
1206.750000 1.844928e+00
1207.320000 1.948500e+00
1207.880000 2.063104e+00
1208.450000 2.179475e+00
1209.010000 2.286174e+00
1209.580000 2.390043e+00
1210.140000 2.493975e+00
1210.710000 2.601739e+00
1211.270000 2.729137e+00
1211.840000 2.883279e+00
1212.400000 3.066966e+00
1212.970000 3.249695e+00
1213.530000 3.445044e+00
1214.100000 3.636651e+00
1214.660000 3.822053e+00
1215.230000 3.973598e+00
1215.790000 4.122335e+00
1216.360000 4.238519e+00
1216.920000 4.300191e+00
1217.490000 4.297246e+00
1218.050000 4.245743e+00
1218.620000 4.132901e+00
1219.180000 3.977423e+00
1219.750000 3.805445e+00
1220.310000 3.626753e+00
1220.880000 3.449002e+00
1221.440000 3.287024e+00
1222.010000 3.141033e+00
1222.570000 3.005933e+00
1223.140000 2.887203e+00
1223.700000 2.783698e+00
1224.270000 2.689462e+00
1224.830000 2.596876e+00
1225.400000 2.507710e+00
1225.960000 2.425387e+00
1226.530000 2.351276e+00
1227.090000 2.281021e+00
1227.660000 2.219610e+00
1228.220000 2.170816e+00
1228.790000 2.122918e+00
1229.350000 2.075766e+00
1229.920000 2.034466e+00
1230.480000 1.996454e+00
1231.050000 1.960291e+00
1231.610000 1.931935e+00
1232.180000 1.906886e+00
1232.740000 1.885045e+00
1233.310000 1.866411e+00
1233.870000 1.853151e+00
1234.440000 1.846442e+00
1235.000000 1.845775e+00
1235.570000 1.844505e+00
1236.130000 1.843588e+00
1236.700000 1.842507e+00
1237.260000 1.837170e+00
1237.830000 1.832234e+00
1238.390000 1.830614e+00
1238.950000 1.823952e+00
1239.520000 1.817793e+00
1240.080000 1.814397e+00
1240.650000 1.808538e+00
1241.210000 1.796899e+00
1241.780000 1.788914e+00
1242.340000 1.780571e+00
1242.910000 1.767083e+00
1243.470000 1.751725e+00
1244.040000 1.733036e+00
1244.600000 1.708175e+00
1245.170000 1.677592e+00
1245.730000 1.642339e+00
1246.300000 1.605290e+00
1246.860000 1.572873e+00
1247.430000 1.546410e+00
1247.990000 1.519659e+00
1248.560000 1.496394e+00
1249.120000 1.474652e+00
1249.690000 1.456943e+00
1250.250000 1.439795e+00
1250.820000 1.425167e+00
1251.380000 1.412340e+00
1251.950000 1.399781e+00
1252.510000 1.384510e+00
1253.080000 1.367429e+00
1253.640000 1.352807e+00
1254.210000 1.339248e+00
1254.770000 1.324951e+00
1255.340000 1.311489e+00
1255.900000 1.301290e+00
1256.470000 1.289978e+00
1257.030000 1.278338e+00
1257.600000 1.266703e+00
1258.160000 1.255842e+00
1258.730000 1.247297e+00
1259.290000 1.240380e+00
1259.860000 1.233898e+00
1260.420000 1.229741e+00
1260.990000 1.226654e+00
1261.550000 1.219859e+00
1262.120000 1.213638e+00
1262.680000 1.208008e+00
1263.250000 1.203876e+00
1263.810000 1.199023e+00
1264.380000 1.196474e+00
1264.940000 1.193467e+00
1265.510000 1.190500e+00
1266.070000 1.187465e+00
1266.640000 1.184257e+00
1267.200000 1.177141e+00
1267.770000 1.166677e+00
1268.330000 1.154832e+00
1268.900000 1.138558e+00
1269.460000 1.119533e+00
1270.030000 1.105152e+00
1270.590000 1.094288e+00
1271.160000 1.084749e+00
1271.720000 1.078457e+00
1272.290000 1.074898e+00
1272.850000 1.069497e+00
1273.420000 1.062497e+00
1273.980000 1.055607e+00
1274.550000 1.050124e+00
1275.110000 1.044858e+00
1275.680000 1.038822e+00
1276.240000 1.035146e+00
1276.810000 1.031976e+00
1277.370000 1.027295e+00
1277.940000 1.021364e+00
1278.500000 1.014695e+00
1279.070000 1.006108e+00
1279.630000 9.985522e-01
1280.200000 9.915192e-01
1280.760000 9.864607e-01
1281.330000 9.823608e-01
1281.890000 9.782089e-01
1282.460000 9.742123e-01
1283.020000 9.709004e-01
1283.590000 9.679934e-01
1284.150000 9.674836e-01
1284.720000 9.685272e-01
1285.280000 9.674393e-01
1285.850000 9.669464e-01
1286.410000 9.651555e-01
1286.980000 9.613949e-01
1287.540000 9.584386e-01
1288.110000 9.596585e-01
1288.670000 9.618716e-01
1289.240000 9.653891e-01
1289.800000 9.691758e-01
1290.370000 9.708847e-01
1290.930000 9.727167e-01
1291.500000 9.742574e-01
1292.060000 9.767180e-01
1292.630000 9.813384e-01
1293.190000 9.869431e-01
1293.760000 9.906281e-01
1294.320000 9.936474e-01
1294.890000 9.950780e-01
1295.450000 9.951449e-01
1296.020000 9.947205e-01
1296.580000 9.955586e-01
1297.150000 9.963907e-01
1297.710000 9.975410e-01
1298.280000 1.001629e+00
1298.840000 1.007064e+00
1299.410000 1.010744e+00
1299.970000 1.014763e+00
1300.540000 1.020759e+00
1301.100000 1.024820e+00
1301.670000 1.029012e+00
1302.230000 1.035397e+00
1302.800000 1.042399e+00
1303.360000 1.046283e+00
1303.930000 1.051243e+00
1304.490000 1.056391e+00
1305.060000 1.061394e+00
1305.620000 1.066352e+00
1306.190000 1.072537e+00
1306.750000 1.074765e+00
1307.310000 1.073356e+00
1307.880000 1.068988e+00
1308.440000 1.062452e+00
1309.010000 1.055065e+00
1309.570000 1.049787e+00
1310.140000 1.045851e+00
1310.700000 1.043501e+00
1311.270000 1.041170e+00
1311.830000 1.038351e+00
1312.400000 1.034372e+00
1312.960000 1.029843e+00
1313.530000 1.024615e+00
1314.090000 1.019770e+00
1314.660000 1.014746e+00
1315.220000 1.008454e+00
1315.790000 1.004264e+00
1316.350000 1.000126e+00
1316.920000 9.961220e-01
1317.480000 9.904223e-01
1318.050000 9.834566e-01
1318.610000 9.747430e-01
1319.180000 9.662152e-01
1319.740000 9.579493e-01
1320.310000 9.529065e-01
1320.870000 9.505185e-01
1321.440000 9.469831e-01
1322.000000 9.427272e-01
1322.570000 9.401625e-01
1323.130000 9.385118e-01
1323.700000 9.367207e-01
1324.260000 9.371891e-01
1324.830000 9.391586e-01
1325.390000 9.412371e-01
1325.960000 9.431660e-01
1326.520000 9.442277e-01
1327.090000 9.438880e-01
1327.650000 9.444573e-01
1328.220000 9.443428e-01
1328.780000 9.432484e-01
1329.350000 9.435562e-01
1329.910000 9.471962e-01
1330.480000 9.506654e-01
1331.040000 9.536603e-01
1331.610000 9.570397e-01
1332.170000 9.610505e-01
1332.740000 9.642031e-01
1333.300000 9.684158e-01
1333.870000 9.728635e-01
1334.430000 9.776706e-01
1335.000000 9.834041e-01
1335.560000 9.889703e-01
1336.130000 9.921718e-01
1336.690000 9.948018e-01
1337.260000 9.968349e-01
1337.820000 9.972696e-01
1338.390000 9.958854e-01
1338.950000 9.943133e-01
1339.520000 9.932771e-01
1340.080000 9.918911e-01
1340.650000 9.898131e-01
1341.210000 9.878937e-01
1341.780000 9.851872e-01
1342.340000 9.807554e-01
1342.910000 9.751819e-01
1343.470000 9.701733e-01
1344.040000 9.670111e-01
1344.600000 9.654610e-01
1345.170000 9.640462e-01
1345.730000 9.628240e-01
1346.300000 9.619482e-01
1346.860000 9.604860e-01
1347.430000 9.574340e-01
1347.990000 9.549398e-01
1348.560000 9.536045e-01
1349.120000 9.520873e-01
1349.690000 9.499227e-01
1350.250000 9.482881e-01
1350.820000 9.451101e-01
1351.380000 9.434354e-01
1351.950000 9.433039e-01
1352.510000 9.437315e-01
1353.080000 9.450783e-01
1353.640000 9.478939e-01
1354.210000 9.495600e-01
1354.770000 9.509217e-01
1355.340000 9.549376e-01
1355.900000 9.588501e-01
1356.470000 9.606536e-01
1357.030000 9.624845e-01
1357.600000 9.628968e-01
1358.160000 9.600420e-01
1358.730000 9.577594e-01
1359.290000 9.593754e-01
1359.860000 9.609676e-01
1360.420000 9.618070e-01
1360.990000 9.630433e-01
1361.550000 9.631822e-01
1362.120000 9.596399e-01
1362.680000 9.567794e-01
1363.250000 9.558855e-01
1363.810000 9.550150e-01
1364.380000 9.562378e-01
1364.940000 9.628242e-01
1365.510000 9.689615e-01
1366.070000 9.736410e-01
1366.640000 9.780122e-01
1367.200000 9.809845e-01
1367.770000 9.807003e-01
1368.330000 9.804084e-01
1368.900000 9.809191e-01
1369.460000 9.815040e-01
1370.030000 9.801578e-01
1370.590000 9.799251e-01
1371.160000 9.814276e-01
1371.720000 9.828283e-01
1372.290000 9.837668e-01
1372.850000 9.872124e-01
1373.420000 9.893871e-01
1373.980000 9.897070e-01
1374.550000 9.898213e-01
1375.110000 9.908557e-01
1375.680000 9.926541e-01
1376.240000 9.942363e-01
1376.800000 9.943770e-01
1377.370000 9.954617e-01
1377.930000 9.983046e-01
1378.500000 1.000912e+00
1379.060000 1.002167e+00
1379.630000 1.004388e+00
1380.190000 1.006530e+00
1380.760000 1.008559e+00
1381.320000 1.010772e+00
1381.890000 1.015270e+00
1382.450000 1.019948e+00
1383.020000 1.025667e+00
1383.580000 1.031520e+00
1384.150000 1.039548e+00
1384.710000 1.047811e+00
1385.280000 1.055483e+00
1385.840000 1.061854e+00
1386.410000 1.068109e+00
1386.970000 1.072158e+00
1387.540000 1.077775e+00
1388.100000 1.085524e+00
1388.670000 1.095613e+00
1389.230000 1.106624e+00
1389.800000 1.119411e+00
1390.360000 1.131405e+00
1390.930000 1.143266e+00
1391.490000 1.152814e+00
1392.060000 1.159118e+00
1392.620000 1.163846e+00
1393.190000 1.167512e+00
1393.750000 1.170923e+00
1394.320000 1.174850e+00
1394.880000 1.179869e+00
1395.450000 1.183028e+00
1396.010000 1.186634e+00
1396.580000 1.189264e+00
1397.140000 1.191369e+00
1397.710000 1.192316e+00
1398.270000 1.193650e+00
1398.840000 1.195481e+00
1399.400000 1.198738e+00
1399.970000 1.201620e+00
1400.530000 1.204235e+00
1401.100000 1.205697e+00
1401.660000 1.206078e+00
1402.230000 1.204479e+00
1402.790000 1.202378e+00
1403.360000 1.200933e+00
1403.920000 1.199323e+00
1404.490000 1.194621e+00
1405.050000 1.188230e+00
1405.620000 1.181563e+00
1406.180000 1.174468e+00
1406.750000 1.166075e+00
1407.310000 1.158733e+00
1407.880000 1.151138e+00
1408.440000 1.143591e+00
1409.010000 1.135312e+00
1409.570000 1.129285e+00
1410.140000 1.123117e+00
1410.700000 1.118120e+00
1411.270000 1.112994e+00
1411.830000 1.106059e+00
1412.400000 1.097712e+00
1412.960000 1.091207e+00
1413.530000 1.085865e+00
1414.090000 1.081179e+00
1414.660000 1.076749e+00
1415.220000 1.071890e+00
1415.790000 1.066331e+00
1416.350000 1.061006e+00
1416.920000 1.055989e+00
1417.480000 1.053687e+00
1418.050000 1.051231e+00
1418.610000 1.048305e+00
1419.180000 1.045154e+00
1419.740000 1.042823e+00
1420.310000 1.038334e+00
1420.870000 1.035419e+00
1421.440000 1.033825e+00
1422.000000 1.032579e+00
1422.570000 1.029238e+00
1423.130000 1.026704e+00
1423.700000 1.022636e+00
1424.260000 1.019872e+00
1424.830000 1.017929e+00
1425.390000 1.017087e+00
1425.960000 1.016982e+00
1426.520000 1.018884e+00
1427.090000 1.019970e+00
1427.650000 1.020227e+00
1428.220000 1.019752e+00
1428.780000 1.018480e+00
1429.350000 1.015980e+00
1429.910000 1.012037e+00
1430.480000 1.006868e+00
1431.040000 1.003887e+00
1431.610000 1.002624e+00
1432.170000 1.001794e+00
1432.740000 1.001788e+00
1433.300000 1.004295e+00
1433.870000 1.004952e+00
1434.430000 1.005242e+00
1435.000000 1.005199e+00
1435.560000 1.004796e+00
1436.130000 1.002099e+00
1436.690000 1.000182e+00
1437.260000 9.989150e-01
1437.820000 9.986622e-01
1438.390000 9.983597e-01
1438.950000 9.986385e-01
1439.520000 9.982534e-01
1440.080000 9.965150e-01
1440.650000 9.943494e-01
1441.210000 9.929786e-01
1441.780000 9.906351e-01
1442.340000 9.890964e-01
1442.910000 9.885709e-01
1443.470000 9.876358e-01
1444.040000 9.858241e-01
1444.600000 9.860772e-01
1445.160000 9.869946e-01
1445.730000 9.877014e-01
1446.290000 9.905359e-01
1446.860000 9.931355e-01
1447.420000 9.951479e-01
1447.990000 9.962564e-01
1448.550000 9.980560e-01
1449.120000 9.989048e-01
1449.680000 9.997312e-01
1450.250000 1.000210e+00
1450.810000 9.998782e-01
1451.380000 9.980366e-01
1451.940000 9.960688e-01
1452.510000 9.961432e-01
1453.070000 9.948774e-01
1453.640000 9.934769e-01
1454.200000 9.929874e-01
1454.770000 9.930833e-01
1455.330000 9.924179e-01
1455.900000 9.935054e-01
1456.460000 9.960580e-01
1457.030000 9.990108e-01
1457.590000 1.000821e+00
1458.160000 1.001475e+00
1458.720000 1.001549e+00
1459.290000 1.000995e+00
1459.850000 9.991603e-01
1460.420000 9.975007e-01
1460.980000 9.959341e-01
1461.550000 9.941389e-01
1462.110000 9.929793e-01
1462.680000 9.925575e-01
1463.240000 9.928480e-01
1463.810000 9.944419e-01
1464.370000 9.963834e-01
1464.940000 9.971408e-01
1465.500000 9.979217e-01
1466.070000 9.981713e-01
1466.630000 9.985362e-01
1467.200000 9.992291e-01
1467.760000 1.000511e+00
1468.330000 1.003384e+00
1468.890000 1.006182e+00
1469.460000 1.007715e+00
1470.020000 1.008111e+00
1470.590000 1.008261e+00
1471.150000 1.007577e+00
1471.720000 1.007752e+00
1472.280000 1.009517e+00
1472.850000 1.012202e+00
1473.410000 1.015483e+00
1473.980000 1.017970e+00
1474.540000 1.019155e+00
1475.110000 1.018979e+00
1475.670000 1.019097e+00
1476.240000 1.020091e+00
1476.800000 1.022910e+00
1477.370000 1.027182e+00
1477.930000 1.030451e+00
1478.500000 1.032336e+00
1479.060000 1.033005e+00
1479.630000 1.033067e+00
1480.190000 1.031739e+00
1480.760000 1.031864e+00
1481.320000 1.032805e+00
1481.890000 1.034204e+00
1482.450000 1.034353e+00
1483.020000 1.034940e+00
1483.580000 1.036214e+00
1484.150000 1.038403e+00
1484.710000 1.040638e+00
1485.280000 1.044008e+00
1485.840000 1.047435e+00
1486.410000 1.048391e+00
1486.970000 1.048630e+00
1487.540000 1.049757e+00
1488.100000 1.050176e+00
1488.670000 1.050237e+00
1489.230000 1.052268e+00
1489.800000 1.055011e+00
1490.360000 1.057085e+00
1490.930000 1.059777e+00
1491.490000 1.061845e+00
1492.060000 1.062887e+00
1492.620000 1.063206e+00
1493.190000 1.062839e+00
1493.750000 1.062158e+00
1494.320000 1.064169e+00
1494.880000 1.067831e+00
1495.450000 1.072099e+00
1496.010000 1.076983e+00
1496.580000 1.080617e+00
1497.140000 1.081657e+00
1497.710000 1.080956e+00
1498.270000 1.079737e+00
1498.840000 1.078975e+00
1499.400000 1.079307e+00
1499.970000 1.081105e+00
1500.530000 1.084363e+00
1501.100000 1.087726e+00
1501.660000 1.090225e+00
1502.230000 1.092489e+00
1502.790000 1.094897e+00
1503.360000 1.098031e+00
1503.920000 1.100980e+00
1504.490000 1.102184e+00
1505.050000 1.102274e+00
1505.620000 1.101803e+00
1506.180000 1.100769e+00
1506.750000 1.100772e+00
1507.310000 1.103076e+00
1507.880000 1.106668e+00
1508.440000 1.109438e+00
1509.010000 1.110717e+00
1509.570000 1.111777e+00
1510.140000 1.113588e+00
1510.700000 1.115130e+00
1511.270000 1.117789e+00
1511.830000 1.121576e+00
1512.400000 1.126692e+00
1512.960000 1.131248e+00
1513.530000 1.136839e+00
1514.090000 1.142226e+00
1514.650000 1.147728e+00
1515.220000 1.152078e+00
1515.780000 1.155884e+00
1516.350000 1.158880e+00
1516.910000 1.161982e+00
1517.480000 1.165332e+00
1518.040000 1.169522e+00
1518.610000 1.174180e+00
1519.170000 1.179205e+00
1519.740000 1.184570e+00
1520.300000 1.190304e+00
1520.870000 1.195802e+00
1521.430000 1.201751e+00
1522.000000 1.209147e+00
1522.560000 1.217814e+00
1523.130000 1.225630e+00
1523.690000 1.232603e+00
1524.260000 1.240180e+00
1524.820000 1.249441e+00
1525.390000 1.258712e+00
1525.950000 1.268800e+00
1526.520000 1.279599e+00
1527.080000 1.291320e+00
1527.650000 1.301850e+00
1528.210000 1.311422e+00
1528.780000 1.321478e+00
1529.340000 1.333893e+00
1529.910000 1.346132e+00
1530.470000 1.357786e+00
1531.040000 1.371077e+00
1531.600000 1.385257e+00
1532.170000 1.399292e+00
1532.730000 1.414915e+00
1533.300000 1.431499e+00
1533.860000 1.447278e+00
1534.430000 1.463077e+00
1534.990000 1.478383e+00
1535.560000 1.494531e+00
1536.120000 1.514964e+00
1536.690000 1.538138e+00
1537.250000 1.564455e+00
1537.820000 1.591439e+00
1538.380000 1.618299e+00
1538.950000 1.645921e+00
1539.510000 1.674846e+00
1540.080000 1.706495e+00
1540.640000 1.742925e+00
1541.210000 1.781411e+00
1541.770000 1.819234e+00
1542.340000 1.855958e+00
1542.900000 1.889752e+00
1543.470000 1.920595e+00
1544.030000 1.950524e+00
1544.600000 1.975616e+00
1545.160000 1.997925e+00
1545.730000 2.015121e+00
1546.290000 2.027811e+00
1546.860000 2.033371e+00
1547.420000 2.035534e+00
1547.990000 2.034715e+00
1548.550000 2.029907e+00
1549.120000 2.017550e+00
1549.680000 2.002886e+00
1550.250000 1.985507e+00
1550.810000 1.966254e+00
1551.380000 1.944617e+00
1551.940000 1.922921e+00
1552.510000 1.899195e+00
1553.070000 1.873179e+00
1553.640000 1.843493e+00
1554.200000 1.810705e+00
1554.770000 1.777007e+00
1555.330000 1.744193e+00
1555.900000 1.712779e+00
1556.460000 1.682474e+00
1557.030000 1.657035e+00
1557.590000 1.634844e+00
1558.160000 1.612546e+00
1558.720000 1.589860e+00
1559.290000 1.568069e+00
1559.850000 1.545379e+00
1560.420000 1.522003e+00
1560.980000 1.499663e+00
1561.550000 1.477812e+00
1562.110000 1.458040e+00
1562.680000 1.440546e+00
1563.240000 1.425435e+00
1563.810000 1.410277e+00
1564.370000 1.396742e+00
1564.940000 1.382508e+00
1565.500000 1.368066e+00
1566.070000 1.353768e+00
1566.630000 1.341298e+00
1567.200000 1.329091e+00
1567.760000 1.317991e+00
1568.330000 1.309333e+00
1568.890000 1.301619e+00
1569.460000 1.294577e+00
1570.020000 1.288292e+00
1570.590000 1.281091e+00
1571.150000 1.272917e+00
1571.720000 1.265925e+00
1572.280000 1.259428e+00
1572.850000 1.252585e+00
1573.410000 1.246577e+00
1573.980000 1.241237e+00
1574.540000 1.234731e+00
1575.110000 1.227227e+00
1575.670000 1.220295e+00
1576.240000 1.214371e+00
1576.800000 1.209652e+00
1577.370000 1.206065e+00
1577.930000 1.203676e+00
1578.500000 1.201771e+00
1579.060000 1.199707e+00
1579.630000 1.196430e+00
1580.190000 1.191200e+00
1580.760000 1.185483e+00
1581.320000 1.181042e+00
1581.890000 1.177201e+00
1582.450000 1.172822e+00
1583.010000 1.169061e+00
1583.580000 1.166603e+00
1584.140000 1.164385e+00
1584.710000 1.161788e+00
1585.270000 1.158999e+00
1585.840000 1.158221e+00
1586.400000 1.157373e+00
1586.970000 1.156753e+00
1587.530000 1.157082e+00
1588.100000 1.157490e+00
1588.660000 1.156276e+00
1589.230000 1.154467e+00
1589.790000 1.152074e+00
1590.360000 1.150224e+00
1590.920000 1.148748e+00
1591.490000 1.147850e+00
1592.050000 1.147808e+00
1592.620000 1.148717e+00
1593.180000 1.149853e+00
1593.750000 1.151397e+00
1594.310000 1.151878e+00
1594.880000 1.152308e+00
1595.440000 1.151278e+00
1596.010000 1.148617e+00
1596.570000 1.144523e+00
1597.140000 1.141160e+00
1597.700000 1.138316e+00
1598.270000 1.136678e+00
1598.830000 1.136727e+00
1599.400000 1.139650e+00
1599.960000 1.142904e+00
1600.530000 1.144390e+00
1601.090000 1.146040e+00
1601.660000 1.146691e+00
1602.220000 1.145859e+00
1602.790000 1.145834e+00
1603.350000 1.146702e+00
1603.920000 1.145968e+00
1604.480000 1.145340e+00
1605.050000 1.146331e+00
1605.610000 1.147386e+00
1606.180000 1.148345e+00
1606.740000 1.149135e+00
1607.310000 1.149673e+00
1607.870000 1.149662e+00
1608.440000 1.149398e+00
1609.000000 1.149943e+00
1609.570000 1.150925e+00
1610.130000 1.151191e+00
1610.700000 1.151002e+00
1611.260000 1.150395e+00
1611.830000 1.149712e+00
1612.390000 1.149371e+00
1612.960000 1.149825e+00
1613.520000 1.150926e+00
1614.090000 1.152311e+00
1614.650000 1.153346e+00
1615.220000 1.154497e+00
1615.780000 1.155332e+00
1616.350000 1.155293e+00
1616.910000 1.155363e+00
1617.480000 1.154771e+00
1618.040000 1.153701e+00
1618.610000 1.153252e+00
1619.170000 1.153171e+00
1619.740000 1.152990e+00
1620.300000 1.152636e+00
1620.870000 1.152972e+00
1621.430000 1.154199e+00
1622.000000 1.155022e+00
1622.560000 1.156261e+00
1623.130000 1.158399e+00
1623.690000 1.160843e+00
1624.260000 1.161658e+00
1624.820000 1.163118e+00
1625.390000 1.164184e+00
1625.950000 1.163815e+00
1626.520000 1.162731e+00
1627.080000 1.162940e+00
1627.650000 1.163299e+00
1628.210000 1.164430e+00
1628.780000 1.166592e+00
1629.340000 1.168628e+00
1629.910000 1.170599e+00
1630.470000 1.172307e+00
1631.040000 1.173287e+00
1631.600000 1.173967e+00
1632.170000 1.174088e+00
1632.730000 1.174722e+00
1633.300000 1.175875e+00
1633.860000 1.176957e+00
1634.430000 1.177813e+00
1634.990000 1.179425e+00
1635.560000 1.180811e+00
1636.120000 1.182806e+00
1636.690000 1.185911e+00
1637.250000 1.189559e+00
1637.820000 1.193503e+00
1638.380000 1.195473e+00
1638.950000 1.197230e+00
1639.510000 1.198383e+00
1640.080000 1.198800e+00
1640.640000 1.197767e+00
1641.210000 1.197128e+00
1641.770000 1.195510e+00
1642.340000 1.192791e+00
1642.900000 1.188949e+00
1643.470000 1.185198e+00
1644.030000 1.181332e+00
1644.600000 1.176952e+00
1645.160000 1.173505e+00
1645.730000 1.172198e+00
1646.290000 1.171446e+00
1646.860000 1.171102e+00
1647.420000 1.170393e+00
1647.990000 1.168306e+00
1648.550000 1.166186e+00
1649.120000 1.165334e+00
1649.680000 1.165396e+00
1650.250000 1.166144e+00
1650.810000 1.167628e+00
1651.380000 1.168451e+00
1651.940000 1.167752e+00
1652.500000 1.166787e+00
1653.070000 1.166749e+00
1653.630000 1.167768e+00
1654.200000 1.169657e+00
1654.760000 1.171717e+00
1655.330000 1.172756e+00
1655.890000 1.172226e+00
1656.460000 1.171732e+00
1657.020000 1.171486e+00
1657.590000 1.173089e+00
1658.150000 1.175348e+00
1658.720000 1.177171e+00
1659.280000 1.178041e+00
1659.850000 1.177685e+00
1660.410000 1.175052e+00
1660.980000 1.171659e+00
1661.540000 1.169311e+00
1662.110000 1.167087e+00
1662.670000 1.166097e+00
1663.240000 1.166783e+00
1663.800000 1.169473e+00
1664.370000 1.172724e+00
1664.930000 1.174351e+00
1665.500000 1.174209e+00
1666.060000 1.173322e+00
1666.630000 1.171016e+00
1667.190000 1.167897e+00
1667.760000 1.165224e+00
1668.320000 1.163600e+00
1668.890000 1.161448e+00
1669.450000 1.158723e+00
1670.020000 1.156339e+00
1670.580000 1.154622e+00
1671.150000 1.151868e+00
1671.710000 1.148416e+00
1672.280000 1.145449e+00
1672.840000 1.142735e+00
1673.410000 1.140830e+00
1673.970000 1.138294e+00
1674.540000 1.136044e+00
1675.100000 1.133755e+00
1675.670000 1.132014e+00
1676.230000 1.129521e+00
1676.800000 1.128400e+00
1677.360000 1.127750e+00
1677.930000 1.126160e+00
1678.490000 1.122620e+00
1679.060000 1.120424e+00
1679.620000 1.118036e+00
1680.190000 1.115490e+00
1680.750000 1.114876e+00
1681.320000 1.114822e+00
1681.880000 1.113555e+00
1682.450000 1.111963e+00
1683.010000 1.110546e+00
1683.580000 1.108367e+00
1684.140000 1.106781e+00
1684.710000 1.103996e+00
1685.270000 1.100218e+00
1685.840000 1.097836e+00
1686.400000 1.096175e+00
1686.970000 1.094227e+00
1687.530000 1.093973e+00
1688.100000 1.095044e+00
1688.660000 1.094873e+00
1689.230000 1.093749e+00
1689.790000 1.093094e+00
1690.360000 1.092268e+00
1690.920000 1.091668e+00
1691.490000 1.090947e+00
1692.050000 1.090375e+00
1692.620000 1.089538e+00
1693.180000 1.089261e+00
1693.750000 1.089286e+00
1694.310000 1.089693e+00
1694.880000 1.091075e+00
1695.440000 1.092274e+00
1696.010000 1.092737e+00
1696.570000 1.093453e+00
1697.140000 1.094313e+00
1697.700000 1.093870e+00
1698.270000 1.094331e+00
1698.830000 1.094769e+00
1699.400000 1.094665e+00
1699.960000 1.093869e+00
1700.530000 1.094234e+00
1701.090000 1.094658e+00
1701.660000 1.094462e+00
1702.220000 1.095081e+00
1702.790000 1.096711e+00
1703.350000 1.098242e+00
1703.920000 1.099108e+00
1704.480000 1.100803e+00
1705.050000 1.101562e+00
1705.610000 1.102829e+00
1706.180000 1.103790e+00
1706.740000 1.105497e+00
1707.310000 1.106243e+00
1707.870000 1.106012e+00
1708.440000 1.105676e+00
1709.000000 1.106181e+00
1709.570000 1.106103e+00
1710.130000 1.106557e+00
1710.700000 1.107933e+00
1711.260000 1.109115e+00
1711.830000 1.110259e+00
1712.390000 1.111575e+00
1712.960000 1.113101e+00
1713.520000 1.115031e+00
1714.090000 1.116478e+00
1714.650000 1.116643e+00
1715.220000 1.116377e+00
1715.780000 1.116821e+00
1716.350000 1.118094e+00
1716.910000 1.118920e+00
1717.480000 1.119716e+00
1718.040000 1.121047e+00
1718.610000 1.122811e+00
1719.170000 1.124551e+00
1719.730000 1.126132e+00
1720.300000 1.127372e+00
1720.860000 1.128428e+00
1721.430000 1.128412e+00
1721.990000 1.126949e+00
1722.560000 1.126168e+00
1723.120000 1.126871e+00
1723.690000 1.127473e+00
1724.250000 1.128265e+00
1724.820000 1.129552e+00
1725.380000 1.130901e+00
1725.950000 1.131901e+00
1726.510000 1.132341e+00
1727.080000 1.132736e+00
1727.640000 1.133346e+00
1728.210000 1.133716e+00
1728.770000 1.132901e+00
1729.340000 1.131956e+00
1729.900000 1.130844e+00
1730.470000 1.130981e+00
1731.030000 1.131519e+00
1731.600000 1.133126e+00
1732.160000 1.134840e+00
1732.730000 1.136094e+00
1733.290000 1.135729e+00
1733.860000 1.135196e+00
1734.420000 1.134693e+00
1734.990000 1.134895e+00
1735.550000 1.136987e+00
1736.120000 1.139291e+00
1736.680000 1.141253e+00
1737.250000 1.142045e+00
1737.810000 1.142742e+00
1738.380000 1.143419e+00
1738.940000 1.144871e+00
1739.510000 1.146685e+00
1740.070000 1.149317e+00
1740.640000 1.152609e+00
1741.200000 1.155785e+00
1741.770000 1.158286e+00
1742.330000 1.160087e+00
1742.900000 1.161969e+00
1743.460000 1.163347e+00
1744.030000 1.163661e+00
1744.590000 1.163789e+00
1745.160000 1.164437e+00
1745.720000 1.165465e+00
1746.290000 1.165848e+00
1746.850000 1.166509e+00
1747.420000 1.167805e+00
1747.980000 1.169848e+00
1748.550000 1.171976e+00
1749.110000 1.174310e+00
1749.680000 1.175755e+00
1750.240000 1.175974e+00
1750.810000 1.175335e+00
1751.370000 1.173043e+00
1751.940000 1.170385e+00
1752.500000 1.168491e+00
1753.070000 1.167057e+00
1753.630000 1.164868e+00
1754.200000 1.163225e+00
1754.760000 1.161321e+00
1755.330000 1.159245e+00
1755.890000 1.157186e+00
1756.460000 1.155760e+00
1757.020000 1.154265e+00
1757.590000 1.152707e+00
1758.150000 1.150770e+00
1758.720000 1.149451e+00
1759.280000 1.148067e+00
1759.850000 1.146509e+00
1760.410000 1.145764e+00
1760.980000 1.145411e+00
1761.540000 1.144685e+00
1762.110000 1.143225e+00
1762.670000 1.142372e+00
1763.240000 1.141619e+00
1763.800000 1.140809e+00
1764.370000 1.139735e+00
1764.930000 1.139828e+00
1765.500000 1.139965e+00
1766.060000 1.140594e+00
1766.630000 1.141241e+00
1767.190000 1.142193e+00
1767.760000 1.142416e+00
1768.320000 1.142292e+00
1768.890000 1.141454e+00
1769.450000 1.140437e+00
1770.020000 1.139095e+00
1770.580000 1.137671e+00
1771.150000 1.136260e+00
1771.710000 1.135636e+00
1772.280000 1.135704e+00
1772.840000 1.136000e+00
1773.410000 1.136397e+00
1773.970000 1.136078e+00
1774.540000 1.134961e+00
1775.100000 1.134148e+00
1775.670000 1.133697e+00
1776.230000 1.134948e+00
1776.800000 1.138445e+00
1777.360000 1.142864e+00
1777.930000 1.146350e+00
1778.490000 1.149831e+00
1779.060000 1.151980e+00
1779.620000 1.153212e+00
1780.190000 1.154255e+00
1780.750000 1.155532e+00
1781.320000 1.155556e+00
1781.880000 1.155504e+00
1782.450000 1.155063e+00
1783.010000 1.153975e+00
1783.580000 1.153078e+00
1784.140000 1.153886e+00
1784.710000 1.154459e+00
1785.270000 1.155119e+00
1785.840000 1.156393e+00
1786.400000 1.157159e+00
1786.970000 1.156956e+00
1787.530000 1.157467e+00
1788.100000 1.158861e+00
1788.660000 1.159191e+00
1789.220000 1.158752e+00
1789.790000 1.157881e+00
1790.350000 1.155839e+00
1790.920000 1.153352e+00
1791.480000 1.152135e+00
1792.050000 1.151932e+00
1792.610000 1.152638e+00
1793.180000 1.153528e+00
1793.740000 1.154236e+00
1794.310000 1.154097e+00
1794.870000 1.153715e+00
1795.440000 1.153090e+00
1796.000000 1.152669e+00
1796.570000 1.151748e+00
1797.130000 1.150559e+00
1797.700000 1.149391e+00
1798.260000 1.147977e+00
1798.830000 1.146196e+00
1799.390000 1.143967e+00
1799.960000 1.142012e+00
1800.520000 1.140965e+00
1801.090000 1.140443e+00
1801.650000 1.141486e+00
1802.220000 1.144209e+00
1802.780000 1.147000e+00
1803.350000 1.147980e+00
1803.910000 1.148487e+00
1804.480000 1.148310e+00
1805.040000 1.147601e+00
1805.610000 1.146670e+00
1806.170000 1.146974e+00
1806.740000 1.147797e+00
1807.300000 1.149092e+00
1807.870000 1.149732e+00
1808.430000 1.150671e+00
1809.000000 1.151698e+00
1809.560000 1.152445e+00
1810.130000 1.152496e+00
1810.690000 1.153167e+00
1811.260000 1.154448e+00
1811.820000 1.155694e+00
1812.390000 1.156427e+00
1812.950000 1.157479e+00
1813.520000 1.158926e+00
1814.080000 1.159487e+00
1814.650000 1.160245e+00
1815.210000 1.160353e+00
1815.780000 1.159610e+00
1816.340000 1.157973e+00
1816.910000 1.156851e+00
1817.470000 1.155986e+00
1818.040000 1.156729e+00
1818.600000 1.158732e+00
1819.170000 1.161017e+00
1819.730000 1.162946e+00
1820.300000 1.164314e+00
1820.860000 1.164599e+00
1821.430000 1.164382e+00
1821.990000 1.163770e+00
1822.560000 1.163205e+00
1823.120000 1.163087e+00
1823.690000 1.163184e+00
1824.250000 1.162955e+00
1824.820000 1.162824e+00
1825.380000 1.163039e+00
1825.950000 1.162582e+00
1826.510000 1.161584e+00
1827.080000 1.161188e+00
1827.640000 1.161948e+00
1828.210000 1.163070e+00
1828.770000 1.165071e+00
1829.340000 1.167660e+00
1829.900000 1.169365e+00
1830.470000 1.169769e+00
1831.030000 1.169148e+00
1831.600000 1.168226e+00
1832.160000 1.167869e+00
1832.730000 1.168505e+00
1833.290000 1.169652e+00
1833.860000 1.171395e+00
1834.420000 1.172882e+00
1834.990000 1.174363e+00
1835.550000 1.174786e+00
1836.120000 1.175549e+00
1836.680000 1.177168e+00
1837.250000 1.178542e+00
1837.810000 1.180018e+00
1838.380000 1.182456e+00
1838.940000 1.184718e+00
1839.510000 1.185635e+00
1840.070000 1.186830e+00
1840.640000 1.188279e+00
1841.200000 1.190357e+00
1841.770000 1.192944e+00
1842.330000 1.195761e+00
1842.900000 1.197856e+00
1843.460000 1.200357e+00
1844.030000 1.203322e+00
1844.590000 1.206043e+00
1845.160000 1.209375e+00
1845.720000 1.214072e+00
1846.290000 1.218209e+00
1846.850000 1.219030e+00
1847.420000 1.219878e+00
1847.980000 1.220405e+00
1848.550000 1.221277e+00
1849.110000 1.222187e+00
1849.680000 1.224929e+00
1850.240000 1.226829e+00
1850.810000 1.229642e+00
1851.370000 1.231983e+00
1851.940000 1.235029e+00
1852.500000 1.238939e+00
1853.070000 1.243694e+00
1853.630000 1.246854e+00
1854.200000 1.248732e+00
1854.760000 1.249245e+00
1855.330000 1.249415e+00
1855.890000 1.249506e+00
1856.460000 1.250673e+00
1857.020000 1.253685e+00
1857.580000 1.257566e+00
1858.150000 1.260623e+00
1858.710000 1.262132e+00
1859.280000 1.263003e+00
1859.840000 1.263680e+00
1860.410000 1.264237e+00
1860.970000 1.265225e+00
1861.540000 1.267720e+00
1862.100000 1.270711e+00
1862.670000 1.271877e+00
1863.230000 1.272115e+00
1863.800000 1.272122e+00
1864.360000 1.271462e+00
1864.930000 1.270060e+00
1865.490000 1.269476e+00
1866.060000 1.269333e+00
1866.620000 1.269182e+00
1867.190000 1.268347e+00
1867.750000 1.267651e+00
1868.320000 1.267426e+00
1868.880000 1.267917e+00
1869.450000 1.268858e+00
1870.010000 1.270369e+00
1870.580000 1.271817e+00
1871.140000 1.273562e+00
1871.710000 1.274600e+00
1872.270000 1.276004e+00
1872.840000 1.277817e+00
1873.400000 1.279510e+00
1873.970000 1.280810e+00
1874.530000 1.282497e+00
1875.100000 1.283847e+00
1875.660000 1.285158e+00
1876.230000 1.287501e+00
1876.790000 1.289656e+00
1877.360000 1.291452e+00
1877.920000 1.292919e+00
1878.490000 1.295155e+00
1879.050000 1.298484e+00
1879.620000 1.303246e+00
1880.180000 1.309820e+00
1880.750000 1.317685e+00
1881.310000 1.325987e+00
1881.880000 1.333168e+00
1882.440000 1.339074e+00
1883.010000 1.343862e+00
1883.570000 1.348675e+00
1884.140000 1.353511e+00
1884.700000 1.359254e+00
1885.270000 1.365964e+00
1885.830000 1.372506e+00
1886.400000 1.379098e+00
1886.960000 1.385956e+00
1887.530000 1.392259e+00
1888.090000 1.398138e+00
1888.660000 1.405155e+00
1889.220000 1.412072e+00
1889.790000 1.419343e+00
1890.350000 1.427193e+00
1890.920000 1.435790e+00
1891.480000 1.444193e+00
1892.050000 1.452832e+00
1892.610000 1.460175e+00
1893.180000 1.466057e+00
1893.740000 1.471137e+00
1894.310000 1.476015e+00
1894.870000 1.480572e+00
1895.440000 1.486820e+00
1896.000000 1.493435e+00
1896.570000 1.499967e+00
1897.130000 1.505684e+00
1897.700000 1.511103e+00
1898.260000 1.515269e+00
1898.830000 1.520211e+00
1899.390000 1.526421e+00
1899.960000 1.534191e+00
1900.520000 1.543144e+00
1901.090000 1.552871e+00
1901.650000 1.562964e+00
1902.220000 1.572632e+00
1902.780000 1.581406e+00
1903.350000 1.591390e+00
1903.910000 1.599732e+00
1904.480000 1.607336e+00
1905.040000 1.613697e+00
1905.610000 1.619614e+00
1906.170000 1.622473e+00
1906.740000 1.625491e+00
1907.300000 1.627573e+00
1907.870000 1.629078e+00
1908.430000 1.628750e+00
1909.000000 1.627466e+00
1909.560000 1.624124e+00
1910.130000 1.619790e+00
1910.690000 1.614035e+00
1911.260000 1.607834e+00
1911.820000 1.599895e+00
1912.390000 1.591270e+00
1912.950000 1.580587e+00
1913.520000 1.569871e+00
1914.080000 1.558915e+00
1914.650000 1.548353e+00
1915.210000 1.537544e+00
1915.780000 1.527934e+00
1916.340000 1.517708e+00
1916.910000 1.507563e+00
1917.470000 1.498341e+00
1918.040000 1.489207e+00
1918.600000 1.479461e+00
1919.170000 1.469486e+00
1919.730000 1.459791e+00
1920.300000 1.449975e+00
1920.860000 1.441302e+00
1921.430000 1.433668e+00
1921.990000 1.427171e+00
1922.560000 1.420664e+00
1923.120000 1.414388e+00
1923.690000 1.408224e+00
1924.250000 1.403137e+00
1924.820000 1.398034e+00
1925.380000 1.392971e+00
1925.950000 1.386991e+00
1926.510000 1.380571e+00
1927.070000 1.373374e+00
1927.640000 1.366632e+00
1928.200000 1.361284e+00
1928.770000 1.356807e+00
1929.330000 1.351822e+00
1929.900000 1.346520e+00
1930.460000 1.341353e+00
1931.030000 1.335590e+00
1931.590000 1.329397e+00
1932.160000 1.324372e+00
1932.720000 1.319896e+00
1933.290000 1.315280e+00
1933.850000 1.309718e+00
1934.420000 1.304503e+00
1934.980000 1.299590e+00
1935.550000 1.294512e+00
1936.110000 1.289358e+00
1936.680000 1.285198e+00
1937.240000 1.282607e+00
1937.810000 1.280960e+00
1938.370000 1.279641e+00
1938.940000 1.277921e+00
1939.500000 1.276021e+00
1940.070000 1.273044e+00
1940.630000 1.268217e+00
1941.200000 1.263818e+00
1941.760000 1.260442e+00
1942.330000 1.257584e+00
1942.890000 1.254785e+00
1943.460000 1.252927e+00
1944.020000 1.251036e+00
1944.590000 1.249647e+00
1945.150000 1.248437e+00
1945.720000 1.247343e+00
1946.280000 1.246094e+00
1946.850000 1.244642e+00
1947.410000 1.242165e+00
1947.980000 1.239388e+00
1948.540000 1.236755e+00
1949.110000 1.234554e+00
1949.670000 1.232479e+00
1950.240000 1.230964e+00
1950.800000 1.229838e+00
1951.370000 1.228837e+00
1951.930000 1.228235e+00
1952.500000 1.227924e+00
1953.060000 1.227858e+00
1953.630000 1.227532e+00
1954.190000 1.226511e+00
1954.760000 1.224630e+00
1955.320000 1.222836e+00
1955.890000 1.220648e+00
1956.450000 1.218522e+00
1957.020000 1.216961e+00
1957.580000 1.215052e+00
1958.150000 1.212513e+00
1958.710000 1.210655e+00
1959.280000 1.209108e+00
1959.840000 1.208137e+00
1960.410000 1.208086e+00
1960.970000 1.208279e+00
1961.540000 1.207917e+00
1962.100000 1.207420e+00
1962.670000 1.206115e+00
1963.230000 1.204478e+00
1963.800000 1.203317e+00
1964.360000 1.202257e+00
1964.930000 1.200972e+00
1965.490000 1.200053e+00
1966.060000 1.199802e+00
1966.620000 1.199418e+00
1967.190000 1.199321e+00
1967.750000 1.199602e+00
1968.320000 1.199336e+00
1968.880000 1.199003e+00
1969.450000 1.199125e+00
1970.010000 1.198843e+00
1970.580000 1.198140e+00
1971.140000 1.197891e+00
1971.710000 1.197858e+00
1972.270000 1.197660e+00
1972.840000 1.197800e+00
1973.400000 1.198818e+00
1973.970000 1.200637e+00
1974.530000 1.201602e+00
1975.100000 1.201443e+00
1975.660000 1.200408e+00
1976.230000 1.198357e+00
1976.790000 1.195961e+00
1977.360000 1.194051e+00
1977.920000 1.193169e+00
1978.490000 1.192554e+00
1979.050000 1.191737e+00
1979.620000 1.190644e+00
1980.180000 1.190066e+00
1980.750000 1.189875e+00
1981.310000 1.189934e+00
1981.880000 1.190326e+00
1982.440000 1.191136e+00
1983.010000 1.192876e+00
1983.570000 1.194769e+00
1984.140000 1.196920e+00
1984.700000 1.198966e+00
1985.270000 1.200897e+00
1985.830000 1.201767e+00
1986.400000 1.202374e+00
1986.960000 1.203011e+00
1987.530000 1.203835e+00
1988.090000 1.203948e+00
1988.660000 1.204057e+00
1989.220000 1.204030e+00
1989.790000 1.204756e+00
1990.350000 1.206148e+00
1990.920000 1.207591e+00
1991.480000 1.208593e+00
1992.050000 1.208875e+00
1992.610000 1.208394e+00
1993.180000 1.207513e+00
1993.740000 1.207357e+00
1994.310000 1.207037e+00
1994.870000 1.207939e+00
1995.430000 1.209270e+00
1996.000000 1.209743e+00
1996.560000 1.210047e+00
1997.130000 1.210906e+00
1997.690000 1.211973e+00
1998.260000 1.212543e+00
1998.820000 1.213447e+00
1999.390000 1.214105e+00
1999.950000 1.214505e+00
2000.520000 1.214660e+00
2001.080000 1.214652e+00
2001.650000 1.214815e+00
2002.210000 1.214867e+00
2002.780000 1.214872e+00
2003.340000 1.214552e+00
2003.910000 1.214537e+00
2004.470000 1.214979e+00
2005.040000 1.216137e+00
2005.600000 1.217232e+00
2006.170000 1.217164e+00
2006.730000 1.216508e+00
2007.300000 1.216019e+00
2007.860000 1.215281e+00
2008.430000 1.215321e+00
2008.990000 1.216419e+00
2009.560000 1.217899e+00
2010.120000 1.218550e+00
2010.690000 1.218598e+00
2011.250000 1.217807e+00
2011.820000 1.216095e+00
2012.380000 1.214511e+00
2012.950000 1.213633e+00
2013.510000 1.213520e+00
2014.080000 1.213738e+00
2014.640000 1.214043e+00
2015.210000 1.214180e+00
2015.770000 1.214620e+00
2016.340000 1.214230e+00
2016.900000 1.213967e+00
2017.470000 1.214764e+00
2018.030000 1.216063e+00
2018.600000 1.216416e+00
2019.160000 1.215760e+00
2019.730000 1.213899e+00
2020.290000 1.210640e+00
2020.860000 1.207631e+00
2021.420000 1.205547e+00
2021.990000 1.204526e+00
2022.550000 1.204562e+00
2023.120000 1.205025e+00
2023.680000 1.204036e+00
2024.250000 1.202769e+00
2024.810000 1.202530e+00
2025.380000 1.202662e+00
2025.940000 1.203687e+00
2026.510000 1.205506e+00
2027.070000 1.207066e+00
2027.640000 1.207803e+00
2028.200000 1.208285e+00
2028.770000 1.207969e+00
2029.330000 1.206888e+00
2029.900000 1.205262e+00
2030.460000 1.204243e+00
2031.030000 1.203177e+00
2031.590000 1.203727e+00
2032.160000 1.205655e+00
2032.720000 1.207792e+00
2033.290000 1.208852e+00
2033.850000 1.209515e+00
2034.420000 1.208931e+00
2034.980000 1.207929e+00
2035.550000 1.207050e+00
2036.110000 1.206771e+00
2036.680000 1.206992e+00
2037.240000 1.207367e+00
2037.810000 1.207132e+00
2038.370000 1.207293e+00
2038.940000 1.208072e+00
2039.500000 1.208748e+00
2040.070000 1.208814e+00
2040.630000 1.209570e+00
2041.200000 1.210291e+00
2041.760000 1.210720e+00
2042.330000 1.211226e+00
2042.890000 1.212188e+00
2043.460000 1.213068e+00
2044.020000 1.214522e+00
2044.590000 1.216427e+00
2045.150000 1.217937e+00
2045.720000 1.218839e+00
2046.280000 1.219424e+00
2046.850000 1.219536e+00
2047.410000 1.219228e+00
2047.980000 1.218577e+00
2048.540000 1.218749e+00
2049.110000 1.219895e+00
2049.670000 1.221171e+00
2050.240000 1.222825e+00
2050.800000 1.224967e+00
2051.370000 1.227284e+00
2051.930000 1.228891e+00
2052.500000 1.230229e+00
2053.060000 1.230946e+00
2053.630000 1.232165e+00
2054.190000 1.233955e+00
2054.760000 1.235956e+00
2055.320000 1.237382e+00
2055.890000 1.238588e+00
2056.450000 1.239576e+00
2057.020000 1.239561e+00
2057.580000 1.239688e+00
2058.150000 1.241003e+00
2058.710000 1.243379e+00
2059.280000 1.246138e+00
2059.840000 1.248460e+00
2060.410000 1.250199e+00
2060.970000 1.251536e+00
2061.540000 1.252989e+00
2062.100000 1.254744e+00
2062.670000 1.257104e+00
2063.230000 1.259958e+00
2063.790000 1.262835e+00
2064.360000 1.264697e+00
2064.920000 1.265715e+00
2065.490000 1.266724e+00
2066.050000 1.267407e+00
2066.620000 1.267971e+00
2067.180000 1.268867e+00
2067.750000 1.269593e+00
2068.310000 1.269685e+00
2068.880000 1.270013e+00
2069.440000 1.269952e+00
2070.010000 1.269333e+00
2070.570000 1.268839e+00
2071.140000 1.269057e+00
2071.700000 1.269433e+00
2072.270000 1.270423e+00
2072.830000 1.271919e+00
2073.400000 1.272931e+00
2073.960000 1.273160e+00
2074.530000 1.273311e+00
2075.090000 1.273346e+00
2075.660000 1.273325e+00
2076.220000 1.273565e+00
2076.790000 1.274061e+00
2077.350000 1.274167e+00
2077.920000 1.274306e+00
2078.480000 1.274576e+00
2079.050000 1.275013e+00
2079.610000 1.275697e+00
2080.180000 1.276562e+00
2080.740000 1.277363e+00
2081.310000 1.278260e+00
2081.870000 1.278775e+00
2082.440000 1.279143e+00
2083.000000 1.279336e+00
2083.570000 1.277998e+00
2084.130000 1.275180e+00
2084.700000 1.272551e+00
2085.260000 1.270744e+00
2085.830000 1.269069e+00
2086.390000 1.268723e+00
2086.960000 1.268870e+00
2087.520000 1.269466e+00
2088.090000 1.269342e+00
2088.650000 1.269218e+00
2089.220000 1.268559e+00
2089.780000 1.267506e+00
2090.350000 1.264628e+00
2090.910000 1.261873e+00
2091.480000 1.259829e+00
2092.040000 1.258623e+00
2092.610000 1.258729e+00
2093.170000 1.260336e+00
2093.740000 1.261637e+00
2094.300000 1.262138e+00
2094.870000 1.261706e+00
2095.430000 1.260727e+00
2096.000000 1.260037e+00
2096.560000 1.258928e+00
2097.130000 1.257484e+00
2097.690000 1.256470e+00
2098.260000 1.255824e+00
2098.820000 1.255266e+00
2099.390000 1.254832e+00
2099.950000 1.254064e+00
2100.520000 1.253149e+00
2101.080000 1.252752e+00
2101.650000 1.252058e+00
2102.210000 1.251553e+00
2102.780000 1.251482e+00
2103.340000 1.251510e+00
2103.910000 1.251154e+00
2104.470000 1.250636e+00
2105.040000 1.250318e+00
2105.600000 1.250606e+00
2106.170000 1.250961e+00
2106.730000 1.250613e+00
2107.300000 1.249870e+00
2107.860000 1.248979e+00
2108.430000 1.247680e+00
2108.990000 1.246437e+00
2109.560000 1.245630e+00
2110.120000 1.245753e+00
2110.690000 1.246079e+00
2111.250000 1.246576e+00
2111.820000 1.247059e+00
2112.380000 1.247097e+00
2112.950000 1.246274e+00
2113.510000 1.245711e+00
2114.080000 1.244651e+00
2114.640000 1.242911e+00
2115.210000 1.241327e+00
2115.770000 1.239457e+00
2116.340000 1.236902e+00
2116.900000 1.235057e+00
2117.470000 1.233634e+00
2118.030000 1.232324e+00
2118.600000 1.232190e+00
2119.160000 1.232108e+00
2119.730000 1.231267e+00
2120.290000 1.230327e+00
2120.860000 1.229067e+00
2121.420000 1.227405e+00
2121.990000 1.226124e+00
2122.550000 1.225504e+00
2123.120000 1.225790e+00
2123.680000 1.226398e+00
2124.250000 1.226871e+00
2124.810000 1.227218e+00
2125.380000 1.227541e+00
2125.940000 1.227665e+00
2126.510000 1.227763e+00
2127.070000 1.228540e+00
2127.640000 1.229493e+00
2128.200000 1.230015e+00
2128.770000 1.230598e+00
2129.330000 1.231429e+00
2129.900000 1.231940e+00
2130.460000 1.232069e+00
2131.030000 1.232781e+00
2131.590000 1.233384e+00
2132.160000 1.233657e+00
2132.720000 1.233172e+00
2133.280000 1.232407e+00
2133.850000 1.231322e+00
2134.410000 1.229843e+00
2134.980000 1.228581e+00
2135.540000 1.228144e+00
2136.110000 1.228828e+00
2136.670000 1.230322e+00
2137.240000 1.232407e+00
2137.800000 1.234215e+00
2138.370000 1.235144e+00
2138.930000 1.235226e+00
2139.500000 1.234526e+00
2140.060000 1.233369e+00
2140.630000 1.232408e+00
2141.190000 1.232485e+00
2141.760000 1.233232e+00
2142.320000 1.233573e+00
2142.890000 1.233654e+00
2143.450000 1.233471e+00
2144.020000 1.232680e+00
2144.580000 1.232703e+00
2145.150000 1.233739e+00
2145.710000 1.234413e+00
2146.280000 1.235035e+00
2146.840000 1.234982e+00
2147.410000 1.233065e+00
2147.970000 1.230250e+00
2148.540000 1.228173e+00
2149.100000 1.226223e+00
2149.670000 1.224802e+00
2150.230000 1.224500e+00
2150.800000 1.224797e+00
2151.360000 1.225057e+00
2151.930000 1.226005e+00
2152.490000 1.227067e+00
2153.060000 1.228258e+00
2153.620000 1.229008e+00
2154.190000 1.229867e+00
2154.750000 1.230612e+00
2155.320000 1.231311e+00
2155.880000 1.231851e+00
2156.450000 1.232505e+00
2157.010000 1.233315e+00
2157.580000 1.234041e+00
2158.140000 1.234271e+00
2158.710000 1.233977e+00
2159.270000 1.234409e+00
2159.840000 1.234455e+00
2160.400000 1.234587e+00
2160.970000 1.235040e+00
2161.530000 1.235780e+00
2162.100000 1.235455e+00
2162.660000 1.235226e+00
2163.230000 1.235105e+00
2163.790000 1.235700e+00
2164.360000 1.235954e+00
2164.920000 1.236586e+00
2165.490000 1.237352e+00
2166.050000 1.238389e+00
2166.620000 1.239183e+00
2167.180000 1.240560e+00
2167.750000 1.242567e+00
2168.310000 1.245035e+00
2168.880000 1.246837e+00
2169.440000 1.248088e+00
2170.010000 1.248473e+00
2170.570000 1.247875e+00
2171.140000 1.246082e+00
2171.700000 1.244171e+00
2172.270000 1.242587e+00
2172.830000 1.241397e+00
2173.400000 1.240299e+00
2173.960000 1.240068e+00
2174.530000 1.240511e+00
2175.090000 1.241201e+00
2175.660000 1.242780e+00
2176.220000 1.244155e+00
2176.790000 1.244927e+00
2177.350000 1.244923e+00
2177.920000 1.244780e+00
2178.480000 1.243542e+00
2179.050000 1.242582e+00
2179.610000 1.241459e+00
2180.180000 1.240571e+00
2180.740000 1.239803e+00
2181.310000 1.239347e+00
2181.870000 1.239371e+00
2182.440000 1.239967e+00
2183.000000 1.241370e+00
2183.570000 1.242976e+00
2184.130000 1.244697e+00
2184.700000 1.245351e+00
2185.260000 1.245238e+00
2185.830000 1.244597e+00
2186.390000 1.244158e+00
2186.960000 1.243615e+00
2187.520000 1.243583e+00
2188.090000 1.243453e+00
2188.650000 1.242767e+00
2189.220000 1.241370e+00
2189.780000 1.239994e+00
2190.350000 1.238847e+00
2190.910000 1.238409e+00
2191.480000 1.238039e+00
2192.040000 1.237368e+00
2192.610000 1.236576e+00
2193.170000 1.235533e+00
2193.740000 1.234213e+00
2194.300000 1.233056e+00
2194.870000 1.232449e+00
2195.430000 1.231824e+00
2196.000000 1.231373e+00
2196.560000 1.231484e+00
2197.130000 1.231878e+00
2197.690000 1.231856e+00
2198.260000 1.231760e+00
2198.820000 1.230730e+00
2199.390000 1.228965e+00
2199.950000 1.227083e+00
2200.520000 1.226438e+00
2201.080000 1.226418e+00
2201.650000 1.227273e+00
2202.210000 1.228642e+00
2202.770000 1.230406e+00
2203.340000 1.231433e+00
2203.900000 1.232732e+00
2204.470000 1.234975e+00
2205.030000 1.237196e+00
2205.600000 1.239099e+00
2206.160000 1.240537e+00
2206.730000 1.241008e+00
2207.290000 1.240942e+00
2207.860000 1.241256e+00
2208.420000 1.241345e+00
2208.990000 1.241837e+00
2209.550000 1.242336e+00
2210.120000 1.242616e+00
2210.680000 1.242785e+00
2211.250000 1.243151e+00
2211.810000 1.243341e+00
2212.380000 1.243980e+00
2212.940000 1.245161e+00
2213.510000 1.246182e+00
2214.070000 1.247454e+00
2214.640000 1.249136e+00
2215.200000 1.251404e+00
2215.770000 1.253570e+00
2216.330000 1.255738e+00
2216.900000 1.257709e+00
2217.460000 1.259560e+00
2218.030000 1.261289e+00
2218.590000 1.261973e+00
2219.160000 1.261933e+00
2219.720000 1.261998e+00
2220.290000 1.262050e+00
2220.850000 1.261724e+00
2221.420000 1.261956e+00
2221.980000 1.262923e+00
2222.550000 1.263677e+00
2223.110000 1.264091e+00
2223.680000 1.264722e+00
2224.240000 1.265166e+00
2224.810000 1.265303e+00
2225.370000 1.266081e+00
2225.940000 1.267309e+00
2226.500000 1.268706e+00
2227.070000 1.270299e+00
2227.630000 1.272079e+00
2228.200000 1.272780e+00
2228.760000 1.272524e+00
2229.330000 1.270899e+00
2229.890000 1.268516e+00
2230.460000 1.265944e+00
2231.020000 1.264015e+00
2231.590000 1.263642e+00
2232.150000 1.264957e+00
2232.720000 1.267094e+00
2233.280000 1.268566e+00
2233.850000 1.269162e+00
2234.410000 1.266814e+00
2234.980000 1.263765e+00
2235.540000 1.260602e+00
2236.110000 1.258286e+00
2236.670000 1.256206e+00
2237.240000 1.255996e+00
2237.800000 1.255595e+00
2238.370000 1.255062e+00
2238.930000 1.254382e+00
2239.500000 1.253962e+00
2240.060000 1.254092e+00
2240.630000 1.254821e+00
2241.190000 1.255663e+00
2241.760000 1.256896e+00
2242.320000 1.258051e+00
2242.890000 1.258873e+00
2243.450000 1.258969e+00
2244.020000 1.258695e+00
2244.580000 1.257839e+00
2245.150000 1.257851e+00
2245.710000 1.257791e+00
2246.280000 1.258280e+00
2246.840000 1.259333e+00
2247.410000 1.261330e+00
2247.970000 1.262813e+00
2248.540000 1.264756e+00
2249.100000 1.266776e+00
2249.670000 1.268104e+00
2250.230000 1.269123e+00
2250.800000 1.270480e+00
2251.360000 1.270550e+00
2251.930000 1.270204e+00
2252.490000 1.270222e+00
2253.060000 1.269970e+00
2253.620000 1.269151e+00
2254.190000 1.268906e+00
2254.750000 1.269595e+00
2255.320000 1.270535e+00
2255.880000 1.271761e+00
2256.450000 1.273497e+00
2257.010000 1.275943e+00
2257.580000 1.277381e+00
2258.140000 1.278574e+00
2258.710000 1.279226e+00
2259.270000 1.279373e+00
2259.840000 1.279720e+00
2260.400000 1.281009e+00
2260.970000 1.282728e+00
2261.530000 1.284934e+00
2262.100000 1.287691e+00
2262.660000 1.289255e+00
2263.230000 1.289693e+00
2263.790000 1.289146e+00
2264.360000 1.288679e+00
2264.920000 1.288591e+00
2265.490000 1.290003e+00
2266.050000 1.291785e+00
2266.620000 1.294095e+00
2267.180000 1.296147e+00
2267.750000 1.297584e+00
2268.310000 1.297669e+00
2268.880000 1.297434e+00
2269.440000 1.297653e+00
2270.010000 1.297855e+00
2270.570000 1.297842e+00
2271.140000 1.298529e+00
2271.700000 1.299542e+00
2272.260000 1.300139e+00
2272.830000 1.300998e+00
2273.390000 1.302179e+00
2273.960000 1.303521e+00
2274.520000 1.305183e+00
2275.090000 1.307090e+00
2275.650000 1.308589e+00
2276.220000 1.309860e+00
2276.780000 1.310208e+00
2277.350000 1.310313e+00
2277.910000 1.310453e+00
2278.480000 1.311446e+00
2279.040000 1.313038e+00
2279.610000 1.315447e+00
2280.170000 1.317270e+00
2280.740000 1.319076e+00
2281.300000 1.320418e+00
2281.870000 1.321219e+00
2282.430000 1.321831e+00
2283.000000 1.322933e+00
2283.560000 1.324251e+00
2284.130000 1.325486e+00
2284.690000 1.326664e+00
2285.260000 1.328033e+00
2285.820000 1.329619e+00
2286.390000 1.331449e+00
2286.950000 1.332720e+00
2287.520000 1.333596e+00
2288.080000 1.334645e+00
2288.650000 1.336606e+00
2289.210000 1.338414e+00
2289.780000 1.340801e+00
2290.340000 1.343163e+00
2290.910000 1.345423e+00
2291.470000 1.346480e+00
2292.040000 1.346807e+00
2292.600000 1.346341e+00
2293.170000 1.346084e+00
2293.730000 1.345850e+00
2294.300000 1.345647e+00
2294.860000 1.346173e+00
2295.430000 1.347700e+00
2295.990000 1.349390e+00
2296.560000 1.351475e+00
2297.120000 1.354606e+00
2297.690000 1.358191e+00
2298.250000 1.361661e+00
2298.820000 1.365207e+00
2299.380000 1.368192e+00
2299.950000 1.370549e+00
2300.510000 1.371859e+00
2301.080000 1.372220e+00
2301.640000 1.371840e+00
2302.210000 1.371263e+00
2302.770000 1.370405e+00
2303.340000 1.370143e+00
2303.900000 1.370362e+00
2304.470000 1.371387e+00
2305.030000 1.372671e+00
2305.600000 1.374223e+00
2306.160000 1.375511e+00
2306.730000 1.376880e+00
2307.290000 1.378251e+00
2307.860000 1.379438e+00
2308.420000 1.380424e+00
2308.990000 1.381248e+00
2309.550000 1.382570e+00
2310.120000 1.384115e+00
2310.680000 1.386020e+00
2311.250000 1.387216e+00
2311.810000 1.388893e+00
2312.380000 1.390881e+00
2312.940000 1.393023e+00
2313.510000 1.395558e+00
2314.070000 1.399065e+00
2314.640000 1.402378e+00
2315.200000 1.405521e+00
2315.770000 1.408033e+00
2316.330000 1.410307e+00
2316.900000 1.412301e+00
2317.460000 1.414610e+00
2318.030000 1.416798e+00
2318.590000 1.418674e+00
2319.160000 1.419716e+00
2319.720000 1.420374e+00
2320.290000 1.420572e+00
2320.850000 1.420792e+00
2321.420000 1.421710e+00
2321.980000 1.422879e+00
2322.550000 1.424735e+00
2323.110000 1.426550e+00
2323.680000 1.428472e+00
2324.240000 1.430236e+00
2324.810000 1.431849e+00
2325.370000 1.432820e+00
2325.940000 1.433925e+00
2326.500000 1.434674e+00
2327.070000 1.434704e+00
2327.630000 1.435238e+00
2328.200000 1.436189e+00
2328.760000 1.436698e+00
2329.330000 1.436573e+00
2329.890000 1.436446e+00
2330.460000 1.435344e+00
2331.020000 1.433325e+00
2331.590000 1.431962e+00
2332.150000 1.430542e+00
2332.720000 1.429390e+00
2333.280000 1.428742e+00
2333.850000 1.426676e+00
2334.410000 1.423962e+00
2334.980000 1.421396e+00
2335.540000 1.418580e+00
2336.110000 1.415941e+00
2336.670000 1.415376e+00
2337.240000 1.414777e+00
2337.800000 1.414369e+00
2338.360000 1.414451e+00
2338.930000 1.414395e+00
2339.490000 1.414329e+00
2340.060000 1.414220e+00
2340.620000 1.413839e+00
2341.190000 1.413059e+00
2341.750000 1.412110e+00
2342.320000 1.411617e+00
2342.880000 1.411976e+00
2343.450000 1.412925e+00
2344.010000 1.414307e+00
2344.580000 1.415967e+00
2345.140000 1.417396e+00
2345.710000 1.417488e+00
2346.270000 1.417720e+00
2346.840000 1.416234e+00
2347.400000 1.414256e+00
2347.970000 1.411638e+00
2348.530000 1.410117e+00
2349.100000 1.408502e+00
2349.660000 1.408542e+00
2350.230000 1.408876e+00
2350.790000 1.409393e+00
2351.360000 1.409240e+00
2351.920000 1.408945e+00
2352.490000 1.408785e+00
2353.050000 1.408444e+00
2353.620000 1.408579e+00
2354.180000 1.409356e+00
2354.750000 1.410094e+00
2355.310000 1.410664e+00
2355.880000 1.411724e+00
2356.440000 1.413336e+00
2357.010000 1.414560e+00
2357.570000 1.415593e+00
2358.140000 1.416101e+00
2358.700000 1.416333e+00
2359.270000 1.415285e+00
2359.830000 1.413705e+00
2360.400000 1.411904e+00
2360.960000 1.410788e+00
2361.530000 1.409569e+00
2362.090000 1.408112e+00
2362.660000 1.407298e+00
2363.220000 1.406925e+00
2363.790000 1.406734e+00
2364.350000 1.407220e+00
2364.920000 1.408483e+00
2365.480000 1.409276e+00
2366.050000 1.409772e+00
2366.610000 1.409823e+00
2367.180000 1.409278e+00
2367.740000 1.408035e+00
2368.310000 1.407724e+00
2368.870000 1.407991e+00
2369.440000 1.408570e+00
2370.000000 1.409903e+00
2370.570000 1.411591e+00
2371.130000 1.412853e+00
2371.700000 1.413854e+00
2372.260000 1.414440e+00
2372.830000 1.414432e+00
2373.390000 1.414617e+00
2373.960000 1.414715e+00
2374.520000 1.414900e+00
2375.090000 1.415701e+00
2375.650000 1.416432e+00
2376.220000 1.417090e+00
2376.780000 1.417699e+00
2377.350000 1.418117e+00
2377.910000 1.418024e+00
2378.480000 1.417105e+00
2379.040000 1.416139e+00
2379.610000 1.414901e+00
2380.170000 1.414069e+00
2380.740000 1.414217e+00
2381.300000 1.415997e+00
2381.870000 1.418112e+00
2382.430000 1.420710e+00
2383.000000 1.422799e+00
2383.560000 1.424282e+00
2384.130000 1.425415e+00
2384.690000 1.425953e+00
2385.260000 1.425807e+00
2385.820000 1.425096e+00
2386.390000 1.424398e+00
2386.950000 1.423584e+00
2387.520000 1.423272e+00
2388.080000 1.423029e+00
2388.650000 1.423839e+00
2389.210000 1.425675e+00
2389.780000 1.427642e+00
2390.340000 1.429386e+00
2390.910000 1.431132e+00
2391.470000 1.432715e+00
2392.040000 1.432837e+00
2392.600000 1.432612e+00
2393.170000 1.432733e+00
2393.730000 1.433859e+00
2394.300000 1.434648e+00
2394.860000 1.436146e+00
2395.430000 1.437126e+00
2395.990000 1.437874e+00
2396.560000 1.437854e+00
2397.120000 1.438010e+00
2397.690000 1.437596e+00
2398.250000 1.437902e+00
2398.820000 1.438852e+00
2399.380000 1.440277e+00
2399.950000 1.441796e+00
2400.510000 1.443889e+00
2401.080000 1.445892e+00
2401.640000 1.447171e+00
2402.210000 1.447973e+00
2402.770000 1.448578e+00
2403.340000 1.448533e+00
2403.900000 1.448554e+00
2404.470000 1.448998e+00
2405.030000 1.450076e+00
2405.600000 1.451530e+00
2406.160000 1.453600e+00
2406.730000 1.455532e+00
2407.290000 1.457199e+00
2407.850000 1.458764e+00
2408.420000 1.460348e+00
2408.980000 1.461542e+00
2409.550000 1.463230e+00
2410.110000 1.465029e+00
2410.680000 1.466939e+00
2411.240000 1.468836e+00
2411.810000 1.471202e+00
2412.370000 1.473124e+00
2412.940000 1.475698e+00
2413.500000 1.477786e+00
2414.070000 1.479189e+00
2414.630000 1.480033e+00
2415.200000 1.480777e+00
2415.760000 1.481170e+00
2416.330000 1.482723e+00
2416.890000 1.485400e+00
2417.460000 1.488647e+00
2418.020000 1.492596e+00
2418.590000 1.496628e+00
2419.150000 1.500052e+00
2419.720000 1.502736e+00
2420.280000 1.505273e+00
2420.850000 1.507837e+00
2421.410000 1.509337e+00
2421.980000 1.509879e+00
2422.540000 1.510655e+00
2423.110000 1.510947e+00
2423.670000 1.509975e+00
2424.240000 1.509141e+00
2424.800000 1.508359e+00
2425.370000 1.507110e+00
2425.930000 1.505946e+00
2426.500000 1.505309e+00
2427.060000 1.504707e+00
2427.630000 1.504225e+00
2428.190000 1.504222e+00
2428.760000 1.504129e+00
2429.320000 1.504160e+00
2429.890000 1.504018e+00
2430.450000 1.503921e+00
2431.020000 1.503653e+00
2431.580000 1.503969e+00
2432.150000 1.504761e+00
2432.710000 1.505793e+00
2433.280000 1.506799e+00
2433.840000 1.507095e+00
2434.410000 1.506894e+00
2434.970000 1.506187e+00
2435.540000 1.506193e+00
2436.100000 1.506488e+00
2436.670000 1.507270e+00
2437.230000 1.508065e+00
2437.800000 1.508678e+00
2438.360000 1.508758e+00
2438.930000 1.508673e+00
2439.490000 1.508613e+00
2440.060000 1.508478e+00
2440.620000 1.508197e+00
2441.190000 1.507748e+00
2441.750000 1.507027e+00
2442.320000 1.506199e+00
2442.880000 1.505681e+00
2443.450000 1.505678e+00
2444.010000 1.506376e+00
2444.580000 1.507988e+00
2445.140000 1.509212e+00
2445.710000 1.509985e+00
2446.270000 1.509549e+00
2446.840000 1.508095e+00
2447.400000 1.505374e+00
2447.970000 1.502777e+00
2448.530000 1.499702e+00
2449.100000 1.497251e+00
2449.660000 1.495528e+00
2450.230000 1.494424e+00
2450.790000 1.493436e+00
2451.360000 1.493482e+00
2451.920000 1.493836e+00
2452.490000 1.494515e+00
2453.050000 1.496059e+00
2453.620000 1.498127e+00
2454.180000 1.499471e+00
2454.750000 1.500627e+00
2455.310000 1.501485e+00
2455.880000 1.501786e+00
2456.440000 1.502372e+00
2457.010000 1.503874e+00
2457.570000 1.505404e+00
2458.140000 1.506721e+00
2458.700000 1.508128e+00
2459.270000 1.509534e+00
2459.830000 1.511208e+00
2460.400000 1.513276e+00
2460.960000 1.514845e+00
2461.530000 1.515946e+00
2462.090000 1.516685e+00
2462.660000 1.517171e+00
2463.220000 1.517715e+00
2463.790000 1.519117e+00
2464.350000 1.520988e+00
2464.920000 1.522823e+00
2465.480000 1.524276e+00
2466.050000 1.525499e+00
2466.610000 1.525980e+00
2467.180000 1.526114e+00
2467.740000 1.525545e+00
2468.310000 1.524172e+00
2468.870000 1.522449e+00
2469.440000 1.521064e+00
2470.000000 1.520246e+00
2470.570000 1.520585e+00
2471.130000 1.522049e+00
2471.700000 1.523337e+00
2472.260000 1.524511e+00
2472.830000 1.524867e+00
2473.390000 1.524150e+00
2473.960000 1.522773e+00
2474.520000 1.521788e+00
2475.090000 1.520969e+00
2475.650000 1.520740e+00
2476.220000 1.521359e+00
2476.780000 1.522292e+00
2477.340000 1.522952e+00
2477.910000 1.523518e+00
2478.470000 1.523892e+00
2479.040000 1.523324e+00
2479.600000 1.522241e+00
2480.170000 1.521211e+00
2480.730000 1.520093e+00
2481.300000 1.518924e+00
2481.860000 1.517848e+00
2482.430000 1.517607e+00
2482.990000 1.517958e+00
2483.560000 1.519438e+00
2484.120000 1.520924e+00
2484.690000 1.523027e+00
2485.250000 1.524912e+00
2485.820000 1.526183e+00
2486.380000 1.527006e+00
2486.950000 1.528339e+00
2487.510000 1.529499e+00
2488.080000 1.530067e+00
2488.640000 1.530588e+00
2489.210000 1.529986e+00
2489.770000 1.528709e+00
2490.340000 1.527321e+00
2490.900000 1.526332e+00
2491.470000 1.526246e+00
2492.030000 1.526761e+00
2492.600000 1.527545e+00
2493.160000 1.528427e+00
2493.730000 1.529139e+00
2494.290000 1.529052e+00
2494.860000 1.529350e+00
2495.420000 1.529868e+00
2495.990000 1.530243e+00
2496.550000 1.530616e+00
2497.120000 1.530577e+00
2497.680000 1.529759e+00
2498.250000 1.528685e+00
2498.810000 1.527754e+00
2499.380000 1.526371e+00
2499.940000 1.525287e+00
2500.510000 1.524503e+00
2501.070000 1.523346e+00
2501.640000 1.522240e+00
2502.200000 1.522184e+00
2502.770000 1.523432e+00
2503.330000 1.525006e+00
2503.900000 1.526558e+00
2504.460000 1.528711e+00
2505.030000 1.530795e+00
2505.590000 1.532446e+00
2506.160000 1.533678e+00
2506.720000 1.534842e+00
2507.290000 1.535164e+00
2507.850000 1.534876e+00
2508.420000 1.533812e+00
2508.980000 1.533327e+00
2509.550000 1.533049e+00
2510.110000 1.533630e+00
2510.680000 1.533915e+00
2511.240000 1.534304e+00
2511.810000 1.534284e+00
2512.370000 1.534449e+00
2512.940000 1.534176e+00
2513.500000 1.534458e+00
2514.070000 1.534784e+00
2514.630000 1.534500e+00
2515.200000 1.534393e+00
2515.760000 1.533990e+00
2516.330000 1.533310e+00
2516.890000 1.532718e+00
2517.460000 1.533000e+00
2518.020000 1.532911e+00
2518.590000 1.532587e+00
2519.150000 1.532333e+00
2519.720000 1.532382e+00
2520.280000 1.532298e+00
2520.850000 1.533043e+00
2521.410000 1.533784e+00
2521.980000 1.534839e+00
2522.540000 1.535335e+00
2523.110000 1.535514e+00
2523.670000 1.535171e+00
2524.240000 1.534790e+00
2524.800000 1.534106e+00
2525.370000 1.533748e+00
2525.930000 1.533685e+00
2526.500000 1.533836e+00
2527.060000 1.534574e+00
2527.630000 1.535692e+00
2528.190000 1.536480e+00
2528.760000 1.537107e+00
2529.320000 1.537317e+00
2529.890000 1.537209e+00
2530.450000 1.536373e+00
2531.020000 1.535494e+00
2531.580000 1.534553e+00
2532.150000 1.534232e+00
2532.710000 1.533876e+00
2533.280000 1.534020e+00
2533.840000 1.534723e+00
2534.410000 1.535585e+00
2534.970000 1.536098e+00
2535.540000 1.537516e+00
2536.100000 1.539177e+00
2536.670000 1.540428e+00
2537.230000 1.541236e+00
2537.800000 1.541441e+00
2538.360000 1.540478e+00
2538.930000 1.539044e+00
2539.490000 1.537545e+00
2540.060000 1.536102e+00
2540.620000 1.535100e+00
2541.190000 1.534791e+00
2541.750000 1.534754e+00
2542.320000 1.535114e+00
2542.880000 1.535343e+00
2543.450000 1.535389e+00
2544.010000 1.534818e+00
2544.570000 1.534182e+00
2545.140000 1.533337e+00
2545.710000 1.533118e+00
2546.270000 1.533266e+00
2546.830000 1.533616e+00
2547.400000 1.533725e+00
2547.960000 1.533660e+00
2548.530000 1.533645e+00
2549.090000 1.533562e+00
2549.660000 1.533174e+00
2550.220000 1.532575e+00
2550.790000 1.531981e+00
2551.350000 1.530798e+00
2551.920000 1.529272e+00
2552.480000 1.528021e+00
2553.050000 1.526873e+00
2553.610000 1.525894e+00
2554.180000 1.525952e+00
2554.740000 1.525877e+00
2555.310000 1.525918e+00
2555.870000 1.526146e+00
2556.440000 1.526537e+00
2557.000000 1.526064e+00
2557.570000 1.525583e+00
2558.130000 1.525173e+00
2558.700000 1.524921e+00
2559.260000 1.524935e+00
2559.830000 1.525749e+00
2560.390000 1.526586e+00
2560.960000 1.526990e+00
2561.520000 1.526893e+00
2562.090000 1.525988e+00
2562.650000 1.524797e+00
2563.220000 1.524139e+00
2563.780000 1.523776e+00
2564.350000 1.523959e+00
2564.910000 1.524687e+00
2565.480000 1.525282e+00
2566.040000 1.525390e+00
2566.610000 1.525150e+00
2567.170000 1.525583e+00
2567.740000 1.526159e+00
2568.300000 1.526964e+00
2568.870000 1.527707e+00
2569.430000 1.528790e+00
2570.000000 1.528969e+00
2570.560000 1.528487e+00
2571.130000 1.527558e+00
2571.690000 1.526625e+00
2572.260000 1.525893e+00
2572.820000 1.525271e+00
2573.390000 1.525058e+00
2573.950000 1.524711e+00
2574.520000 1.524366e+00
2575.080000 1.523255e+00
2575.650000 1.522098e+00
2576.210000 1.521287e+00
2576.780000 1.521183e+00
2577.340000 1.521373e+00
2577.910000 1.522612e+00
2578.470000 1.523760e+00
2579.040000 1.524253e+00
2579.600000 1.523816e+00
2580.170000 1.523413e+00
2580.730000 1.522834e+00
2581.300000 1.522320e+00
2581.860000 1.522339e+00
2582.430000 1.522762e+00
2582.990000 1.523663e+00
2583.560000 1.524976e+00
2584.120000 1.526823e+00
2584.690000 1.528218e+00
2585.250000 1.529464e+00
2585.820000 1.530170e+00
2586.380000 1.530321e+00
2586.950000 1.529809e+00
2587.510000 1.529331e+00
2588.080000 1.528821e+00
2588.640000 1.528313e+00
2589.210000 1.527521e+00
2589.770000 1.527438e+00
2590.340000 1.527216e+00
2590.900000 1.526984e+00
2591.470000 1.526619e+00
2592.030000 1.526221e+00
2592.600000 1.524713e+00
2593.160000 1.523208e+00
2593.730000 1.523687e+00
2594.290000 1.524768e+00
2594.860000 1.525817e+00
2595.420000 1.527797e+00
2595.990000 1.530146e+00
2596.550000 1.530514e+00
2597.120000 1.530472e+00
2597.680000 1.530784e+00
2598.250000 1.531392e+00
2598.810000 1.531982e+00
2599.380000 1.532608e+00
2599.940000 1.532742e+00
2600.510000 1.532731e+00
2601.070000 1.532163e+00
2601.640000 1.531854e+00
2602.200000 1.532630e+00
2602.770000 1.533861e+00
2603.330000 1.534631e+00
2603.900000 1.535140e+00
2604.460000 1.535383e+00
2605.030000 1.535206e+00
2605.590000 1.535192e+00
2606.160000 1.535528e+00
2606.720000 1.536319e+00
2607.290000 1.537585e+00
2607.850000 1.538950e+00
2608.420000 1.539696e+00
2608.980000 1.540296e+00
2609.550000 1.540427e+00
2610.110000 1.540262e+00
2610.680000 1.539434e+00
2611.240000 1.539951e+00
2611.810000 1.541245e+00
2612.370000 1.543092e+00
2612.940000 1.545072e+00
2613.500000 1.547130e+00
2614.060000 1.547555e+00
2614.630000 1.546892e+00
2615.190000 1.545402e+00
2615.760000 1.543806e+00
2616.320000 1.542427e+00
2616.890000 1.541968e+00
2617.450000 1.542228e+00
2618.020000 1.543259e+00
2618.580000 1.543981e+00
2619.150000 1.544509e+00
2619.710000 1.544665e+00
2620.280000 1.544472e+00
2620.840000 1.543363e+00
2621.410000 1.542642e+00
2621.970000 1.542257e+00
2622.540000 1.542203e+00
2623.100000 1.542116e+00
2623.670000 1.542493e+00
2624.230000 1.542112e+00
2624.800000 1.541336e+00
2625.360000 1.540464e+00
2625.930000 1.540220e+00
2626.490000 1.539942e+00
2627.060000 1.539352e+00
2627.620000 1.538307e+00
2628.190000 1.537053e+00
2628.750000 1.535734e+00
2629.320000 1.534884e+00
2629.880000 1.534744e+00
2630.450000 1.534799e+00
2631.010000 1.535092e+00
2631.580000 1.535004e+00
2632.140000 1.533962e+00
2632.710000 1.532635e+00
2633.270000 1.531125e+00
2633.840000 1.528240e+00
2634.400000 1.525338e+00
2634.970000 1.523171e+00
2635.530000 1.521362e+00
2636.100000 1.519184e+00
2636.660000 1.517767e+00
2637.230000 1.516266e+00
2637.790000 1.514334e+00
2638.360000 1.511860e+00
2638.920000 1.509992e+00
2639.490000 1.508661e+00
2640.050000 1.507850e+00
2640.620000 1.508285e+00
2641.180000 1.509162e+00
2641.750000 1.509609e+00
2642.310000 1.509769e+00
2642.880000 1.509360e+00
2643.440000 1.507571e+00
2644.010000 1.505546e+00
2644.570000 1.503931e+00
2645.140000 1.502172e+00
2645.700000 1.500053e+00
2646.270000 1.498019e+00
2646.830000 1.495586e+00
2647.400000 1.493336e+00
2647.960000 1.491586e+00
2648.530000 1.490499e+00
2649.090000 1.489729e+00
2649.660000 1.489211e+00
2650.220000 1.488242e+00
2650.790000 1.487003e+00
2651.350000 1.486162e+00
2651.920000 1.486229e+00
2652.480000 1.487783e+00
2653.050000 1.490236e+00
2653.610000 1.492522e+00
2654.180000 1.493675e+00
2654.740000 1.494020e+00
2655.310000 1.493297e+00
2655.870000 1.492147e+00
2656.440000 1.491783e+00
2657.000000 1.492330e+00
2657.570000 1.492198e+00
2658.130000 1.491706e+00
2658.700000 1.491029e+00
2659.260000 1.490113e+00
2659.830000 1.489358e+00
2660.390000 1.489991e+00
2660.960000 1.491537e+00
2661.520000 1.493637e+00
2662.090000 1.495435e+00
2662.650000 1.496994e+00
2663.220000 1.498291e+00
2663.780000 1.499693e+00
2664.350000 1.501159e+00
2664.910000 1.503663e+00
2665.480000 1.506466e+00
2666.040000 1.508762e+00
2666.610000 1.510591e+00
2667.170000 1.512030e+00
2667.740000 1.512674e+00
2668.300000 1.512408e+00
2668.870000 1.512145e+00
2669.430000 1.511946e+00
2670.000000 1.511767e+00
2670.560000 1.511824e+00
2671.130000 1.512626e+00
2671.690000 1.514185e+00
2672.260000 1.515322e+00
2672.820000 1.516470e+00
2673.390000 1.517345e+00
2673.950000 1.518107e+00
2674.520000 1.517696e+00
2675.080000 1.516869e+00
2675.650000 1.515912e+00
2676.210000 1.515209e+00
2676.780000 1.514043e+00
2677.340000 1.513098e+00
2677.910000 1.512709e+00
2678.470000 1.512299e+00
2679.040000 1.511615e+00
2679.600000 1.510808e+00
2680.170000 1.510194e+00
2680.730000 1.510741e+00
2681.300000 1.511795e+00
2681.860000 1.512498e+00
2682.430000 1.513522e+00
2682.990000 1.514928e+00
2683.550000 1.516068e+00
2684.120000 1.517490e+00
2684.680000 1.519626e+00
2685.250000 1.522666e+00
2685.810000 1.525625e+00
2686.380000 1.527340e+00
2686.940000 1.529300e+00
2687.510000 1.532207e+00
2688.070000 1.534912e+00
2688.640000 1.537606e+00
2689.200000 1.540769e+00
2689.770000 1.542885e+00
2690.330000 1.544094e+00
2690.900000 1.544586e+00
2691.460000 1.544232e+00
2692.030000 1.543381e+00
2692.590000 1.542586e+00
2693.160000 1.541972e+00
2693.720000 1.541141e+00
2694.290000 1.541559e+00
2694.850000 1.543008e+00
2695.420000 1.544827e+00
2695.980000 1.546163e+00
2696.550000 1.547711e+00
2697.110000 1.548435e+00
2697.680000 1.548833e+00
2698.240000 1.549345e+00
2698.810000 1.550128e+00
2699.370000 1.551379e+00
2699.940000 1.553298e+00
2700.500000 1.555191e+00
2701.070000 1.556858e+00
2701.630000 1.559054e+00
2702.200000 1.561549e+00
2702.760000 1.563978e+00
2703.330000 1.566231e+00
2703.890000 1.568424e+00
2704.460000 1.570001e+00
2705.020000 1.570711e+00
2705.590000 1.571244e+00
2706.150000 1.572436e+00
2706.720000 1.574258e+00
2707.280000 1.576571e+00
2707.850000 1.579647e+00
2708.410000 1.582585e+00
2708.980000 1.585009e+00
2709.540000 1.587053e+00
2710.110000 1.588243e+00
2710.670000 1.589338e+00
2711.240000 1.590968e+00
2711.800000 1.592612e+00
2712.370000 1.594171e+00
2712.930000 1.596377e+00
2713.500000 1.598843e+00
2714.060000 1.600476e+00
2714.630000 1.601690e+00
2715.190000 1.602633e+00
2715.760000 1.603293e+00
2716.320000 1.603796e+00
2716.890000 1.605822e+00
2717.450000 1.608863e+00
2718.020000 1.612429e+00
2718.580000 1.616196e+00
2719.150000 1.620006e+00
2719.710000 1.622652e+00
2720.280000 1.624720e+00
2720.840000 1.626691e+00
2721.410000 1.628790e+00
2721.970000 1.630652e+00
2722.540000 1.632706e+00
2723.100000 1.634628e+00
2723.670000 1.636604e+00
2724.230000 1.638257e+00
2724.800000 1.640332e+00
2725.360000 1.642498e+00
2725.930000 1.645253e+00
2726.490000 1.649408e+00
2727.060000 1.654191e+00
2727.620000 1.658800e+00
2728.190000 1.663021e+00
2728.750000 1.667390e+00
2729.320000 1.670509e+00
2729.880000 1.672861e+00
2730.450000 1.674198e+00
2731.010000 1.675757e+00
2731.580000 1.677201e+00
2732.140000 1.678306e+00
2732.710000 1.679270e+00
2733.270000 1.679907e+00
2733.840000 1.680550e+00
2734.400000 1.681039e+00
2734.970000 1.681550e+00
2735.530000 1.683005e+00
2736.100000 1.686404e+00
2736.660000 1.689781e+00
2737.230000 1.693414e+00
2737.790000 1.697437e+00
2738.360000 1.701118e+00
2738.920000 1.703194e+00
2739.490000 1.705317e+00
2740.050000 1.707077e+00
2740.620000 1.709073e+00
2741.180000 1.711584e+00
2741.750000 1.715203e+00
2742.310000 1.718866e+00
2742.880000 1.722179e+00
2743.440000 1.725401e+00
2744.010000 1.728232e+00
2744.570000 1.730814e+00
2745.140000 1.733678e+00
2745.700000 1.736412e+00
2746.270000 1.738388e+00
2746.830000 1.740408e+00
2747.400000 1.742290e+00
2747.960000 1.744023e+00
2748.530000 1.745244e+00
2749.090000 1.746842e+00
2749.660000 1.748549e+00
2750.220000 1.750663e+00
2750.790000 1.752925e+00
2751.350000 1.756722e+00
2751.920000 1.760642e+00
2752.480000 1.764184e+00
2753.040000 1.767206e+00
2753.610000 1.770130e+00
2754.170000 1.772951e+00
2754.740000 1.775917e+00
2755.300000 1.778481e+00
2755.870000 1.781016e+00
2756.430000 1.783060e+00
2757.000000 1.783863e+00
2757.560000 1.784110e+00
2758.130000 1.785365e+00
2758.690000 1.787082e+00
2759.260000 1.789451e+00
2759.820000 1.792336e+00
2760.390000 1.795725e+00
2760.950000 1.798496e+00
2761.520000 1.800859e+00
2762.080000 1.803171e+00
2762.650000 1.805888e+00
2763.210000 1.808544e+00
2763.780000 1.811189e+00
2764.340000 1.814589e+00
2764.910000 1.818553e+00
2765.470000 1.822756e+00
2766.040000 1.827592e+00
2766.600000 1.833329e+00
2767.170000 1.838886e+00
2767.730000 1.844401e+00
2768.300000 1.849828e+00
2768.860000 1.855337e+00
2769.430000 1.860660e+00
2769.990000 1.865953e+00
2770.560000 1.871109e+00
2771.120000 1.876384e+00
2771.690000 1.881385e+00
2772.250000 1.887258e+00
2772.820000 1.894942e+00
2773.380000 1.904229e+00
2773.950000 1.914500e+00
2774.510000 1.925487e+00
2775.080000 1.935602e+00
2775.640000 1.944717e+00
2776.210000 1.953398e+00
2776.770000 1.962175e+00
2777.340000 1.971278e+00
2777.900000 1.981422e+00
2778.470000 1.992176e+00
2779.030000 2.002857e+00
2779.600000 2.013801e+00
2780.160000 2.025174e+00
2780.730000 2.036802e+00
2781.290000 2.049733e+00
2781.860000 2.063527e+00
2782.420000 2.077803e+00
2782.990000 2.091875e+00
2783.550000 2.104951e+00
2784.120000 2.117324e+00
2784.680000 2.128705e+00
2785.250000 2.140840e+00
2785.810000 2.154495e+00
2786.380000 2.169428e+00
2786.940000 2.184734e+00
2787.510000 2.206558e+00
2788.070000 2.227434e+00
2788.640000 2.246840e+00
2789.200000 2.266734e+00
2789.770000 2.286375e+00
2790.330000 2.301371e+00
2790.900000 2.316569e+00
2791.460000 2.332811e+00
2792.030000 2.348455e+00
2792.590000 2.363562e+00
2793.160000 2.376720e+00
2793.720000 2.389053e+00
2794.290000 2.399071e+00
2794.850000 2.407249e+00
2795.420000 2.413592e+00
2795.980000 2.418039e+00
2796.550000 2.420818e+00
2797.110000 2.422591e+00
2797.680000 2.423114e+00
2798.240000 2.423330e+00
2798.810000 2.423297e+00
2799.370000 2.422753e+00
2799.940000 2.421710e+00
2800.500000 2.421104e+00
2801.070000 2.419363e+00
2801.630000 2.415628e+00
2802.200000 2.410393e+00
2802.760000 2.402546e+00
2803.330000 2.391923e+00
2803.890000 2.378718e+00
2804.460000 2.364961e+00
2805.020000 2.350129e+00
2805.590000 2.335834e+00
2806.150000 2.320747e+00
2806.720000 2.305739e+00
2807.280000 2.290342e+00
2807.850000 2.273922e+00
2808.410000 2.256830e+00
2808.980000 2.240802e+00
2809.540000 2.224921e+00
2810.110000 2.209777e+00
2810.670000 2.196340e+00
2811.240000 2.183047e+00
2811.800000 2.170740e+00
2812.370000 2.159456e+00
2812.930000 2.147163e+00
2813.500000 2.134143e+00
2814.060000 2.120794e+00
2814.630000 2.106808e+00
2815.190000 2.092550e+00
2815.760000 2.079123e+00
2816.320000 2.066417e+00
2816.890000 2.055016e+00
2817.450000 2.043894e+00
2818.020000 2.033799e+00
2818.580000 2.025027e+00
2819.150000 2.016709e+00
2819.710000 2.009485e+00
2820.270000 2.002182e+00
2820.840000 1.994929e+00
2821.410000 1.987984e+00
2821.970000 1.981766e+00
2822.530000 1.976443e+00
2823.100000 1.972405e+00
2823.660000 1.969381e+00
2824.230000 1.965878e+00
2824.790000 1.962244e+00
2825.360000 1.957907e+00
2825.920000 1.952947e+00
2826.490000 1.947265e+00
2827.050000 1.942369e+00
2827.620000 1.937633e+00
2828.180000 1.932907e+00
2828.750000 1.928603e+00
2829.310000 1.924616e+00
2829.880000 1.921093e+00
2830.440000 1.918194e+00
2831.010000 1.915271e+00
2831.570000 1.912015e+00
2832.140000 1.908442e+00
2832.700000 1.905045e+00
2833.270000 1.901071e+00
2833.830000 1.897644e+00
2834.400000 1.895353e+00
2834.960000 1.893223e+00
2835.530000 1.890191e+00
2836.090000 1.886821e+00
2836.660000 1.882634e+00
2837.220000 1.876903e+00
2837.790000 1.870910e+00
2838.350000 1.865086e+00
2838.920000 1.859735e+00
2839.480000 1.854872e+00
2840.050000 1.851318e+00
2840.610000 1.848700e+00
2841.180000 1.846352e+00
2841.740000 1.843909e+00
2842.310000 1.841591e+00
2842.870000 1.838656e+00
2843.440000 1.835148e+00
2844.000000 1.830952e+00
2844.570000 1.827190e+00
2845.130000 1.823540e+00
2845.700000 1.820109e+00
2846.260000 1.817229e+00
2846.830000 1.815012e+00
2847.390000 1.812675e+00
2847.960000 1.809762e+00
2848.520000 1.807047e+00
2849.090000 1.803916e+00
2849.650000 1.800634e+00
2850.220000 1.796906e+00
2850.780000 1.793771e+00
2851.350000 1.790604e+00
2851.910000 1.787610e+00
2852.480000 1.784818e+00
2853.040000 1.782151e+00
2853.610000 1.779259e+00
2854.170000 1.776524e+00
2854.740000 1.773855e+00
2855.300000 1.771567e+00
2855.870000 1.769654e+00
2856.430000 1.768260e+00
2857.000000 1.766695e+00
2857.560000 1.765087e+00
2858.130000 1.763037e+00
2858.690000 1.760951e+00
2859.260000 1.758478e+00
2859.820000 1.756452e+00
2860.390000 1.754840e+00
2860.950000 1.753179e+00
2861.520000 1.751585e+00
2862.080000 1.750125e+00
2862.650000 1.748542e+00
2863.210000 1.746765e+00
2863.780000 1.745376e+00
2864.340000 1.743935e+00
2864.910000 1.742338e+00
2865.470000 1.740501e+00
2866.040000 1.738869e+00
2866.600000 1.736746e+00
2867.170000 1.734944e+00
2867.730000 1.732962e+00
2868.300000 1.730077e+00
2868.860000 1.727011e+00
2869.430000 1.723994e+00
2869.990000 1.720791e+00
2870.560000 1.718430e+00
2871.120000 1.717757e+00
2871.690000 1.717808e+00
2872.250000 1.718673e+00
2872.820000 1.720097e+00
2873.380000 1.720953e+00
2873.950000 1.720911e+00
2874.510000 1.720181e+00
2875.080000 1.718951e+00
2875.640000 1.717049e+00
2876.210000 1.715549e+00
2876.770000 1.714288e+00
2877.340000 1.712998e+00
2877.900000 1.711816e+00
2878.470000 1.710770e+00
2879.030000 1.708979e+00
2879.600000 1.707103e+00
2880.160000 1.704709e+00
2880.730000 1.702900e+00
2881.290000 1.701634e+00
2881.860000 1.700825e+00
2882.420000 1.699874e+00
2882.990000 1.699338e+00
2883.550000 1.698118e+00
2884.120000 1.696467e+00
2884.680000 1.694839e+00
2885.250000 1.693812e+00
2885.810000 1.693298e+00
2886.380000 1.693326e+00
2886.940000 1.692908e+00
2887.510000 1.692375e+00
2888.070000 1.690969e+00
2888.640000 1.688593e+00
2889.200000 1.685363e+00
2889.760000 1.682278e+00
2890.330000 1.679277e+00
2890.890000 1.676977e+00
2891.460000 1.675175e+00
2892.020000 1.674356e+00
2892.590000 1.673649e+00
2893.150000 1.673152e+00
2893.720000 1.672436e+00
2894.280000 1.672503e+00
2894.850000 1.672524e+00
2895.410000 1.672919e+00
2895.980000 1.673141e+00
2896.540000 1.673319e+00
2897.110000 1.673032e+00
2897.670000 1.672545e+00
2898.240000 1.671769e+00
2898.800000 1.670788e+00
2899.370000 1.669978e+00
2899.930000 1.669053e+00
2900.500000 1.667242e+00
2901.060000 1.665250e+00
2901.630000 1.663663e+00
2902.190000 1.662302e+00
2902.760000 1.661375e+00
2903.320000 1.661230e+00
2903.890000 1.661508e+00
2904.450000 1.661750e+00
2905.020000 1.661535e+00
2905.580000 1.661010e+00
2906.150000 1.660514e+00
2906.710000 1.659326e+00
2907.280000 1.657956e+00
2907.840000 1.657304e+00
2908.410000 1.656713e+00
2908.970000 1.656092e+00
2909.540000 1.656406e+00
2910.100000 1.656876e+00
2910.670000 1.656982e+00
2911.230000 1.657503e+00
2911.800000 1.657883e+00
2912.360000 1.657999e+00
2912.930000 1.658250e+00
2913.490000 1.659107e+00
2914.060000 1.659909e+00
2914.620000 1.660942e+00
2915.190000 1.661624e+00
2915.750000 1.661930e+00
2916.320000 1.662313e+00
2916.880000 1.662589e+00
2917.450000 1.662928e+00
2918.010000 1.663640e+00
2918.580000 1.665378e+00
2919.140000 1.667270e+00
2919.710000 1.669744e+00
2920.270000 1.671488e+00
2920.840000 1.673579e+00
2921.400000 1.675473e+00
2921.970000 1.677063e+00
2922.530000 1.678007e+00
2923.100000 1.680102e+00
2923.660000 1.682323e+00
2924.230000 1.684634e+00
2924.790000 1.686780e+00
2925.360000 1.688524e+00
2925.920000 1.689947e+00
2926.490000 1.692201e+00
2927.050000 1.694315e+00
2927.620000 1.696342e+00
2928.180000 1.698426e+00
2928.750000 1.700308e+00
2929.310000 1.701014e+00
2929.880000 1.701646e+00
2930.440000 1.701846e+00
2931.010000 1.702438e+00
2931.570000 1.703181e+00
2932.140000 1.704106e+00
2932.700000 1.704654e+00
2933.270000 1.705701e+00
2933.830000 1.706745e+00
2934.400000 1.708482e+00
2934.960000 1.710079e+00
2935.530000 1.711670e+00
2936.090000 1.713083e+00
2936.660000 1.714186e+00
2937.220000 1.714205e+00
2937.790000 1.714381e+00
2938.350000 1.714537e+00
2938.920000 1.714804e+00
2939.480000 1.715428e+00
2940.050000 1.716603e+00
2940.610000 1.717380e+00
2941.180000 1.718287e+00
2941.740000 1.718704e+00
2942.310000 1.718882e+00
2942.870000 1.718419e+00
2943.440000 1.717639e+00
2944.000000 1.717021e+00
2944.570000 1.716907e+00
2945.130000 1.717239e+00
2945.700000 1.717564e+00
2946.260000 1.718288e+00
2946.830000 1.718770e+00
2947.390000 1.718897e+00
2947.960000 1.718112e+00
2948.520000 1.717085e+00
2949.090000 1.716519e+00
2949.650000 1.716149e+00
2950.220000 1.715637e+00
2950.780000 1.715925e+00
2951.350000 1.716611e+00
2951.910000 1.717094e+00
2952.480000 1.717059e+00
2953.040000 1.716754e+00
2953.610000 1.716209e+00
2954.170000 1.715685e+00
2954.740000 1.714582e+00
2955.300000 1.713726e+00
2955.870000 1.713170e+00
2956.430000 1.712909e+00
2957.000000 1.713122e+00
2957.560000 1.713873e+00
2958.120000 1.714398e+00
2958.690000 1.715454e+00
2959.250000 1.715900e+00
2959.820000 1.716052e+00
2960.380000 1.715820e+00
2960.950000 1.715741e+00
2961.510000 1.715342e+00
2962.080000 1.714859e+00
2962.640000 1.714545e+00
2963.210000 1.715144e+00
2963.770000 1.716631e+00
2964.340000 1.718070e+00
2964.900000 1.719695e+00
2965.470000 1.720519e+00
2966.030000 1.720707e+00
2966.600000 1.719733e+00
2967.160000 1.718750e+00
2967.730000 1.717612e+00
2968.290000 1.716896e+00
2968.860000 1.716080e+00
2969.420000 1.714805e+00
2969.990000 1.712983e+00
2970.550000 1.711647e+00
2971.120000 1.710828e+00
2971.680000 1.710310e+00
2972.250000 1.710632e+00
2972.810000 1.711231e+00
2973.380000 1.711321e+00
2973.940000 1.710908e+00
2974.510000 1.710114e+00
2975.070000 1.709247e+00
2975.640000 1.708531e+00
2976.200000 1.708241e+00
2976.770000 1.707870e+00
2977.330000 1.706946e+00
2977.900000 1.705273e+00
2978.460000 1.703602e+00
2979.030000 1.701724e+00
2979.590000 1.700030e+00
2980.160000 1.699149e+00
2980.720000 1.699261e+00
2981.290000 1.699276e+00
2981.850000 1.699188e+00
2982.420000 1.698338e+00
2982.980000 1.696232e+00
2983.550000 1.693457e+00
2984.110000 1.690110e+00
2984.680000 1.686538e+00
2985.240000 1.683529e+00
2985.810000 1.681427e+00
2986.370000 1.679948e+00
2986.940000 1.678798e+00
2987.500000 1.677492e+00
2988.070000 1.675859e+00
2988.630000 1.674263e+00
2989.200000 1.672393e+00
2989.760000 1.670812e+00
2990.330000 1.669527e+00
2990.890000 1.668667e+00
2991.460000 1.667787e+00
2992.020000 1.667079e+00
2992.590000 1.666170e+00
2993.150000 1.665738e+00
2993.720000 1.665274e+00
2994.280000 1.664636e+00
2994.850000 1.663530e+00
2995.410000 1.662566e+00
2995.980000 1.660825e+00
2996.540000 1.658893e+00
2997.110000 1.656982e+00
2997.670000 1.655329e+00
2998.240000 1.653345e+00
2998.800000 1.652110e+00
2999.370000 1.651024e+00
2999.930000 1.650537e+00
3000.500000 1.649407e+00
3001.060000 1.647830e+00
3001.630000 1.645399e+00
3002.190000 1.642303e+00
3002.760000 1.638463e+00
3003.320000 1.634826e+00
3003.890000 1.632001e+00
3004.450000 1.629410e+00
3005.020000 1.626611e+00
3005.580000 1.624105e+00
3006.150000 1.622704e+00
3006.710000 1.621404e+00
3007.280000 1.620661e+00
3007.840000 1.620864e+00
3008.410000 1.620703e+00
3008.970000 1.619901e+00
3009.540000 1.618645e+00
3010.100000 1.616606e+00
3010.670000 1.614021e+00
3011.230000 1.612024e+00
3011.800000 1.609853e+00
3012.360000 1.608282e+00
3012.930000 1.607286e+00
3013.490000 1.606696e+00
3014.060000 1.605862e+00
3014.620000 1.604438e+00
3015.190000 1.602331e+00
3015.750000 1.600185e+00
3016.320000 1.598172e+00
3016.880000 1.595931e+00
3017.450000 1.594439e+00
3018.010000 1.593727e+00
3018.580000 1.592393e+00
3019.140000 1.591216e+00
3019.710000 1.591001e+00
3020.270000 1.591407e+00
3020.840000 1.591776e+00
3021.400000 1.592833e+00
3021.970000 1.593866e+00
3022.530000 1.594434e+00
3023.100000 1.593789e+00
3023.660000 1.592292e+00
3024.230000 1.590685e+00
3024.790000 1.588902e+00
3025.350000 1.587384e+00
3025.920000 1.587187e+00
3026.490000 1.587954e+00
3027.050000 1.588841e+00
3027.610000 1.590009e+00
3028.180000 1.591542e+00
3028.740000 1.592987e+00
3029.310000 1.594360e+00
3029.870000 1.596012e+00
3030.440000 1.597517e+00
3031.000000 1.598747e+00
3031.570000 1.599163e+00
3032.130000 1.599663e+00
3032.700000 1.600055e+00
3033.260000 1.600226e+00
3033.830000 1.600119e+00
3034.390000 1.599407e+00
3034.960000 1.598519e+00
3035.520000 1.597519e+00
3036.090000 1.596867e+00
3036.650000 1.595972e+00
3037.220000 1.595453e+00
3037.780000 1.594362e+00
3038.350000 1.593456e+00
3038.910000 1.592836e+00
3039.480000 1.592583e+00
3040.040000 1.593262e+00
3040.610000 1.593939e+00
3041.170000 1.594335e+00
3041.740000 1.594260e+00
3042.300000 1.593741e+00
3042.870000 1.593040e+00
3043.430000 1.592785e+00
3044.000000 1.593043e+00
3044.560000 1.593446e+00
3045.130000 1.593911e+00
3045.690000 1.594697e+00
3046.260000 1.595945e+00
3046.820000 1.596911e+00
3047.390000 1.597964e+00
3047.950000 1.599066e+00
3048.520000 1.599812e+00
3049.080000 1.599840e+00
3049.650000 1.599555e+00
3050.210000 1.598982e+00
3050.780000 1.597762e+00
3051.340000 1.596499e+00
3051.910000 1.595525e+00
3052.470000 1.595129e+00
3053.040000 1.594927e+00
3053.600000 1.595584e+00
3054.170000 1.596765e+00
3054.730000 1.597881e+00
3055.300000 1.598385e+00
3055.860000 1.598842e+00
3056.430000 1.599539e+00
3056.990000 1.599920e+00
3057.560000 1.600786e+00
3058.120000 1.601469e+00
3058.690000 1.601644e+00
3059.250000 1.601530e+00
3059.820000 1.601297e+00
3060.380000 1.601505e+00
3060.950000 1.602529e+00
3061.510000 1.604530e+00
3062.080000 1.606946e+00
3062.640000 1.609164e+00
3063.210000 1.610893e+00
3063.770000 1.612088e+00
3064.340000 1.613249e+00
3064.900000 1.614582e+00
3065.470000 1.616476e+00
3066.030000 1.618243e+00
3066.600000 1.620002e+00
3067.160000 1.621322e+00
3067.730000 1.621973e+00
3068.290000 1.621549e+00
3068.860000 1.620584e+00
3069.420000 1.619558e+00
3069.990000 1.619053e+00
3070.550000 1.618797e+00
3071.120000 1.619235e+00
3071.680000 1.620228e+00
3072.250000 1.621799e+00
3072.810000 1.623089e+00
3073.380000 1.624146e+00
3073.940000 1.624848e+00
3074.510000 1.625138e+00
3075.070000 1.625412e+00
3075.640000 1.625352e+00
3076.200000 1.625297e+00
3076.770000 1.625125e+00
3077.330000 1.624687e+00
3077.900000 1.623956e+00
3078.460000 1.623182e+00
3079.030000 1.622262e+00
3079.590000 1.621445e+00
3080.160000 1.620617e+00
3080.720000 1.619896e+00
3081.290000 1.618838e+00
3081.850000 1.617899e+00
3082.420000 1.617075e+00
3082.980000 1.617471e+00
3083.550000 1.617688e+00
3084.110000 1.618329e+00
3084.680000 1.619058e+00
3085.240000 1.620252e+00
3085.810000 1.620818e+00
3086.370000 1.620513e+00
3086.940000 1.620005e+00
3087.500000 1.618966e+00
3088.070000 1.617418e+00
3088.630000 1.615568e+00
3089.200000 1.614440e+00
3089.760000 1.614155e+00
3090.330000 1.614431e+00
3090.890000 1.615102e+00
3091.460000 1.616064e+00
3092.020000 1.617208e+00
3092.590000 1.617714e+00
3093.150000 1.618498e+00
3093.720000 1.619160e+00
3094.280000 1.620092e+00
3094.840000 1.621387e+00
3095.410000 1.623427e+00
3095.970000 1.625605e+00
3096.540000 1.627713e+00
3097.100000 1.629210e+00
3097.670000 1.630313e+00
3098.230000 1.631324e+00
3098.800000 1.632267e+00
3099.360000 1.633514e+00
3099.930000 1.634565e+00
3100.490000 1.635768e+00
3101.060000 1.636394e+00
3101.620000 1.636691e+00
3102.190000 1.637169e+00
3102.750000 1.638683e+00
3103.320000 1.640689e+00
3103.880000 1.643038e+00
3104.450000 1.645909e+00
3105.010000 1.648614e+00
3105.580000 1.650895e+00
3106.140000 1.652445e+00
3106.710000 1.653844e+00
3107.270000 1.654648e+00
3107.840000 1.655230e+00
3108.400000 1.655739e+00
3108.970000 1.656733e+00
3109.530000 1.658041e+00
3110.100000 1.659252e+00
3110.660000 1.659904e+00
3111.230000 1.660637e+00
3111.790000 1.661710e+00
3112.360000 1.663406e+00
3112.920000 1.666105e+00
3113.490000 1.669496e+00
3114.050000 1.673313e+00
3114.620000 1.677117e+00
3115.180000 1.679957e+00
3115.750000 1.681900e+00
3116.310000 1.683206e+00
3116.880000 1.684098e+00
3117.440000 1.684782e+00
3118.010000 1.686356e+00
3118.570000 1.688647e+00
3119.140000 1.691604e+00
3119.700000 1.695058e+00
3120.270000 1.698035e+00
3120.830000 1.700148e+00
3121.400000 1.701850e+00
3121.960000 1.704159e+00
3122.530000 1.706165e+00
3123.090000 1.708312e+00
3123.660000 1.710623e+00
3124.220000 1.713285e+00
3124.790000 1.715023e+00
3125.350000 1.717385e+00
3125.920000 1.719907e+00
3126.480000 1.722092e+00
3127.050000 1.723405e+00
3127.610000 1.723395e+00
3128.180000 1.722374e+00
3128.740000 1.720911e+00
3129.310000 1.719609e+00
3129.870000 1.718889e+00
3130.440000 1.719625e+00
3131.000000 1.719907e+00
3131.570000 1.719538e+00
3132.130000 1.719237e+00
3132.700000 1.718512e+00
3133.260000 1.717695e+00
3133.830000 1.717721e+00
3134.390000 1.718229e+00
3134.960000 1.718030e+00
3135.520000 1.717422e+00
3136.090000 1.716079e+00
3136.650000 1.713891e+00
3137.220000 1.712084e+00
3137.780000 1.710252e+00
3138.350000 1.708899e+00
3138.910000 1.708234e+00
3139.480000 1.708346e+00
3140.040000 1.708226e+00
3140.610000 1.708447e+00
3141.170000 1.707932e+00
3141.740000 1.706888e+00
3142.300000 1.705373e+00
3142.870000 1.703655e+00
3143.430000 1.702410e+00
3144.000000 1.702440e+00
3144.560000 1.703404e+00
3145.130000 1.704141e+00
3145.690000 1.704888e+00
3146.260000 1.704723e+00
3146.820000 1.704009e+00
3147.390000 1.702714e+00
3147.950000 1.701905e+00
3148.520000 1.701694e+00
3149.080000 1.701873e+00
3149.650000 1.702079e+00
3150.210000 1.702458e+00
3150.780000 1.703258e+00
3151.340000 1.703898e+00
3151.910000 1.705352e+00
3152.470000 1.707454e+00
3153.040000 1.710060e+00
3153.600000 1.712173e+00
3154.170000 1.713806e+00
3154.730000 1.713828e+00
3155.300000 1.712794e+00
3155.860000 1.711702e+00
3156.430000 1.710431e+00
3156.990000 1.710129e+00
3157.560000 1.711145e+00
3158.120000 1.712765e+00
3158.690000 1.714357e+00
3159.250000 1.716098e+00
3159.820000 1.717203e+00
3160.380000 1.718486e+00
3160.950000 1.719922e+00
3161.510000 1.721237e+00
3162.080000 1.722945e+00
3162.640000 1.725173e+00
3163.210000 1.727030e+00
3163.770000 1.728774e+00
3164.330000 1.730075e+00
3164.900000 1.731009e+00
3165.460000 1.731522e+00
3166.030000 1.732310e+00
3166.590000 1.733298e+00
3167.160000 1.735156e+00
3167.720000 1.737232e+00
3168.290000 1.739541e+00
3168.850000 1.741275e+00
3169.420000 1.742398e+00
3169.980000 1.743165e+00
3170.550000 1.743805e+00
3171.110000 1.744940e+00
3171.680000 1.746286e+00
3172.240000 1.747777e+00
3172.810000 1.748678e+00
3173.370000 1.750118e+00
3173.940000 1.751249e+00
3174.500000 1.753232e+00
3175.070000 1.755137e+00
3175.630000 1.757339e+00
3176.200000 1.758729e+00
3176.760000 1.759766e+00
3177.330000 1.760419e+00
3177.890000 1.761631e+00
3178.460000 1.764513e+00
3179.020000 1.767648e+00
3179.590000 1.771077e+00
3180.150000 1.774241e+00
3180.720000 1.777097e+00
3181.280000 1.778297e+00
3181.850000 1.779483e+00
3182.410000 1.780345e+00
3182.980000 1.781048e+00
3183.540000 1.782176e+00
3184.110000 1.783913e+00
3184.670000 1.785670e+00
3185.240000 1.787837e+00
3185.800000 1.790102e+00
3186.370000 1.791638e+00
3186.930000 1.793133e+00
3187.500000 1.793971e+00
3188.060000 1.794203e+00
3188.630000 1.794517e+00
3189.190000 1.794793e+00
3189.760000 1.794481e+00
3190.320000 1.794432e+00
3190.890000 1.794167e+00
3191.450000 1.793071e+00
3192.020000 1.791516e+00
3192.580000 1.789795e+00
3193.150000 1.787812e+00
3193.710000 1.784741e+00
3194.280000 1.781929e+00
3194.840000 1.779692e+00
3195.410000 1.777261e+00
3195.970000 1.776307e+00
3196.540000 1.776919e+00
3197.100000 1.778003e+00
3197.670000 1.778941e+00
3198.230000 1.779643e+00
3198.800000 1.779595e+00
3199.360000 1.779888e+00
3199.930000 1.780100e+00
3200.490000 1.780102e+00
3201.060000 1.779788e+00
3201.620000 1.779115e+00
3202.190000 1.778351e+00
3202.750000 1.777909e+00
3203.320000 1.778145e+00
3203.880000 1.778829e+00
3204.450000 1.779325e+00
3205.010000 1.778714e+00
3205.580000 1.776934e+00
3206.140000 1.774977e+00
3206.710000 1.773658e+00
3207.270000 1.772517e+00
3207.840000 1.772567e+00
3208.400000 1.773106e+00
3208.970000 1.773134e+00
3209.530000 1.772818e+00
3210.100000 1.772668e+00
3210.660000 1.772240e+00
3211.230000 1.772417e+00
3211.790000 1.772858e+00
3212.360000 1.773030e+00
3212.920000 1.773369e+00
3213.490000 1.773176e+00
3214.050000 1.771937e+00
3214.620000 1.770512e+00
3215.180000 1.768924e+00
3215.750000 1.766927e+00
3216.310000 1.764838e+00
3216.880000 1.763372e+00
3217.440000 1.762049e+00
3218.010000 1.760954e+00
3218.570000 1.759722e+00
3219.140000 1.759027e+00
3219.700000 1.758323e+00
3220.270000 1.758103e+00
3220.830000 1.758349e+00
3221.400000 1.759605e+00
3221.960000 1.760806e+00
3222.530000 1.761675e+00
3223.090000 1.762108e+00
3223.660000 1.761981e+00
3224.220000 1.761980e+00
3224.790000 1.762353e+00
3225.350000 1.763448e+00
3225.920000 1.764958e+00
3226.480000 1.766829e+00
3227.050000 1.767861e+00
3227.610000 1.768215e+00
3228.180000 1.767907e+00
3228.740000 1.766422e+00
3229.310000 1.764485e+00
3229.870000 1.762589e+00
3230.440000 1.760280e+00
3231.000000 1.758277e+00
3231.570000 1.756917e+00
3232.130000 1.755917e+00
3232.700000 1.754766e+00
3233.260000 1.753949e+00
3233.820000 1.753400e+00
3234.390000 1.753551e+00
3234.950000 1.754153e+00
3235.520000 1.754902e+00
3236.080000 1.755744e+00
3236.650000 1.756106e+00
3237.210000 1.756114e+00
3237.780000 1.755898e+00
3238.340000 1.755527e+00
3238.910000 1.754850e+00
3239.470000 1.753719e+00
3240.040000 1.751930e+00
3240.600000 1.749961e+00
3241.170000 1.748774e+00
3241.730000 1.748434e+00
3242.300000 1.748606e+00
3242.860000 1.749468e+00
3243.430000 1.750802e+00
3243.990000 1.751601e+00
3244.560000 1.752806e+00
3245.120000 1.754625e+00
3245.690000 1.756351e+00
3246.250000 1.757220e+00
3246.820000 1.757660e+00
3247.380000 1.757305e+00
3247.950000 1.756665e+00
3248.510000 1.756019e+00
3249.080000 1.755341e+00
3249.640000 1.755478e+00
3250.210000 1.756235e+00
3250.770000 1.756986e+00
3251.340000 1.757861e+00
3251.900000 1.759599e+00
3252.470000 1.760794e+00
3253.030000 1.760995e+00
3253.600000 1.761071e+00
3254.160000 1.761463e+00
3254.730000 1.761406e+00
3255.290000 1.761173e+00
3255.860000 1.760664e+00
3256.420000 1.760563e+00
3256.990000 1.760166e+00
3257.550000 1.760365e+00
3258.120000 1.761210e+00
3258.680000 1.762697e+00
3259.250000 1.763487e+00
3259.810000 1.764171e+00
3260.380000 1.764449e+00
3260.940000 1.764804e+00
3261.510000 1.765407e+00
3262.070000 1.766242e+00
3262.640000 1.766095e+00
3263.200000 1.765181e+00
3263.770000 1.762980e+00
3264.330000 1.760400e+00
3264.900000 1.758140e+00
3265.460000 1.757565e+00
3266.030000 1.758220e+00
3266.590000 1.759938e+00
3267.160000 1.761301e+00
3267.720000 1.762570e+00
3268.290000 1.762763e+00
3268.850000 1.762131e+00
3269.420000 1.760428e+00
3269.980000 1.759537e+00
3270.550000 1.759060e+00
3271.110000 1.759064e+00
3271.680000 1.759953e+00
3272.240000 1.761818e+00
3272.810000 1.763662e+00
3273.370000 1.764873e+00
3273.940000 1.765308e+00
3274.500000 1.764972e+00
3275.070000 1.764373e+00
3275.630000 1.764169e+00
3276.200000 1.764473e+00
3276.760000 1.765400e+00
3277.330000 1.766033e+00
3277.890000 1.766719e+00
3278.460000 1.766959e+00
3279.020000 1.766749e+00
3279.590000 1.766387e+00
3280.150000 1.766204e+00
3280.720000 1.766105e+00
3281.280000 1.765638e+00
3281.850000 1.765080e+00
3282.410000 1.764172e+00
3282.980000 1.763051e+00
3283.540000 1.762085e+00
3284.110000 1.761412e+00
3284.670000 1.760713e+00
3285.240000 1.759927e+00
3285.800000 1.759237e+00
3286.370000 1.758333e+00
3286.930000 1.757115e+00
3287.500000 1.755387e+00
3288.060000 1.754287e+00
3288.630000 1.754184e+00
3289.190000 1.754521e+00
3289.760000 1.755525e+00
3290.320000 1.757235e+00
3290.890000 1.758897e+00
3291.450000 1.760031e+00
3292.020000 1.760795e+00
3292.580000 1.759939e+00
3293.150000 1.758762e+00
3293.710000 1.757569e+00
3294.280000 1.756165e+00
3294.840000 1.754358e+00
3295.410000 1.753302e+00
3295.970000 1.752562e+00
3296.540000 1.751771e+00
3297.100000 1.751076e+00
3297.670000 1.750736e+00
3298.230000 1.750657e+00
3298.800000 1.749994e+00
3299.360000 1.748556e+00
3299.930000 1.746613e+00
3300.490000 1.743467e+00
3301.060000 1.740165e+00
3301.620000 1.737254e+00
3302.190000 1.735265e+00
3302.750000 1.733977e+00
3303.310000 1.734217e+00
3303.880000 1.734577e+00
3304.440000 1.734850e+00
3305.010000 1.734767e+00
3305.570000 1.734603e+00
3306.140000 1.734384e+00
3306.700000 1.734374e+00
3307.270000 1.733998e+00
3307.830000 1.733592e+00
3308.400000 1.732797e+00
3308.960000 1.731302e+00
3309.530000 1.729439e+00
3310.090000 1.728234e+00
3310.660000 1.726977e+00
3311.220000 1.725840e+00
3311.790000 1.725019e+00
3312.350000 1.724474e+00
3312.920000 1.723793e+00
3313.480000 1.723205e+00
3314.050000 1.722915e+00
3314.610000 1.722812e+00
3315.180000 1.722653e+00
3315.740000 1.722497e+00
3316.310000 1.722286e+00
3316.870000 1.722257e+00
3317.440000 1.722191e+00
3318.000000 1.722436e+00
3318.570000 1.722990e+00
3319.130000 1.723633e+00
3319.700000 1.723865e+00
3320.260000 1.723731e+00
3320.830000 1.722814e+00
3321.390000 1.721161e+00
3321.960000 1.719398e+00
3322.520000 1.717874e+00
3323.090000 1.716730e+00
3323.650000 1.716116e+00
3324.220000 1.716306e+00
3324.780000 1.716798e+00
3325.350000 1.717492e+00
3325.910000 1.718318e+00
3326.480000 1.719130e+00
3327.040000 1.719752e+00
3327.610000 1.720237e+00
3328.170000 1.720420e+00
3328.740000 1.720066e+00
3329.300000 1.719658e+00
3329.870000 1.718907e+00
3330.430000 1.717915e+00
3331.000000 1.717067e+00
3331.560000 1.717096e+00
3332.130000 1.717903e+00
3332.690000 1.719995e+00
3333.260000 1.723230e+00
3333.820000 1.726706e+00
3334.390000 1.730381e+00
3334.950000 1.733191e+00
3335.520000 1.734702e+00
3336.080000 1.735012e+00
3336.650000 1.735280e+00
3337.210000 1.735450e+00
3337.780000 1.736302e+00
3338.340000 1.737800e+00
3338.910000 1.740239e+00
3339.470000 1.742833e+00
3340.040000 1.744733e+00
3340.600000 1.746686e+00
3341.170000 1.749130e+00
3341.730000 1.751489e+00
3342.300000 1.753389e+00
3342.860000 1.755572e+00
3343.430000 1.756517e+00
3343.990000 1.756807e+00
3344.560000 1.756593e+00
3345.120000 1.755795e+00
3345.690000 1.754516e+00
3346.250000 1.753336e+00
3346.820000 1.751896e+00
3347.380000 1.750207e+00
3347.950000 1.747892e+00
3348.510000 1.744884e+00
3349.080000 1.741768e+00
3349.640000 1.738587e+00
3350.210000 1.735655e+00
3350.770000 1.733439e+00
3351.340000 1.732029e+00
3351.900000 1.730955e+00
3352.470000 1.729973e+00
3353.030000 1.729154e+00
3353.600000 1.728827e+00
3354.160000 1.728437e+00
3354.730000 1.728149e+00
3355.290000 1.727757e+00
3355.860000 1.726969e+00
3356.420000 1.725820e+00
3356.990000 1.724720e+00
3357.550000 1.723540e+00
3358.120000 1.722316e+00
3358.680000 1.721110e+00
3359.250000 1.720447e+00
3359.810000 1.720249e+00
3360.380000 1.720823e+00
3360.940000 1.721285e+00
3361.510000 1.722491e+00
3362.070000 1.723006e+00
3362.640000 1.722919e+00
3363.200000 1.722180e+00
3363.770000 1.722034e+00
3364.330000 1.721015e+00
3364.900000 1.720561e+00
3365.460000 1.720885e+00
3366.030000 1.721532e+00
3366.590000 1.721447e+00
3367.160000 1.722171e+00
3367.720000 1.722719e+00
3368.290000 1.722990e+00
3368.850000 1.723202e+00
3369.420000 1.723605e+00
3369.980000 1.723787e+00
3370.540000 1.723808e+00
3371.110000 1.723423e+00
3371.670000 1.722671e+00
3372.240000 1.722158e+00
3372.800000 1.721687e+00
3373.370000 1.721291e+00
3373.930000 1.721235e+00
3374.500000 1.721332e+00
3375.060000 1.721468e+00
3375.630000 1.721750e+00
3376.190000 1.722650e+00
3376.760000 1.723801e+00
3377.320000 1.725049e+00
3377.890000 1.725897e+00
3378.450000 1.726312e+00
3379.020000 1.726315e+00
3379.580000 1.726470e+00
3380.150000 1.726973e+00
3380.710000 1.727978e+00
3381.280000 1.729426e+00
3381.840000 1.730521e+00
3382.410000 1.730853e+00
3382.970000 1.730235e+00
3383.540000 1.728844e+00
3384.100000 1.727126e+00
3384.670000 1.725545e+00
3385.230000 1.724657e+00
3385.800000 1.723764e+00
3386.360000 1.723599e+00
3386.930000 1.722709e+00
3387.490000 1.722336e+00
3388.060000 1.721864e+00
3388.620000 1.722478e+00
3389.190000 1.723028e+00
3389.750000 1.724586e+00
3390.320000 1.725818e+00
3390.880000 1.727145e+00
3391.450000 1.727429e+00
3392.010000 1.727554e+00
3392.580000 1.726803e+00
3393.140000 1.725709e+00
3393.710000 1.724055e+00
3394.270000 1.723564e+00
3394.840000 1.723895e+00
3395.400000 1.725217e+00
3395.970000 1.727424e+00
3396.530000 1.729889e+00
3397.100000 1.731894e+00
3397.660000 1.733031e+00
3398.230000 1.733612e+00
3398.790000 1.734084e+00
3399.360000 1.734691e+00
3399.920000 1.736023e+00
3400.490000 1.738545e+00
3401.050000 1.742093e+00
3401.620000 1.745533e+00
3402.180000 1.748672e+00
3402.750000 1.750308e+00
3403.310000 1.750591e+00
3403.880000 1.749737e+00
3404.440000 1.748762e+00
3405.010000 1.748101e+00
3405.570000 1.748447e+00
3406.140000 1.750080e+00
3406.700000 1.752253e+00
3407.270000 1.754697e+00
3407.830000 1.757037e+00
3408.400000 1.758879e+00
3408.960000 1.759542e+00
3409.530000 1.759860e+00
3410.090000 1.759948e+00
3410.660000 1.760867e+00
3411.220000 1.762206e+00
3411.790000 1.764307e+00
3412.350000 1.767250e+00
3412.920000 1.770565e+00
3413.480000 1.773512e+00
3414.050000 1.776992e+00
3414.610000 1.780523e+00
3415.180000 1.784158e+00
3415.740000 1.787949e+00
3416.310000 1.791598e+00
3416.870000 1.795309e+00
3417.440000 1.798766e+00
3418.000000 1.802486e+00
3418.570000 1.806459e+00
3419.130000 1.810908e+00
3419.700000 1.815616e+00
3420.260000 1.820980e+00
3420.830000 1.826081e+00
3421.390000 1.831225e+00
3421.960000 1.836988e+00
3422.520000 1.841972e+00
3423.090000 1.846693e+00
3423.650000 1.851149e+00
3424.220000 1.854559e+00
3424.780000 1.857299e+00
3425.350000 1.859876e+00
3425.910000 1.861413e+00
3426.480000 1.861017e+00
3427.040000 1.859115e+00
3427.610000 1.855166e+00
3428.170000 1.850020e+00
3428.740000 1.843870e+00
3429.300000 1.837548e+00
3429.870000 1.830731e+00
3430.430000 1.823226e+00
3431.000000 1.815565e+00
3431.560000 1.808236e+00
3432.130000 1.801182e+00
3432.690000 1.794847e+00
3433.260000 1.789507e+00
3433.820000 1.784056e+00
3434.390000 1.779099e+00
3434.950000 1.774533e+00
3435.520000 1.770934e+00
3436.080000 1.768125e+00
3436.650000 1.766080e+00
3437.210000 1.764603e+00
3437.780000 1.763755e+00
3438.340000 1.762377e+00
3438.910000 1.761263e+00
3439.470000 1.760442e+00
3440.030000 1.759855e+00
3440.600000 1.759776e+00
3441.160000 1.760288e+00
3441.730000 1.760576e+00
3442.290000 1.760430e+00
3442.860000 1.759530e+00
3443.420000 1.757573e+00
3443.990000 1.755395e+00
3444.550000 1.753022e+00
3445.120000 1.750355e+00
3445.680000 1.747544e+00
3446.250000 1.745354e+00
3446.810000 1.744092e+00
3447.380000 1.743519e+00
3447.940000 1.743993e+00
3448.510000 1.744938e+00
3449.070000 1.746461e+00
3449.640000 1.747269e+00
3450.200000 1.747534e+00
3450.770000 1.747359e+00
3451.330000 1.747009e+00
3451.900000 1.745880e+00
3452.460000 1.745129e+00
3453.030000 1.744172e+00
3453.590000 1.743681e+00
3454.160000 1.743661e+00
3454.720000 1.744191e+00
3455.290000 1.744350e+00
3455.850000 1.744931e+00
3456.420000 1.745281e+00
3456.980000 1.745800e+00
3457.550000 1.745841e+00
3458.110000 1.746401e+00
3458.680000 1.746519e+00
3459.240000 1.746683e+00
3459.810000 1.746091e+00
3460.370000 1.745502e+00
3460.940000 1.744635e+00
3461.500000 1.743700e+00
3462.070000 1.742702e+00
3462.630000 1.741987e+00
3463.200000 1.741647e+00
3463.760000 1.741359e+00
3464.330000 1.741881e+00
3464.890000 1.742496e+00
3465.460000 1.743100e+00
3466.020000 1.743457e+00
3466.590000 1.743803e+00
3467.150000 1.744015e+00
3467.720000 1.744712e+00
3468.280000 1.745638e+00
3468.850000 1.746962e+00
3469.410000 1.748318e+00
3469.980000 1.749727e+00
3470.540000 1.750804e+00
3471.110000 1.751742e+00
3471.670000 1.752541e+00
3472.240000 1.753775e+00
3472.800000 1.754771e+00
3473.370000 1.755233e+00
3473.930000 1.755514e+00
3474.500000 1.755139e+00
3475.060000 1.753965e+00
3475.630000 1.752141e+00
3476.190000 1.750907e+00
3476.760000 1.750171e+00
3477.320000 1.749757e+00
3477.890000 1.749577e+00
3478.450000 1.750088e+00
3479.020000 1.749756e+00
3479.580000 1.749002e+00
3480.150000 1.748830e+00
3480.710000 1.748689e+00
3481.280000 1.748772e+00
3481.840000 1.749669e+00
3482.410000 1.751686e+00
3482.970000 1.753158e+00
3483.540000 1.754582e+00
3484.100000 1.755595e+00
3484.670000 1.756410e+00
3485.230000 1.756238e+00
3485.800000 1.756206e+00
3486.360000 1.756347e+00
3486.930000 1.755954e+00
3487.490000 1.755252e+00
3488.060000 1.752472e+00
3488.620000 1.749449e+00
3489.190000 1.746377e+00
3489.750000 1.743973e+00
3490.320000 1.742467e+00
3490.880000 1.743200e+00
3491.450000 1.744529e+00
3492.010000 1.745855e+00
3492.580000 1.746613e+00
3493.140000 1.746077e+00
3493.710000 1.745171e+00
3494.270000 1.744072e+00
3494.840000 1.743112e+00
3495.400000 1.743098e+00
3495.970000 1.743924e+00
3496.530000 1.744698e+00
3497.100000 1.745278e+00
3497.660000 1.745774e+00
3498.230000 1.746037e+00
3498.790000 1.745765e+00
3499.360000 1.744801e+00
3499.920000 1.743652e+00
3500.490000 1.742460e+00
3501.050000 1.741173e+00
3501.620000 1.740695e+00
3502.180000 1.740741e+00
3502.750000 1.740970e+00
3503.310000 1.740919e+00
3503.880000 1.740741e+00
3504.440000 1.739898e+00
3505.010000 1.739270e+00
3505.570000 1.738193e+00
3506.140000 1.736220e+00
3506.700000 1.733591e+00
3507.270000 1.730890e+00
3507.830000 1.727802e+00
3508.400000 1.725341e+00
3508.960000 1.724414e+00
3509.520000 1.723995e+00
3510.090000 1.723888e+00
3510.650000 1.724464e+00
3511.220000 1.724918e+00
3511.780000 1.724652e+00
3512.350000 1.724532e+00
3512.910000 1.724053e+00
3513.480000 1.723370e+00
3514.040000 1.722491e+00
3514.610000 1.721583e+00
3515.170000 1.720011e+00
3515.740000 1.718156e+00
3516.300000 1.716534e+00
3516.870000 1.715085e+00
3517.430000 1.713864e+00
3518.000000 1.712440e+00
3518.560000 1.711185e+00
3519.130000 1.708959e+00
3519.690000 1.706626e+00
3520.260000 1.704205e+00
3520.820000 1.702892e+00
3521.390000 1.702190e+00
3521.950000 1.702209e+00
3522.520000 1.702439e+00
3523.080000 1.702623e+00
3523.650000 1.702549e+00
3524.210000 1.702572e+00
3524.780000 1.702370e+00
3525.340000 1.702098e+00
3525.910000 1.701520e+00
3526.470000 1.700617e+00
3527.040000 1.699315e+00
3527.600000 1.698159e+00
3528.170000 1.696582e+00
3528.730000 1.695696e+00
3529.300000 1.695156e+00
3529.860000 1.694987e+00
3530.430000 1.694457e+00
3530.990000 1.693305e+00
3531.560000 1.691524e+00
3532.120000 1.689550e+00
3532.690000 1.687470e+00
3533.250000 1.685815e+00
3533.820000 1.684624e+00
3534.380000 1.683277e+00
3534.950000 1.681364e+00
3535.510000 1.678967e+00
3536.080000 1.676271e+00
3536.640000 1.674145e+00
3537.210000 1.672936e+00
3537.770000 1.673013e+00
3538.340000 1.673886e+00
3538.900000 1.675003e+00
3539.470000 1.676302e+00
3540.030000 1.677065e+00
3540.600000 1.677357e+00
3541.160000 1.678028e+00
3541.730000 1.679107e+00
3542.290000 1.679827e+00
3542.860000 1.680427e+00
3543.420000 1.680219e+00
3543.990000 1.679123e+00
3544.550000 1.677681e+00
3545.120000 1.676572e+00
3545.680000 1.675847e+00
3546.250000 1.676154e+00
3546.810000 1.676851e+00
3547.380000 1.677736e+00
3547.940000 1.678006e+00
3548.510000 1.678123e+00
3549.070000 1.677304e+00
3549.640000 1.676244e+00
3550.200000 1.675510e+00
3550.770000 1.675370e+00
3551.330000 1.675264e+00
3551.900000 1.676024e+00
3552.460000 1.676504e+00
3553.030000 1.676347e+00
3553.590000 1.676191e+00
3554.160000 1.675897e+00
3554.720000 1.675350e+00
3555.290000 1.675175e+00
3555.850000 1.675697e+00
3556.420000 1.676332e+00
3556.980000 1.677415e+00
3557.550000 1.678769e+00
3558.110000 1.679853e+00
3558.680000 1.680168e+00
3559.240000 1.680239e+00
3559.810000 1.679976e+00
3560.370000 1.679589e+00
3560.940000 1.679696e+00
3561.500000 1.680415e+00
3562.070000 1.681330e+00
3562.630000 1.682847e+00
3563.200000 1.683866e+00
3563.760000 1.685012e+00
3564.330000 1.685907e+00
3564.890000 1.686272e+00
3565.460000 1.685713e+00
3566.020000 1.685039e+00
3566.590000 1.684122e+00
3567.150000 1.684104e+00
3567.720000 1.684637e+00
3568.280000 1.686228e+00
3568.850000 1.688695e+00
3569.410000 1.691006e+00
3569.980000 1.692862e+00
3570.540000 1.694248e+00
3571.110000 1.694888e+00
3571.670000 1.695260e+00
3572.240000 1.696246e+00
3572.800000 1.696986e+00
3573.370000 1.698275e+00
3573.930000 1.699834e+00
3574.500000 1.701393e+00
3575.060000 1.702130e+00
3575.620000 1.702416e+00
3576.190000 1.702370e+00
3576.760000 1.702467e+00
3577.320000 1.702433e+00
3577.890000 1.702084e+00
3578.450000 1.701818e+00
3579.010000 1.701756e+00
3579.580000 1.701797e+00
3580.140000 1.701921e+00
3580.710000 1.702391e+00
3581.270000 1.703056e+00
3581.840000 1.703665e+00
3582.400000 1.703883e+00
3582.970000 1.703779e+00
3583.530000 1.704024e+00
3584.100000 1.704605e+00
3584.660000 1.705575e+00
3585.230000 1.706747e+00
3585.790000 1.708375e+00
3586.360000 1.708814e+00
3586.920000 1.708661e+00
3587.490000 1.708186e+00
3588.050000 1.707761e+00
3588.620000 1.706925e+00
3589.180000 1.706859e+00
3589.750000 1.706792e+00
3590.310000 1.706576e+00
3590.880000 1.706508e+00
3591.440000 1.706679e+00
3592.010000 1.707038e+00
3592.570000 1.707604e+00
3593.140000 1.708356e+00
3593.700000 1.708417e+00
3594.270000 1.708698e+00
3594.830000 1.708747e+00
3595.400000 1.708349e+00
3595.960000 1.708064e+00
3596.530000 1.708121e+00
3597.090000 1.708063e+00
3597.660000 1.707959e+00
3598.220000 1.707923e+00
3598.790000 1.706486e+00
3599.350000 1.704198e+00
3599.920000 1.701031e+00
3600.480000 1.698071e+00
3601.050000 1.695820e+00
3601.610000 1.694735e+00
3602.180000 1.694736e+00
3602.740000 1.695369e+00
3603.310000 1.696290e+00
3603.870000 1.697030e+00
3604.440000 1.698153e+00
3605.000000 1.699419e+00
3605.570000 1.700913e+00
3606.130000 1.702560e+00
3606.700000 1.704228e+00
3607.260000 1.704830e+00
3607.830000 1.704596e+00
3608.390000 1.703574e+00
3608.960000 1.701463e+00
3609.520000 1.699380e+00
3610.090000 1.697971e+00
3610.650000 1.696620e+00
3611.220000 1.695894e+00
3611.780000 1.695488e+00
3612.350000 1.694907e+00
3612.910000 1.694433e+00
3613.480000 1.694558e+00
3614.040000 1.694448e+00
3614.610000 1.694702e+00
3615.170000 1.695092e+00
3615.740000 1.695722e+00
3616.300000 1.697046e+00
3616.870000 1.698870e+00
3617.430000 1.701124e+00
3618.000000 1.702425e+00
3618.560000 1.702727e+00
3619.130000 1.701776e+00
3619.690000 1.701232e+00
3620.260000 1.700709e+00
3620.820000 1.700992e+00
3621.390000 1.701945e+00
3621.950000 1.703758e+00
3622.520000 1.705056e+00
3623.080000 1.706300e+00
3623.650000 1.707679e+00
3624.210000 1.709308e+00
3624.780000 1.710682e+00
3625.340000 1.712302e+00
3625.910000 1.713875e+00
3626.470000 1.715344e+00
3627.040000 1.716471e+00
3627.600000 1.717720e+00
3628.170000 1.718707e+00
3628.730000 1.719402e+00
3629.300000 1.719631e+00
3629.860000 1.719555e+00
3630.430000 1.718593e+00
3630.990000 1.717020e+00
3631.560000 1.715301e+00
3632.120000 1.713595e+00
3632.690000 1.712305e+00
3633.250000 1.711408e+00
3633.820000 1.711025e+00
3634.380000 1.710825e+00
3634.950000 1.711453e+00
3635.510000 1.712094e+00
3636.080000 1.713796e+00
3636.640000 1.715803e+00
3637.210000 1.717986e+00
3637.770000 1.719824e+00
3638.340000 1.721120e+00
3638.900000 1.721188e+00
3639.470000 1.720571e+00
3640.030000 1.719630e+00
3640.600000 1.717957e+00
3641.160000 1.716536e+00
3641.730000 1.714364e+00
3642.290000 1.711896e+00
3642.860000 1.709195e+00
3643.420000 1.706535e+00
3643.990000 1.703917e+00
3644.550000 1.702470e+00
3645.110000 1.701599e+00
3645.680000 1.701199e+00
3646.240000 1.701259e+00
3646.810000 1.701813e+00
3647.380000 1.701876e+00
3647.940000 1.702296e+00
3648.500000 1.702423e+00
3649.070000 1.702784e+00
3649.630000 1.702682e+00
3650.200000 1.702755e+00
3650.760000 1.702309e+00
3651.330000 1.702210e+00
3651.890000 1.702388e+00
3652.460000 1.703344e+00
3653.020000 1.704767e+00
3653.590000 1.706367e+00
3654.150000 1.707603e+00
3654.720000 1.708158e+00
3655.280000 1.707234e+00
3655.850000 1.705674e+00
3656.410000 1.703298e+00
3656.980000 1.700919e+00
3657.540000 1.699231e+00
3658.110000 1.698903e+00
3658.670000 1.699504e+00
3659.240000 1.701335e+00
3659.800000 1.703543e+00
3660.370000 1.705146e+00
3660.930000 1.705691e+00
3661.500000 1.705657e+00
3662.060000 1.705204e+00
3662.630000 1.705077e+00
3663.190000 1.705506e+00
3663.760000 1.706787e+00
3664.320000 1.708262e+00
3664.890000 1.709539e+00
3665.450000 1.710362e+00
3666.020000 1.710137e+00
3666.580000 1.709341e+00
3667.150000 1.708345e+00
3667.710000 1.707855e+00
3668.280000 1.707205e+00
3668.840000 1.707251e+00
3669.410000 1.707487e+00
3669.970000 1.707035e+00
3670.540000 1.705995e+00
3671.100000 1.704191e+00
3671.670000 1.701381e+00
3672.230000 1.698205e+00
3672.800000 1.695704e+00
3673.360000 1.694294e+00
3673.930000 1.694240e+00
3674.490000 1.695139e+00
3675.060000 1.696699e+00
3675.620000 1.697426e+00
3676.190000 1.697284e+00
3676.750000 1.696714e+00
3677.320000 1.695937e+00
3677.880000 1.694219e+00
3678.450000 1.693261e+00
3679.010000 1.692257e+00
3679.580000 1.691477e+00
3680.140000 1.691072e+00
3680.710000 1.691502e+00
3681.270000 1.692326e+00
3681.840000 1.693392e+00
3682.400000 1.694275e+00
3682.970000 1.695628e+00
3683.530000 1.696873e+00
3684.100000 1.697813e+00
3684.660000 1.698767e+00
3685.230000 1.699368e+00
3685.790000 1.699774e+00
3686.360000 1.700001e+00
3686.920000 1.699682e+00
3687.490000 1.699272e+00
3688.050000 1.698817e+00
3688.620000 1.697405e+00
3689.180000 1.695813e+00
3689.750000 1.694815e+00
3690.310000 1.693894e+00
3690.880000 1.693387e+00
3691.440000 1.693584e+00
3692.010000 1.693802e+00
3692.570000 1.693571e+00
3693.140000 1.693619e+00
3693.700000 1.693957e+00
3694.270000 1.694051e+00
3694.830000 1.694218e+00
3695.400000 1.694888e+00
3695.960000 1.695249e+00
3696.530000 1.695995e+00
3697.090000 1.697479e+00
3697.660000 1.699343e+00
3698.220000 1.700746e+00
3698.790000 1.701900e+00
3699.350000 1.701927e+00
3699.920000 1.700444e+00
3700.480000 1.698220e+00
3701.050000 1.695762e+00
3701.610000 1.693759e+00
3702.180000 1.692047e+00
3702.740000 1.691597e+00
3703.310000 1.692118e+00
3703.870000 1.693362e+00
3704.440000 1.694408e+00
3705.000000 1.695989e+00
3705.570000 1.697663e+00
3706.130000 1.699629e+00
3706.700000 1.701540e+00
3707.260000 1.703810e+00
3707.830000 1.705990e+00
3708.390000 1.707682e+00
3708.960000 1.708828e+00
3709.520000 1.709877e+00
3710.090000 1.710710e+00
3710.650000 1.711855e+00
3711.220000 1.713512e+00
3711.780000 1.715356e+00
3712.350000 1.717608e+00
3712.910000 1.719377e+00
3713.480000 1.721430e+00
3714.040000 1.723384e+00
3714.600000 1.726159e+00
3715.170000 1.729295e+00
3715.730000 1.733943e+00
3716.300000 1.738948e+00
3716.860000 1.745372e+00
3717.430000 1.752576e+00
3717.990000 1.760685e+00
3718.560000 1.769610e+00
3719.120000 1.779049e+00
3719.690000 1.789419e+00
3720.250000 1.801100e+00
3720.820000 1.814085e+00
3721.380000 1.828628e+00
3721.950000 1.845656e+00
3722.510000 1.864365e+00
3723.080000 1.882916e+00
3723.640000 1.900818e+00
3724.210000 1.920650e+00
3724.770000 1.940560e+00
3725.340000 1.959413e+00
3725.900000 1.978392e+00
3726.470000 1.997141e+00
3727.030000 2.011064e+00
3727.600000 2.020410e+00
3728.160000 2.025842e+00
3728.730000 2.026557e+00
3729.290000 2.022691e+00
3729.860000 2.013964e+00
3730.420000 1.998708e+00
3730.990000 1.979418e+00
3731.550000 1.956171e+00
3732.120000 1.930566e+00
3732.680000 1.903305e+00
3733.250000 1.878747e+00
3733.810000 1.854877e+00
3734.380000 1.833281e+00
3734.940000 1.812035e+00
3735.510000 1.793815e+00
3736.070000 1.777442e+00
3736.640000 1.762257e+00
3737.200000 1.748375e+00
3737.770000 1.737383e+00
3738.330000 1.727957e+00
3738.900000 1.719736e+00
3739.460000 1.713443e+00
3740.030000 1.708184e+00
3740.590000 1.704056e+00
3741.160000 1.700662e+00
3741.720000 1.697697e+00
3742.290000 1.695378e+00
3742.850000 1.693800e+00
3743.420000 1.692647e+00
3743.980000 1.691905e+00
3744.550000 1.691836e+00
3745.110000 1.692269e+00
3745.680000 1.692839e+00
3746.240000 1.693043e+00
3746.810000 1.693045e+00
3747.370000 1.692881e+00
3747.940000 1.692562e+00
3748.500000 1.692542e+00
3749.070000 1.692960e+00
3749.630000 1.693926e+00
3750.200000 1.695179e+00
3750.760000 1.696550e+00
3751.330000 1.698119e+00
3751.890000 1.700134e+00
3752.460000 1.702867e+00
3753.020000 1.705962e+00
3753.590000 1.708837e+00
3754.150000 1.711050e+00
3754.720000 1.712789e+00
3755.280000 1.713178e+00
3755.850000 1.713353e+00
3756.410000 1.713408e+00
3756.980000 1.713437e+00
3757.540000 1.713413e+00
3758.110000 1.713848e+00
3758.670000 1.714237e+00
3759.240000 1.714551e+00
3759.800000 1.714928e+00
3760.370000 1.714797e+00
3760.930000 1.713836e+00
3761.500000 1.711836e+00
3762.060000 1.709016e+00
3762.630000 1.705716e+00
3763.190000 1.702271e+00
3763.760000 1.698321e+00
3764.320000 1.694463e+00
3764.890000 1.691312e+00
3765.450000 1.688913e+00
3766.020000 1.687661e+00
3766.580000 1.687364e+00
3767.150000 1.686873e+00
3767.710000 1.685696e+00
3768.280000 1.683323e+00
3768.840000 1.680158e+00
3769.410000 1.677220e+00
3769.970000 1.675225e+00
3770.540000 1.673946e+00
3771.100000 1.673201e+00
3771.670000 1.672269e+00
3772.230000 1.671144e+00
3772.800000 1.669862e+00
3773.360000 1.668753e+00
3773.930000 1.668216e+00
3774.490000 1.667639e+00
3775.060000 1.667045e+00
3775.620000 1.666375e+00
3776.190000 1.665848e+00
3776.750000 1.665729e+00
3777.320000 1.665661e+00
3777.880000 1.666161e+00
3778.450000 1.666553e+00
3779.010000 1.666150e+00
3779.580000 1.664785e+00
3780.140000 1.663914e+00
3780.710000 1.663180e+00
3781.270000 1.662597e+00
3781.840000 1.662852e+00
3782.400000 1.662809e+00
3782.970000 1.662301e+00
3783.530000 1.661267e+00
3784.090000 1.660557e+00
3784.660000 1.659555e+00
3785.220000 1.658930e+00
3785.790000 1.658715e+00
3786.350000 1.658380e+00
3786.920000 1.657633e+00
3787.480000 1.656149e+00
3788.050000 1.654710e+00
3788.610000 1.652538e+00
3789.180000 1.650343e+00
3789.740000 1.648064e+00
3790.310000 1.646694e+00
3790.870000 1.646024e+00
3791.440000 1.646476e+00
3792.000000 1.646363e+00
3792.570000 1.646412e+00
3793.130000 1.646595e+00
3793.700000 1.646304e+00
3794.260000 1.645812e+00
3794.830000 1.645569e+00
3795.390000 1.644680e+00
3795.960000 1.642732e+00
3796.520000 1.640427e+00
3797.090000 1.637695e+00
3797.650000 1.634953e+00
3798.220000 1.632658e+00
3798.780000 1.631091e+00
3799.350000 1.629942e+00
3799.910000 1.628876e+00
3800.480000 1.628128e+00
3801.040000 1.627390e+00
3801.610000 1.626113e+00
3802.170000 1.624621e+00
3802.740000 1.623062e+00
3803.300000 1.621575e+00
3803.870000 1.620996e+00
3804.430000 1.621760e+00
3805.000000 1.622701e+00
3805.560000 1.623988e+00
3806.130000 1.625098e+00
3806.690000 1.624934e+00
3807.260000 1.624398e+00
3807.820000 1.624016e+00
3808.390000 1.623248e+00
3808.950000 1.622615e+00
3809.520000 1.622295e+00
3810.080000 1.621829e+00
3810.650000 1.621203e+00
3811.210000 1.620980e+00
3811.780000 1.620352e+00
3812.340000 1.620103e+00
3812.910000 1.619850e+00
3813.470000 1.620570e+00
3814.040000 1.621305e+00
3814.600000 1.623120e+00
3815.170000 1.624613e+00
3815.730000 1.626299e+00
3816.300000 1.627348e+00
3816.860000 1.628001e+00
3817.430000 1.627924e+00
3817.990000 1.628332e+00
3818.560000 1.628781e+00
3819.120000 1.629522e+00
3819.690000 1.631251e+00
3820.250000 1.633594e+00
3820.820000 1.636065e+00
3821.380000 1.638165e+00
3821.950000 1.639653e+00
3822.510000 1.640341e+00
3823.080000 1.641477e+00
3823.640000 1.642593e+00
3824.210000 1.643989e+00
3824.770000 1.645483e+00
3825.340000 1.646981e+00
3825.900000 1.647545e+00
3826.470000 1.647513e+00
3827.030000 1.647611e+00
3827.600000 1.647434e+00
3828.160000 1.647532e+00
3828.730000 1.647650e+00
3829.290000 1.648542e+00
3829.860000 1.649330e+00
3830.420000 1.650083e+00
3830.990000 1.650417e+00
3831.550000 1.650830e+00
3832.120000 1.650386e+00
3832.680000 1.650085e+00
3833.250000 1.649420e+00
3833.810000 1.648846e+00
3834.380000 1.648856e+00
3834.940000 1.649831e+00
3835.510000 1.650429e+00
3836.070000 1.651581e+00
3836.640000 1.652066e+00
3837.200000 1.651035e+00
3837.770000 1.649042e+00
3838.330000 1.647242e+00
3838.900000 1.646876e+00
3839.460000 1.647838e+00
3840.030000 1.649127e+00
3840.590000 1.650344e+00
3841.160000 1.650580e+00
3841.720000 1.649220e+00
3842.290000 1.647100e+00
3842.850000 1.645999e+00
3843.420000 1.645960e+00
3843.980000 1.647005e+00
3844.550000 1.649165e+00
3845.110000 1.651732e+00
3845.680000 1.654269e+00
3846.240000 1.657010e+00
3846.810000 1.659722e+00
3847.370000 1.662084e+00
3847.940000 1.664652e+00
3848.500000 1.667513e+00
3849.070000 1.669804e+00
3849.630000 1.672246e+00
3850.200000 1.674661e+00
3850.760000 1.677246e+00
3851.320000 1.679750e+00
3851.890000 1.682295e+00
3852.460000 1.685519e+00
3853.020000 1.689323e+00
3853.580000 1.693378e+00
3854.150000 1.697520e+00
3854.710000 1.701752e+00
3855.280000 1.705036e+00
3855.840000 1.707283e+00
3856.410000 1.709611e+00
3856.970000 1.712001e+00
3857.540000 1.715605e+00
3858.100000 1.720130e+00
3858.670000 1.726331e+00
3859.230000 1.732162e+00
3859.800000 1.739196e+00
3860.360000 1.746610e+00
3860.930000 1.754134e+00
3861.490000 1.761960e+00
3862.060000 1.772128e+00
3862.620000 1.782729e+00
3863.190000 1.794058e+00
3863.750000 1.805834e+00
3864.320000 1.817426e+00
3864.880000 1.828681e+00
3865.450000 1.840891e+00
3866.010000 1.852326e+00
3866.580000 1.863765e+00
3867.140000 1.875471e+00
3867.710000 1.885790e+00
3868.270000 1.893003e+00
3868.840000 1.898164e+00
3869.400000 1.899931e+00
3869.970000 1.897798e+00
3870.530000 1.892606e+00
3871.100000 1.884122e+00
3871.660000 1.872675e+00
3872.230000 1.860336e+00
3872.790000 1.846418e+00
3873.360000 1.832540e+00
3873.920000 1.818005e+00
3874.490000 1.804517e+00
3875.050000 1.791496e+00
3875.620000 1.778967e+00
3876.180000 1.766364e+00
3876.750000 1.755869e+00
3877.310000 1.746665e+00
3877.880000 1.738440e+00
3878.440000 1.732816e+00
3879.010000 1.728614e+00
3879.570000 1.724854e+00
3880.140000 1.721372e+00
3880.700000 1.717905e+00
3881.270000 1.714172e+00
3881.830000 1.710221e+00
3882.400000 1.707683e+00
3882.960000 1.705083e+00
3883.530000 1.703877e+00
3884.090000 1.702597e+00
3884.660000 1.701591e+00
3885.220000 1.699992e+00
3885.790000 1.698607e+00
3886.350000 1.697388e+00
3886.920000 1.697555e+00
3887.480000 1.698623e+00
3888.050000 1.699999e+00
3888.610000 1.701906e+00
3889.180000 1.703251e+00
3889.740000 1.703520e+00
3890.310000 1.703258e+00
3890.870000 1.702472e+00
3891.440000 1.701115e+00
3892.000000 1.699037e+00
3892.570000 1.696342e+00
3893.130000 1.692821e+00
3893.700000 1.688687e+00
3894.260000 1.683799e+00
3894.830000 1.678687e+00
3895.390000 1.673786e+00
3895.960000 1.669419e+00
3896.520000 1.665948e+00
3897.090000 1.663124e+00
3897.650000 1.661217e+00
3898.220000 1.659376e+00
3898.780000 1.657232e+00
3899.350000 1.654008e+00
3899.910000 1.650310e+00
3900.480000 1.645944e+00
3901.040000 1.641868e+00
3901.610000 1.638897e+00
3902.170000 1.637901e+00
3902.740000 1.638537e+00
3903.300000 1.640049e+00
3903.870000 1.642357e+00
3904.430000 1.643752e+00
3905.000000 1.644593e+00
3905.560000 1.644395e+00
3906.130000 1.644567e+00
3906.690000 1.644966e+00
3907.260000 1.645335e+00
3907.820000 1.645176e+00
3908.390000 1.644138e+00
3908.950000 1.641679e+00
3909.520000 1.638023e+00
3910.080000 1.636894e+00
3910.650000 1.636470e+00
3911.210000 1.637709e+00
3911.780000 1.639081e+00
3912.340000 1.640551e+00
3912.910000 1.639383e+00
3913.470000 1.638225e+00
3914.040000 1.636581e+00
3914.600000 1.635883e+00
3915.170000 1.635416e+00
3915.730000 1.636062e+00
3916.300000 1.636895e+00
3916.860000 1.638505e+00
3917.430000 1.640037e+00
3917.990000 1.641814e+00
3918.560000 1.643064e+00
3919.120000 1.643639e+00
3919.690000 1.642948e+00
3920.250000 1.641600e+00
3920.810000 1.639695e+00
3921.380000 1.637017e+00
3921.940000 1.633893e+00
3922.510000 1.630391e+00
3923.070000 1.626686e+00
3923.640000 1.622974e+00
3924.200000 1.619450e+00
3924.770000 1.615992e+00
3925.330000 1.612451e+00
3925.900000 1.609598e+00
3926.460000 1.606735e+00
3927.030000 1.604323e+00
3927.590000 1.602041e+00
3928.160000 1.600163e+00
3928.720000 1.598230e+00
3929.290000 1.596389e+00
3929.850000 1.594560e+00
3930.420000 1.593069e+00
3930.980000 1.592094e+00
3931.550000 1.590894e+00
3932.110000 1.590443e+00
3932.680000 1.589939e+00
3933.240000 1.590039e+00
3933.810000 1.590114e+00
3934.370000 1.590707e+00
3934.940000 1.590915e+00
3935.500000 1.593080e+00
3936.070000 1.595187e+00
3936.630000 1.598987e+00
3937.200000 1.602830e+00
3937.760000 1.606987e+00
3938.330000 1.609967e+00
3938.890000 1.612334e+00
3939.460000 1.613648e+00
3940.020000 1.614614e+00
3940.590000 1.615228e+00
3941.150000 1.615153e+00
3941.720000 1.615747e+00
3942.280000 1.616574e+00
3942.850000 1.618399e+00
3943.410000 1.620551e+00
3943.980000 1.622872e+00
3944.540000 1.624584e+00
3945.110000 1.625389e+00
3945.670000 1.626111e+00
3946.240000 1.626929e+00
3946.800000 1.628088e+00
3947.370000 1.630354e+00
3947.930000 1.633585e+00
3948.500000 1.636451e+00
3949.060000 1.639786e+00
3949.630000 1.642527e+00
3950.190000 1.644677e+00
3950.760000 1.645944e+00
3951.320000 1.645692e+00
3951.890000 1.644696e+00
3952.450000 1.643818e+00
3953.020000 1.643056e+00
3953.580000 1.643098e+00
3954.150000 1.644910e+00
3954.710000 1.647219e+00
3955.280000 1.649854e+00
3955.840000 1.652064e+00
3956.410000 1.653665e+00
3956.970000 1.654914e+00
3957.540000 1.656253e+00
3958.100000 1.657739e+00
3958.670000 1.660286e+00
3959.230000 1.663338e+00
3959.800000 1.666534e+00
3960.360000 1.669839e+00
3960.930000 1.672735e+00
3961.490000 1.675463e+00
3962.060000 1.678598e+00
3962.620000 1.682463e+00
3963.190000 1.687061e+00
3963.750000 1.692592e+00
3964.320000 1.697743e+00
3964.880000 1.702685e+00
3965.450000 1.707110e+00
3966.010000 1.709866e+00
3966.580000 1.712773e+00
3967.140000 1.714692e+00
3967.710000 1.716484e+00
3968.270000 1.717375e+00
3968.840000 1.717923e+00
3969.400000 1.716476e+00
3969.970000 1.713906e+00
3970.530000 1.709975e+00
3971.100000 1.705291e+00
3971.660000 1.700060e+00
3972.230000 1.694780e+00
3972.790000 1.690058e+00
3973.360000 1.684846e+00
3973.920000 1.679996e+00
3974.490000 1.674866e+00
3975.050000 1.669718e+00
3975.620000 1.664466e+00
3976.180000 1.659319e+00
3976.750000 1.654143e+00
3977.310000 1.650016e+00
3977.880000 1.646297e+00
3978.440000 1.643112e+00
3979.010000 1.640484e+00
3979.570000 1.637738e+00
3980.140000 1.634916e+00
3980.700000 1.632126e+00
3981.270000 1.629498e+00
3981.830000 1.627242e+00
3982.400000 1.625437e+00
3982.960000 1.623649e+00
3983.530000 1.621698e+00
3984.090000 1.619383e+00
3984.660000 1.616582e+00
3985.220000 1.613887e+00
3985.790000 1.611404e+00
3986.350000 1.609212e+00
3986.920000 1.607088e+00
3987.480000 1.605898e+00
3988.050000 1.603950e+00
3988.610000 1.601882e+00
3989.180000 1.600574e+00
3989.740000 1.600161e+00
3990.300000 1.599713e+00
3990.870000 1.600246e+00
3991.430000 1.601579e+00
3992.000000 1.602413e+00
3992.560000 1.603322e+00
3993.130000 1.604102e+00
3993.690000 1.604936e+00
3994.260000 1.605216e+00
3994.820000 1.605165e+00
3995.390000 1.604703e+00
3995.950000 1.603972e+00
3996.520000 1.603674e+00
3997.080000 1.603512e+00
3997.650000 1.603612e+00
3998.210000 1.603539e+00
3998.780000 1.603535e+00
3999.340000 1.602657e+00
3999.910000 1.601847e+00
4000.470000 1.600905e+00
4001.040000 1.599737e+00
4001.600000 1.597967e+00
4002.170000 1.596569e+00
4002.730000 1.595369e+00
4003.300000 1.594803e+00
4003.860000 1.595188e+00
4004.430000 1.596104e+00
4004.990000 1.596950e+00
4005.560000 1.596998e+00
4006.120000 1.596492e+00
4006.690000 1.595075e+00
4007.250000 1.593877e+00
4007.820000 1.592991e+00
4008.380000 1.592862e+00
4008.950000 1.592762e+00
4009.510000 1.592239e+00
4010.080000 1.591586e+00
4010.640000 1.590418e+00
4011.210000 1.589438e+00
4011.770000 1.588843e+00
4012.340000 1.588880e+00
4012.900000 1.588776e+00
4013.470000 1.588950e+00
4014.030000 1.589207e+00
4014.600000 1.589824e+00
4015.160000 1.590178e+00
4015.730000 1.590130e+00
4016.290000 1.589644e+00
4016.860000 1.588853e+00
4017.420000 1.587914e+00
4017.990000 1.588129e+00
4018.550000 1.589120e+00
4019.120000 1.590940e+00
4019.680000 1.592050e+00
4020.250000 1.593357e+00
4020.810000 1.594023e+00
4021.380000 1.595108e+00
4021.940000 1.595692e+00
4022.510000 1.596415e+00
4023.070000 1.596254e+00
4023.640000 1.595864e+00
4024.200000 1.594261e+00
4024.770000 1.592824e+00
4025.330000 1.591491e+00
4025.900000 1.590296e+00
4026.460000 1.589811e+00
4027.030000 1.590031e+00
4027.590000 1.590048e+00
4028.160000 1.590205e+00
4028.720000 1.590326e+00
4029.290000 1.589303e+00
4029.850000 1.588152e+00
4030.420000 1.586792e+00
4030.980000 1.585318e+00
4031.550000 1.584194e+00
4032.110000 1.583137e+00
4032.680000 1.581760e+00
4033.240000 1.580506e+00
4033.810000 1.579280e+00
4034.370000 1.578164e+00
4034.940000 1.577791e+00
4035.500000 1.578446e+00
4036.070000 1.579719e+00
4036.630000 1.581328e+00
4037.200000 1.582973e+00
4037.760000 1.583594e+00
4038.330000 1.583109e+00
4038.890000 1.582075e+00
4039.460000 1.580816e+00
4040.020000 1.579408e+00
4040.590000 1.579411e+00
4041.150000 1.580144e+00
4041.720000 1.581292e+00
4042.280000 1.582975e+00
4042.850000 1.584862e+00
4043.410000 1.585990e+00
4043.980000 1.587056e+00
4044.540000 1.587426e+00
4045.110000 1.586810e+00
4045.670000 1.586187e+00
4046.240000 1.585430e+00
4046.800000 1.585270e+00
4047.370000 1.585787e+00
4047.930000 1.587128e+00
4048.500000 1.587786e+00
4049.060000 1.588825e+00
4049.630000 1.588398e+00
4050.190000 1.588012e+00
4050.760000 1.587513e+00
4051.320000 1.587945e+00
4051.890000 1.588717e+00
4052.450000 1.589784e+00
4053.020000 1.591482e+00
4053.580000 1.592883e+00
4054.150000 1.593875e+00
4054.710000 1.594358e+00
4055.280000 1.595238e+00
4055.840000 1.595629e+00
4056.410000 1.596297e+00
4056.970000 1.597368e+00
4057.540000 1.598935e+00
4058.100000 1.600857e+00
4058.670000 1.602518e+00
4059.230000 1.604640e+00
4059.790000 1.606678e+00
4060.360000 1.609263e+00
4060.920000 1.611771e+00
4061.490000 1.614508e+00
4062.050000 1.617253e+00
4062.620000 1.619921e+00
4063.180000 1.622384e+00
4063.750000 1.625496e+00
4064.310000 1.628992e+00
4064.880000 1.632675e+00
4065.440000 1.636203e+00
4066.010000 1.639129e+00
4066.570000 1.641295e+00
4067.140000 1.642537e+00
4067.700000 1.642840e+00
4068.270000 1.643194e+00
4068.830000 1.644408e+00
4069.400000 1.645489e+00
4069.960000 1.646804e+00
4070.530000 1.649139e+00
4071.090000 1.651247e+00
4071.660000 1.652493e+00
4072.220000 1.651400e+00
4072.790000 1.649829e+00
4073.350000 1.647586e+00
4073.920000 1.645356e+00
4074.480000 1.643480e+00
4075.050000 1.643697e+00
4075.610000 1.644206e+00
4076.180000 1.644509e+00
4076.740000 1.645433e+00
4077.310000 1.646000e+00
4077.870000 1.647003e+00
4078.440000 1.648286e+00
4079.000000 1.649032e+00
4079.570000 1.649436e+00
4080.130000 1.649796e+00
4080.700000 1.650550e+00
4081.260000 1.651498e+00
4081.830000 1.652955e+00
4082.390000 1.654061e+00
4082.960000 1.654982e+00
4083.520000 1.655314e+00
4084.090000 1.655238e+00
4084.650000 1.655139e+00
4085.220000 1.655113e+00
4085.780000 1.655861e+00
4086.350000 1.656999e+00
4086.910000 1.658688e+00
4087.480000 1.660595e+00
4088.040000 1.663279e+00
4088.610000 1.666575e+00
4089.170000 1.670088e+00
4089.740000 1.674093e+00
4090.300000 1.678962e+00
4090.870000 1.684332e+00
4091.430000 1.689070e+00
4092.000000 1.693674e+00
4092.560000 1.697545e+00
4093.130000 1.700410e+00
4093.690000 1.701589e+00
4094.260000 1.702661e+00
4094.820000 1.703451e+00
4095.390000 1.704698e+00
4095.950000 1.706686e+00
4096.520000 1.709825e+00
4097.080000 1.713057e+00
4097.650000 1.717318e+00
4098.210000 1.721175e+00
4098.780000 1.724869e+00
4099.340000 1.729251e+00
4099.910000 1.733050e+00
4100.470000 1.735628e+00
4101.040000 1.738439e+00
4101.600000 1.739660e+00
4102.170000 1.738609e+00
4102.730000 1.736904e+00
4103.300000 1.734773e+00
4103.860000 1.731024e+00
4104.430000 1.728208e+00
4104.990000 1.725541e+00
4105.560000 1.722606e+00
4106.120000 1.718660e+00
4106.690000 1.714277e+00
4107.250000 1.708607e+00
4107.820000 1.702506e+00
4108.380000 1.697366e+00
4108.950000 1.693335e+00
4109.510000 1.690056e+00
4110.080000 1.688011e+00
4110.640000 1.686516e+00
4111.210000 1.684294e+00
4111.770000 1.681052e+00
4112.340000 1.678114e+00
4112.900000 1.674868e+00
4113.470000 1.671424e+00
4114.030000 1.668182e+00
4114.600000 1.666088e+00
4115.160000 1.664022e+00
4115.730000 1.661773e+00
4116.290000 1.659747e+00
4116.860000 1.657969e+00
4117.420000 1.655890e+00
4117.990000 1.654160e+00
4118.550000 1.652524e+00
4119.120000 1.650756e+00
4119.680000 1.648971e+00
4120.250000 1.647419e+00
4120.810000 1.645406e+00
4121.380000 1.643852e+00
4121.940000 1.642786e+00
4122.510000 1.641779e+00
4123.070000 1.640967e+00
4123.640000 1.640675e+00
4124.200000 1.640184e+00
4124.770000 1.639211e+00
4125.330000 1.638112e+00
4125.900000 1.636932e+00
4126.460000 1.635560e+00
4127.020000 1.633931e+00
4127.590000 1.632631e+00
4128.150000 1.631183e+00
4128.720000 1.629427e+00
4129.280000 1.627199e+00
4129.850000 1.625485e+00
4130.410000 1.623878e+00
4130.980000 1.622756e+00
4131.540000 1.621610e+00
4132.110000 1.620582e+00
4132.670000 1.618972e+00
4133.240000 1.617089e+00
4133.800000 1.614933e+00
4134.370000 1.612783e+00
4134.930000 1.610970e+00
4135.500000 1.609649e+00
4136.060000 1.608753e+00
4136.630000 1.608085e+00
4137.190000 1.608050e+00
4137.760000 1.607889e+00
4138.320000 1.607160e+00
4138.890000 1.606093e+00
4139.450000 1.604855e+00
4140.020000 1.602820e+00
4140.580000 1.601174e+00
4141.150000 1.599631e+00
4141.710000 1.598286e+00
4142.280000 1.596534e+00
4142.840000 1.595105e+00
4143.410000 1.593292e+00
4143.970000 1.591485e+00
4144.540000 1.589647e+00
4145.100000 1.588089e+00
4145.670000 1.586974e+00
4146.230000 1.585850e+00
4146.800000 1.585125e+00
4147.360000 1.584895e+00
4147.930000 1.585108e+00
4148.490000 1.584419e+00
4149.060000 1.583395e+00
4149.620000 1.581372e+00
4150.190000 1.577917e+00
4150.750000 1.574008e+00
4151.320000 1.570601e+00
4151.880000 1.568030e+00
4152.450000 1.566918e+00
4153.010000 1.567073e+00
4153.580000 1.568201e+00
4154.140000 1.569826e+00
4154.710000 1.572009e+00
4155.270000 1.574289e+00
4155.840000 1.576511e+00
4156.400000 1.578118e+00
4156.970000 1.579294e+00
4157.530000 1.579184e+00
4158.100000 1.578866e+00
4158.660000 1.578510e+00
4159.230000 1.578415e+00
4159.790000 1.579309e+00
4160.360000 1.581387e+00
4160.920000 1.583786e+00
4161.490000 1.585992e+00
4162.050000 1.588058e+00
4162.620000 1.590267e+00
4163.180000 1.591589e+00
4163.750000 1.592689e+00
4164.310000 1.594378e+00
4164.880000 1.595538e+00
4165.440000 1.595422e+00
4166.010000 1.595710e+00
4166.570000 1.596393e+00
4167.140000 1.597464e+00
4167.700000 1.599126e+00
4168.270000 1.601447e+00
4168.830000 1.603581e+00
4169.400000 1.605029e+00
4169.960000 1.605677e+00
4170.530000 1.607021e+00
4171.090000 1.608538e+00
4171.660000 1.610849e+00
4172.220000 1.612816e+00
4172.790000 1.615548e+00
4173.350000 1.616866e+00
4173.920000 1.617870e+00
4174.480000 1.617966e+00
4175.050000 1.618318e+00
4175.610000 1.617440e+00
4176.180000 1.617102e+00
4176.740000 1.616372e+00
4177.310000 1.615193e+00
4177.870000 1.614132e+00
4178.440000 1.612778e+00
4179.000000 1.611385e+00
4179.570000 1.610397e+00
4180.130000 1.609709e+00
4180.700000 1.609328e+00
4181.260000 1.609850e+00
4181.830000 1.609559e+00
4182.390000 1.608328e+00
4182.960000 1.607562e+00
4183.520000 1.606050e+00
4184.090000 1.605005e+00
4184.650000 1.605035e+00
4185.220000 1.606181e+00
4185.780000 1.607010e+00
4186.350000 1.607772e+00
4186.910000 1.607063e+00
4187.480000 1.605435e+00
4188.040000 1.603133e+00
4188.610000 1.600808e+00
4189.170000 1.598375e+00
4189.740000 1.596659e+00
4190.300000 1.594813e+00
4190.870000 1.592822e+00
4191.430000 1.590610e+00
4192.000000 1.588851e+00
4192.560000 1.586925e+00
4193.120000 1.585609e+00
4193.690000 1.584482e+00
4194.260000 1.583763e+00
4194.820000 1.582854e+00
4195.390000 1.581982e+00
4195.950000 1.581307e+00
4196.520000 1.580365e+00
4197.080000 1.579446e+00
4197.650000 1.578117e+00
4198.210000 1.576302e+00
4198.770000 1.574395e+00
4199.340000 1.572873e+00
4199.900000 1.571320e+00
4200.470000 1.570699e+00
4201.030000 1.571263e+00
4201.600000 1.571902e+00
4202.160000 1.572731e+00
4202.730000 1.573028e+00
4203.290000 1.572771e+00
4203.860000 1.571214e+00
4204.420000 1.569762e+00
4204.990000 1.568720e+00
4205.550000 1.568530e+00
4206.120000 1.568217e+00
4206.680000 1.568596e+00
4207.250000 1.568671e+00
4207.810000 1.568746e+00
4208.380000 1.568539e+00
4208.940000 1.569193e+00
4209.510000 1.569923e+00
4210.070000 1.571042e+00
4210.640000 1.572008e+00
4211.200000 1.572938e+00
4211.770000 1.573432e+00
4212.330000 1.574789e+00
4212.900000 1.576063e+00
4213.460000 1.576802e+00
4214.030000 1.577626e+00
4214.590000 1.578855e+00
4215.160000 1.580421e+00
4215.720000 1.581911e+00
4216.290000 1.583715e+00
4216.850000 1.585168e+00
4217.420000 1.586086e+00
4217.980000 1.585957e+00
4218.550000 1.585880e+00
4219.110000 1.586355e+00
4219.680000 1.588315e+00
4220.240000 1.590928e+00
4220.810000 1.593610e+00
4221.370000 1.596447e+00
4221.940000 1.598419e+00
4222.500000 1.599687e+00
4223.070000 1.601162e+00
4223.630000 1.603282e+00
4224.200000 1.605511e+00
4224.760000 1.608646e+00
4225.330000 1.611322e+00
4225.890000 1.613931e+00
4226.460000 1.615972e+00
4227.020000 1.617952e+00
4227.590000 1.619450e+00
4228.150000 1.620663e+00
4228.720000 1.621338e+00
4229.280000 1.622599e+00
4229.850000 1.623698e+00
4230.410000 1.624828e+00
4230.980000 1.626205e+00
4231.540000 1.627622e+00
4232.110000 1.628253e+00
4232.670000 1.628414e+00
4233.240000 1.628413e+00
4233.800000 1.629268e+00
4234.370000 1.630648e+00
4234.930000 1.633000e+00
4235.500000 1.636387e+00
4236.060000 1.640068e+00
4236.630000 1.643382e+00
4237.190000 1.646318e+00
4237.760000 1.648784e+00
4238.320000 1.651685e+00
4238.890000 1.654146e+00
4239.450000 1.655843e+00
4240.020000 1.657812e+00
4240.580000 1.659982e+00
4241.150000 1.661279e+00
4241.710000 1.663250e+00
4242.280000 1.665957e+00
4242.840000 1.668077e+00
4243.410000 1.669610e+00
4243.970000 1.670871e+00
4244.540000 1.670817e+00
4245.100000 1.669413e+00
4245.670000 1.665807e+00
4246.230000 1.660895e+00
4246.800000 1.655570e+00
4247.360000 1.650933e+00
4247.930000 1.647519e+00
4248.490000 1.646998e+00
4249.060000 1.647805e+00
4249.620000 1.649374e+00
4250.190000 1.650997e+00
4250.750000 1.651821e+00
4251.320000 1.651618e+00
4251.880000 1.650911e+00
4252.450000 1.649502e+00
4253.010000 1.648147e+00
4253.580000 1.647484e+00
4254.140000 1.647373e+00
4254.710000 1.647028e+00
4255.270000 1.646309e+00
4255.840000 1.645083e+00
4256.400000 1.644075e+00
4256.970000 1.643253e+00
4257.530000 1.643436e+00
4258.100000 1.644835e+00
4258.660000 1.647647e+00
4259.230000 1.650264e+00
4259.790000 1.652767e+00
4260.360000 1.654926e+00
4260.920000 1.656673e+00
4261.490000 1.657046e+00
4262.050000 1.656747e+00
4262.620000 1.655737e+00
4263.180000 1.654929e+00
4263.750000 1.654465e+00
4264.310000 1.655017e+00
4264.880000 1.656703e+00
4265.440000 1.659235e+00
4266.000000 1.661628e+00
4266.570000 1.663528e+00
4267.130000 1.665492e+00
4267.700000 1.667010e+00
4268.260000 1.668364e+00
4268.830000 1.669789e+00
4269.390000 1.670972e+00
4269.960000 1.671607e+00
4270.520000 1.671457e+00
4271.090000 1.671589e+00
4271.650000 1.672051e+00
4272.220000 1.671194e+00
4272.780000 1.670942e+00
4273.350000 1.670531e+00
4273.910000 1.670427e+00
4274.480000 1.670448e+00
4275.040000 1.672002e+00
4275.610000 1.672936e+00
4276.170000 1.674129e+00
4276.740000 1.674213e+00
4277.300000 1.673527e+00
4277.870000 1.673453e+00
4278.430000 1.673183e+00
4279.000000 1.673542e+00
4279.560000 1.674579e+00
4280.130000 1.675781e+00
4280.690000 1.676693e+00
4281.260000 1.678125e+00
4281.820000 1.679668e+00
4282.390000 1.681361e+00
4282.950000 1.683205e+00
4283.520000 1.684963e+00
4284.080000 1.687819e+00
4284.650000 1.691008e+00
4285.210000 1.694830e+00
4285.780000 1.699168e+00
4286.340000 1.704440e+00
4286.910000 1.708379e+00
4287.470000 1.712051e+00
4288.040000 1.715108e+00
4288.600000 1.717763e+00
4289.170000 1.720016e+00
4289.730000 1.722665e+00
4290.300000 1.725363e+00
4290.860000 1.727857e+00
4291.430000 1.729924e+00
4291.990000 1.731722e+00
4292.560000 1.733197e+00
4293.120000 1.734727e+00
4293.690000 1.736488e+00
4294.250000 1.738590e+00
4294.820000 1.740202e+00
4295.380000 1.741688e+00
4295.950000 1.742626e+00
4296.510000 1.743327e+00
4297.080000 1.744750e+00
4297.640000 1.746540e+00
4298.210000 1.748219e+00
4298.770000 1.749994e+00
4299.340000 1.751587e+00
4299.900000 1.752592e+00
4300.470000 1.753589e+00
4301.030000 1.754523e+00
4301.600000 1.755482e+00
4302.160000 1.756695e+00
4302.730000 1.758665e+00
4303.290000 1.760828e+00
4303.860000 1.763342e+00
4304.420000 1.766016e+00
4304.990000 1.768827e+00
4305.550000 1.771791e+00
4306.120000 1.774565e+00
4306.680000 1.777467e+00
4307.250000 1.780515e+00
4307.810000 1.784115e+00
4308.380000 1.787093e+00
4308.940000 1.790561e+00
4309.510000 1.794709e+00
4310.070000 1.798331e+00
4310.640000 1.801652e+00
4311.200000 1.805357e+00
4311.770000 1.808593e+00
4312.330000 1.811511e+00
4312.900000 1.815381e+00
4313.460000 1.818958e+00
4314.030000 1.822584e+00
4314.590000 1.827557e+00
4315.160000 1.832621e+00
4315.720000 1.837855e+00
4316.290000 1.843388e+00
4316.850000 1.848643e+00
4317.420000 1.853381e+00
4317.980000 1.857101e+00
4318.550000 1.860351e+00
4319.110000 1.863994e+00
4319.680000 1.868098e+00
4320.240000 1.872090e+00
4320.810000 1.877137e+00
4321.370000 1.883253e+00
4321.940000 1.888868e+00
4322.500000 1.893897e+00
4323.070000 1.898946e+00
4323.630000 1.904487e+00
4324.200000 1.908962e+00
4324.760000 1.913994e+00
4325.330000 1.918763e+00
4325.890000 1.924403e+00
4326.460000 1.929040e+00
4327.020000 1.934524e+00
4327.590000 1.939745e+00
4328.150000 1.946564e+00
4328.720000 1.952581e+00
4329.280000 1.959559e+00
4329.850000 1.966743e+00
4330.410000 1.975237e+00
4330.980000 1.983187e+00
4331.540000 1.992051e+00
4332.100000 2.001324e+00
4332.670000 2.010958e+00
4333.230000 2.020022e+00
4333.800000 2.029398e+00
4334.360000 2.039053e+00
4334.930000 2.049951e+00
4335.490000 2.060691e+00
4336.060000 2.071825e+00
4336.620000 2.083490e+00
4337.190000 2.094467e+00
4337.750000 2.103990e+00
4338.320000 2.113755e+00
4338.880000 2.121766e+00
4339.450000 2.128754e+00
4340.010000 2.133492e+00
4340.580000 2.136426e+00
4341.140000 2.136929e+00
4341.710000 2.136274e+00
4342.270000 2.133135e+00
4342.840000 2.130224e+00
4343.400000 2.127065e+00
4343.970000 2.124353e+00
4344.530000 2.120809e+00
4345.100000 2.117484e+00
4345.660000 2.113303e+00
4346.230000 2.107634e+00
4346.790000 2.100011e+00
4347.360000 2.092701e+00
4347.920000 2.084402e+00
4348.490000 2.076190e+00
4349.050000 2.068647e+00
4349.620000 2.063013e+00
4350.180000 2.058661e+00
4350.750000 2.056433e+00
4351.310000 2.054747e+00
4351.880000 2.053184e+00
4352.440000 2.050722e+00
4353.010000 2.048611e+00
4353.570000 2.046782e+00
4354.140000 2.045859e+00
4354.700000 2.046181e+00
4355.270000 2.046994e+00
4355.830000 2.046468e+00
4356.400000 2.045053e+00
4356.960000 2.043088e+00
4357.530000 2.041165e+00
4358.090000 2.040121e+00
4358.660000 2.041325e+00
4359.220000 2.043607e+00
4359.790000 2.046079e+00
4360.350000 2.048231e+00
4360.920000 2.048906e+00
4361.480000 2.047592e+00
4362.050000 2.044436e+00
4362.610000 2.039624e+00
4363.180000 2.033500e+00
4363.740000 2.027421e+00
4364.310000 2.021013e+00
4364.870000 2.013698e+00
4365.440000 2.008576e+00
4366.000000 2.003369e+00
4366.570000 1.996356e+00
4367.130000 1.987641e+00
4367.700000 1.979315e+00
4368.260000 1.968727e+00
4368.830000 1.957453e+00
4369.390000 1.945835e+00
4369.960000 1.935173e+00
4370.520000 1.923937e+00
4371.090000 1.913091e+00
4371.650000 1.903323e+00
4372.220000 1.895310e+00
4372.780000 1.887465e+00
4373.350000 1.880784e+00
4373.910000 1.874971e+00
4374.480000 1.870003e+00
4375.040000 1.865765e+00
4375.610000 1.862011e+00
4376.170000 1.857998e+00
4376.740000 1.853308e+00
4377.300000 1.847520e+00
4377.870000 1.841852e+00
4378.430000 1.836716e+00
4379.000000 1.832502e+00
4379.560000 1.828483e+00
4380.130000 1.824982e+00
4380.690000 1.821256e+00
4381.260000 1.817610e+00
4381.820000 1.813112e+00
4382.390000 1.808561e+00
4382.950000 1.804645e+00
4383.520000 1.800999e+00
4384.080000 1.798003e+00
4384.650000 1.795734e+00
4385.210000 1.794770e+00
4385.780000 1.793533e+00
4386.340000 1.792907e+00
4386.910000 1.792206e+00
4387.470000 1.791463e+00
4388.040000 1.790388e+00
4388.600000 1.790671e+00
4389.170000 1.790797e+00
4389.730000 1.791303e+00
4390.300000 1.792656e+00
4390.860000 1.794423e+00
4391.430000 1.794366e+00
4391.990000 1.793712e+00
4392.560000 1.791854e+00
4393.120000 1.788584e+00
4393.690000 1.784789e+00
4394.250000 1.781034e+00
4394.820000 1.777583e+00
4395.380000 1.774605e+00
4395.950000 1.772331e+00
4396.510000 1.770122e+00
4397.080000 1.769068e+00
4397.640000 1.767822e+00
4398.210000 1.766657e+00
4398.770000 1.765069e+00
4399.340000 1.762912e+00
4399.900000 1.760222e+00
4400.470000 1.758305e+00
4401.030000 1.756303e+00
4401.600000 1.755575e+00
4402.160000 1.755805e+00
4402.730000 1.755551e+00
4403.290000 1.754447e+00
4403.850000 1.752999e+00
4404.420000 1.750942e+00
4404.980000 1.749259e+00
4405.550000 1.748243e+00
4406.110000 1.746675e+00
4406.680000 1.745256e+00
4407.240000 1.743219e+00
4407.810000 1.740294e+00
4408.370000 1.737443e+00
4408.940000 1.735518e+00
4409.500000 1.733550e+00
4410.070000 1.732468e+00
4410.630000 1.731385e+00
4411.200000 1.730594e+00
4411.760000 1.730364e+00
4412.330000 1.730685e+00
4412.890000 1.731527e+00
4413.460000 1.732996e+00
4414.020000 1.734483e+00
4414.590000 1.735694e+00
4415.150000 1.736595e+00
4415.720000 1.736717e+00
4416.280000 1.736813e+00
4416.850000 1.736641e+00
4417.410000 1.736687e+00
4417.980000 1.737756e+00
4418.540000 1.739708e+00
4419.110000 1.740980e+00
4419.670000 1.742472e+00
4420.240000 1.742854e+00
4420.800000 1.741631e+00
4421.370000 1.737162e+00
4421.930000 1.733111e+00
4422.500000 1.728847e+00
4423.060000 1.725735e+00
4423.630000 1.723310e+00
4424.190000 1.723148e+00
4424.760000 1.722312e+00
4425.320000 1.721114e+00
4425.890000 1.718676e+00
4426.450000 1.715336e+00
4427.020000 1.711530e+00
4427.580000 1.708093e+00
4428.150000 1.705151e+00
4428.710000 1.703220e+00
4429.280000 1.702714e+00
4429.840000 1.702883e+00
4430.410000 1.702781e+00
4430.970000 1.702308e+00
4431.540000 1.700854e+00
4432.100000 1.698901e+00
4432.670000 1.696727e+00
4433.230000 1.694975e+00
4433.800000 1.693500e+00
4434.360000 1.692887e+00
4434.930000 1.692333e+00
4435.490000 1.691982e+00
4436.060000 1.692459e+00
4436.620000 1.692370e+00
4437.190000 1.692619e+00
4437.750000 1.692877e+00
4438.320000 1.693193e+00
4438.880000 1.692976e+00
4439.450000 1.693487e+00
4440.010000 1.693109e+00
4440.580000 1.692433e+00
4441.140000 1.691960e+00
4441.710000 1.691640e+00
4442.270000 1.691769e+00
4442.840000 1.693146e+00
4443.400000 1.694396e+00
4443.970000 1.695689e+00
4444.530000 1.696583e+00
4445.100000 1.697053e+00
4445.660000 1.696809e+00
4446.230000 1.697839e+00
4446.790000 1.698683e+00
4447.360000 1.699851e+00
4447.920000 1.700985e+00
4448.490000 1.702749e+00
4449.050000 1.703646e+00
4449.620000 1.704968e+00
4450.180000 1.705746e+00
4450.750000 1.705987e+00
4451.310000 1.705624e+00
4451.880000 1.705157e+00
4452.440000 1.705109e+00
4453.010000 1.705528e+00
4453.570000 1.707936e+00
4454.140000 1.711078e+00
4454.700000 1.714470e+00
4455.270000 1.716326e+00
4455.830000 1.716493e+00
4456.400000 1.714575e+00
4456.960000 1.712033e+00
4457.530000 1.709915e+00
4458.090000 1.709362e+00
4458.660000 1.710936e+00
4459.220000 1.713701e+00
4459.790000 1.716705e+00
4460.350000 1.719712e+00
4460.920000 1.722223e+00
4461.480000 1.724590e+00
4462.050000 1.726529e+00
4462.610000 1.728204e+00
4463.180000 1.729888e+00
4463.740000 1.730657e+00
4464.310000 1.731167e+00
4464.870000 1.731962e+00
4465.440000 1.732978e+00
4466.000000 1.733653e+00
4466.570000 1.735254e+00
4467.130000 1.737063e+00
4467.700000 1.738622e+00
4468.260000 1.740646e+00
4468.830000 1.743513e+00
4469.390000 1.746750e+00
4469.960000 1.750358e+00
4470.520000 1.753659e+00
4471.080000 1.756635e+00
4471.650000 1.758682e+00
4472.210000 1.760473e+00
4472.780000 1.761748e+00
4473.340000 1.763084e+00
4473.910000 1.764042e+00
4474.470000 1.765026e+00
4475.040000 1.766035e+00
4475.600000 1.767347e+00
4476.170000 1.769538e+00
4476.730000 1.772145e+00
4477.300000 1.774958e+00
4477.860000 1.777343e+00
4478.430000 1.779193e+00
4478.990000 1.780017e+00
4479.560000 1.780436e+00
4480.120000 1.780302e+00
4480.690000 1.780289e+00
4481.250000 1.780328e+00
4481.820000 1.780393e+00
4482.380000 1.780682e+00
4482.950000 1.781126e+00
4483.510000 1.781943e+00
4484.080000 1.783097e+00
4484.640000 1.784935e+00
4485.210000 1.787006e+00
4485.770000 1.789633e+00
4486.340000 1.791612e+00
4486.900000 1.793297e+00
4487.470000 1.794446e+00
4488.030000 1.795275e+00
4488.600000 1.796277e+00
4489.160000 1.796985e+00
4489.730000 1.797372e+00
4490.290000 1.797396e+00
4490.860000 1.797193e+00
4491.420000 1.796435e+00
4491.990000 1.796388e+00
4492.550000 1.796818e+00
4493.120000 1.797465e+00
4493.680000 1.798061e+00
4494.250000 1.798248e+00
4494.810000 1.799104e+00
4495.380000 1.800065e+00
4495.940000 1.801704e+00
4496.510000 1.803857e+00
4497.070000 1.806402e+00
4497.640000 1.808357e+00
4498.200000 1.811070e+00
4498.770000 1.813896e+00
4499.330000 1.816725e+00
4499.900000 1.820111e+00
4500.460000 1.822995e+00
4501.030000 1.825191e+00
4501.590000 1.826891e+00
4502.160000 1.828644e+00
4502.720000 1.829927e+00
4503.290000 1.831298e+00
4503.850000 1.832660e+00
4504.420000 1.834477e+00
4504.980000 1.836216e+00
4505.550000 1.838366e+00
4506.110000 1.840858e+00
4506.680000 1.843656e+00
4507.240000 1.846045e+00
4507.810000 1.847901e+00
4508.370000 1.850022e+00
4508.940000 1.852020e+00
4509.500000 1.853608e+00
4510.070000 1.855292e+00
4510.630000 1.857530e+00
4511.200000 1.859575e+00
4511.760000 1.861078e+00
4512.330000 1.862862e+00
4512.890000 1.865155e+00
4513.460000 1.866993e+00
4514.020000 1.867684e+00
4514.590000 1.868401e+00
4515.150000 1.867681e+00
4515.720000 1.866618e+00
4516.280000 1.866449e+00
4516.850000 1.867254e+00
4517.410000 1.868560e+00
4517.980000 1.870462e+00
4518.540000 1.871435e+00
4519.110000 1.870449e+00
4519.670000 1.869577e+00
4520.240000 1.868801e+00
4520.800000 1.868623e+00
4521.370000 1.870342e+00
4521.930000 1.873646e+00
4522.500000 1.877039e+00
4523.060000 1.880047e+00
4523.630000 1.881929e+00
4524.190000 1.881955e+00
4524.760000 1.881460e+00
4525.320000 1.880464e+00
4525.890000 1.880612e+00
4526.450000 1.881447e+00
4527.020000 1.882547e+00
4527.580000 1.882246e+00
4528.150000 1.880083e+00
4528.710000 1.876349e+00
4529.280000 1.872154e+00
4529.840000 1.868575e+00
4530.410000 1.866954e+00
4530.970000 1.867512e+00
4531.540000 1.868539e+00
4532.100000 1.869919e+00
4532.670000 1.870734e+00
4533.230000 1.871373e+00
4533.800000 1.871782e+00
4534.360000 1.872023e+00
4534.930000 1.872211e+00
4535.490000 1.871948e+00
4536.060000 1.871259e+00
4536.620000 1.870181e+00
4537.190000 1.870492e+00
4537.750000 1.872078e+00
4538.310000 1.875162e+00
4538.880000 1.878841e+00
4539.440000 1.883239e+00
4540.010000 1.887560e+00
4540.570000 1.891111e+00
4541.140000 1.896047e+00
4541.710000 1.901598e+00
4542.270000 1.906903e+00
4542.830000 1.907249e+00
4543.400000 1.906760e+00
4543.960000 1.902461e+00
4544.530000 1.895495e+00
4545.090000 1.887992e+00
4545.660000 1.884254e+00
4546.220000 1.881793e+00
4546.790000 1.880914e+00
4547.350000 1.881884e+00
4547.920000 1.883441e+00
4548.480000 1.885320e+00
4549.050000 1.886389e+00
4549.610000 1.887841e+00
4550.180000 1.888813e+00
4550.740000 1.889518e+00
4551.310000 1.889929e+00
4551.870000 1.890003e+00
4552.440000 1.888212e+00
4553.000000 1.886697e+00
4553.570000 1.885778e+00
4554.130000 1.885841e+00
4554.700000 1.886384e+00
4555.260000 1.888785e+00
4555.830000 1.891382e+00
4556.390000 1.893097e+00
4556.960000 1.894393e+00
4557.520000 1.896439e+00
4558.090000 1.898049e+00
4558.650000 1.899489e+00
4559.220000 1.901600e+00
4559.780000 1.902953e+00
4560.350000 1.904269e+00
4560.910000 1.905569e+00
4561.480000 1.906520e+00
4562.040000 1.906084e+00
4562.610000 1.905405e+00
4563.170000 1.903580e+00
4563.740000 1.901037e+00
4564.300000 1.898520e+00
4564.870000 1.896996e+00
4565.430000 1.896511e+00
4566.000000 1.896742e+00
4566.560000 1.897844e+00
4567.130000 1.898991e+00
4567.690000 1.899035e+00
4568.260000 1.898324e+00
4568.820000 1.897102e+00
4569.390000 1.895294e+00
4569.950000 1.894088e+00
4570.520000 1.893860e+00
4571.080000 1.893641e+00
4571.650000 1.893889e+00
4572.210000 1.894784e+00
4572.780000 1.894690e+00
4573.340000 1.894794e+00
4573.910000 1.895582e+00
4574.470000 1.896685e+00
4575.040000 1.898436e+00
4575.600000 1.901440e+00
4576.170000 1.902778e+00
4576.730000 1.903100e+00
4577.300000 1.902267e+00
4577.860000 1.900525e+00
4578.430000 1.898447e+00
4578.990000 1.898947e+00
4579.560000 1.900205e+00
4580.120000 1.902835e+00
4580.690000 1.904969e+00
4581.250000 1.906048e+00
4581.820000 1.905512e+00
4582.380000 1.903385e+00
4582.950000 1.900137e+00
4583.510000 1.895930e+00
4584.080000 1.892416e+00
4584.640000 1.889425e+00
4585.210000 1.888195e+00
4585.770000 1.886947e+00
4586.340000 1.887027e+00
4586.900000 1.887117e+00
4587.470000 1.887152e+00
4588.030000 1.886417e+00
4588.600000 1.885048e+00
4589.160000 1.882917e+00
4589.730000 1.880033e+00
4590.290000 1.876595e+00
4590.860000 1.873336e+00
4591.420000 1.872052e+00
4591.990000 1.871719e+00
4592.550000 1.871749e+00
4593.120000 1.871814e+00
4593.680000 1.870946e+00
4594.250000 1.867525e+00
4594.810000 1.863467e+00
4595.380000 1.859343e+00
4595.940000 1.855544e+00
4596.510000 1.852706e+00
4597.070000 1.851413e+00
4597.640000 1.850226e+00
4598.200000 1.849049e+00
4598.770000 1.848234e+00
4599.330000 1.847402e+00
4599.900000 1.846904e+00
4600.460000 1.847126e+00
4601.030000 1.847019e+00
4601.590000 1.846768e+00
4602.160000 1.846141e+00
4602.720000 1.844905e+00
4603.290000 1.843102e+00
4603.850000 1.842055e+00
4604.420000 1.841335e+00
4604.980000 1.841108e+00
4605.550000 1.841701e+00
4606.110000 1.842350e+00
4606.680000 1.843563e+00
4607.240000 1.844504e+00
4607.810000 1.845509e+00
4608.370000 1.846313e+00
4608.940000 1.847154e+00
4609.500000 1.847338e+00
4610.060000 1.847055e+00
4610.630000 1.847448e+00
4611.190000 1.847778e+00
4611.760000 1.847933e+00
4612.320000 1.848126e+00
4612.890000 1.849260e+00
4613.450000 1.849919e+00
4614.020000 1.850743e+00
4614.580000 1.852703e+00
4615.150000 1.854874e+00
4615.710000 1.856653e+00
4616.280000 1.858367e+00
4616.840000 1.859359e+00
4617.410000 1.859671e+00
4617.970000 1.859655e+00
4618.540000 1.859205e+00
4619.100000 1.858812e+00
4619.670000 1.858803e+00
4620.230000 1.858776e+00
4620.800000 1.860107e+00
4621.360000 1.862221e+00
4621.930000 1.864122e+00
4622.490000 1.865502e+00
4623.060000 1.866312e+00
4623.620000 1.865854e+00
4624.190000 1.865753e+00
4624.750000 1.865846e+00
4625.320000 1.866941e+00
4625.880000 1.869289e+00
4626.450000 1.871379e+00
4627.010000 1.873130e+00
4627.580000 1.875286e+00
4628.140000 1.877352e+00
4628.710000 1.878690e+00
4629.270000 1.880223e+00
4629.840000 1.881313e+00
4630.400000 1.881298e+00
4630.970000 1.881199e+00
4631.530000 1.880851e+00
4632.100000 1.879699e+00
4632.660000 1.878695e+00
4633.230000 1.877394e+00
4633.790000 1.875733e+00
4634.360000 1.874440e+00
4634.920000 1.873775e+00
4635.490000 1.872831e+00
4636.050000 1.872128e+00
4636.620000 1.870397e+00
4637.180000 1.868296e+00
4637.750000 1.866138e+00
4638.310000 1.863766e+00
4638.880000 1.861392e+00
4639.440000 1.859518e+00
4640.010000 1.857058e+00
4640.570000 1.854089e+00
4641.140000 1.851172e+00
4641.700000 1.849136e+00
4642.270000 1.848023e+00
4642.830000 1.847440e+00
4643.400000 1.847310e+00
4643.960000 1.846151e+00
4644.530000 1.844173e+00
4645.090000 1.840395e+00
4645.660000 1.834285e+00
4646.220000 1.828228e+00
4646.790000 1.823829e+00
4647.350000 1.819484e+00
4647.920000 1.816075e+00
4648.480000 1.814914e+00
4649.050000 1.814792e+00
4649.610000 1.815183e+00
4650.180000 1.816353e+00
4650.740000 1.818828e+00
4651.310000 1.821907e+00
4651.870000 1.824505e+00
4652.440000 1.825920e+00
4653.000000 1.827291e+00
4653.570000 1.827813e+00
4654.130000 1.828356e+00
4654.700000 1.829316e+00
4655.260000 1.830977e+00
4655.830000 1.831706e+00
4656.390000 1.832659e+00
4656.960000 1.833182e+00
4657.520000 1.832914e+00
4658.090000 1.832710e+00
4658.650000 1.832618e+00
4659.220000 1.833020e+00
4659.780000 1.832340e+00
4660.350000 1.831453e+00
4660.910000 1.829529e+00
4661.480000 1.827949e+00
4662.040000 1.824985e+00
4662.610000 1.822804e+00
4663.170000 1.819595e+00
4663.740000 1.816195e+00
4664.300000 1.812692e+00
4664.870000 1.810009e+00
4665.430000 1.807710e+00
4666.000000 1.808058e+00
4666.560000 1.809204e+00
4667.130000 1.810386e+00
4667.690000 1.810314e+00
4668.260000 1.810607e+00
4668.820000 1.809700e+00
4669.390000 1.809523e+00
4669.950000 1.810717e+00
4670.520000 1.813767e+00
4671.080000 1.816576e+00
4671.650000 1.819582e+00
4672.210000 1.821680e+00
4672.780000 1.822895e+00
4673.340000 1.823792e+00
4673.910000 1.825458e+00
4674.470000 1.827512e+00
4675.040000 1.829782e+00
4675.600000 1.831339e+00
4676.170000 1.831861e+00
4676.730000 1.830333e+00
4677.290000 1.828655e+00
4677.860000 1.827115e+00
4678.420000 1.826940e+00
4678.990000 1.828949e+00
4679.550000 1.833690e+00
4680.120000 1.838791e+00
4680.680000 1.843810e+00
4681.250000 1.848143e+00
4681.810000 1.851517e+00
4682.380000 1.853806e+00
4682.940000 1.855570e+00
4683.510000 1.858116e+00
4684.070000 1.860986e+00
4684.640000 1.863355e+00
4685.200000 1.864395e+00
4685.770000 1.865547e+00
4686.330000 1.864766e+00
4686.900000 1.862583e+00
4687.460000 1.859182e+00
4688.030000 1.855409e+00
4688.590000 1.850549e+00
4689.160000 1.845239e+00
4689.720000 1.839778e+00
4690.290000 1.834728e+00
4690.850000 1.829942e+00
4691.420000 1.824480e+00
4691.980000 1.819774e+00
4692.550000 1.814449e+00
4693.110000 1.808791e+00
4693.680000 1.803289e+00
4694.240000 1.798119e+00
4694.810000 1.794432e+00
4695.370000 1.791664e+00
4695.940000 1.790098e+00
4696.500000 1.788732e+00
4697.070000 1.787240e+00
4697.630000 1.783234e+00
4698.200000 1.779205e+00
4698.760000 1.773818e+00
4699.330000 1.767932e+00
4699.890000 1.762862e+00
4700.460000 1.759138e+00
4701.020000 1.755878e+00
4701.590000 1.753500e+00
4702.150000 1.751968e+00
4702.720000 1.750937e+00
4703.280000 1.750717e+00
4703.850000 1.751027e+00
4704.410000 1.751853e+00
4704.980000 1.752935e+00
4705.540000 1.753590e+00
4706.110000 1.753577e+00
4706.670000 1.752965e+00
4707.240000 1.751713e+00
4707.800000 1.750528e+00
4708.370000 1.749913e+00
4708.930000 1.750072e+00
4709.500000 1.750867e+00
4710.060000 1.753516e+00
4710.630000 1.756518e+00
4711.190000 1.759637e+00
4711.760000 1.762851e+00
4712.320000 1.764951e+00
4712.890000 1.765072e+00
4713.450000 1.764431e+00
4714.020000 1.762277e+00
4714.580000 1.760057e+00
4715.150000 1.758886e+00
4715.710000 1.758654e+00
4716.280000 1.758208e+00
4716.840000 1.759142e+00
4717.410000 1.760017e+00
4717.970000 1.760483e+00
4718.540000 1.761071e+00
4719.100000 1.763118e+00
4719.670000 1.765163e+00
4720.230000 1.766387e+00
4720.800000 1.766583e+00
4721.360000 1.765775e+00
4721.930000 1.764447e+00
4722.490000 1.762995e+00
4723.060000 1.762567e+00
4723.620000 1.764088e+00
4724.190000 1.766318e+00
4724.750000 1.768081e+00
4725.320000 1.770093e+00
4725.880000 1.771598e+00
4726.450000 1.771938e+00
4727.010000 1.771561e+00
4727.580000 1.770383e+00
4728.140000 1.768052e+00
4728.710000 1.765190e+00
4729.270000 1.762376e+00
4729.840000 1.760068e+00
4730.400000 1.759032e+00
4730.970000 1.758965e+00
4731.530000 1.759314e+00
4732.100000 1.760874e+00
4732.660000 1.762119e+00
4733.230000 1.763035e+00
4733.790000 1.763558e+00
4734.360000 1.764436e+00
4734.920000 1.762915e+00
4735.490000 1.761826e+00
4736.050000 1.760834e+00
4736.620000 1.759839e+00
4737.180000 1.759203e+00
4737.750000 1.760032e+00
4738.310000 1.760593e+00
4738.880000 1.760486e+00
4739.440000 1.759472e+00
4740.010000 1.757450e+00
4740.570000 1.755333e+00
4741.140000 1.752720e+00
4741.700000 1.750726e+00
4742.270000 1.749396e+00
4742.830000 1.748920e+00
4743.400000 1.747443e+00
4743.960000 1.747275e+00
4744.520000 1.747765e+00
4745.090000 1.749289e+00
4745.660000 1.751153e+00
4746.220000 1.753920e+00
4746.790000 1.756425e+00
4747.350000 1.757305e+00
4747.920000 1.757358e+00
4748.480000 1.756367e+00
4749.040000 1.755811e+00
4749.610000 1.754573e+00
4750.170000 1.755715e+00
4750.740000 1.757631e+00
4751.300000 1.760376e+00
4751.870000 1.762964e+00
4752.430000 1.765672e+00
4753.000000 1.766669e+00
4753.560000 1.766755e+00
4754.130000 1.766002e+00
4754.690000 1.765952e+00
4755.260000 1.766035e+00
4755.820000 1.766441e+00
4756.390000 1.766660e+00
4756.950000 1.766823e+00
4757.520000 1.766127e+00
4758.080000 1.765462e+00
4758.650000 1.765291e+00
4759.210000 1.765872e+00
4759.780000 1.767347e+00
4760.340000 1.768660e+00
4760.910000 1.770672e+00
4761.470000 1.772971e+00
4762.040000 1.774956e+00
4762.600000 1.776095e+00
4763.170000 1.778940e+00
4763.730000 1.781428e+00
4764.300000 1.783338e+00
4764.860000 1.784997e+00
4765.430000 1.787016e+00
4765.990000 1.786968e+00
4766.560000 1.787200e+00
4767.120000 1.787678e+00
4767.690000 1.788810e+00
4768.250000 1.790423e+00
4768.820000 1.793208e+00
4769.380000 1.795351e+00
4769.950000 1.796328e+00
4770.510000 1.797797e+00
4771.080000 1.798687e+00
4771.640000 1.800089e+00
4772.210000 1.801949e+00
4772.770000 1.805037e+00
4773.340000 1.806908e+00
4773.900000 1.808822e+00
4774.470000 1.810264e+00
4775.030000 1.812091e+00
4775.600000 1.814632e+00
4776.160000 1.818472e+00
4776.730000 1.822998e+00
4777.290000 1.827666e+00
4777.860000 1.832324e+00
4778.420000 1.836024e+00
4778.990000 1.838986e+00
4779.550000 1.843298e+00
4780.120000 1.848602e+00
4780.680000 1.854442e+00
4781.250000 1.861580e+00
4781.810000 1.868674e+00
4782.380000 1.872650e+00
4782.940000 1.874073e+00
4783.510000 1.873654e+00
4784.070000 1.870401e+00
4784.640000 1.866918e+00
4785.200000 1.864066e+00
4785.770000 1.863141e+00
4786.330000 1.863015e+00
4786.900000 1.865607e+00
4787.460000 1.868144e+00
4788.030000 1.871744e+00
4788.590000 1.874568e+00
4789.160000 1.877668e+00
4789.720000 1.879814e+00
4790.290000 1.883291e+00
4790.850000 1.886644e+00
4791.420000 1.890855e+00
4791.980000 1.895692e+00
4792.550000 1.901833e+00
4793.110000 1.907198e+00
4793.680000 1.913136e+00
4794.240000 1.918754e+00
4794.810000 1.923462e+00
4795.370000 1.926373e+00
4795.940000 1.929305e+00
4796.500000 1.931388e+00
4797.070000 1.933688e+00
4797.630000 1.937654e+00
4798.200000 1.942679e+00
4798.760000 1.948490e+00
4799.330000 1.954471e+00
4799.890000 1.959901e+00
4800.460000 1.963548e+00
4801.020000 1.966217e+00
4801.590000 1.968023e+00
4802.150000 1.969593e+00
4802.720000 1.970665e+00
4803.280000 1.974142e+00
4803.850000 1.978769e+00
4804.410000 1.983797e+00
4804.980000 1.988895e+00
4805.540000 1.994344e+00
4806.110000 1.997450e+00
4806.670000 2.000867e+00
4807.240000 2.004651e+00
4807.800000 2.009453e+00
4808.370000 2.014821e+00
4808.930000 2.020970e+00
4809.500000 2.026145e+00
4810.060000 2.031721e+00
4810.630000 2.037876e+00
4811.190000 2.045618e+00
4811.760000 2.053561e+00
4812.320000 2.062545e+00
4812.890000 2.071572e+00
4813.450000 2.079697e+00
4814.020000 2.086070e+00
4814.580000 2.091919e+00
4815.150000 2.096633e+00
4815.710000 2.099833e+00
4816.270000 2.102706e+00
4816.840000 2.106527e+00
4817.400000 2.110949e+00
4817.970000 2.115921e+00
4818.530000 2.122734e+00
4819.100000 2.130258e+00
4819.660000 2.137187e+00
4820.230000 2.143659e+00
4820.790000 2.150704e+00
4821.360000 2.156391e+00
4821.920000 2.161542e+00
4822.490000 2.167024e+00
4823.050000 2.173320e+00
4823.620000 2.179978e+00
4824.180000 2.186950e+00
4824.750000 2.193935e+00
4825.310000 2.201093e+00
4825.880000 2.207102e+00
4826.440000 2.211963e+00
4827.010000 2.218698e+00
4827.570000 2.227031e+00
4828.140000 2.236019e+00
4828.700000 2.246896e+00
4829.270000 2.259253e+00
4829.830000 2.270552e+00
4830.400000 2.282669e+00
4830.960000 2.294339e+00
4831.530000 2.305312e+00
4832.090000 2.316652e+00
4832.660000 2.328870e+00
4833.220000 2.339517e+00
4833.790000 2.349184e+00
4834.350000 2.359488e+00
4834.920000 2.368409e+00
4835.480000 2.377214e+00
4836.050000 2.386365e+00
4836.610000 2.397320e+00
4837.180000 2.410102e+00
4837.740000 2.425779e+00
4838.310000 2.442057e+00
4838.870000 2.459349e+00
4839.440000 2.476840e+00
4840.000000 2.494118e+00
4840.570000 2.508562e+00
4841.130000 2.523133e+00
4841.700000 2.537510e+00
4842.260000 2.553223e+00
4842.830000 2.566544e+00
4843.390000 2.580980e+00
4843.960000 2.595302e+00
4844.520000 2.611154e+00
4845.090000 2.625893e+00
4845.650000 2.642496e+00
4846.220000 2.660976e+00
4846.780000 2.680050e+00
4847.350000 2.697082e+00
4847.910000 2.714636e+00
4848.480000 2.733524e+00
4849.040000 2.753541e+00
4849.610000 2.774692e+00
4850.170000 2.797490e+00
4850.740000 2.822385e+00
4851.300000 2.849232e+00
4851.870000 2.875102e+00
4852.430000 2.901974e+00
4853.000000 2.932709e+00
4853.560000 2.965311e+00
4854.130000 2.996865e+00
4854.690000 3.029719e+00
4855.260000 3.063949e+00
4855.820000 3.097026e+00
4856.390000 3.126733e+00
4856.950000 3.156187e+00
4857.520000 3.187636e+00
4858.080000 3.218721e+00
4858.650000 3.247782e+00
4859.210000 3.277727e+00
4859.780000 3.307577e+00
4860.340000 3.333495e+00
4860.910000 3.353484e+00
4861.470000 3.368233e+00
4862.040000 3.377817e+00
4862.600000 3.376796e+00
4863.170000 3.369796e+00
4863.730000 3.358434e+00
4864.300000 3.342227e+00
4864.860000 3.316083e+00
4865.430000 3.289768e+00
4865.990000 3.260810e+00
4866.560000 3.229580e+00
4867.120000 3.199769e+00
4867.690000 3.174227e+00
4868.250000 3.148883e+00
4868.820000 3.120676e+00
4869.380000 3.093544e+00
4869.950000 3.065524e+00
4870.510000 3.037193e+00
4871.080000 3.008085e+00
4871.640000 2.981503e+00
4872.210000 2.955033e+00
4872.770000 2.930316e+00
4873.340000 2.907621e+00
4873.900000 2.887294e+00
4874.470000 2.869023e+00
4875.030000 2.851999e+00
4875.600000 2.833507e+00
4876.160000 2.813501e+00
4876.730000 2.792382e+00
4877.290000 2.770822e+00
4877.860000 2.748732e+00
4878.420000 2.727766e+00
4878.990000 2.711551e+00
4879.550000 2.698011e+00
4880.120000 2.684773e+00
4880.680000 2.672398e+00
4881.250000 2.659957e+00
4881.810000 2.644916e+00
4882.380000 2.628402e+00
4882.940000 2.611880e+00
4883.500000 2.596714e+00
4884.070000 2.583347e+00
4884.630000 2.572067e+00
4885.200000 2.562074e+00
4885.760000 2.553750e+00
4886.330000 2.545392e+00
4886.890000 2.535694e+00
4887.460000 2.524224e+00
4888.020000 2.513438e+00
4888.590000 2.502533e+00
4889.150000 2.491910e+00
4889.720000 2.482548e+00
4890.280000 2.475022e+00
4890.850000 2.467523e+00
4891.410000 2.459145e+00
4891.980000 2.450816e+00
4892.540000 2.442955e+00
4893.110000 2.434906e+00
4893.670000 2.428212e+00
4894.240000 2.422658e+00
4894.800000 2.415989e+00
4895.370000 2.409451e+00
4895.930000 2.404517e+00
4896.500000 2.399323e+00
4897.060000 2.394519e+00
4897.630000 2.390527e+00
4898.190000 2.386771e+00
4898.760000 2.381196e+00
4899.320000 2.374669e+00
4899.890000 2.367311e+00
4900.450000 2.359931e+00
4901.020000 2.352598e+00
4901.580000 2.345034e+00
4902.150000 2.337394e+00
4902.710000 2.329730e+00
4903.280000 2.322062e+00
4903.840000 2.313739e+00
4904.410000 2.306601e+00
4904.970000 2.299657e+00
4905.540000 2.293795e+00
4906.100000 2.289132e+00
4906.670000 2.284994e+00
4907.230000 2.280079e+00
4907.800000 2.275833e+00
4908.360000 2.271202e+00
4908.930000 2.265543e+00
4909.490000 2.260047e+00
4910.060000 2.253811e+00
4910.620000 2.247605e+00
4911.190000 2.241291e+00
4911.750000 2.235991e+00
4912.320000 2.230470e+00
4912.880000 2.226151e+00
4913.450000 2.222577e+00
4914.010000 2.219584e+00
4914.580000 2.216037e+00
4915.140000 2.213113e+00
4915.710000 2.211704e+00
4916.270000 2.210389e+00
4916.840000 2.209768e+00
4917.400000 2.210521e+00
4917.970000 2.211647e+00
4918.530000 2.210715e+00
4919.100000 2.208647e+00
4919.660000 2.206349e+00
4920.230000 2.203518e+00
4920.790000 2.200302e+00
4921.360000 2.199197e+00
4921.920000 2.198875e+00
4922.490000 2.198332e+00
4923.050000 2.197310e+00
4923.620000 2.196255e+00
4924.180000 2.193501e+00
4924.750000 2.190525e+00
4925.310000 2.187507e+00
4925.880000 2.184298e+00
4926.440000 2.181256e+00
4927.010000 2.174296e+00
4927.570000 2.167386e+00
4928.140000 2.161015e+00
4928.700000 2.155488e+00
4929.270000 2.149696e+00
4929.830000 2.148167e+00
4930.400000 2.146029e+00
4930.960000 2.142898e+00
4931.530000 2.139848e+00
4932.090000 2.137990e+00
4932.660000 2.136915e+00
4933.220000 2.137201e+00
4933.790000 2.136805e+00
4934.350000 2.136767e+00
4934.920000 2.135825e+00
4935.480000 2.135126e+00
4936.050000 2.134792e+00
4936.610000 2.136817e+00
4937.180000 2.137698e+00
4937.740000 2.137921e+00
4938.310000 2.137513e+00
4938.870000 2.135406e+00
4939.440000 2.132520e+00
4940.000000 2.130611e+00
4940.570000 2.130294e+00
4941.130000 2.131229e+00
4941.700000 2.133611e+00
4942.260000 2.137236e+00
4942.830000 2.142110e+00
4943.390000 2.147199e+00
4943.960000 2.153813e+00
4944.520000 2.163491e+00
4945.090000 2.174580e+00
4945.650000 2.186361e+00
4946.220000 2.201585e+00
4946.780000 2.217807e+00
4947.350000 2.234351e+00
4947.910000 2.252809e+00
4948.480000 2.275350e+00
4949.040000 2.303075e+00
4949.600000 2.336638e+00
4950.170000 2.372229e+00
4950.740000 2.412632e+00
4951.300000 2.458833e+00
4951.870000 2.508544e+00
4952.430000 2.560135e+00
4953.000000 2.615779e+00
4953.560000 2.677928e+00
4954.120000 2.748487e+00
4954.690000 2.814686e+00
4955.250000 2.880512e+00
4955.820000 2.952581e+00
4956.380000 3.024850e+00
4956.950000 3.082306e+00
4957.510000 3.139954e+00
4958.080000 3.191415e+00
4958.640000 3.229984e+00
4959.210000 3.252495e+00
4959.770000 3.263671e+00
4960.340000 3.258411e+00
4960.900000 3.238485e+00
4961.470000 3.202185e+00
4962.030000 3.147568e+00
4962.600000 3.083267e+00
4963.160000 3.012123e+00
4963.730000 2.934844e+00
4964.290000 2.850872e+00
4964.860000 2.772842e+00
4965.420000 2.694924e+00
4965.990000 2.620110e+00
4966.550000 2.543564e+00
4967.120000 2.480438e+00
4967.680000 2.420564e+00
4968.250000 2.363400e+00
4968.810000 2.312390e+00
4969.380000 2.274187e+00
4969.940000 2.235616e+00
4970.510000 2.201383e+00
4971.070000 2.175893e+00
4971.640000 2.153398e+00
4972.200000 2.133660e+00
4972.770000 2.118451e+00
4973.330000 2.106610e+00
4973.900000 2.096091e+00
4974.460000 2.085867e+00
4975.030000 2.077552e+00
4975.590000 2.070247e+00
4976.160000 2.064076e+00
4976.720000 2.059822e+00
4977.290000 2.057374e+00
4977.850000 2.055407e+00
4978.420000 2.054407e+00
4978.980000 2.054261e+00
4979.550000 2.054103e+00
4980.110000 2.054394e+00
4980.680000 2.055558e+00
4981.240000 2.058037e+00
4981.810000 2.060824e+00
4982.370000 2.066583e+00
4982.940000 2.074019e+00
4983.500000 2.082453e+00
4984.070000 2.091754e+00
4984.630000 2.103466e+00
4985.200000 2.115801e+00
4985.760000 2.130495e+00
4986.330000 2.148360e+00
4986.890000 2.167795e+00
4987.460000 2.188339e+00
4988.020000 2.212490e+00
4988.590000 2.236575e+00
4989.150000 2.259387e+00
4989.720000 2.284811e+00
4990.280000 2.315623e+00
4990.850000 2.344284e+00
4991.410000 2.380631e+00
4991.980000 2.420188e+00
4992.540000 2.464286e+00
4993.110000 2.500995e+00
4993.670000 2.546343e+00
4994.240000 2.600508e+00
4994.800000 2.665921e+00
4995.370000 2.737792e+00
4995.930000 2.831744e+00
4996.500000 2.951722e+00
4997.060000 3.085619e+00
4997.630000 3.228740e+00
4998.190000 3.393799e+00
4998.760000 3.613830e+00
4999.320000 3.822574e+00
4999.890000 4.043930e+00
5000.450000 4.310452e+00
5001.020000 4.602787e+00
5001.580000 4.864938e+00
5002.150000 5.143617e+00
5002.710000 5.452636e+00
5003.280000 5.763000e+00
5003.840000 6.044018e+00
5004.410000 6.345393e+00
5004.970000 6.616152e+00
5005.540000 6.843320e+00
5006.100000 7.035672e+00
5006.670000 7.175334e+00
5007.230000 7.214358e+00
5007.800000 7.220908e+00
5008.360000 7.127436e+00
5008.930000 6.953560e+00
5009.490000 6.722341e+00
5010.060000 6.484233e+00
5010.620000 6.224536e+00
5011.190000 5.924892e+00
5011.750000 5.615907e+00
5012.320000 5.307117e+00
5012.880000 4.984841e+00
5013.450000 4.642041e+00
5014.010000 4.347788e+00
5014.580000 4.070215e+00
5015.140000 3.832460e+00
5015.710000 3.598465e+00
5016.270000 3.399890e+00
5016.840000 3.230671e+00
5017.400000 3.074313e+00
5017.970000 2.931248e+00
5018.530000 2.817960e+00
5019.100000 2.719021e+00
5019.660000 2.635295e+00
5020.230000 2.557785e+00
5020.790000 2.495636e+00
5021.350000 2.443588e+00
5021.920000 2.391189e+00
5022.480000 2.346341e+00
5023.050000 2.311465e+00
5023.610000 2.276520e+00
5024.180000 2.244848e+00
5024.740000 2.221241e+00
5025.310000 2.199219e+00
5025.870000 2.181382e+00
5026.440000 2.165925e+00
5027.000000 2.153735e+00
5027.570000 2.145266e+00
5028.130000 2.139546e+00
5028.700000 2.134245e+00
5029.260000 2.130315e+00
5029.830000 2.127022e+00
5030.390000 2.122315e+00
5030.960000 2.116896e+00
5031.520000 2.110758e+00
5032.090000 2.105127e+00
5032.650000 2.098624e+00
5033.220000 2.091974e+00
5033.780000 2.085900e+00
5034.350000 2.080007e+00
5034.910000 2.073928e+00
5035.480000 2.067309e+00
5036.040000 2.058999e+00
5036.610000 2.050464e+00
5037.170000 2.040990e+00
5037.740000 2.030766e+00
5038.300000 2.021031e+00
5038.870000 2.012294e+00
5039.430000 2.002431e+00
5040.000000 1.991642e+00
5040.560000 1.980021e+00
5041.130000 1.969014e+00
5041.690000 1.957164e+00
5042.260000 1.945786e+00
5042.820000 1.934756e+00
5043.390000 1.924691e+00
5043.950000 1.915260e+00
5044.520000 1.909236e+00
5045.080000 1.903704e+00
5045.650000 1.900521e+00
5046.210000 1.897756e+00
5046.780000 1.892982e+00
5047.340000 1.886094e+00
5047.910000 1.878717e+00
5048.470000 1.870419e+00
5049.040000 1.864000e+00
5049.600000 1.859489e+00
5050.170000 1.857529e+00
5050.730000 1.857491e+00
5051.300000 1.858327e+00
5051.860000 1.858377e+00
5052.430000 1.858577e+00
5052.990000 1.857166e+00
5053.560000 1.856311e+00
5054.120000 1.855272e+00
5054.690000 1.854043e+00
5055.250000 1.847199e+00
5055.820000 1.839766e+00
5056.380000 1.831256e+00
5056.950000 1.822914e+00
5057.510000 1.816794e+00
5058.080000 1.816412e+00
5058.640000 1.817827e+00
5059.210000 1.819810e+00
5059.770000 1.821391e+00
5060.340000 1.821306e+00
5060.900000 1.821048e+00
5061.470000 1.820015e+00
5062.030000 1.818732e+00
5062.600000 1.817190e+00
5063.160000 1.815277e+00
5063.730000 1.812973e+00
5064.290000 1.809348e+00
5064.860000 1.804702e+00
5065.420000 1.799363e+00
5065.990000 1.794569e+00
5066.550000 1.790196e+00
5067.120000 1.787165e+00
5067.680000 1.785030e+00
5068.250000 1.784239e+00
5068.810000 1.783517e+00
5069.380000 1.783067e+00
5069.940000 1.782599e+00
5070.510000 1.782989e+00
5071.070000 1.783460e+00
5071.640000 1.784558e+00
5072.200000 1.784952e+00
5072.770000 1.784136e+00
5073.330000 1.781508e+00
5073.900000 1.777468e+00
5074.460000 1.772522e+00
5075.030000 1.767880e+00
5075.590000 1.764592e+00
5076.160000 1.762883e+00
5076.720000 1.762773e+00
5077.290000 1.763025e+00
5077.850000 1.762604e+00
5078.420000 1.761613e+00
5078.980000 1.759650e+00
5079.550000 1.756815e+00
5080.110000 1.753540e+00
5080.680000 1.751125e+00
5081.240000 1.749823e+00
5081.810000 1.749716e+00
5082.370000 1.751268e+00
5082.940000 1.754050e+00
5083.500000 1.757859e+00
5084.070000 1.760888e+00
5084.630000 1.763233e+00
5085.200000 1.764185e+00
5085.760000 1.764151e+00
5086.330000 1.762810e+00
5086.890000 1.761284e+00
5087.460000 1.760243e+00
5088.020000 1.759072e+00
5088.580000 1.758223e+00
5089.150000 1.756968e+00
5089.710000 1.756285e+00
5090.280000 1.755208e+00
5090.840000 1.755014e+00
5091.410000 1.756165e+00
5091.980000 1.758332e+00
5092.540000 1.760548e+00
5093.100000 1.761749e+00
5093.670000 1.761686e+00
5094.230000 1.759049e+00
5094.800000 1.755044e+00
5095.360000 1.750707e+00
5095.930000 1.747949e+00
5096.490000 1.747283e+00
5097.060000 1.749193e+00
5097.620000 1.752763e+00
5098.190000 1.756687e+00
5098.750000 1.760092e+00
5099.320000 1.761559e+00
5099.880000 1.760805e+00
5100.450000 1.759353e+00
5101.010000 1.757311e+00
5101.580000 1.755163e+00
5102.140000 1.753264e+00
5102.710000 1.751494e+00
5103.270000 1.748888e+00
5103.840000 1.745985e+00
5104.400000 1.743343e+00
5104.970000 1.741928e+00
5105.530000 1.742747e+00
5106.100000 1.744325e+00
5106.660000 1.745459e+00
5107.230000 1.746757e+00
5107.790000 1.746265e+00
5108.360000 1.743961e+00
5108.920000 1.742514e+00
5109.490000 1.742959e+00
5110.050000 1.744273e+00
5110.620000 1.747953e+00
5111.180000 1.753696e+00
5111.750000 1.759931e+00
5112.310000 1.765656e+00
5112.880000 1.770940e+00
5113.440000 1.774736e+00
5114.010000 1.775941e+00
5114.570000 1.776387e+00
5115.140000 1.777154e+00
5115.700000 1.778275e+00
5116.270000 1.780393e+00
5116.830000 1.783914e+00
5117.400000 1.787048e+00
5117.960000 1.788712e+00
5118.530000 1.788818e+00
5119.090000 1.788003e+00
5119.660000 1.786688e+00
5120.220000 1.782974e+00
5120.790000 1.780022e+00
5121.350000 1.776598e+00
5121.920000 1.770766e+00
5122.480000 1.769009e+00
5123.050000 1.770791e+00
5123.610000 1.776586e+00
5124.180000 1.785293e+00
5124.740000 1.796527e+00
5125.310000 1.802734e+00
5125.870000 1.807252e+00
5126.440000 1.807405e+00
5127.000000 1.806172e+00
5127.570000 1.805149e+00
5128.130000 1.805792e+00
5128.700000 1.807495e+00
5129.260000 1.809938e+00
5129.830000 1.811460e+00
5130.390000 1.813893e+00
5130.960000 1.815723e+00
5131.520000 1.817354e+00
5132.090000 1.819015e+00
5132.650000 1.821690e+00
5133.220000 1.824089e+00
5133.780000 1.827105e+00
5134.350000 1.830232e+00
5134.910000 1.832366e+00
5135.480000 1.834974e+00
5136.040000 1.836554e+00
5136.610000 1.838300e+00
5137.170000 1.840097e+00
5137.740000 1.843832e+00
5138.300000 1.846812e+00
5138.870000 1.850231e+00
5139.430000 1.852600e+00
5140.000000 1.853784e+00
5140.560000 1.853165e+00
5141.130000 1.851905e+00
5141.690000 1.850818e+00
5142.260000 1.849534e+00
5142.820000 1.849698e+00
5143.390000 1.851110e+00
5143.950000 1.853675e+00
5144.520000 1.855884e+00
5145.080000 1.859157e+00
5145.650000 1.861482e+00
5146.210000 1.862355e+00
5146.780000 1.862665e+00
5147.340000 1.862762e+00
5147.910000 1.863289e+00
5148.470000 1.865370e+00
5149.040000 1.869466e+00
5149.600000 1.874184e+00
5150.170000 1.880120e+00
5150.730000 1.885036e+00
5151.300000 1.890213e+00
5151.860000 1.893717e+00
5152.430000 1.896865e+00
5152.990000 1.897780e+00
5153.560000 1.899239e+00
5154.120000 1.897904e+00
5154.690000 1.894518e+00
5155.250000 1.890449e+00
5155.820000 1.888044e+00
5156.380000 1.888431e+00
5156.950000 1.890141e+00
5157.510000 1.895837e+00
5158.080000 1.903385e+00
5158.640000 1.910482e+00
5159.210000 1.913686e+00
5159.770000 1.914983e+00
5160.330000 1.914540e+00
5160.900000 1.911790e+00
5161.460000 1.908137e+00
5162.030000 1.905522e+00
5162.590000 1.905087e+00
5163.160000 1.905439e+00
5163.720000 1.907263e+00
5164.290000 1.911549e+00
5164.850000 1.915601e+00
5165.420000 1.919455e+00
5165.980000 1.923108e+00
5166.550000 1.924956e+00
5167.110000 1.924799e+00
5167.680000 1.922915e+00
5168.240000 1.920483e+00
5168.810000 1.918436e+00
5169.370000 1.916955e+00
5169.940000 1.915642e+00
5170.500000 1.915195e+00
5171.070000 1.915514e+00
5171.630000 1.914307e+00
5172.200000 1.913072e+00
5172.760000 1.911979e+00
5173.330000 1.911249e+00
5173.890000 1.910028e+00
5174.460000 1.909274e+00
5175.020000 1.909273e+00
5175.590000 1.909037e+00
5176.150000 1.909865e+00
5176.720000 1.910216e+00
5177.280000 1.911840e+00
5177.850000 1.912803e+00
5178.410000 1.914105e+00
5178.980000 1.913996e+00
5179.540000 1.913775e+00
5180.110000 1.912477e+00
5180.670000 1.910882e+00
5181.240000 1.909155e+00
5181.800000 1.907904e+00
5182.370000 1.906880e+00
5182.930000 1.905837e+00
5183.500000 1.904846e+00
5184.060000 1.903431e+00
5184.630000 1.901931e+00
5185.190000 1.900954e+00
5185.760000 1.899788e+00
5186.320000 1.899620e+00
5186.890000 1.900870e+00
5187.450000 1.903584e+00
5188.020000 1.908980e+00
5188.580000 1.915390e+00
5189.150000 1.922447e+00
5189.710000 1.928491e+00
5190.280000 1.933538e+00
5190.840000 1.936678e+00
5191.410000 1.939619e+00
5191.970000 1.942460e+00
5192.540000 1.944278e+00
5193.100000 1.945997e+00
5193.670000 1.946134e+00
5194.230000 1.946322e+00
5194.800000 1.945623e+00
5195.360000 1.946832e+00
5195.930000 1.948455e+00
5196.490000 1.950873e+00
5197.060000 1.952811e+00
5197.620000 1.954498e+00
5198.190000 1.955241e+00
5198.750000 1.955697e+00
5199.320000 1.955649e+00
5199.880000 1.954849e+00
5200.450000 1.953056e+00
5201.010000 1.950557e+00
5201.580000 1.947330e+00
5202.140000 1.943630e+00
5202.710000 1.940901e+00
5203.270000 1.938931e+00
5203.840000 1.937761e+00
5204.400000 1.936663e+00
5204.970000 1.935316e+00
5205.530000 1.932866e+00
5206.100000 1.928941e+00
5206.660000 1.924471e+00
5207.230000 1.919691e+00
5207.790000 1.915847e+00
5208.360000 1.912474e+00
5208.920000 1.910715e+00
5209.490000 1.908565e+00
5210.050000 1.906769e+00
5210.620000 1.904501e+00
5211.180000 1.901838e+00
5211.750000 1.898516e+00
5212.310000 1.896716e+00
5212.880000 1.894384e+00
5213.440000 1.893330e+00
5214.010000 1.892750e+00
5214.570000 1.893297e+00
5215.140000 1.893407e+00
5215.700000 1.894469e+00
5216.270000 1.894731e+00
5216.830000 1.895149e+00
5217.400000 1.895774e+00
5217.960000 1.894928e+00
5218.530000 1.894147e+00
5219.090000 1.893769e+00
5219.660000 1.893152e+00
5220.220000 1.893511e+00
5220.790000 1.895484e+00
5221.350000 1.897883e+00
5221.920000 1.900104e+00
5222.480000 1.903432e+00
5223.050000 1.905080e+00
5223.610000 1.907742e+00
5224.180000 1.910916e+00
5224.740000 1.915013e+00
5225.310000 1.918202e+00
5225.870000 1.921866e+00
5226.440000 1.924494e+00
5227.000000 1.926023e+00
5227.560000 1.926048e+00
5228.130000 1.925104e+00
5228.690000 1.923647e+00
5229.260000 1.921715e+00
5229.820000 1.919197e+00
5230.390000 1.916945e+00
5230.950000 1.916166e+00
5231.520000 1.915525e+00
5232.080000 1.916064e+00
5232.650000 1.917294e+00
5233.210000 1.919318e+00
5233.780000 1.921032e+00
5234.340000 1.922646e+00
5234.910000 1.923500e+00
5235.470000 1.924407e+00
5236.040000 1.924555e+00
5236.600000 1.922384e+00
5237.170000 1.916586e+00
5237.730000 1.909928e+00
5238.300000 1.902968e+00
5238.860000 1.896658e+00
5239.430000 1.891900e+00
5239.990000 1.890946e+00
5240.560000 1.890660e+00
5241.120000 1.891289e+00
5241.690000 1.891204e+00
5242.250000 1.892459e+00
5242.820000 1.893462e+00
5243.380000 1.895061e+00
5243.950000 1.896123e+00
5244.510000 1.898243e+00
5245.080000 1.900478e+00
5245.640000 1.902683e+00
5246.210000 1.904043e+00
5246.770000 1.904462e+00
5247.340000 1.902235e+00
5247.900000 1.898625e+00
5248.470000 1.895650e+00
5249.030000 1.893198e+00
5249.600000 1.891215e+00
5250.160000 1.891465e+00
5250.730000 1.891911e+00
5251.290000 1.892196e+00
5251.860000 1.892192e+00
5252.420000 1.892927e+00
5252.990000 1.894252e+00
5253.550000 1.896626e+00
5254.120000 1.899686e+00
5254.680000 1.903190e+00
5255.250000 1.906608e+00
5255.810000 1.909533e+00
5256.380000 1.912395e+00
5256.940000 1.914800e+00
5257.510000 1.916986e+00
5258.070000 1.919035e+00
5258.640000 1.920260e+00
5259.200000 1.921276e+00
5259.770000 1.921478e+00
5260.330000 1.921495e+00
5260.900000 1.921649e+00
5261.460000 1.921499e+00
5262.030000 1.921737e+00
5262.590000 1.923027e+00
5263.160000 1.925409e+00
5263.720000 1.927547e+00
5264.290000 1.930527e+00
5264.850000 1.932702e+00
5265.420000 1.934862e+00
5265.980000 1.936526e+00
5266.550000 1.938985e+00
5267.110000 1.941998e+00
5267.680000 1.945533e+00
5268.240000 1.948979e+00
5268.810000 1.952183e+00
5269.370000 1.955117e+00
5269.940000 1.957045e+00
5270.500000 1.959910e+00
5271.070000 1.963131e+00
5271.630000 1.966954e+00
5272.200000 1.970870e+00
5272.760000 1.974900e+00
5273.330000 1.976069e+00
5273.890000 1.975651e+00
5274.460000 1.973470e+00
5275.020000 1.970023e+00
5275.590000 1.966271e+00
5276.150000 1.965037e+00
5276.720000 1.964922e+00
5277.280000 1.966358e+00
5277.850000 1.968795e+00
5278.410000 1.971825e+00
5278.980000 1.972814e+00
5279.540000 1.973089e+00
5280.110000 1.972664e+00
5280.670000 1.971823e+00
5281.240000 1.970953e+00
5281.800000 1.971647e+00
5282.370000 1.972565e+00
5282.930000 1.972875e+00
5283.500000 1.973109e+00
5284.060000 1.973431e+00
5284.630000 1.972691e+00
5285.190000 1.971920e+00
5285.760000 1.972201e+00
5286.320000 1.973388e+00
5286.890000 1.975293e+00
5287.450000 1.977503e+00
5288.020000 1.979697e+00
5288.580000 1.981235e+00
5289.150000 1.980676e+00
5289.710000 1.977701e+00
5290.280000 1.974529e+00
5290.840000 1.970805e+00
5291.410000 1.967485e+00
5291.970000 1.964926e+00
5292.540000 1.963759e+00
5293.100000 1.962175e+00
5293.670000 1.961127e+00
5294.230000 1.958685e+00
5294.790000 1.955277e+00
5295.360000 1.952478e+00
5295.920000 1.950273e+00
5296.490000 1.948413e+00
5297.060000 1.948953e+00
5297.620000 1.950331e+00
5298.190000 1.951921e+00
5298.750000 1.953916e+00
5299.310000 1.955404e+00
5299.880000 1.956465e+00
5300.440000 1.957748e+00
5301.010000 1.958181e+00
5301.570000 1.958366e+00
5302.140000 1.958775e+00
5302.700000 1.958644e+00
5303.270000 1.958557e+00
5303.830000 1.958717e+00
5304.400000 1.959961e+00
5304.960000 1.961137e+00
5305.530000 1.962224e+00
5306.090000 1.962966e+00
5306.660000 1.964938e+00
5307.220000 1.967594e+00
5307.790000 1.971990e+00
5308.350000 1.977897e+00
5308.920000 1.984734e+00
5309.480000 1.989820e+00
5310.050000 1.992249e+00
5310.610000 1.993130e+00
5311.180000 1.992648e+00
5311.740000 1.992012e+00
5312.310000 1.991481e+00
5312.870000 1.992071e+00
5313.440000 1.992899e+00
5314.000000 1.993125e+00
5314.570000 1.992714e+00
5315.130000 1.992624e+00
5315.700000 1.991617e+00
5316.260000 1.990931e+00
5316.830000 1.990324e+00
5317.390000 1.990306e+00
5317.960000 1.990137e+00
5318.520000 1.989789e+00
5319.090000 1.988427e+00
5319.650000 1.987324e+00
5320.220000 1.985194e+00
5320.780000 1.981886e+00
5321.350000 1.980082e+00
5321.910000 1.977599e+00
5322.480000 1.974563e+00
5323.040000 1.971225e+00
5323.610000 1.965711e+00
5324.170000 1.959005e+00
5324.740000 1.952559e+00
5325.300000 1.946762e+00
5325.870000 1.941359e+00
5326.430000 1.938656e+00
5327.000000 1.936349e+00
5327.560000 1.934071e+00
5328.130000 1.930700e+00
5328.690000 1.927772e+00
5329.260000 1.924911e+00
5329.820000 1.922346e+00
5330.390000 1.920521e+00
5330.950000 1.919470e+00
5331.520000 1.918316e+00
5332.080000 1.917459e+00
5332.650000 1.915876e+00
5333.210000 1.914309e+00
5333.780000 1.912381e+00
5334.340000 1.909356e+00
5334.910000 1.906275e+00
5335.470000 1.904055e+00
5336.040000 1.901009e+00
5336.600000 1.898199e+00
5337.170000 1.895970e+00
5337.730000 1.893354e+00
5338.300000 1.890093e+00
5338.860000 1.887107e+00
5339.430000 1.884518e+00
5339.990000 1.882669e+00
5340.560000 1.881586e+00
5341.120000 1.880717e+00
5341.690000 1.879658e+00
5342.250000 1.878555e+00
5342.820000 1.877077e+00
5343.380000 1.875211e+00
5343.950000 1.873462e+00
5344.510000 1.872061e+00
5345.080000 1.870495e+00
5345.640000 1.868220e+00
5346.210000 1.865631e+00
5346.770000 1.862690e+00
5347.340000 1.859643e+00
5347.900000 1.855789e+00
5348.470000 1.853749e+00
5349.030000 1.852574e+00
5349.600000 1.852034e+00
5350.160000 1.854945e+00
5350.730000 1.859539e+00
5351.290000 1.864843e+00
5351.860000 1.869897e+00
5352.420000 1.874588e+00
5352.990000 1.877526e+00
5353.550000 1.880150e+00
5354.120000 1.882720e+00
5354.680000 1.886049e+00
5355.250000 1.890755e+00
5355.810000 1.893877e+00
5356.380000 1.896070e+00
5356.940000 1.896145e+00
5357.510000 1.895228e+00
5358.070000 1.893476e+00
5358.640000 1.892532e+00
5359.200000 1.892187e+00
5359.770000 1.891823e+00
5360.330000 1.891267e+00
5360.900000 1.888307e+00
5361.460000 1.884214e+00
5362.030000 1.879953e+00
5362.590000 1.877414e+00
5363.160000 1.874362e+00
5363.720000 1.873776e+00
5364.290000 1.872095e+00
5364.850000 1.869540e+00
5365.420000 1.863425e+00
5365.980000 1.857052e+00
5366.540000 1.850256e+00
5367.110000 1.845916e+00
5367.670000 1.843117e+00
5368.240000 1.844462e+00
5368.800000 1.847637e+00
5369.370000 1.851315e+00
5369.930000 1.854318e+00
5370.500000 1.855890e+00
5371.060000 1.856662e+00
5371.630000 1.856721e+00
5372.190000 1.856500e+00
5372.760000 1.855876e+00
5373.320000 1.855493e+00
5373.890000 1.854818e+00
5374.450000 1.853378e+00
5375.020000 1.851287e+00
5375.580000 1.848640e+00
5376.150000 1.845949e+00
5376.710000 1.843499e+00
5377.280000 1.842012e+00
5377.840000 1.839958e+00
5378.410000 1.839079e+00
5378.970000 1.839250e+00
5379.540000 1.838097e+00
5380.100000 1.836562e+00
5380.670000 1.835831e+00
5381.230000 1.833323e+00
5381.800000 1.829613e+00
5382.360000 1.826244e+00
5382.930000 1.824275e+00
5383.490000 1.822548e+00
5384.060000 1.823009e+00
5384.620000 1.824635e+00
5385.190000 1.825234e+00
5385.750000 1.823455e+00
5386.320000 1.821071e+00
5386.880000 1.816932e+00
5387.450000 1.811112e+00
5388.010000 1.806919e+00
5388.580000 1.804129e+00
5389.140000 1.803043e+00
5389.710000 1.803737e+00
5390.270000 1.806323e+00
5390.840000 1.808943e+00
5391.400000 1.811594e+00
5391.970000 1.813702e+00
5392.530000 1.819307e+00
5393.100000 1.824370e+00
5393.660000 1.828865e+00
5394.230000 1.833069e+00
5394.790000 1.836303e+00
5395.360000 1.834588e+00
5395.920000 1.831688e+00
5396.490000 1.826188e+00
5397.050000 1.820304e+00
5397.620000 1.815538e+00
5398.180000 1.811779e+00
5398.750000 1.809429e+00
5399.310000 1.811183e+00
5399.880000 1.813096e+00
5400.440000 1.814137e+00
5401.010000 1.815536e+00
5401.570000 1.816063e+00
5402.140000 1.815631e+00
5402.700000 1.815429e+00
5403.270000 1.815687e+00
5403.830000 1.814946e+00
5404.400000 1.814361e+00
5404.960000 1.814385e+00
5405.530000 1.814504e+00
5406.090000 1.814742e+00
5406.660000 1.815288e+00
5407.220000 1.816431e+00
5407.790000 1.814387e+00
5408.350000 1.813102e+00
5408.920000 1.811408e+00
5409.480000 1.811406e+00
5410.050000 1.812266e+00
5410.610000 1.816544e+00
5411.180000 1.821901e+00
5411.740000 1.828815e+00
5412.310000 1.834139e+00
5412.870000 1.837795e+00
5413.440000 1.840804e+00
5414.000000 1.840769e+00
5414.570000 1.839769e+00
5415.130000 1.839242e+00
5415.700000 1.840777e+00
5416.260000 1.842533e+00
5416.830000 1.846366e+00
5417.390000 1.850471e+00
5417.960000 1.852704e+00
5418.520000 1.853580e+00
5419.090000 1.854209e+00
5419.650000 1.853809e+00
5420.220000 1.851622e+00
5420.780000 1.850804e+00
5421.350000 1.850131e+00
5421.910000 1.847302e+00
5422.480000 1.843732e+00
5423.040000 1.840711e+00
5423.610000 1.836366e+00
5424.170000 1.830937e+00
5424.740000 1.826905e+00
5425.300000 1.823826e+00
5425.870000 1.821588e+00
5426.430000 1.821205e+00
5427.000000 1.828972e+00
5427.560000 1.837382e+00
5428.130000 1.846018e+00
5428.690000 1.853674e+00
5429.260000 1.860960e+00
5429.820000 1.860241e+00
5430.390000 1.858323e+00
5430.950000 1.856309e+00
5431.520000 1.854529e+00
5432.080000 1.852944e+00
5432.650000 1.852584e+00
5433.210000 1.853449e+00
5433.770000 1.854339e+00
5434.340000 1.854982e+00
5434.900000 1.854170e+00
5435.470000 1.852602e+00
5436.030000 1.850607e+00
5436.600000 1.847919e+00
5437.160000 1.846494e+00
5437.730000 1.845139e+00
5438.290000 1.844858e+00
5438.860000 1.844519e+00
5439.420000 1.844187e+00
5439.990000 1.842778e+00
5440.550000 1.842840e+00
5441.120000 1.841583e+00
5441.680000 1.840549e+00
5442.250000 1.840654e+00
5442.810000 1.840434e+00
5443.380000 1.838933e+00
5443.940000 1.838190e+00
5444.510000 1.837491e+00
5445.070000 1.836326e+00
5445.640000 1.836660e+00
5446.200000 1.838773e+00
5446.770000 1.840395e+00
5447.330000 1.841922e+00
5447.900000 1.843508e+00
5448.460000 1.844270e+00
5449.030000 1.843302e+00
5449.590000 1.842902e+00
5450.160000 1.842738e+00
5450.720000 1.843807e+00
5451.290000 1.845164e+00
5451.850000 1.847102e+00
5452.420000 1.849343e+00
5452.980000 1.850477e+00
5453.550000 1.848421e+00
5454.110000 1.845858e+00
5454.680000 1.842840e+00
5455.240000 1.838111e+00
5455.810000 1.833170e+00
5456.370000 1.829449e+00
5456.940000 1.826642e+00
5457.500000 1.823878e+00
5458.070000 1.822107e+00
5458.630000 1.821648e+00
5459.200000 1.821977e+00
5459.760000 1.821107e+00
5460.330000 1.820333e+00
5460.890000 1.819450e+00
5461.460000 1.818752e+00
5462.020000 1.818702e+00
5462.590000 1.818311e+00
5463.150000 1.818363e+00
5463.720000 1.818370e+00
5464.280000 1.817652e+00
5464.850000 1.816785e+00
5465.410000 1.817144e+00
5465.980000 1.818410e+00
5466.540000 1.822446e+00
5467.110000 1.826926e+00
5467.670000 1.830605e+00
5468.240000 1.834073e+00
5468.800000 1.836185e+00
5469.370000 1.835552e+00
5469.930000 1.834487e+00
5470.500000 1.833556e+00
5471.060000 1.833133e+00
5471.630000 1.833786e+00
5472.190000 1.836054e+00
5472.760000 1.839400e+00
5473.320000 1.843190e+00
5473.890000 1.845765e+00
5474.450000 1.847432e+00
5475.020000 1.846463e+00
5475.580000 1.844610e+00
5476.150000 1.842324e+00
5476.710000 1.840263e+00
5477.280000 1.839807e+00
5477.840000 1.840790e+00
5478.410000 1.842076e+00
5478.970000 1.843447e+00
5479.540000 1.845019e+00
5480.100000 1.845680e+00
5480.670000 1.846658e+00
5481.230000 1.848082e+00
5481.800000 1.849578e+00
5482.360000 1.851301e+00
5482.930000 1.853134e+00
5483.490000 1.855116e+00
5484.060000 1.856860e+00
5484.620000 1.858326e+00
5485.190000 1.860731e+00
5485.750000 1.862599e+00
5486.320000 1.864293e+00
5486.880000 1.864687e+00
5487.450000 1.865126e+00
5488.010000 1.864212e+00
5488.580000 1.863498e+00
5489.140000 1.863450e+00
5489.710000 1.864446e+00
5490.270000 1.864918e+00
5490.840000 1.865188e+00
5491.400000 1.864816e+00
5491.970000 1.863037e+00
5492.530000 1.861237e+00
5493.100000 1.859106e+00
5493.660000 1.857954e+00
5494.230000 1.857560e+00
5494.790000 1.857939e+00
5495.360000 1.856974e+00
5495.920000 1.856910e+00
5496.490000 1.855723e+00
5497.050000 1.855686e+00
5497.620000 1.856564e+00
5498.180000 1.858620e+00
5498.750000 1.860696e+00
5499.310000 1.862388e+00
5499.880000 1.862163e+00
5500.440000 1.859550e+00
5501.010000 1.856109e+00
5501.570000 1.854104e+00
5502.140000 1.853213e+00
5502.700000 1.853876e+00
5503.270000 1.855810e+00
5503.830000 1.858312e+00
5504.400000 1.859974e+00
5504.960000 1.861642e+00
5505.520000 1.862895e+00
5506.090000 1.864741e+00
5506.650000 1.867507e+00
5507.220000 1.869041e+00
5507.780000 1.870765e+00
5508.350000 1.871413e+00
5508.910000 1.871415e+00
5509.480000 1.868970e+00
5510.040000 1.866934e+00
5510.610000 1.864303e+00
5511.170000 1.863520e+00
5511.740000 1.862416e+00
5512.300000 1.863513e+00
5512.870000 1.865937e+00
5513.430000 1.869154e+00
5514.000000 1.870534e+00
5514.560000 1.872771e+00
5515.130000 1.874728e+00
5515.690000 1.876051e+00
5516.260000 1.876988e+00
5516.820000 1.878927e+00
5517.390000 1.879067e+00
5517.950000 1.879527e+00
5518.520000 1.880190e+00
5519.080000 1.881240e+00
5519.650000 1.883502e+00
5520.210000 1.887698e+00
5520.780000 1.892689e+00
5521.340000 1.898488e+00
5521.910000 1.904388e+00
5522.470000 1.908945e+00
5523.040000 1.913328e+00
5523.600000 1.916931e+00
5524.170000 1.918521e+00
5524.730000 1.918923e+00
5525.300000 1.919371e+00
5525.860000 1.918093e+00
5526.430000 1.915861e+00
5526.990000 1.913307e+00
5527.560000 1.909956e+00
5528.120000 1.905191e+00
5528.690000 1.901456e+00
5529.250000 1.898251e+00
5529.820000 1.896499e+00
5530.380000 1.897094e+00
5530.950000 1.899432e+00
5531.510000 1.902659e+00
5532.080000 1.906184e+00
5532.640000 1.908821e+00
5533.210000 1.910018e+00
5533.770000 1.910549e+00
5534.340000 1.909336e+00
5534.900000 1.908694e+00
5535.470000 1.907269e+00
5536.030000 1.906482e+00
5536.600000 1.904673e+00
5537.160000 1.903805e+00
5537.730000 1.902047e+00
5538.290000 1.901245e+00
5538.860000 1.900871e+00
5539.420000 1.902126e+00
5539.990000 1.903151e+00
5540.550000 1.904064e+00
5541.120000 1.904509e+00
5541.680000 1.903731e+00
5542.250000 1.901692e+00
5542.810000 1.900121e+00
5543.380000 1.899375e+00
5543.940000 1.899640e+00
5544.510000 1.901710e+00
5545.070000 1.905162e+00
5545.640000 1.908358e+00
5546.200000 1.911627e+00
5546.770000 1.913595e+00
5547.330000 1.911731e+00
5547.900000 1.909172e+00
5548.460000 1.904301e+00
5549.030000 1.898283e+00
5549.590000 1.894056e+00
5550.160000 1.893929e+00
5550.720000 1.899956e+00
5551.290000 1.907093e+00
5551.850000 1.913575e+00
5552.420000 1.919710e+00
5552.980000 1.924394e+00
5553.550000 1.922388e+00
5554.110000 1.922165e+00
5554.680000 1.923290e+00
5555.240000 1.923638e+00
5555.810000 1.923528e+00
5556.370000 1.923597e+00
5556.940000 1.923421e+00
5557.500000 1.923317e+00
5558.070000 1.923645e+00
5558.630000 1.924710e+00
5559.200000 1.926355e+00
5559.760000 1.926889e+00
5560.330000 1.926446e+00
5560.890000 1.925238e+00
5561.460000 1.922600e+00
5562.020000 1.917679e+00
5562.590000 1.913880e+00
5563.150000 1.910671e+00
5563.720000 1.908427e+00
5564.280000 1.906787e+00
5564.850000 1.905286e+00
5565.410000 1.902313e+00
5565.980000 1.898905e+00
5566.540000 1.894036e+00
5567.110000 1.890345e+00
5567.670000 1.889033e+00
5568.240000 1.889193e+00
5568.800000 1.890013e+00
5569.370000 1.892094e+00
5569.930000 1.894169e+00
5570.500000 1.896145e+00
5571.060000 1.898315e+00
5571.620000 1.900526e+00
5572.190000 1.902357e+00
5572.750000 1.902619e+00
5573.320000 1.902060e+00
5573.880000 1.901052e+00
5574.450000 1.899410e+00
5575.010000 1.897706e+00
5575.580000 1.897319e+00
5576.140000 1.898609e+00
5576.710000 1.899399e+00
5577.270000 1.900088e+00
5577.840000 1.900342e+00
5578.400000 1.900202e+00
5578.970000 1.899693e+00
5579.530000 1.899847e+00
5580.100000 1.901106e+00
5580.660000 1.903014e+00
5581.230000 1.904609e+00
5581.790000 1.904978e+00
5582.360000 1.903464e+00
5582.920000 1.900669e+00
5583.490000 1.897356e+00
5584.050000 1.893164e+00
5584.620000 1.890170e+00
5585.180000 1.888469e+00
5585.750000 1.888023e+00
5586.310000 1.888026e+00
5586.880000 1.888317e+00
5587.440000 1.887044e+00
5588.010000 1.885535e+00
5588.570000 1.882743e+00
5589.140000 1.880561e+00
5589.700000 1.881623e+00
5590.270000 1.881322e+00
5590.830000 1.881712e+00
5591.400000 1.883212e+00
5591.960000 1.883118e+00
5592.530000 1.880920e+00
5593.090000 1.880153e+00
5593.660000 1.877885e+00
5594.220000 1.874250e+00
5594.790000 1.872330e+00
5595.350000 1.869460e+00
5595.920000 1.866770e+00
5596.480000 1.866025e+00
5597.050000 1.866150e+00
5597.610000 1.865404e+00
5598.180000 1.865474e+00
5598.740000 1.865861e+00
5599.310000 1.866228e+00
5599.870000 1.866533e+00
5600.440000 1.867925e+00
5601.000000 1.869864e+00
5601.570000 1.871499e+00
5602.130000 1.873183e+00
5602.700000 1.875009e+00
5603.260000 1.875951e+00
5603.830000 1.876062e+00
5604.390000 1.876816e+00
5604.960000 1.876751e+00
5605.520000 1.876140e+00
5606.090000 1.875819e+00
5606.650000 1.875720e+00
5607.220000 1.875358e+00
5607.780000 1.875124e+00
5608.350000 1.875735e+00
5608.910000 1.876543e+00
5609.480000 1.876694e+00
5610.040000 1.876744e+00
5610.610000 1.877206e+00
5611.170000 1.877784e+00
5611.740000 1.878599e+00
5612.300000 1.879096e+00
5612.870000 1.879600e+00
5613.430000 1.879907e+00
5614.000000 1.879489e+00
5614.560000 1.878075e+00
5615.130000 1.875825e+00
5615.690000 1.872998e+00
5616.260000 1.870530e+00
5616.820000 1.867945e+00
5617.390000 1.865379e+00
5617.950000 1.864285e+00
5618.520000 1.863794e+00
5619.080000 1.862672e+00
5619.650000 1.861393e+00
5620.210000 1.860107e+00
5620.780000 1.859030e+00
5621.340000 1.858041e+00
5621.910000 1.857970e+00
5622.470000 1.859183e+00
5623.040000 1.861572e+00
5623.600000 1.863983e+00
5624.170000 1.866960e+00
5624.730000 1.869373e+00
5625.300000 1.871262e+00
5625.860000 1.872533e+00
5626.430000 1.874247e+00
5626.990000 1.874211e+00
5627.560000 1.873869e+00
5628.120000 1.872117e+00
5628.690000 1.868054e+00
5629.250000 1.862661e+00
5629.820000 1.858540e+00
5630.380000 1.854996e+00
5630.950000 1.852604e+00
5631.510000 1.853709e+00
5632.080000 1.855394e+00
5632.640000 1.857919e+00
5633.210000 1.861338e+00
5633.770000 1.864943e+00
5634.340000 1.865881e+00
5634.900000 1.866456e+00
5635.470000 1.865796e+00
5636.030000 1.862902e+00
5636.600000 1.859890e+00
5637.160000 1.859029e+00
5637.730000 1.859597e+00
5638.290000 1.860978e+00
5638.850000 1.863604e+00
5639.420000 1.866757e+00
5639.980000 1.868784e+00
5640.550000 1.870516e+00
5641.110000 1.873324e+00
5641.680000 1.875660e+00
5642.240000 1.877634e+00
5642.810000 1.879602e+00
5643.380000 1.880954e+00
5643.940000 1.880492e+00
5644.500000 1.879303e+00
5645.070000 1.877805e+00
5645.630000 1.876286e+00
5646.200000 1.874937e+00
5646.760000 1.873595e+00
5647.330000 1.873150e+00
5647.890000 1.872589e+00
5648.460000 1.872431e+00
5649.020000 1.873146e+00
5649.590000 1.874649e+00
5650.150000 1.876463e+00
5650.720000 1.878544e+00
5651.280000 1.880070e+00
5651.850000 1.879653e+00
5652.410000 1.877951e+00
5652.980000 1.875526e+00
5653.540000 1.871636e+00
5654.110000 1.867325e+00
5654.670000 1.864710e+00
5655.240000 1.862541e+00
5655.800000 1.861081e+00
5656.370000 1.862061e+00
5656.930000 1.864357e+00
5657.500000 1.868188e+00
5658.060000 1.871642e+00
5658.630000 1.875379e+00
5659.190000 1.878932e+00
5659.760000 1.882342e+00
5660.320000 1.884478e+00
5660.890000 1.886622e+00
5661.450000 1.888125e+00
5662.020000 1.887720e+00
5662.580000 1.886728e+00
5663.150000 1.884639e+00
5663.710000 1.882307e+00
5664.280000 1.879913e+00
5664.840000 1.877786e+00
5665.410000 1.874175e+00
5665.970000 1.874545e+00
5666.540000 1.876400e+00
5667.100000 1.879271e+00
5667.670000 1.884194e+00
5668.230000 1.891559e+00
5668.800000 1.895588e+00
5669.360000 1.899183e+00
5669.930000 1.901722e+00
5670.490000 1.903716e+00
5671.060000 1.905053e+00
5671.620000 1.906522e+00
5672.190000 1.908026e+00
5672.750000 1.909967e+00
5673.320000 1.910960e+00
5673.880000 1.911046e+00
5674.450000 1.910392e+00
5675.010000 1.908747e+00
5675.580000 1.906512e+00
5676.140000 1.903950e+00
5676.710000 1.902822e+00
5677.270000 1.902948e+00
5677.840000 1.903399e+00
5678.400000 1.903775e+00
5678.970000 1.904296e+00
5679.530000 1.903575e+00
5680.100000 1.901543e+00
5680.660000 1.901585e+00
5681.230000 1.901675e+00
5681.790000 1.901147e+00
5682.360000 1.899724e+00
5682.920000 1.897876e+00
5683.490000 1.891991e+00
5684.050000 1.886903e+00
5684.620000 1.883821e+00
5685.180000 1.883372e+00
5685.750000 1.884834e+00
5686.310000 1.888306e+00
5686.880000 1.891049e+00
5687.440000 1.891923e+00
5688.010000 1.892232e+00
5688.570000 1.892800e+00
5689.140000 1.892344e+00
5689.700000 1.892870e+00
5690.270000 1.894029e+00
5690.830000 1.894123e+00
5691.400000 1.893235e+00
5691.960000 1.896101e+00
5692.530000 1.899547e+00
5693.090000 1.903908e+00
5693.660000 1.907412e+00
5694.220000 1.910646e+00
5694.790000 1.910401e+00
5695.350000 1.908782e+00
5695.920000 1.905787e+00
5696.480000 1.904599e+00
5697.050000 1.901797e+00
5697.610000 1.899602e+00
5698.180000 1.897469e+00
5698.740000 1.895132e+00
5699.310000 1.891907e+00
5699.870000 1.889386e+00
5700.440000 1.887752e+00
5701.000000 1.886753e+00
5701.570000 1.887284e+00
5702.130000 1.888997e+00
5702.700000 1.892284e+00
5703.260000 1.896111e+00
5703.830000 1.900394e+00
5704.390000 1.904532e+00
5704.960000 1.908482e+00
5705.520000 1.910453e+00
5706.090000 1.911801e+00
5706.650000 1.912596e+00
5707.220000 1.912754e+00
5707.780000 1.913452e+00
5708.350000 1.916062e+00
5708.910000 1.918541e+00
5709.480000 1.918223e+00
5710.040000 1.916804e+00
5710.600000 1.911907e+00
5711.170000 1.896184e+00
5711.730000 1.881262e+00
5712.300000 1.866607e+00
5712.860000 1.853470e+00
5713.430000 1.847423e+00
5713.990000 1.853501e+00
5714.560000 1.862017e+00
5715.120000 1.875292e+00
5715.690000 1.888845e+00
5716.250000 1.897015e+00
5716.820000 1.903564e+00
5717.380000 1.906102e+00
5717.950000 1.905273e+00
5718.510000 1.903170e+00
5719.080000 1.902059e+00
5719.640000 1.902459e+00
5720.210000 1.902810e+00
5720.770000 1.904309e+00
5721.340000 1.907307e+00
5721.900000 1.910694e+00
5722.470000 1.913145e+00
5723.030000 1.915477e+00
5723.600000 1.917620e+00
5724.160000 1.917629e+00
5724.730000 1.916912e+00
5725.290000 1.914439e+00
5725.860000 1.911168e+00
5726.420000 1.907931e+00
5726.990000 1.905970e+00
5727.550000 1.903902e+00
5728.120000 1.902545e+00
5728.680000 1.903030e+00
5729.250000 1.902166e+00
5729.810000 1.901168e+00
5730.380000 1.900798e+00
5730.940000 1.900802e+00
5731.510000 1.900446e+00
5732.070000 1.900351e+00
5732.640000 1.899838e+00
5733.200000 1.898117e+00
5733.770000 1.894762e+00
5734.330000 1.891059e+00
5734.900000 1.887828e+00
5735.460000 1.885183e+00
5736.030000 1.882770e+00
5736.590000 1.881496e+00
5737.160000 1.879775e+00
5737.720000 1.878429e+00
5738.290000 1.878547e+00
5738.850000 1.879367e+00
5739.420000 1.881766e+00
5739.980000 1.885492e+00
5740.550000 1.889820e+00
5741.110000 1.893194e+00
5741.680000 1.896775e+00
5742.240000 1.899187e+00
5742.810000 1.901578e+00
5743.370000 1.903609e+00
5743.940000 1.903646e+00
5744.500000 1.904074e+00
5745.070000 1.904055e+00
5745.630000 1.902921e+00
5746.200000 1.901481e+00
5746.760000 1.901454e+00
5747.330000 1.901973e+00
5747.890000 1.903537e+00
5748.460000 1.905549e+00
5749.020000 1.908181e+00
5749.590000 1.910848e+00
5750.150000 1.912372e+00
5750.720000 1.912993e+00
5751.280000 1.914589e+00
5751.850000 1.915936e+00
5752.410000 1.917903e+00
5752.980000 1.920461e+00
5753.540000 1.922956e+00
5754.110000 1.925331e+00
5754.670000 1.926276e+00
5755.240000 1.926358e+00
5755.800000 1.925451e+00
5756.370000 1.924179e+00
5756.930000 1.921047e+00
5757.500000 1.919374e+00
5758.060000 1.917737e+00
5758.630000 1.917346e+00
5759.190000 1.918918e+00
5759.760000 1.923193e+00
5760.320000 1.928519e+00
5760.890000 1.935509e+00
5761.450000 1.942196e+00
5762.020000 1.949163e+00
5762.580000 1.954483e+00
5763.150000 1.958312e+00
5763.710000 1.960579e+00
5764.280000 1.962867e+00
5764.840000 1.963306e+00
5765.410000 1.964095e+00
5765.970000 1.965949e+00
5766.540000 1.969112e+00
5767.100000 1.972198e+00
5767.670000 1.976265e+00
5768.230000 1.980355e+00
5768.800000 1.982893e+00
5769.360000 1.985168e+00
5769.930000 1.987608e+00
5770.490000 1.988581e+00
5771.060000 1.988830e+00
5771.620000 1.989517e+00
5772.190000 1.987833e+00
5772.750000 1.984133e+00
5773.320000 1.980827e+00
5773.880000 1.980853e+00
5774.450000 1.981545e+00
5775.010000 1.983149e+00
5775.580000 1.986768e+00
5776.140000 1.992132e+00
5776.710000 1.994133e+00
5777.270000 1.994620e+00
5777.830000 1.996113e+00
5778.400000 1.998287e+00
5778.960000 1.999349e+00
5779.530000 2.000161e+00
5780.090000 2.003120e+00
5780.660000 2.004981e+00
5781.220000 2.005327e+00
5781.790000 2.006010e+00
5782.350000 2.008052e+00
5782.920000 2.010332e+00
5783.480000 2.012505e+00
5784.050000 2.015089e+00
5784.610000 2.017710e+00
5785.180000 2.020914e+00
5785.740000 2.024113e+00
5786.310000 2.029235e+00
5786.870000 2.036858e+00
5787.440000 2.049778e+00
5788.000000 2.062407e+00
5788.570000 2.076317e+00
5789.130000 2.092660e+00
5789.700000 2.111050e+00
5790.260000 2.123787e+00
5790.830000 2.136436e+00
5791.390000 2.146802e+00
5791.960000 2.152231e+00
5792.520000 2.153600e+00
5793.090000 2.153446e+00
5793.650000 2.147597e+00
5794.220000 2.141335e+00
5794.780000 2.135885e+00
5795.350000 2.129068e+00
5795.910000 2.119121e+00
5796.480000 2.115087e+00
5797.040000 2.111319e+00
5797.610000 2.107961e+00
5798.170000 2.104522e+00
5798.740000 2.104126e+00
5799.300000 2.103404e+00
5799.870000 2.102761e+00
5800.430000 2.101286e+00
5801.000000 2.099991e+00
5801.560000 2.099311e+00
5802.130000 2.097740e+00
5802.690000 2.095220e+00
5803.260000 2.093691e+00
5803.820000 2.093617e+00
5804.390000 2.094187e+00
5804.950000 2.094954e+00
5805.520000 2.096148e+00
5806.080000 2.098336e+00
5806.650000 2.100995e+00
5807.210000 2.105462e+00
5807.780000 2.111098e+00
5808.340000 2.118339e+00
5808.910000 2.125126e+00
5809.470000 2.129135e+00
5810.040000 2.131963e+00
5810.600000 2.132592e+00
5811.170000 2.131050e+00
5811.730000 2.125112e+00
5812.300000 2.120589e+00
5812.860000 2.114255e+00
5813.430000 2.106820e+00
5813.990000 2.096628e+00
5814.560000 2.089042e+00
5815.120000 2.080689e+00
5815.690000 2.072529e+00
5816.250000 2.065348e+00
5816.820000 2.062173e+00
5817.380000 2.059470e+00
5817.950000 2.056976e+00
5818.510000 2.055756e+00
5819.080000 2.057979e+00
5819.640000 2.060356e+00
5820.210000 2.062377e+00
5820.770000 2.065266e+00
5821.340000 2.068061e+00
5821.900000 2.069552e+00
5822.470000 2.069826e+00
5823.030000 2.071361e+00
5823.600000 2.073182e+00
5824.160000 2.073887e+00
5824.730000 2.071637e+00
5825.290000 2.068825e+00
5825.860000 2.065901e+00
5826.420000 2.062240e+00
5826.990000 2.057693e+00
5827.550000 2.054247e+00
5828.120000 2.051216e+00
5828.680000 2.046291e+00
5829.250000 2.040334e+00
5829.810000 2.035464e+00
5830.380000 2.031184e+00
5830.940000 2.029000e+00
5831.510000 2.028549e+00
5832.070000 2.029714e+00
5832.640000 2.031149e+00
5833.200000 2.033354e+00
5833.770000 2.034191e+00
5834.330000 2.035913e+00
5834.900000 2.038449e+00
5835.460000 2.042297e+00
5836.030000 2.045874e+00
5836.590000 2.049915e+00
5837.160000 2.053627e+00
5837.720000 2.054447e+00
5838.290000 2.054291e+00
5838.850000 2.053350e+00
5839.420000 2.052285e+00
5839.980000 2.050581e+00
5840.550000 2.050879e+00
5841.110000 2.052446e+00
5841.680000 2.054564e+00
5842.240000 2.056235e+00
5842.810000 2.058383e+00
5843.370000 2.059512e+00
5843.940000 2.058460e+00
5844.500000 2.057165e+00
5845.060000 2.055017e+00
5845.630000 2.054609e+00
5846.190000 2.055121e+00
5846.760000 2.056198e+00
5847.330000 2.057716e+00
5847.890000 2.060817e+00
5848.460000 2.062616e+00
5849.020000 2.064718e+00
5849.580000 2.068542e+00
5850.150000 2.072139e+00
5850.710000 2.075584e+00
5851.280000 2.078918e+00
5851.840000 2.081467e+00
5852.410000 2.080974e+00
5852.970000 2.080223e+00
5853.540000 2.078653e+00
5854.100000 2.075882e+00
5854.670000 2.073308e+00
5855.230000 2.072997e+00
5855.800000 2.076011e+00
5856.360000 2.079167e+00
5856.930000 2.082566e+00
5857.490000 2.086816e+00
5858.060000 2.091119e+00
5858.620000 2.094190e+00
5859.190000 2.098156e+00
5859.750000 2.102840e+00
5860.320000 2.107710e+00
5860.880000 2.111895e+00
5861.450000 2.114936e+00
5862.010000 2.118857e+00
5862.580000 2.123231e+00
5863.140000 2.127968e+00
5863.710000 2.133558e+00
5864.270000 2.139823e+00
5864.840000 2.144617e+00
5865.400000 2.149510e+00
5865.970000 2.153672e+00
5866.530000 2.156289e+00
5867.100000 2.158514e+00
5867.660000 2.159430e+00
5868.230000 2.159272e+00
5868.790000 2.159432e+00
5869.360000 2.162148e+00
5869.920000 2.165169e+00
5870.490000 2.170851e+00
5871.050000 2.178470e+00
5871.620000 2.186737e+00
5872.180000 2.194732e+00
5872.750000 2.202605e+00
5873.310000 2.209761e+00
5873.880000 2.214864e+00
5874.440000 2.219783e+00
5875.010000 2.223094e+00
5875.570000 2.224646e+00
5876.140000 2.225345e+00
5876.700000 2.224611e+00
5877.270000 2.221967e+00
5877.830000 2.218572e+00
5878.400000 2.215732e+00
5878.960000 2.212587e+00
5879.530000 2.208972e+00
5880.090000 2.205452e+00
5880.660000 2.201403e+00
5881.220000 2.196601e+00
5881.790000 2.191492e+00
5882.350000 2.186522e+00
5882.920000 2.181125e+00
5883.480000 2.175601e+00
5884.050000 2.170483e+00
5884.610000 2.165043e+00
5885.180000 2.160353e+00
5885.740000 2.155833e+00
5886.310000 2.151824e+00
5886.870000 2.145407e+00
5887.440000 2.138279e+00
5888.000000 2.130694e+00
5888.570000 2.121428e+00
5889.130000 2.112047e+00
5889.700000 2.105906e+00
5890.260000 2.101860e+00
5890.830000 2.099968e+00
5891.390000 2.100293e+00
5891.960000 2.101744e+00
5892.520000 2.102204e+00
5893.090000 2.102282e+00
5893.650000 2.100216e+00
5894.220000 2.096573e+00
5894.780000 2.092413e+00
5895.350000 2.087990e+00
5895.910000 2.083513e+00
5896.480000 2.081374e+00
5897.040000 2.080049e+00
5897.610000 2.079838e+00
5898.170000 2.081250e+00
5898.740000 2.082760e+00
5899.300000 2.085116e+00
5899.870000 2.088633e+00
5900.430000 2.091785e+00
5901.000000 2.093851e+00
5901.560000 2.095147e+00
5902.130000 2.093335e+00
5902.690000 2.090915e+00
5903.260000 2.087437e+00
5903.820000 2.084100e+00
5904.390000 2.081714e+00
5904.950000 2.081554e+00
5905.520000 2.082061e+00
5906.080000 2.081901e+00
5906.650000 2.081357e+00
5907.210000 2.079350e+00
5907.780000 2.075249e+00
5908.340000 2.069396e+00
5908.910000 2.064345e+00
5909.470000 2.058608e+00
5910.040000 2.054303e+00
5910.600000 2.051146e+00
5911.170000 2.048687e+00
5911.730000 2.046655e+00
5912.300000 2.045050e+00
5912.860000 2.043378e+00
5913.430000 2.041681e+00
5913.990000 2.041451e+00
5914.560000 2.042176e+00
5915.120000 2.043932e+00
5915.690000 2.046207e+00
5916.250000 2.049319e+00
5916.810000 2.051680e+00
5917.380000 2.052903e+00
5917.940000 2.053909e+00
5918.510000 2.053070e+00
5919.070000 2.051755e+00
5919.640000 2.049875e+00
5920.200000 2.048439e+00
5920.770000 2.047657e+00
5921.330000 2.048588e+00
5921.900000 2.049253e+00
5922.460000 2.049822e+00
5923.030000 2.048708e+00
5923.590000 2.045941e+00
5924.160000 2.041037e+00
5924.720000 2.035173e+00
5925.290000 2.031291e+00
5925.850000 2.030633e+00
5926.420000 2.032640e+00
5926.980000 2.038705e+00
5927.550000 2.046245e+00
5928.110000 2.052193e+00
5928.680000 2.055445e+00
5929.240000 2.056559e+00
5929.810000 2.054777e+00
5930.370000 2.051989e+00
5930.940000 2.049736e+00
5931.500000 2.048428e+00
5932.070000 2.046718e+00
5932.630000 2.044970e+00
5933.200000 2.042289e+00
5933.760000 2.038707e+00
5934.330000 2.034767e+00
5934.890000 2.030637e+00
5935.460000 2.026891e+00
5936.020000 2.024500e+00
5936.590000 2.023418e+00
5937.150000 2.024134e+00
5937.720000 2.026206e+00
5938.280000 2.029333e+00
5938.850000 2.033591e+00
5939.410000 2.036887e+00
5939.980000 2.039721e+00
5940.540000 2.042291e+00
5941.110000 2.043822e+00
5941.670000 2.043919e+00
5942.240000 2.044508e+00
5942.800000 2.044074e+00
5943.370000 2.043782e+00
5943.930000 2.043377e+00
5944.500000 2.042766e+00
5945.060000 2.042193e+00
5945.630000 2.042220e+00
5946.190000 2.042088e+00
5946.760000 2.040608e+00
5947.320000 2.039669e+00
5947.890000 2.037747e+00
5948.450000 2.035164e+00
5949.020000 2.033012e+00
5949.580000 2.031370e+00
5950.150000 2.030891e+00
5950.710000 2.030801e+00
5951.280000 2.029378e+00
5951.840000 2.026789e+00
5952.410000 2.023946e+00
5952.970000 2.019800e+00
5953.540000 2.015873e+00
5954.100000 2.013599e+00
5954.670000 2.013253e+00
5955.230000 2.015401e+00
5955.800000 2.018167e+00
5956.360000 2.022666e+00
5956.930000 2.027235e+00
5957.490000 2.031157e+00
5958.060000 2.035775e+00
5958.620000 2.041228e+00
5959.190000 2.044352e+00
5959.750000 2.047394e+00
5960.320000 2.050460e+00
5960.880000 2.051731e+00
5961.450000 2.052995e+00
5962.010000 2.055842e+00
5962.580000 2.058422e+00
5963.140000 2.059634e+00
5963.710000 2.060900e+00
5964.270000 2.060078e+00
5964.840000 2.057687e+00
5965.400000 2.055487e+00
5965.970000 2.053415e+00
5966.530000 2.051428e+00
5967.100000 2.049538e+00
5967.660000 2.048039e+00
5968.230000 2.046837e+00
5968.790000 2.045535e+00
5969.360000 2.044700e+00
5969.920000 2.045359e+00
5970.490000 2.047421e+00
5971.050000 2.049829e+00
5971.620000 2.052399e+00
5972.180000 2.053827e+00
5972.750000 2.052147e+00
5973.310000 2.047560e+00
5973.880000 2.041581e+00
5974.440000 2.035256e+00
5975.010000 2.028965e+00
5975.570000 2.025260e+00
5976.140000 2.023327e+00
5976.700000 2.022170e+00
5977.270000 2.022218e+00
5977.830000 2.021659e+00
5978.400000 2.020753e+00
5978.960000 2.018226e+00
5979.530000 2.016151e+00
5980.090000 2.013267e+00
5980.660000 2.012605e+00
5981.220000 2.013951e+00
5981.790000 2.016628e+00
5982.350000 2.019977e+00
5982.920000 2.023749e+00
5983.480000 2.026083e+00
5984.040000 2.025661e+00
5984.610000 2.023922e+00
5985.170000 2.021019e+00
5985.740000 2.018630e+00
5986.300000 2.016680e+00
5986.870000 2.016170e+00
5987.430000 2.017411e+00
5988.000000 2.019029e+00
5988.560000 2.020239e+00
5989.130000 2.020747e+00
5989.690000 2.020539e+00
5990.260000 2.018917e+00
5990.820000 2.016609e+00
5991.390000 2.014970e+00
5991.950000 2.014235e+00
5992.520000 2.015576e+00
5993.080000 2.017806e+00
5993.650000 2.019890e+00
5994.210000 2.019711e+00
5994.780000 2.017823e+00
5995.340000 2.013315e+00
5995.910000 2.007637e+00
5996.470000 2.001686e+00
5997.040000 1.996715e+00
5997.600000 1.993282e+00
5998.170000 1.991201e+00
5998.730000 1.991062e+00
5999.300000 1.992895e+00
5999.860000 1.995450e+00
6000.430000 1.998571e+00
6000.990000 2.000430e+00
6001.560000 2.000934e+00
6002.120000 1.998937e+00
6002.690000 1.994699e+00
6003.250000 1.989305e+00
6003.820000 1.983947e+00
6004.380000 1.978657e+00
6004.950000 1.974442e+00
6005.510000 1.973260e+00
6006.080000 1.974006e+00
6006.640000 1.977649e+00
6007.210000 1.983394e+00
6007.770000 1.989694e+00
6008.340000 1.995257e+00
6008.900000 1.997679e+00
6009.470000 1.997173e+00
6010.030000 1.995153e+00
6010.600000 1.991258e+00
6011.160000 1.986485e+00
6011.730000 1.983629e+00
6012.290000 1.981122e+00
6012.860000 1.979337e+00
6013.420000 1.979145e+00
6013.990000 1.979272e+00
6014.550000 1.979220e+00
6015.120000 1.979907e+00
6015.680000 1.981614e+00
6016.250000 1.983499e+00
6016.810000 1.986033e+00
6017.380000 1.988278e+00
6017.940000 1.990174e+00
6018.510000 1.990333e+00
6019.070000 1.989613e+00
6019.640000 1.986998e+00
6020.200000 1.986042e+00
6020.770000 1.985327e+00
6021.330000 1.984917e+00
6021.900000 1.986244e+00
6022.460000 1.989281e+00
6023.030000 1.991015e+00
6023.590000 1.992634e+00
6024.160000 1.993822e+00
6024.720000 1.994802e+00
6025.290000 1.994461e+00
6025.850000 1.993957e+00
6026.420000 1.992476e+00
6026.980000 1.991581e+00
6027.550000 1.989067e+00
6028.110000 1.987920e+00
6028.680000 1.987483e+00
6029.240000 1.988103e+00
6029.810000 1.989870e+00
6030.370000 1.993415e+00
6030.940000 1.996983e+00
6031.500000 2.000671e+00
6032.070000 2.003569e+00
6032.630000 2.005115e+00
6033.200000 2.005290e+00
6033.760000 2.004676e+00
6034.330000 2.004538e+00
6034.890000 2.003892e+00
6035.460000 2.004819e+00
6036.020000 2.006805e+00
6036.590000 2.010538e+00
6037.150000 2.014688e+00
6037.720000 2.020682e+00
6038.280000 2.025777e+00
6038.850000 2.030864e+00
6039.410000 2.033171e+00
6039.980000 2.033539e+00
6040.540000 2.033225e+00
6041.110000 2.034928e+00
6041.670000 2.035823e+00
6042.240000 2.039018e+00
6042.800000 2.042709e+00
6043.370000 2.046032e+00
6043.930000 2.046898e+00
6044.500000 2.047410e+00
6045.060000 2.047444e+00
6045.630000 2.047091e+00
6046.190000 2.046323e+00
6046.760000 2.044460e+00
6047.320000 2.042196e+00
6047.890000 2.040111e+00
6048.450000 2.037201e+00
6049.020000 2.035067e+00
6049.580000 2.034940e+00
6050.150000 2.035418e+00
6050.710000 2.035779e+00
6051.270000 2.036943e+00
6051.840000 2.037957e+00
6052.410000 2.038010e+00
6052.970000 2.037253e+00
6053.540000 2.035981e+00
6054.100000 2.035192e+00
6054.670000 2.034377e+00
6055.230000 2.033318e+00
6055.790000 2.034498e+00
6056.360000 2.036301e+00
6056.920000 2.038051e+00
6057.490000 2.040375e+00
6058.050000 2.042347e+00
6058.620000 2.043363e+00
6059.180000 2.045367e+00
6059.750000 2.046525e+00
6060.310000 2.047757e+00
6060.880000 2.048679e+00
6061.440000 2.048757e+00
6062.010000 2.047294e+00
6062.570000 2.045348e+00
6063.140000 2.043124e+00
6063.700000 2.042205e+00
6064.270000 2.041292e+00
6064.830000 2.040387e+00
6065.400000 2.040961e+00
6065.960000 2.041686e+00
6066.530000 2.041864e+00
6067.090000 2.042890e+00
6067.660000 2.043084e+00
6068.220000 2.044110e+00
6068.790000 2.044367e+00
6069.350000 2.045410e+00
6069.920000 2.047601e+00
6070.480000 2.051798e+00
6071.050000 2.055655e+00
6071.610000 2.062028e+00
6072.180000 2.069868e+00
6072.740000 2.076784e+00
6073.310000 2.083932e+00
6073.870000 2.090917e+00
6074.440000 2.095864e+00
6075.000000 2.099282e+00
6075.570000 2.102105e+00
6076.130000 2.103064e+00
6076.700000 2.104110e+00
6077.260000 2.104323e+00
6077.830000 2.105481e+00
6078.390000 2.107331e+00
6078.960000 2.109728e+00
6079.520000 2.110960e+00
6080.090000 2.112198e+00
6080.650000 2.112142e+00
6081.220000 2.111981e+00
6081.780000 2.112816e+00
6082.350000 2.114803e+00
6082.910000 2.118391e+00
6083.480000 2.122608e+00
6084.040000 2.125769e+00
6084.610000 2.129225e+00
6085.170000 2.131289e+00
6085.740000 2.130844e+00
6086.300000 2.130503e+00
6086.870000 2.131587e+00
6087.430000 2.132235e+00
6088.000000 2.133335e+00
6088.560000 2.136645e+00
6089.130000 2.138226e+00
6089.690000 2.137343e+00
6090.260000 2.134664e+00
6090.820000 2.130095e+00
6091.390000 2.123168e+00
6091.950000 2.115195e+00
6092.520000 2.108024e+00
6093.080000 2.101530e+00
6093.650000 2.095774e+00
6094.210000 2.091112e+00
6094.780000 2.087749e+00
6095.340000 2.084489e+00
6095.910000 2.081842e+00
6096.470000 2.081234e+00
6097.040000 2.080520e+00
6097.600000 2.079479e+00
6098.170000 2.077660e+00
6098.730000 2.074603e+00
6099.300000 2.070415e+00
6099.860000 2.065498e+00
6100.430000 2.060282e+00
6100.990000 2.057266e+00
6101.560000 2.056146e+00
6102.120000 2.055626e+00
6102.690000 2.056154e+00
6103.250000 2.057621e+00
6103.820000 2.058406e+00
6104.380000 2.057582e+00
6104.950000 2.055914e+00
6105.510000 2.054688e+00
6106.080000 2.053324e+00
6106.640000 2.053123e+00
6107.210000 2.054213e+00
6107.770000 2.057894e+00
6108.340000 2.061616e+00
6108.900000 2.066007e+00
6109.470000 2.069346e+00
6110.030000 2.073676e+00
6110.600000 2.077210e+00
6111.160000 2.080835e+00
6111.730000 2.084758e+00
6112.290000 2.087791e+00
6112.860000 2.088807e+00
6113.420000 2.088644e+00
6113.990000 2.088020e+00
6114.550000 2.086473e+00
6115.120000 2.086943e+00
6115.680000 2.088660e+00
6116.250000 2.091688e+00
6116.810000 2.095515e+00
6117.380000 2.099623e+00
6117.940000 2.101907e+00
6118.510000 2.103989e+00
6119.070000 2.104310e+00
6119.640000 2.103913e+00
6120.200000 2.103799e+00
6120.770000 2.104561e+00
6121.330000 2.105413e+00
6121.900000 2.106998e+00
6122.460000 2.108029e+00
6123.020000 2.109011e+00
6123.590000 2.108646e+00
6124.150000 2.106096e+00
6124.720000 2.102906e+00
6125.280000 2.099724e+00
6125.850000 2.094805e+00
6126.410000 2.090927e+00
6126.980000 2.087328e+00
6127.540000 2.083963e+00
6128.110000 2.080701e+00
6128.670000 2.078205e+00
6129.240000 2.075441e+00
6129.800000 2.074334e+00
6130.370000 2.072812e+00
6130.930000 2.072237e+00
6131.500000 2.071685e+00
6132.060000 2.071659e+00
6132.630000 2.071527e+00
6133.190000 2.071840e+00
6133.760000 2.071546e+00
6134.320000 2.070904e+00
6134.890000 2.069881e+00
6135.450000 2.069061e+00
6136.020000 2.069348e+00
6136.580000 2.069774e+00
6137.150000 2.072151e+00
6137.710000 2.076305e+00
6138.280000 2.081860e+00
6138.840000 2.087653e+00
6139.410000 2.094023e+00
6139.970000 2.100534e+00
6140.540000 2.105448e+00
6141.100000 2.107324e+00
6141.670000 2.107602e+00
6142.230000 2.105666e+00
6142.800000 2.102892e+00
6143.360000 2.100240e+00
6143.930000 2.098065e+00
6144.490000 2.097603e+00
6145.060000 2.101679e+00
6145.620000 2.105798e+00
6146.190000 2.109454e+00
6146.750000 2.112780e+00
6147.320000 2.113984e+00
6147.880000 2.111817e+00
6148.450000 2.107429e+00
6149.010000 2.102300e+00
6149.580000 2.097876e+00
6150.140000 2.093166e+00
6150.710000 2.087957e+00
6151.270000 2.084773e+00
6151.840000 2.081839e+00
6152.400000 2.078246e+00
6152.970000 2.075977e+00
6153.530000 2.073488e+00
6154.100000 2.069849e+00
6154.660000 2.066218e+00
6155.230000 2.062674e+00
6155.790000 2.058193e+00
6156.360000 2.054841e+00
6156.920000 2.052411e+00
6157.490000 2.051242e+00
6158.050000 2.050652e+00
6158.620000 2.050428e+00
6159.180000 2.049317e+00
6159.750000 2.048097e+00
6160.310000 2.045466e+00
6160.880000 2.043641e+00
6161.440000 2.042592e+00
6162.010000 2.042839e+00
6162.570000 2.043145e+00
6163.140000 2.045271e+00
6163.700000 2.046427e+00
6164.270000 2.048097e+00
6164.830000 2.050741e+00
6165.400000 2.054946e+00
6165.960000 2.058965e+00
6166.530000 2.064645e+00
6167.090000 2.071138e+00
6167.660000 2.076429e+00
6168.220000 2.078818e+00
6168.790000 2.081756e+00
6169.350000 2.082756e+00
6169.920000 2.083321e+00
6170.480000 2.084043e+00
6171.050000 2.086410e+00
6171.610000 2.088689e+00
6172.180000 2.092007e+00
6172.740000 2.094616e+00
6173.310000 2.096822e+00
6173.870000 2.098415e+00
6174.440000 2.098360e+00
6175.000000 2.097954e+00
6175.570000 2.095766e+00
6176.130000 2.094210e+00
6176.700000 2.092234e+00
6177.260000 2.089675e+00
6177.830000 2.087697e+00
6178.390000 2.085975e+00
6178.960000 2.084717e+00
6179.520000 2.082862e+00
6180.090000 2.082802e+00
6180.650000 2.084396e+00
6181.220000 2.087820e+00
6181.780000 2.090450e+00
6182.350000 2.095077e+00
6182.910000 2.098794e+00
6183.480000 2.100628e+00
6184.040000 2.101551e+00
6184.610000 2.101626e+00
6185.170000 2.099802e+00
6185.740000 2.093985e+00
6186.300000 2.087912e+00
6186.870000 2.081152e+00
6187.430000 2.074449e+00
6188.000000 2.067354e+00
6188.560000 2.063792e+00
6189.120000 2.059338e+00
6189.690000 2.056076e+00
6190.250000 2.053992e+00
6190.820000 2.054321e+00
6191.380000 2.057116e+00
6191.950000 2.061749e+00
6192.510000 2.065767e+00
6193.080000 2.070915e+00
6193.650000 2.078935e+00
6194.210000 2.084756e+00
6194.770000 2.090382e+00
6195.340000 2.097650e+00
6195.900000 2.103181e+00
6196.470000 2.103766e+00
6197.030000 2.101355e+00
6197.600000 2.090971e+00
6198.160000 2.078411e+00
6198.730000 2.065854e+00
6199.290000 2.054012e+00
6199.860000 2.044454e+00
6200.420000 2.041748e+00
6200.990000 2.039726e+00
6201.550000 2.036356e+00
6202.120000 2.033670e+00
6202.680000 2.031720e+00
6203.250000 2.030058e+00
6203.810000 2.028157e+00
6204.380000 2.027818e+00
6204.940000 2.029376e+00
6205.510000 2.031074e+00
6206.070000 2.033147e+00
6206.640000 2.036022e+00
6207.200000 2.038527e+00
6207.770000 2.038636e+00
6208.330000 2.039120e+00
6208.900000 2.040572e+00
6209.460000 2.041073e+00
6210.030000 2.042128e+00
6210.590000 2.044354e+00
6211.160000 2.045858e+00
6211.720000 2.045579e+00
6212.290000 2.044660e+00
6212.850000 2.042273e+00
6213.420000 2.037368e+00
6213.980000 2.032470e+00
6214.550000 2.028043e+00
6215.110000 2.023674e+00
6215.680000 2.019625e+00
6216.240000 2.018078e+00
6216.810000 2.017849e+00
6217.370000 2.018579e+00
6217.940000 2.021593e+00
6218.500000 2.027462e+00
6219.070000 2.033423e+00
6219.630000 2.038481e+00
6220.200000 2.041633e+00
6220.760000 2.042916e+00
6221.330000 2.040494e+00
6221.890000 2.035584e+00
6222.460000 2.030245e+00
6223.020000 2.024664e+00
6223.590000 2.020038e+00
6224.150000 2.016569e+00
6224.720000 2.014655e+00
6225.280000 2.012384e+00
6225.850000 2.011119e+00
6226.410000 2.009914e+00
6226.980000 2.010131e+00
6227.540000 2.012278e+00
6228.110000 2.016500e+00
6228.670000 2.023220e+00
6229.240000 2.032719e+00
6229.800000 2.044535e+00
6230.370000 2.056111e+00
6230.930000 2.067151e+00
6231.500000 2.075963e+00
6232.060000 2.079260e+00
6232.630000 2.078654e+00
6233.190000 2.075769e+00
6233.760000 2.071486e+00
6234.320000 2.069167e+00
6234.890000 2.069880e+00
6235.450000 2.072409e+00
6236.020000 2.077437e+00
6236.580000 2.081909e+00
6237.150000 2.085334e+00
6237.710000 2.088671e+00
6238.280000 2.090542e+00
6238.840000 2.091085e+00
6239.410000 2.092539e+00
6239.970000 2.091340e+00
6240.540000 2.090299e+00
6241.100000 2.087373e+00
6241.670000 2.082912e+00
6242.230000 2.079180e+00
6242.800000 2.075034e+00
6243.360000 2.071132e+00
6243.930000 2.070605e+00
6244.490000 2.070875e+00
6245.060000 2.070465e+00
6245.620000 2.071893e+00
6246.190000 2.071651e+00
6246.750000 2.071401e+00
6247.320000 2.070755e+00
6247.880000 2.071059e+00
6248.450000 2.074208e+00
6249.010000 2.077519e+00
6249.580000 2.079914e+00
6250.140000 2.084251e+00
6250.710000 2.087119e+00
6251.270000 2.087442e+00
6251.840000 2.088647e+00
6252.400000 2.088668e+00
6252.970000 2.086207e+00
6253.530000 2.085891e+00
6254.100000 2.088004e+00
6254.660000 2.089286e+00
6255.230000 2.092561e+00
6255.790000 2.097699e+00
6256.350000 2.100314e+00
6256.920000 2.100192e+00
6257.490000 2.098806e+00
6258.050000 2.094129e+00
6258.620000 2.089018e+00
6259.180000 2.085348e+00
6259.750000 2.082812e+00
6260.310000 2.080977e+00
6260.880000 2.081238e+00
6261.440000 2.080076e+00
6262.000000 2.076265e+00
6262.570000 2.069120e+00
6263.130000 2.060869e+00
6263.700000 2.052622e+00
6264.260000 2.045242e+00
6264.830000 2.040787e+00
6265.390000 2.040122e+00
6265.960000 2.042570e+00
6266.520000 2.047563e+00
6267.090000 2.054135e+00
6267.650000 2.060669e+00
6268.220000 2.065251e+00
6268.780000 2.067800e+00
6269.350000 2.068802e+00
6269.910000 2.067515e+00
6270.480000 2.067248e+00
6271.040000 2.069072e+00
6271.610000 2.073051e+00
6272.170000 2.078345e+00
6272.740000 2.084629e+00
6273.300000 2.089469e+00
6273.870000 2.093827e+00
6274.430000 2.097198e+00
6275.000000 2.099611e+00
6275.560000 2.101206e+00
6276.130000 2.103502e+00
6276.690000 2.104826e+00
6277.260000 2.108225e+00
6277.820000 2.109991e+00
6278.390000 2.113053e+00
6278.950000 2.116058e+00
6279.520000 2.117155e+00
6280.080000 2.116922e+00
6280.650000 2.117713e+00
6281.210000 2.116682e+00
6281.780000 2.114996e+00
6282.340000 2.115746e+00
6282.910000 2.116928e+00
6283.470000 2.117883e+00
6284.040000 2.120051e+00
6284.600000 2.122144e+00
6285.170000 2.124228e+00
6285.730000 2.125830e+00
6286.300000 2.126471e+00
6286.860000 2.128481e+00
6287.430000 2.134053e+00
6287.990000 2.138378e+00
6288.560000 2.142661e+00
6289.120000 2.149864e+00
6289.690000 2.160616e+00
6290.250000 2.169356e+00
6290.820000 2.180574e+00
6291.380000 2.193441e+00
6291.950000 2.209043e+00
6292.510000 2.220522e+00
6293.080000 2.233512e+00
6293.640000 2.248355e+00
6294.210000 2.265648e+00
6294.770000 2.281372e+00
6295.340000 2.300228e+00
6295.900000 2.318537e+00
6296.470000 2.337202e+00
6297.030000 2.353921e+00
6297.600000 2.367208e+00
6298.160000 2.379640e+00
6298.730000 2.391042e+00
6299.290000 2.401246e+00
6299.860000 2.408645e+00
6300.420000 2.416500e+00
6300.990000 2.424365e+00
6301.550000 2.431184e+00
6302.120000 2.440967e+00
6302.680000 2.448799e+00
6303.250000 2.454949e+00
6303.810000 2.454855e+00
6304.380000 2.452239e+00
6304.940000 2.440656e+00
6305.510000 2.427058e+00
6306.070000 2.411600e+00
6306.640000 2.397240e+00
6307.200000 2.380864e+00
6307.770000 2.365825e+00
6308.330000 2.351543e+00
6308.900000 2.335962e+00
6309.460000 2.320694e+00
6310.030000 2.306660e+00
6310.590000 2.292305e+00
6311.160000 2.279717e+00
6311.720000 2.270236e+00
6312.290000 2.260604e+00
6312.850000 2.252572e+00
6313.420000 2.246842e+00
6313.980000 2.242079e+00
6314.550000 2.236653e+00
6315.110000 2.232162e+00
6315.680000 2.226955e+00
6316.240000 2.219886e+00
6316.810000 2.211620e+00
6317.370000 2.204408e+00
6317.940000 2.196257e+00
6318.500000 2.189795e+00
6319.070000 2.183870e+00
6319.630000 2.179225e+00
6320.200000 2.176354e+00
6320.760000 2.176138e+00
6321.330000 2.176616e+00
6321.890000 2.179512e+00
6322.460000 2.183137e+00
6323.020000 2.186550e+00
6323.590000 2.190934e+00
6324.150000 2.196173e+00
6324.720000 2.199958e+00
6325.280000 2.203892e+00
6325.850000 2.207370e+00
6326.410000 2.209741e+00
6326.980000 2.211757e+00
6327.540000 2.213027e+00
6328.100000 2.213539e+00
6328.670000 2.213542e+00
6329.230000 2.213021e+00
6329.800000 2.212885e+00
6330.360000 2.213363e+00
6330.930000 2.214106e+00
6331.490000 2.215567e+00
6332.060000 2.216017e+00
6332.620000 2.213874e+00
6333.190000 2.211737e+00
6333.750000 2.207625e+00
6334.320000 2.201741e+00
6334.880000 2.196417e+00
6335.450000 2.192013e+00
6336.010000 2.187014e+00
6336.580000 2.183487e+00
6337.140000 2.180833e+00
6337.710000 2.179446e+00
6338.270000 2.179071e+00
6338.840000 2.179774e+00
6339.400000 2.181663e+00
6339.970000 2.183577e+00
6340.530000 2.185087e+00
6341.100000 2.186258e+00
6341.660000 2.184966e+00
6342.230000 2.181328e+00
6342.790000 2.177785e+00
6343.360000 2.174820e+00
6343.920000 2.173438e+00
6344.490000 2.175750e+00
6345.050000 2.180394e+00
6345.620000 2.187869e+00
6346.180000 2.196742e+00
6346.750000 2.205834e+00
6347.310000 2.212756e+00
6347.880000 2.220224e+00
6348.440000 2.228711e+00
6349.010000 2.235820e+00
6349.570000 2.241625e+00
6350.140000 2.248843e+00
6350.700000 2.254426e+00
6351.270000 2.257086e+00
6351.830000 2.258872e+00
6352.400000 2.260822e+00
6352.960000 2.262922e+00
6353.530000 2.266957e+00
6354.090000 2.272930e+00
6354.660000 2.280876e+00
6355.220000 2.290780e+00
6355.790000 2.302344e+00
6356.350000 2.314549e+00
6356.920000 2.325027e+00
6357.480000 2.332755e+00
6358.050000 2.337503e+00
6358.610000 2.338645e+00
6359.180000 2.337847e+00
6359.740000 2.335319e+00
6360.310000 2.334363e+00
6360.870000 2.335679e+00
6361.440000 2.338795e+00
6362.000000 2.342880e+00
6362.570000 2.348976e+00
6363.130000 2.355380e+00
6363.700000 2.360522e+00
6364.260000 2.365971e+00
6364.830000 2.370629e+00
6365.390000 2.374584e+00
6365.960000 2.377048e+00
6366.520000 2.379036e+00
6367.090000 2.381170e+00
6367.650000 2.384432e+00
6368.220000 2.387021e+00
6368.780000 2.389709e+00
6369.350000 2.392178e+00
6369.910000 2.393611e+00
6370.480000 2.393446e+00
6371.040000 2.393919e+00
6371.610000 2.392043e+00
6372.170000 2.387207e+00
6372.740000 2.381259e+00
6373.300000 2.374951e+00
6373.870000 2.366675e+00
6374.430000 2.358283e+00
6375.000000 2.350035e+00
6375.560000 2.341532e+00
6376.130000 2.331390e+00
6376.690000 2.321166e+00
6377.260000 2.313780e+00
6377.820000 2.307993e+00
6378.390000 2.300829e+00
6378.950000 2.295738e+00
6379.520000 2.291895e+00
6380.080000 2.288061e+00
6380.650000 2.285265e+00
6381.210000 2.285894e+00
6381.780000 2.286618e+00
6382.340000 2.289174e+00
6382.910000 2.295821e+00
6383.470000 2.303304e+00
6384.040000 2.310534e+00
6384.600000 2.320670e+00
6385.170000 2.333656e+00
6385.730000 2.342133e+00
6386.300000 2.350094e+00
6386.860000 2.356787e+00
6387.430000 2.358032e+00
6387.990000 2.354953e+00
6388.560000 2.350371e+00
6389.120000 2.342496e+00
6389.690000 2.335135e+00
6390.250000 2.328467e+00
6390.820000 2.321346e+00
6391.380000 2.318749e+00
6391.950000 2.319760e+00
6392.510000 2.322803e+00
6393.080000 2.329036e+00
6393.640000 2.336617e+00
6394.210000 2.339917e+00
6394.770000 2.342156e+00
6395.330000 2.342813e+00
6395.900000 2.342562e+00
6396.460000 2.342286e+00
6397.030000 2.343654e+00
6397.590000 2.346440e+00
6398.160000 2.347598e+00
6398.730000 2.347840e+00
6399.290000 2.347459e+00
6399.850000 2.347517e+00
6400.420000 2.346843e+00
6400.980000 2.348417e+00
6401.550000 2.351990e+00
6402.110000 2.356773e+00
6402.680000 2.362817e+00
6403.240000 2.369667e+00
6403.810000 2.374745e+00
6404.370000 2.378759e+00
6404.940000 2.382976e+00
6405.500000 2.385281e+00
6406.070000 2.387029e+00
6406.630000 2.389159e+00
6407.200000 2.389725e+00
6407.760000 2.387070e+00
6408.330000 2.383645e+00
6408.890000 2.378903e+00
6409.460000 2.374185e+00
6410.020000 2.371100e+00
6410.590000 2.369101e+00
6411.150000 2.368330e+00
6411.720000 2.368486e+00
6412.280000 2.369024e+00
6412.850000 2.370736e+00
6413.410000 2.373857e+00
6413.980000 2.376296e+00
6414.540000 2.375967e+00
6415.110000 2.376107e+00
6415.670000 2.373441e+00
6416.240000 2.370516e+00
6416.800000 2.367884e+00
6417.370000 2.368677e+00
6417.930000 2.377204e+00
6418.500000 2.388240e+00
6419.060000 2.399714e+00
6419.630000 2.412052e+00
6420.190000 2.423198e+00
6420.760000 2.426217e+00
6421.320000 2.428023e+00
6421.890000 2.427035e+00
6422.450000 2.425064e+00
6423.020000 2.423755e+00
6423.580000 2.423681e+00
6424.150000 2.425300e+00
6424.710000 2.428919e+00
6425.280000 2.434321e+00
6425.840000 2.441689e+00
6426.410000 2.449796e+00
6426.970000 2.456956e+00
6427.540000 2.464694e+00
6428.100000 2.472588e+00
6428.670000 2.479905e+00
6429.230000 2.486435e+00
6429.800000 2.492868e+00
6430.360000 2.500256e+00
6430.930000 2.506978e+00
6431.490000 2.513214e+00
6432.060000 2.517574e+00
6432.620000 2.520896e+00
6433.190000 2.523460e+00
6433.750000 2.524576e+00
6434.320000 2.524151e+00
6434.880000 2.524021e+00
6435.450000 2.524842e+00
6436.010000 2.525691e+00
6436.580000 2.529007e+00
6437.140000 2.534348e+00
6437.710000 2.541713e+00
6438.270000 2.548377e+00
6438.840000 2.553589e+00
6439.400000 2.556780e+00
6439.970000 2.558285e+00
6440.530000 2.558373e+00
6441.100000 2.559040e+00
6441.660000 2.562340e+00
6442.230000 2.566578e+00
6442.790000 2.573094e+00
6443.360000 2.580335e+00
6443.920000 2.588605e+00
6444.490000 2.594886e+00
6445.050000 2.602626e+00
6445.620000 2.610788e+00
6446.180000 2.619552e+00
6446.750000 2.628238e+00
6447.310000 2.639761e+00
6447.880000 2.651635e+00
6448.440000 2.662075e+00
6449.010000 2.672062e+00
6449.570000 2.680129e+00
6450.140000 2.683538e+00
6450.700000 2.686026e+00
6451.270000 2.689580e+00
6451.830000 2.691013e+00
6452.400000 2.692939e+00
6452.960000 2.696720e+00
6453.530000 2.699883e+00
6454.090000 2.702412e+00
6454.660000 2.708157e+00
6455.220000 2.713466e+00
6455.790000 2.717064e+00
6456.350000 2.721820e+00
6456.920000 2.726676e+00
6457.480000 2.729373e+00
6458.050000 2.731595e+00
6458.610000 2.736733e+00
6459.180000 2.741182e+00
6459.740000 2.746736e+00
6460.310000 2.753162e+00
6460.870000 2.762634e+00
6461.440000 2.773231e+00
6462.000000 2.783032e+00
6462.570000 2.792864e+00
6463.130000 2.803804e+00
6463.700000 2.814020e+00
6464.260000 2.822918e+00
6464.830000 2.832511e+00
6465.390000 2.841002e+00
6465.960000 2.847671e+00
6466.520000 2.853362e+00
6467.080000 2.860116e+00
6467.650000 2.869597e+00
6468.210000 2.876500e+00
6468.780000 2.882226e+00
6469.340000 2.884201e+00
6469.910000 2.878354e+00
6470.470000 2.869147e+00
6471.040000 2.862395e+00
6471.600000 2.857360e+00
6472.170000 2.857882e+00
6472.730000 2.866521e+00
6473.300000 2.876127e+00
6473.860000 2.885745e+00
6474.430000 2.897395e+00
6474.990000 2.908878e+00
6475.560000 2.920716e+00
6476.120000 2.932422e+00
6476.690000 2.945279e+00
6477.250000 2.953258e+00
6477.820000 2.961539e+00
6478.380000 2.966274e+00
6478.950000 2.970154e+00
6479.510000 2.972925e+00
6480.080000 2.981449e+00
6480.640000 2.989027e+00
6481.210000 3.000031e+00
6481.770000 3.014427e+00
6482.340000 3.029379e+00
6482.900000 3.043405e+00
6483.470000 3.061766e+00
6484.030000 3.080214e+00
6484.600000 3.096996e+00
6485.160000 3.119942e+00
6485.730000 3.146144e+00
6486.290000 3.168039e+00
6486.860000 3.193517e+00
6487.420000 3.226161e+00
6487.990000 3.266611e+00
6488.550000 3.301561e+00
6489.120000 3.334957e+00
6489.680000 3.361181e+00
6490.250000 3.377678e+00
6490.810000 3.380653e+00
6491.380000 3.385959e+00
6491.940000 3.394990e+00
6492.510000 3.411884e+00
6493.070000 3.430225e+00
6493.640000 3.448473e+00
6494.200000 3.469419e+00
6494.770000 3.490783e+00
6495.330000 3.506119e+00
6495.900000 3.524084e+00
6496.460000 3.544694e+00
6497.030000 3.566339e+00
6497.590000 3.589052e+00
6498.160000 3.614108e+00
6498.720000 3.641705e+00
6499.290000 3.671393e+00
6499.850000 3.700099e+00
6500.420000 3.727099e+00
6500.980000 3.754934e+00
6501.550000 3.780353e+00
6502.110000 3.801078e+00
6502.680000 3.819531e+00
6503.240000 3.836577e+00
6503.810000 3.852968e+00
6504.370000 3.871209e+00
6504.940000 3.890159e+00
6505.500000 3.908885e+00
6506.070000 3.931271e+00
6506.630000 3.955928e+00
6507.200000 3.977691e+00
6507.760000 4.000507e+00
6508.330000 4.027387e+00
6508.890000 4.054792e+00
6509.460000 4.080523e+00
6510.020000 4.107072e+00
6510.590000 4.140661e+00
6511.150000 4.171987e+00
6511.720000 4.199471e+00
6512.280000 4.229341e+00
6512.850000 4.265691e+00
6513.410000 4.296604e+00
6513.980000 4.327961e+00
6514.540000 4.362837e+00
6515.110000 4.400386e+00
6515.670000 4.435834e+00
6516.240000 4.471035e+00
6516.800000 4.505521e+00
6517.370000 4.542206e+00
6517.930000 4.578470e+00
6518.500000 4.609571e+00
6519.060000 4.642185e+00
6519.630000 4.682776e+00
6520.190000 4.720350e+00
6520.760000 4.758464e+00
6521.320000 4.803507e+00
6521.890000 4.852076e+00
6522.450000 4.900957e+00
6523.020000 4.953566e+00
6523.580000 5.004366e+00
6524.150000 5.055510e+00
6524.710000 5.108579e+00
6525.280000 5.158422e+00
6525.840000 5.206654e+00
6526.410000 5.259297e+00
6526.970000 5.315532e+00
6527.540000 5.369751e+00
6528.100000 5.423184e+00
6528.670000 5.480117e+00
6529.230000 5.543487e+00
6529.800000 5.603174e+00
6530.360000 5.662589e+00
6530.930000 5.728664e+00
6531.490000 5.801459e+00
6532.060000 5.867361e+00
6532.620000 5.932257e+00
6533.190000 6.002315e+00
6533.750000 6.077080e+00
6534.310000 6.145442e+00
6534.880000 6.215738e+00
6535.440000 6.295445e+00
6536.010000 6.392304e+00
6536.570000 6.482487e+00
6537.140000 6.578934e+00
6537.700000 6.686882e+00
6538.270000 6.800642e+00
6538.830000 6.894377e+00
6539.400000 6.990060e+00
6539.960000 7.095485e+00
6540.530000 7.202936e+00
6541.090000 7.305783e+00
6541.660000 7.415645e+00
6542.220000 7.540065e+00
6542.790000 7.667201e+00
6543.350000 7.784413e+00
6543.920000 7.911138e+00
6544.480000 8.049579e+00
6545.050000 8.188184e+00
6545.610000 8.320842e+00
6546.180000 8.471484e+00
6546.740000 8.626668e+00
6547.310000 8.790690e+00
6547.870000 8.955570e+00
6548.440000 9.124186e+00
6549.000000 9.292298e+00
6549.570000 9.476656e+00
6550.130000 9.647561e+00
6550.700000 9.809860e+00
6551.260000 9.984830e+00
6551.830000 1.019419e+01
6552.390000 1.038096e+01
6552.960000 1.056363e+01
6553.520000 1.077401e+01
6554.090000 1.103341e+01
6554.650000 1.125442e+01
6555.220000 1.147416e+01
6555.780000 1.172587e+01
6556.350000 1.200012e+01
6556.910000 1.221779e+01
6557.480000 1.242216e+01
6558.040000 1.263389e+01
6558.610000 1.283608e+01
6559.170000 1.298933e+01
6559.740000 1.312103e+01
6560.300000 1.326857e+01
6560.870000 1.345127e+01
6561.430000 1.360153e+01
6562.000000 1.373560e+01
6562.560000 1.388717e+01
6563.130000 1.401757e+01
6563.690000 1.408194e+01
6564.260000 1.411916e+01
6564.820000 1.411971e+01
6565.390000 1.400333e+01
6565.950000 1.383330e+01
6566.520000 1.363162e+01
6567.080000 1.338808e+01
6567.650000 1.310258e+01
6568.210000 1.285708e+01
6568.780000 1.262372e+01
6569.340000 1.237747e+01
6569.910000 1.213123e+01
6570.470000 1.191654e+01
6571.040000 1.171326e+01
6571.600000 1.149865e+01
6572.170000 1.126211e+01
6572.730000 1.104622e+01
6573.300000 1.083498e+01
6573.860000 1.063063e+01
6574.430000 1.042492e+01
6574.990000 1.025494e+01
6575.560000 1.009930e+01
6576.120000 9.961265e+00
6576.690000 9.830077e+00
6577.250000 9.724192e+00
6577.820000 9.634731e+00
6578.380000 9.560174e+00
6578.950000 9.500288e+00
6579.510000 9.457296e+00
6580.080000 9.422287e+00
6580.640000 9.403664e+00
6581.210000 9.387113e+00
6581.770000 9.353497e+00
6582.340000 9.316786e+00
6582.900000 9.277965e+00
6583.470000 9.220648e+00
6584.030000 9.132054e+00
6584.600000 9.043662e+00
6585.160000 8.943519e+00
6585.730000 8.814790e+00
6586.290000 8.648881e+00
6586.860000 8.502497e+00
6587.420000 8.348049e+00
6587.990000 8.166021e+00
6588.550000 7.979555e+00
6589.120000 7.828640e+00
6589.680000 7.673503e+00
6590.250000 7.509444e+00
6590.810000 7.355320e+00
6591.380000 7.226839e+00
6591.940000 7.094572e+00
6592.510000 6.956431e+00
6593.070000 6.825026e+00
6593.640000 6.717904e+00
6594.200000 6.620244e+00
6594.770000 6.522683e+00
6595.330000 6.435882e+00
6595.900000 6.366864e+00
6596.460000 6.305046e+00
6597.030000 6.239051e+00
6597.590000 6.172210e+00
6598.160000 6.111318e+00
6598.720000 6.053608e+00
6599.290000 5.987860e+00
6599.850000 5.911113e+00
6600.420000 5.842189e+00
6600.980000 5.775135e+00
6601.540000 5.701329e+00
6602.110000 5.621778e+00
6602.670000 5.554727e+00
6603.240000 5.492788e+00
6603.810000 5.425051e+00
6604.370000 5.359432e+00
6604.940000 5.303731e+00
6605.500000 5.252255e+00
6606.060000 5.201831e+00
6606.630000 5.158426e+00
6607.190000 5.115366e+00
6607.760000 5.080269e+00
6608.320000 5.045201e+00
6608.890000 5.017386e+00
6609.450000 4.989265e+00
6610.020000 4.984507e+00
6610.580000 4.988171e+00
6611.150000 4.973447e+00
6611.710000 4.951616e+00
6612.280000 4.926783e+00
6612.840000 4.881050e+00
6613.410000 4.824105e+00
6613.970000 4.785920e+00
6614.540000 4.748132e+00
6615.100000 4.714100e+00
6615.670000 4.685133e+00
6616.230000 4.654391e+00
6616.800000 4.627909e+00
6617.360000 4.602645e+00
6617.930000 4.574976e+00
6618.490000 4.546587e+00
6619.060000 4.522723e+00
6619.620000 4.489057e+00
6620.190000 4.448456e+00
6620.750000 4.410504e+00
6621.320000 4.378586e+00
6621.880000 4.344117e+00
6622.450000 4.320344e+00
6623.010000 4.302209e+00
6623.580000 4.285421e+00
6624.140000 4.280956e+00
6624.710000 4.279578e+00
6625.270000 4.275092e+00
6625.840000 4.270370e+00
6626.400000 4.268864e+00
6626.970000 4.252656e+00
6627.530000 4.232330e+00
6628.100000 4.213899e+00
6628.660000 4.199455e+00
6629.230000 4.177383e+00
6629.790000 4.154553e+00
6630.360000 4.134072e+00
6630.920000 4.113685e+00
6631.490000 4.086400e+00
6632.050000 4.063274e+00
6632.620000 4.038562e+00
6633.180000 4.013641e+00
6633.750000 3.988837e+00
6634.310000 3.964523e+00
6634.880000 3.939322e+00
6635.440000 3.916980e+00
6636.010000 3.893770e+00
6636.570000 3.861505e+00
6637.140000 3.836079e+00
6637.700000 3.812074e+00
6638.270000 3.784944e+00
6638.830000 3.755102e+00
6639.400000 3.735688e+00
6639.960000 3.714834e+00
6640.530000 3.692505e+00
6641.090000 3.670764e+00
6641.660000 3.655477e+00
6642.220000 3.637232e+00
6642.790000 3.617398e+00
6643.350000 3.600848e+00
6643.920000 3.586013e+00
6644.480000 3.571730e+00
6645.050000 3.560303e+00
6645.610000 3.553894e+00
6646.180000 3.548443e+00
6646.740000 3.544918e+00
6647.310000 3.542695e+00
6647.870000 3.541068e+00
6648.440000 3.536048e+00
6649.000000 3.531567e+00
6649.570000 3.525764e+00
6650.130000 3.517152e+00
6650.700000 3.506055e+00
6651.260000 3.495705e+00
6651.830000 3.483326e+00
6652.390000 3.468895e+00
6652.960000 3.453042e+00
6653.520000 3.437840e+00
6654.090000 3.421652e+00
6654.650000 3.402706e+00
6655.220000 3.385116e+00
6655.780000 3.368671e+00
6656.350000 3.353146e+00
6656.910000 3.337701e+00
6657.480000 3.326454e+00
6658.040000 3.316718e+00
6658.610000 3.308133e+00
6659.170000 3.301327e+00
6659.740000 3.295979e+00
6660.300000 3.291096e+00
6660.870000 3.285935e+00
6661.430000 3.280762e+00
6662.000000 3.274127e+00
6662.560000 3.264044e+00
6663.130000 3.252038e+00
6663.690000 3.239426e+00
6664.260000 3.223630e+00
6664.820000 3.207532e+00
6665.390000 3.193329e+00
6665.950000 3.179303e+00
6666.520000 3.163524e+00
6667.080000 3.150577e+00
6667.650000 3.137827e+00
6668.210000 3.125867e+00
6668.780000 3.115460e+00
6669.340000 3.106705e+00
6669.910000 3.097057e+00
6670.470000 3.088870e+00
6671.040000 3.081761e+00
6671.600000 3.071405e+00
6672.170000 3.063716e+00
6672.730000 3.058715e+00
6673.290000 3.051759e+00
6673.860000 3.042492e+00
6674.420000 3.037542e+00
6674.990000 3.028728e+00
6675.550000 3.017411e+00
6676.120000 3.007690e+00
6676.680000 3.000909e+00
6677.250000 2.993847e+00
6677.810000 2.989670e+00
6678.380000 2.988089e+00
6678.940000 2.985214e+00
6679.510000 2.978969e+00
6680.070000 2.973078e+00
6680.640000 2.966598e+00
6681.200000 2.957650e+00
6681.770000 2.948861e+00
6682.330000 2.942345e+00
6682.900000 2.932878e+00
6683.460000 2.924033e+00
6684.030000 2.915847e+00
6684.590000 2.906496e+00
6685.160000 2.896343e+00
6685.720000 2.886947e+00
6686.290000 2.875749e+00
6686.850000 2.864346e+00
6687.420000 2.854390e+00
6687.980000 2.843922e+00
6688.550000 2.835229e+00
6689.110000 2.828506e+00
6689.680000 2.822464e+00
6690.240000 2.814370e+00
6690.810000 2.807610e+00
6691.370000 2.800069e+00
6691.940000 2.790974e+00
6692.500000 2.781559e+00
6693.070000 2.773228e+00
6693.630000 2.763864e+00
6694.200000 2.753831e+00
6694.760000 2.743439e+00
6695.330000 2.734517e+00
6695.890000 2.727049e+00
6696.460000 2.722017e+00
6697.020000 2.720582e+00
6697.590000 2.721971e+00
6698.150000 2.725707e+00
6698.720000 2.731652e+00
6699.280000 2.736915e+00
6699.850000 2.740759e+00
6700.410000 2.743399e+00
6700.980000 2.745971e+00
6701.540000 2.746102e+00
6702.110000 2.744907e+00
6702.670000 2.744071e+00
6703.240000 2.745215e+00
6703.800000 2.744398e+00
6704.370000 2.744922e+00
6704.930000 2.749441e+00
6705.500000 2.752326e+00
6706.060000 2.754933e+00
6706.630000 2.759812e+00
6707.190000 2.771785e+00
6707.760000 2.782260e+00
6708.320000 2.795557e+00
6708.890000 2.810880e+00
6709.450000 2.833866e+00
6710.020000 2.849645e+00
6710.580000 2.867319e+00
6711.150000 2.891071e+00
6711.710000 2.921022e+00
6712.280000 2.942910e+00
6712.840000 2.968519e+00
6713.410000 2.996432e+00
6713.970000 3.027176e+00
6714.540000 3.048845e+00
6715.100000 3.070609e+00
6715.670000 3.094368e+00
6716.230000 3.118358e+00
6716.800000 3.131442e+00
6717.360000 3.145180e+00
6717.930000 3.155225e+00
6718.490000 3.157032e+00
6719.060000 3.148791e+00
6719.620000 3.138888e+00
6720.190000 3.124620e+00
6720.750000 3.108123e+00
6721.320000 3.091280e+00
6721.880000 3.077065e+00
6722.450000 3.061144e+00
6723.010000 3.046705e+00
6723.580000 3.072420e+00
6724.140000 3.100234e+00
6724.710000 3.131684e+00
6725.270000 3.167045e+00
6725.840000 3.206260e+00
6726.400000 3.213896e+00
6726.970000 3.223744e+00
6727.530000 3.234325e+00
6728.100000 3.246068e+00
6728.660000 3.259693e+00
6729.230000 3.269691e+00
6729.790000 3.279332e+00
6730.360000 3.287602e+00
6730.920000 3.292144e+00
6731.490000 3.291279e+00
6732.050000 3.287363e+00
6732.620000 3.278094e+00
6733.180000 3.262865e+00
6733.750000 3.243253e+00
6734.310000 3.217851e+00
6734.880000 3.185661e+00
6735.440000 3.150680e+00
6736.010000 3.113570e+00
6736.570000 3.072280e+00
6737.140000 3.027784e+00
6737.700000 2.986661e+00
6738.270000 2.946998e+00
6738.830000 2.908035e+00
6739.400000 2.872310e+00
6739.960000 2.849206e+00
6740.520000 2.829181e+00
6741.090000 2.809079e+00
6741.650000 2.789725e+00
6742.220000 2.777078e+00
6742.780000 2.758377e+00
6743.350000 2.736489e+00
6743.910000 2.716836e+00
6744.480000 2.703189e+00
6745.040000 2.690411e+00
6745.610000 2.680454e+00
6746.170000 2.675712e+00
6746.740000 2.674559e+00
6747.300000 2.671753e+00
6747.870000 2.667093e+00
6748.430000 2.663031e+00
6749.000000 2.656996e+00
6749.560000 2.649816e+00
6750.130000 2.643933e+00
6750.690000 2.638884e+00
6751.260000 2.635409e+00
6751.820000 2.634474e+00
6752.390000 2.633978e+00
6752.950000 2.635415e+00
6753.520000 2.638449e+00
6754.080000 2.638808e+00
6754.650000 2.637311e+00
6755.210000 2.634843e+00
6755.780000 2.631559e+00
6756.340000 2.627617e+00
6756.910000 2.623779e+00
6757.470000 2.619265e+00
6758.040000 2.613382e+00
6758.600000 2.605957e+00
6759.170000 2.598655e+00
6759.730000 2.591382e+00
6760.300000 2.584350e+00
6760.860000 2.579293e+00
6761.430000 2.573338e+00
6761.990000 2.563066e+00
6762.560000 2.554627e+00
6763.120000 2.547713e+00
6763.690000 2.542377e+00
6764.250000 2.538469e+00
6764.820000 2.537263e+00
6765.380000 2.535420e+00
6765.950000 2.533307e+00
6766.510000 2.528961e+00
6767.080000 2.523538e+00
6767.640000 2.518538e+00
6768.210000 2.514136e+00
6768.770000 2.510532e+00
6769.340000 2.508964e+00
6769.900000 2.510247e+00
6770.470000 2.512286e+00
6771.030000 2.514456e+00
6771.600000 2.516891e+00
6772.160000 2.517623e+00
6772.730000 2.515325e+00
6773.290000 2.512702e+00
6773.860000 2.511408e+00
6774.420000 2.511271e+00
6774.990000 2.512937e+00
6775.550000 2.518901e+00
6776.120000 2.528626e+00
6776.680000 2.536806e+00
6777.250000 2.544463e+00
6777.810000 2.549902e+00
6778.380000 2.551951e+00
6778.940000 2.550515e+00
6779.510000 2.547287e+00
6780.070000 2.541203e+00
6780.640000 2.536528e+00
6781.200000 2.531449e+00
6781.770000 2.527444e+00
6782.330000 2.525428e+00
6782.900000 2.524467e+00
6783.460000 2.524112e+00
6784.030000 2.524913e+00
6784.590000 2.525211e+00
6785.160000 2.525794e+00
6785.720000 2.526864e+00
6786.290000 2.526793e+00
6786.850000 2.524080e+00
6787.420000 2.521988e+00
6787.980000 2.518223e+00
6788.550000 2.510202e+00
6789.110000 2.502152e+00
6789.680000 2.497219e+00
6790.240000 2.490531e+00
6790.810000 2.487042e+00
6791.370000 2.487611e+00
6791.940000 2.489537e+00
6792.500000 2.492725e+00
6793.070000 2.499197e+00
6793.630000 2.501872e+00
6794.200000 2.506521e+00
6794.760000 2.512116e+00
6795.330000 2.518814e+00
6795.890000 2.523142e+00
6796.460000 2.530379e+00
6797.020000 2.539122e+00
6797.590000 2.545510e+00
6798.150000 2.547300e+00
6798.720000 2.550054e+00
6799.280000 2.554251e+00
6799.850000 2.556489e+00
6800.410000 2.561843e+00
6800.980000 2.569136e+00
6801.540000 2.574831e+00
6802.110000 2.578944e+00
6802.670000 2.582434e+00
6803.240000 2.582070e+00
6803.800000 2.582117e+00
6804.370000 2.584023e+00
6804.930000 2.585584e+00
6805.500000 2.585838e+00
6806.060000 2.586682e+00
6806.620000 2.583820e+00
6807.190000 2.582339e+00
6807.760000 2.581058e+00
6808.320000 2.581064e+00
6808.890000 2.582313e+00
6809.450000 2.588282e+00
6810.020000 2.592884e+00
6810.580000 2.598019e+00
6811.150000 2.600369e+00
6811.710000 2.600617e+00
6812.270000 2.595656e+00
6812.840000 2.588804e+00
6813.400000 2.582461e+00
6813.970000 2.578320e+00
6814.530000 2.574989e+00
6815.100000 2.575040e+00
6815.660000 2.576503e+00
6816.230000 2.575335e+00
6816.790000 2.574779e+00
6817.360000 2.573211e+00
6817.920000 2.571274e+00
6818.490000 2.569065e+00
6819.050000 2.566887e+00
6819.620000 2.563696e+00
6820.180000 2.562156e+00
6820.750000 2.563865e+00
6821.310000 2.566567e+00
6821.880000 2.569418e+00
6822.440000 2.575766e+00
6823.010000 2.605088e+00
6823.570000 2.633351e+00
6824.140000 2.657825e+00
6824.700000 2.683141e+00
6825.270000 2.703985e+00
6825.830000 2.698157e+00
6826.400000 2.690170e+00
6826.960000 2.684437e+00
6827.530000 2.675683e+00
6828.090000 2.661625e+00
6828.660000 2.651440e+00
6829.220000 2.640562e+00
6829.790000 2.627762e+00
6830.350000 2.616154e+00
6830.920000 2.610469e+00
6831.480000 2.603571e+00
6832.050000 2.599147e+00
6832.610000 2.596983e+00
6833.180000 2.596172e+00
6833.740000 2.595794e+00
6834.310000 2.596508e+00
6834.870000 2.595527e+00
6835.440000 2.593187e+00
6836.000000 2.590416e+00
6836.570000 2.589562e+00
6837.130000 2.586990e+00
6837.700000 2.585310e+00
6838.260000 2.586780e+00
6838.830000 2.589544e+00
6839.390000 2.589989e+00
6839.960000 2.595350e+00
6840.520000 2.601169e+00
6841.090000 2.607037e+00
6841.650000 2.615858e+00
6842.220000 2.625919e+00
6842.780000 2.634726e+00
6843.350000 2.645095e+00
6843.910000 2.653787e+00
6844.480000 2.659105e+00
6845.040000 2.663671e+00
6845.610000 2.665365e+00
6846.170000 2.665297e+00
6846.740000 2.663523e+00
6847.300000 2.661135e+00
6847.870000 2.660167e+00
6848.430000 2.660037e+00
6849.000000 2.660621e+00
6849.560000 2.663679e+00
6850.130000 2.667614e+00
6850.690000 2.668696e+00
6851.260000 2.670493e+00
6851.820000 2.670243e+00
6852.390000 2.670728e+00
6852.950000 2.674154e+00
6853.520000 2.677346e+00
6854.080000 2.679481e+00
6854.650000 2.681381e+00
6855.210000 2.674361e+00
6855.780000 2.664072e+00
6856.340000 2.655793e+00
6856.910000 2.645558e+00
6857.470000 2.633046e+00
6858.040000 2.628427e+00
6858.600000 2.622645e+00
6859.170000 2.612255e+00
6859.730000 2.603737e+00
6860.300000 2.596518e+00
6860.860000 2.589350e+00
6861.430000 2.584212e+00
6861.990000 2.584290e+00
6862.560000 2.587211e+00
6863.120000 2.597701e+00
6863.690000 2.610634e+00
6864.250000 2.625103e+00
6864.820000 2.641430e+00
6865.380000 2.654976e+00
6865.950000 2.662209e+00
6866.510000 2.666679e+00
6867.080000 2.670123e+00
6867.640000 2.672506e+00
6868.210000 2.676379e+00
6868.770000 2.681462e+00
6869.340000 2.692460e+00
6869.900000 2.700044e+00
6870.470000 2.706745e+00
6871.030000 2.709054e+00
6871.600000 2.710032e+00
6872.160000 2.704563e+00
6872.730000 2.702147e+00
6873.290000 2.700434e+00
6873.860000 2.701268e+00
6874.420000 2.700041e+00
6874.990000 2.697948e+00
6875.550000 2.695948e+00
6876.120000 2.693406e+00
6876.680000 2.693519e+00
6877.250000 2.695125e+00
6877.810000 2.696866e+00
6878.380000 2.696418e+00
6878.940000 2.693295e+00
6879.500000 2.685938e+00
6880.070000 2.678810e+00
6880.630000 2.670266e+00
6881.200000 2.662746e+00
6881.760000 2.656315e+00
6882.330000 2.651438e+00
6882.890000 2.648060e+00
6883.460000 2.647887e+00
6884.020000 2.649215e+00
6884.590000 2.654546e+00
6885.150000 2.662338e+00
6885.720000 2.668427e+00
6886.280000 2.675020e+00
6886.850000 2.680767e+00
6887.410000 2.684284e+00
6887.980000 2.685279e+00
6888.540000 2.687899e+00
6889.110000 2.686201e+00
6889.670000 2.678859e+00
6890.240000 2.669338e+00
6890.800000 2.658949e+00
6891.370000 2.647603e+00
6891.930000 2.638575e+00
6892.500000 2.633495e+00
6893.060000 2.631655e+00
6893.630000 2.634665e+00
6894.190000 2.638078e+00
6894.760000 2.642215e+00
6895.320000 2.647449e+00
6895.890000 2.648705e+00
6896.450000 2.645781e+00
6897.020000 2.642842e+00
6897.580000 2.639015e+00
6898.150000 2.632841e+00
6898.710000 2.625347e+00
6899.280000 2.620069e+00
6899.840000 2.614004e+00
6900.410000 2.608272e+00
6900.970000 2.630058e+00
6901.540000 2.657124e+00
6902.100000 2.683945e+00
6902.670000 2.717278e+00
6903.230000 2.747704e+00
6903.800000 2.753754e+00
6904.360000 2.759019e+00
6904.930000 2.760561e+00
6905.490000 2.753954e+00
6906.060000 2.749896e+00
6906.620000 2.743531e+00
6907.190000 2.737746e+00
6907.750000 2.737266e+00
6908.320000 2.739298e+00
6908.880000 2.742842e+00
6909.450000 2.745615e+00
6910.010000 2.749079e+00
6910.580000 2.749759e+00
6911.140000 2.749793e+00
6911.710000 2.748131e+00
6912.270000 2.748823e+00
6912.840000 2.748824e+00
6913.400000 2.747871e+00
6913.970000 2.750792e+00
6914.530000 2.756625e+00
6915.100000 2.762756e+00
6915.660000 2.770875e+00
6916.230000 2.779417e+00
6916.790000 2.785588e+00
6917.360000 2.792097e+00
6917.920000 2.794855e+00
6918.490000 2.796736e+00
6919.050000 2.800297e+00
6919.620000 2.800635e+00
6920.180000 2.802098e+00
6920.750000 2.809378e+00
6921.310000 2.814819e+00
6921.880000 2.821547e+00
6922.440000 2.831051e+00
6923.010000 2.837351e+00
6923.570000 2.838779e+00
6924.140000 2.837060e+00
6924.700000 2.831105e+00
6925.270000 2.823837e+00
6925.830000 2.816557e+00
6926.400000 2.812440e+00
6926.960000 2.813452e+00
6927.530000 2.818704e+00
6928.090000 2.823577e+00
6928.660000 2.831247e+00
6929.220000 2.835856e+00
6929.790000 2.836591e+00
6930.350000 2.832525e+00
6930.920000 2.829252e+00
6931.480000 2.823799e+00
6932.050000 2.819758e+00
6932.610000 2.814550e+00
6933.180000 2.815985e+00
6933.740000 2.817019e+00
6934.310000 2.817627e+00
6934.870000 2.819302e+00
6935.440000 2.821689e+00
6936.000000 2.820759e+00
6936.570000 2.818739e+00
6937.130000 2.816255e+00
6937.700000 2.816594e+00
6938.260000 2.819678e+00
6938.830000 2.819706e+00
6939.390000 2.818608e+00
6939.960000 2.819237e+00
6940.520000 2.816398e+00
6941.090000 2.808427e+00
6941.650000 2.800197e+00
6942.220000 2.795682e+00
6942.780000 2.789997e+00
6943.350000 2.793565e+00
6943.910000 2.801274e+00
6944.480000 2.812561e+00
6945.040000 2.825129e+00
6945.600000 2.837785e+00
6946.170000 2.837960e+00
6946.730000 2.835387e+00
6947.300000 2.829978e+00
6947.860000 2.819472e+00
6948.430000 2.807767e+00
6948.990000 2.798292e+00
6949.560000 2.790962e+00
6950.120000 2.786987e+00
6950.690000 2.787963e+00
6951.250000 2.789805e+00
6951.820000 2.793110e+00
6952.380000 2.798424e+00
6952.950000 2.804060e+00
6953.510000 2.811375e+00
6954.080000 2.819593e+00
6954.640000 2.828847e+00
6955.210000 2.837383e+00
6955.770000 2.844540e+00
6956.340000 2.848066e+00
6956.900000 2.848691e+00
6957.470000 2.846493e+00
6958.030000 2.842079e+00
6958.600000 2.834672e+00
6959.160000 2.826964e+00
6959.730000 2.825364e+00
6960.290000 2.824215e+00
6960.860000 2.826845e+00
6961.420000 2.834157e+00
6961.990000 2.843605e+00
6962.550000 2.852132e+00
6963.120000 2.863588e+00
6963.680000 2.871494e+00
6964.250000 2.878389e+00
6964.810000 2.881919e+00
6965.380000 2.882182e+00
6965.940000 2.880099e+00
6966.510000 2.879131e+00
6967.070000 2.878925e+00
6967.640000 2.884449e+00
6968.200000 2.887691e+00
6968.770000 2.893886e+00
6969.330000 2.901412e+00
6969.900000 2.906253e+00
6970.460000 2.903335e+00
6971.030000 2.901553e+00
6971.590000 2.894305e+00
6972.160000 2.886876e+00
6972.720000 2.878787e+00
6973.290000 2.875974e+00
6973.850000 2.873424e+00
6974.420000 2.872890e+00
6974.980000 2.871531e+00
6975.550000 2.871498e+00
6976.110000 2.871520e+00
6976.680000 2.872135e+00
6977.240000 2.876533e+00
6977.810000 2.880772e+00
6978.370000 2.885004e+00
6978.940000 2.888639e+00
6979.500000 2.890297e+00
6980.070000 2.889365e+00
6980.630000 2.887712e+00
6981.200000 2.884997e+00
6981.760000 2.878584e+00
6982.330000 2.874734e+00
6982.890000 2.872742e+00
6983.460000 2.876672e+00
6984.020000 2.880825e+00
6984.590000 2.887254e+00
6985.150000 2.893488e+00
6985.720000 2.900215e+00
6986.280000 2.901121e+00
6986.850000 2.901300e+00
6987.410000 2.901597e+00
6987.980000 2.901462e+00
6988.540000 2.895982e+00
6989.110000 2.891328e+00
6989.670000 2.888304e+00
6990.240000 2.883332e+00
6990.800000 2.875596e+00
6991.370000 2.871356e+00
6991.930000 2.866308e+00
6992.500000 2.861223e+00
6993.060000 2.856192e+00
6993.630000 2.857289e+00
6994.190000 2.858693e+00
6994.760000 2.861032e+00
6995.320000 2.860354e+00
6995.890000 2.861662e+00
6996.450000 2.860183e+00
6997.020000 2.859196e+00
6997.580000 2.857611e+00
6998.150000 2.858561e+00
6998.710000 2.860830e+00
6999.280000 2.861971e+00
6999.840000 2.861881e+00
7000.410000 2.864223e+00
7000.970000 2.867000e+00
7001.540000 2.867699e+00
7002.100000 2.869401e+00
7002.670000 2.871514e+00
7003.230000 2.872564e+00
7003.800000 2.874445e+00
7004.360000 2.878196e+00
7004.930000 2.883075e+00
7005.490000 2.891768e+00
7006.060000 2.899290e+00
7006.620000 2.908811e+00
7007.190000 2.923475e+00
7007.750000 2.934820e+00
7008.320000 2.943008e+00
7008.880000 2.952817e+00
7009.450000 2.958960e+00
7010.010000 2.958905e+00
7010.580000 2.958477e+00
7011.140000 2.955715e+00
7011.710000 2.948816e+00
7012.270000 2.941631e+00
7012.840000 2.932930e+00
7013.400000 2.923984e+00
7013.970000 2.915192e+00
7014.530000 2.908420e+00
7015.100000 2.903348e+00
7015.660000 2.894137e+00
7016.230000 2.885503e+00
7016.790000 2.877282e+00
7017.350000 2.868105e+00
7017.920000 2.856285e+00
7018.480000 2.850322e+00
7019.050000 2.846081e+00
7019.610000 2.843992e+00
7020.180000 2.841550e+00
7020.740000 2.842300e+00
7021.310000 2.844755e+00
7021.870000 2.847541e+00
7022.440000 2.849509e+00
7023.000000 2.854419e+00
7023.570000 2.859295e+00
7024.130000 2.863061e+00
7024.700000 2.866221e+00
7025.260000 2.869225e+00
7025.830000 2.872812e+00
7026.390000 2.877283e+00
7026.960000 2.880893e+00
7027.520000 2.884984e+00
7028.090000 2.889998e+00
7028.650000 2.891840e+00
7029.220000 2.893244e+00
7029.780000 2.895214e+00
7030.350000 2.895386e+00
7030.910000 2.893020e+00
7031.480000 2.892277e+00
7032.040000 2.890079e+00
7032.610000 2.888995e+00
7033.170000 2.889051e+00
7033.740000 2.892753e+00
7034.300000 2.898300e+00
7034.870000 2.907773e+00
7035.430000 2.916453e+00
7036.000000 2.929680e+00
7036.560000 2.942327e+00
7037.130000 2.955412e+00
7037.690000 2.967748e+00
7038.260000 2.981587e+00
7038.820000 2.994825e+00
7039.390000 3.007692e+00
7039.950000 3.019234e+00
7040.520000 3.022238e+00
7041.080000 3.024851e+00
7041.650000 3.017173e+00
7042.210000 2.995770e+00
7042.780000 2.962784e+00
7043.340000 2.934579e+00
7043.910000 2.906096e+00
7044.470000 2.885643e+00
7045.040000 2.876546e+00
7045.600000 2.876577e+00
7046.170000 2.876402e+00
7046.730000 2.873506e+00
7047.300000 2.873287e+00
7047.860000 2.872612e+00
7048.430000 2.873845e+00
7048.990000 2.877144e+00
7049.560000 2.881136e+00
7050.120000 2.880119e+00
7050.690000 2.880307e+00
7051.250000 2.879503e+00
7051.820000 2.878600e+00
7052.380000 2.876854e+00
7052.950000 2.877575e+00
7053.510000 2.880086e+00
7054.080000 2.883141e+00
7054.640000 2.887238e+00
7055.210000 2.892008e+00
7055.770000 2.895764e+00
7056.340000 2.899016e+00
7056.900000 2.901597e+00
7057.470000 2.901273e+00
7058.030000 2.900898e+00
7058.600000 2.898730e+00
7059.160000 2.895375e+00
7059.730000 2.892735e+00
7060.290000 2.894116e+00
7060.860000 2.896148e+00
7061.420000 2.900339e+00
7061.990000 2.907650e+00
7062.550000 2.915469e+00
7063.120000 2.920274e+00
7063.680000 2.925458e+00
7064.250000 2.929107e+00
7064.810000 2.927682e+00
7065.380000 2.922809e+00
7065.940000 2.917796e+00
7066.510000 2.911523e+00
7067.070000 2.906507e+00
7067.640000 2.902529e+00
7068.200000 2.902839e+00
7068.770000 2.904145e+00
7069.330000 2.907550e+00
7069.900000 2.911759e+00
7070.460000 2.918499e+00
7071.030000 2.923872e+00
7071.590000 2.927841e+00
7072.160000 2.932035e+00
7072.720000 2.934371e+00
7073.290000 2.934951e+00
7073.850000 2.935330e+00
7074.420000 2.937396e+00
7074.980000 2.938055e+00
7075.550000 2.938851e+00
7076.110000 2.937787e+00
7076.680000 2.929279e+00
7077.240000 2.918002e+00
7077.810000 2.905287e+00
7078.370000 2.891072e+00
7078.940000 2.876709e+00
7079.500000 2.868068e+00
7080.070000 2.860445e+00
7080.630000 2.854709e+00
7081.200000 2.849993e+00
7081.760000 2.848287e+00
7082.330000 2.847559e+00
7082.890000 2.846175e+00
7083.460000 2.842102e+00
7084.020000 2.837997e+00
7084.580000 2.832725e+00
7085.150000 2.829014e+00
7085.710000 2.827799e+00
7086.280000 2.832444e+00
7086.840000 2.836779e+00
7087.410000 2.842205e+00
7087.970000 2.846608e+00
7088.540000 2.846547e+00
7089.100000 2.842609e+00
7089.670000 2.838354e+00
7090.230000 2.829505e+00
7090.800000 2.819494e+00
7091.360000 2.812369e+00
7091.930000 2.803801e+00
7092.490000 2.796174e+00
7093.060000 2.792685e+00
7093.620000 2.788192e+00
7094.190000 2.784895e+00
7094.750000 2.784772e+00
7095.320000 2.784440e+00
7095.880000 2.782498e+00
7096.450000 2.782468e+00
7097.010000 2.780460e+00
7097.580000 2.775706e+00
7098.140000 2.770142e+00
7098.710000 2.764562e+00
7099.270000 2.756783e+00
7099.840000 2.748337e+00
7100.400000 2.741290e+00
7100.970000 2.737848e+00
7101.530000 2.736913e+00
7102.100000 2.744598e+00
7102.660000 2.755185e+00
7103.230000 2.767541e+00
7103.790000 2.781434e+00
7104.360000 2.799962e+00
7104.920000 2.810630e+00
7105.490000 2.818529e+00
7106.050000 2.827703e+00
7106.620000 2.832610e+00
7107.180000 2.831036e+00
7107.750000 2.832642e+00
7108.310000 2.834240e+00
7108.880000 2.831304e+00
7109.440000 2.830206e+00
7110.010000 2.829182e+00
7110.570000 2.823669e+00
7111.140000 2.818620e+00
7111.700000 2.813147e+00
7112.270000 2.803416e+00
7112.830000 2.793892e+00
7113.400000 2.786462e+00
7113.960000 2.777410e+00
7114.530000 2.766927e+00
7115.090000 2.759133e+00
7115.660000 2.748730e+00
7116.220000 2.738687e+00
7116.790000 2.731044e+00
7117.350000 2.726419e+00
7117.920000 2.723457e+00
7118.480000 2.726500e+00
7119.050000 2.731449e+00
7119.610000 2.738026e+00
7120.180000 2.747208e+00
7120.740000 2.759613e+00
7121.310000 2.770153e+00
7121.870000 2.781823e+00
7122.440000 2.794378e+00
7123.000000 2.803829e+00
7123.570000 2.809298e+00
7124.130000 2.813210e+00
7124.700000 2.810713e+00
7125.260000 2.806679e+00
7125.830000 2.803350e+00
7126.390000 2.800754e+00
7126.960000 2.801028e+00
7127.520000 2.805750e+00
7128.090000 2.810351e+00
7128.650000 2.814530e+00
7129.220000 2.821691e+00
7129.780000 2.826397e+00
7130.350000 2.831179e+00
7130.910000 2.837375e+00
7131.480000 2.847322e+00
7132.040000 2.853392e+00
7132.610000 2.859602e+00
7133.170000 2.866419e+00
7133.740000 2.875085e+00
7134.300000 2.879368e+00
7134.870000 2.881404e+00
7135.430000 2.883389e+00
7136.000000 2.885054e+00
7136.560000 2.882572e+00
7137.130000 2.879374e+00
7137.690000 2.877481e+00
7138.260000 2.870797e+00
7138.820000 2.861428e+00
7139.390000 2.851318e+00
7139.950000 2.841176e+00
7140.520000 2.830665e+00
7141.080000 2.822731e+00
7141.650000 2.815241e+00
7142.210000 2.809100e+00
7142.780000 2.804524e+00
7143.340000 2.800157e+00
7143.910000 2.798168e+00
7144.470000 2.796587e+00
7145.040000 2.792708e+00
7145.600000 2.786426e+00
7146.170000 2.780786e+00
7146.730000 2.772743e+00
7147.300000 2.764265e+00
7147.860000 2.756722e+00
7148.430000 2.754151e+00
7148.990000 2.750735e+00
7149.560000 2.748338e+00
7150.120000 2.747889e+00
7150.690000 2.748767e+00
7151.250000 2.746096e+00
7151.810000 2.742303e+00
7152.380000 2.738736e+00
7152.940000 2.732915e+00
7153.510000 2.727034e+00
7154.080000 2.721173e+00
7154.640000 2.717636e+00
7155.210000 2.714040e+00
7155.770000 2.713892e+00
7156.330000 2.714229e+00
7156.900000 2.715432e+00
7157.460000 2.717730e+00
7158.030000 2.721645e+00
7158.590000 2.722930e+00
7159.160000 2.723805e+00
7159.720000 2.725708e+00
7160.290000 2.726517e+00
7160.850000 2.726238e+00
7161.420000 2.726738e+00
7161.980000 2.728047e+00
7162.550000 2.728790e+00
7163.110000 2.731159e+00
7163.680000 2.733778e+00
7164.240000 2.736766e+00
7164.810000 2.738946e+00
7165.370000 2.740545e+00
7165.940000 2.740848e+00
7166.500000 2.741630e+00
7167.070000 2.743149e+00
7167.630000 2.745411e+00
7168.200000 2.747019e+00
7168.760000 2.749371e+00
7169.330000 2.752594e+00
7169.890000 2.755765e+00
7170.460000 2.761046e+00
7171.020000 2.766941e+00
7171.590000 2.770322e+00
7172.150000 2.773078e+00
7172.720000 2.774647e+00
7173.280000 2.772668e+00
7173.850000 2.772888e+00
7174.410000 2.775136e+00
7174.980000 2.775887e+00
7175.540000 2.776807e+00
7176.110000 2.778024e+00
7176.670000 2.776286e+00
7177.240000 2.772762e+00
7177.800000 2.768674e+00
7178.370000 2.764903e+00
7178.930000 2.762253e+00
7179.500000 2.759788e+00
7180.060000 2.758822e+00
7180.630000 2.760967e+00
7181.190000 2.762662e+00
7181.760000 2.760882e+00
7182.320000 2.758873e+00
7182.890000 2.756270e+00
7183.450000 2.750863e+00
7184.020000 2.745351e+00
7184.580000 2.740407e+00
7185.150000 2.735313e+00
7185.710000 2.730676e+00
7186.280000 2.726467e+00
7186.840000 2.720428e+00
7187.410000 2.714972e+00
7187.970000 2.710817e+00
7188.540000 2.707913e+00
7189.100000 2.705290e+00
7189.670000 2.705008e+00
7190.230000 2.707030e+00
7190.800000 2.712685e+00
7191.360000 2.717645e+00
7191.930000 2.724994e+00
7192.490000 2.733139e+00
7193.060000 2.741850e+00
7193.620000 2.747552e+00
7194.190000 2.752172e+00
7194.750000 2.755228e+00
7195.320000 2.754930e+00
7195.880000 2.751573e+00
7196.450000 2.748534e+00
7197.010000 2.747135e+00
7197.580000 2.749152e+00
7198.140000 2.756688e+00
7198.710000 2.767444e+00
7199.270000 2.779065e+00
7199.840000 2.790675e+00
7200.400000 2.799426e+00
7200.970000 2.803482e+00
7201.530000 2.802067e+00
7202.100000 2.797603e+00
7202.660000 2.789046e+00
7203.230000 2.778620e+00
7203.790000 2.770749e+00
7204.360000 2.767437e+00
7204.920000 2.765389e+00
7205.490000 2.767725e+00
7206.050000 2.773917e+00
7206.620000 2.779873e+00
7207.180000 2.785868e+00
7207.750000 2.791515e+00
7208.310000 2.795926e+00
7208.880000 2.796547e+00
7209.440000 2.796467e+00
7210.010000 2.797267e+00
7210.570000 2.800833e+00
7211.140000 2.804339e+00
7211.700000 2.808510e+00
7212.270000 2.813742e+00
7212.830000 2.818139e+00
7213.400000 2.820218e+00
7213.960000 2.822604e+00
7214.530000 2.824997e+00
7215.090000 2.827988e+00
7215.660000 2.831816e+00
7216.220000 2.838706e+00
7216.790000 2.848585e+00
7217.350000 2.856398e+00
7217.920000 2.863011e+00
7218.480000 2.865293e+00
7219.050000 2.863257e+00
7219.610000 2.856393e+00
7220.180000 2.850925e+00
7220.740000 2.841277e+00
7221.310000 2.834436e+00
7221.870000 2.828124e+00
7222.440000 2.821952e+00
7223.000000 2.813818e+00
7223.560000 2.808554e+00
7224.130000 2.803050e+00
7224.690000 2.798074e+00
7225.260000 2.797707e+00
7225.820000 2.800005e+00
7226.390000 2.804107e+00
7226.950000 2.810225e+00
7227.520000 2.819970e+00
7228.080000 2.826631e+00
7228.650000 2.833122e+00
7229.210000 2.838214e+00
7229.780000 2.840819e+00
7230.340000 2.840270e+00
7230.910000 2.839189e+00
7231.470000 2.838841e+00
7232.040000 2.839491e+00
7232.600000 2.839504e+00
7233.170000 2.839029e+00
7233.730000 2.838793e+00
7234.300000 2.838250e+00
7234.860000 2.830833e+00
7235.430000 2.826483e+00
7235.990000 2.822012e+00
7236.560000 2.818425e+00
7237.120000 2.822690e+00
7237.690000 2.832485e+00
7238.250000 2.839097e+00
7238.820000 2.846396e+00
7239.380000 2.852539e+00
7239.950000 2.846405e+00
7240.510000 2.841660e+00
7241.080000 2.837800e+00
7241.640000 2.833164e+00
7242.210000 2.828331e+00
7242.770000 2.827393e+00
7243.340000 2.826777e+00
7243.900000 2.827304e+00
7244.470000 2.827185e+00
7245.030000 2.826787e+00
7245.600000 2.824003e+00
7246.160000 2.820329e+00
7246.730000 2.816775e+00
7247.290000 2.814613e+00
7247.860000 2.813542e+00
7248.420000 2.816530e+00
7248.990000 2.820431e+00
7249.550000 2.823986e+00
7250.120000 2.830986e+00
7250.680000 2.839292e+00
7251.250000 2.846184e+00
7251.810000 2.863021e+00
7252.380000 2.881003e+00
7252.940000 2.894321e+00
7253.510000 2.906452e+00
7254.070000 2.919371e+00
7254.640000 2.923361e+00
7255.200000 2.925669e+00
7255.770000 2.929933e+00
7256.330000 2.935412e+00
7256.900000 2.941468e+00
7257.460000 2.946226e+00
7258.030000 2.951220e+00
7258.590000 2.955482e+00
7259.160000 2.958077e+00
7259.720000 2.957921e+00
7260.290000 2.957842e+00
7260.850000 2.957595e+00
7261.420000 2.957402e+00
7261.980000 2.958924e+00
7262.550000 2.961521e+00
7263.110000 2.964020e+00
7263.680000 2.966777e+00
7264.240000 2.968369e+00
7264.810000 2.969289e+00
7265.370000 2.970201e+00
7265.940000 2.971507e+00
7266.500000 2.974168e+00
7267.070000 2.980540e+00
7267.630000 2.986610e+00
7268.200000 2.996394e+00
7268.760000 3.008217e+00
7269.330000 3.017894e+00
7269.890000 3.024837e+00
7270.460000 3.031518e+00
7271.020000 3.030098e+00
7271.590000 3.025751e+00
7272.150000 3.021100e+00
7272.720000 3.013885e+00
7273.280000 3.003769e+00
7273.850000 2.997777e+00
7274.410000 2.989090e+00
7274.980000 2.978792e+00
7275.540000 2.972876e+00
7276.110000 2.967854e+00
7276.670000 2.960067e+00
7277.240000 2.942947e+00
7277.800000 2.926908e+00
7278.370000 2.907954e+00
7278.930000 2.890947e+00
7279.500000 2.876403e+00
7280.060000 2.877438e+00
7280.630000 2.881286e+00
7281.190000 2.887977e+00
7281.760000 2.894928e+00
7282.320000 2.901600e+00
7282.890000 2.903674e+00
7283.450000 2.903550e+00
7284.020000 2.899624e+00
7284.580000 2.894478e+00
7285.150000 2.889864e+00
7285.710000 2.886427e+00
7286.280000 2.886422e+00
7286.840000 2.893488e+00
7287.410000 2.903008e+00
7287.970000 2.912866e+00
7288.540000 2.922758e+00
7289.100000 2.925904e+00
7289.670000 2.920739e+00
7290.230000 2.912547e+00
7290.790000 2.901381e+00
7291.360000 2.887567e+00
7291.920000 2.875021e+00
7292.490000 2.865315e+00
7293.050000 2.856765e+00
7293.620000 2.853208e+00
7294.180000 2.854973e+00
7294.750000 2.859104e+00
7295.310000 2.863137e+00
7295.880000 2.861501e+00
7296.440000 2.855919e+00
7297.010000 2.846632e+00
7297.570000 2.834632e+00
7298.140000 2.817299e+00
7298.700000 2.804878e+00
7299.270000 2.796012e+00
7299.830000 2.789612e+00
7300.400000 2.794838e+00
7300.960000 2.806730e+00
7301.530000 2.821636e+00
7302.090000 2.839704e+00
7302.660000 2.856134e+00
7303.220000 2.864922e+00
7303.790000 2.878125e+00
7304.350000 2.886644e+00
7304.920000 2.888678e+00
7305.480000 2.892335e+00
7306.050000 2.899421e+00
7306.610000 2.900875e+00
7307.180000 2.907942e+00
7307.740000 2.919068e+00
7308.310000 2.932984e+00
7308.870000 2.945496e+00
7309.440000 2.960386e+00
7310.000000 2.975295e+00
7310.570000 2.989620e+00
7311.130000 3.002124e+00
7311.700000 3.011996e+00
7312.260000 3.020345e+00
7312.830000 3.026566e+00
7313.390000 3.033402e+00
7313.960000 3.037579e+00
7314.520000 3.042140e+00
7315.090000 3.046987e+00
7315.650000 3.051873e+00
7316.220000 3.053269e+00
7316.780000 3.055740e+00
7317.350000 3.056838e+00
7317.910000 3.056914e+00
7318.480000 3.052691e+00
7319.040000 3.047813e+00
7319.610000 3.040384e+00
7320.170000 3.032829e+00
7320.740000 3.022952e+00
7321.300000 3.017905e+00
7321.870000 3.015308e+00
7322.430000 3.013763e+00
7323.000000 3.013725e+00
7323.560000 3.014463e+00
7324.130000 3.013017e+00
7324.690000 3.011378e+00
7325.260000 3.009308e+00
7325.820000 3.007183e+00
7326.390000 3.007790e+00
7326.950000 3.011344e+00
7327.520000 3.016800e+00
7328.080000 3.025507e+00
7328.650000 3.035309e+00
7329.210000 3.043097e+00
7329.780000 3.046644e+00
7330.340000 3.043042e+00
7330.910000 3.039470e+00
7331.470000 3.033369e+00
7332.040000 3.028084e+00
7332.600000 3.024430e+00
7333.170000 3.025964e+00
7333.730000 3.024368e+00
7334.300000 3.021946e+00
7334.860000 3.015581e+00
7335.430000 3.009408e+00
7335.990000 3.003364e+00
7336.560000 2.999224e+00
7337.120000 2.997922e+00
7337.690000 3.001167e+00
7338.250000 3.004844e+00
7338.820000 3.007326e+00
7339.380000 3.005075e+00
7339.950000 3.001208e+00
7340.510000 2.995571e+00
7341.080000 2.986789e+00
7341.640000 2.978551e+00
7342.210000 2.973426e+00
7342.770000 2.968755e+00
7343.340000 2.965111e+00
7343.900000 2.963058e+00
7344.470000 2.962242e+00
7345.030000 2.962183e+00
7345.600000 2.960810e+00
7346.160000 2.959312e+00
7346.730000 2.959376e+00
7347.290000 2.959131e+00
7347.860000 2.960124e+00
7348.420000 2.966521e+00
7348.990000 2.974646e+00
7349.550000 2.985322e+00
7350.120000 2.998332e+00
7350.680000 3.014475e+00
7351.250000 3.026865e+00
7351.810000 3.039298e+00
7352.380000 3.048325e+00
7352.940000 3.051650e+00
7353.510000 3.049379e+00
7354.070000 3.045005e+00
7354.640000 3.037730e+00
7355.200000 3.028723e+00
7355.770000 3.021141e+00
7356.330000 3.011639e+00
7356.900000 3.004424e+00
7357.460000 2.998991e+00
7358.020000 2.994628e+00
7358.590000 2.991226e+00
7359.160000 2.990991e+00
7359.720000 2.989699e+00
7360.290000 2.987646e+00
7360.850000 2.987005e+00
7361.420000 2.986768e+00
7361.980000 2.985218e+00
7362.540000 2.982268e+00
7363.110000 2.979769e+00
7363.670000 2.974042e+00
7364.240000 2.963750e+00
7364.800000 2.953796e+00
7365.370000 2.945248e+00
7365.930000 2.934448e+00
7366.500000 2.929908e+00
7367.060000 2.932711e+00
7367.630000 2.933141e+00
7368.190000 2.936926e+00
7368.760000 2.944176e+00
7369.320000 2.947380e+00
7369.890000 2.946084e+00
7370.450000 2.946064e+00
7371.020000 2.939837e+00
7371.580000 2.929930e+00
7372.150000 2.920823e+00
7372.710000 2.913856e+00
7373.280000 2.910402e+00
7373.840000 2.913089e+00
7374.410000 2.918217e+00
7374.970000 2.921467e+00
7375.540000 2.924212e+00
7376.100000 2.923603e+00
7376.670000 2.919304e+00
7377.230000 2.913451e+00
7377.800000 2.909289e+00
7378.360000 2.906195e+00
7378.930000 2.905146e+00
7379.490000 2.906617e+00
7380.060000 2.909221e+00
7380.620000 2.913177e+00
7381.190000 2.916228e+00
7381.750000 2.915921e+00
7382.320000 2.910792e+00
7382.880000 2.903592e+00
7383.450000 2.893513e+00
7384.010000 2.882062e+00
7384.580000 2.869678e+00
7385.140000 2.861622e+00
7385.710000 2.856762e+00
7386.270000 2.850672e+00
7386.840000 2.847686e+00
7387.400000 2.851122e+00
7387.970000 2.854355e+00
7388.530000 2.855328e+00
7389.100000 2.859925e+00
7389.660000 2.902962e+00
7390.230000 2.943623e+00
7390.790000 2.982950e+00
7391.360000 3.025117e+00
7391.920000 3.067899e+00
7392.490000 3.074812e+00
7393.050000 3.081320e+00
7393.620000 3.090071e+00
7394.180000 3.099427e+00
7394.750000 3.112252e+00
7395.310000 3.120298e+00
7395.880000 3.129036e+00
7396.440000 3.136216e+00
7397.010000 3.145100e+00
7397.570000 3.148824e+00
7398.140000 3.154347e+00
7398.700000 3.161723e+00
7399.270000 3.166684e+00
7399.830000 3.168459e+00
7400.400000 3.169795e+00
7400.960000 3.170557e+00
7401.530000 3.166922e+00
7402.090000 3.164668e+00
7402.660000 3.160795e+00
7403.220000 3.157855e+00
7403.790000 3.153980e+00
7404.350000 3.151156e+00
7404.920000 3.149425e+00
7405.480000 3.150420e+00
7406.050000 3.150740e+00
7406.610000 3.150225e+00
7407.180000 3.150427e+00
7407.740000 3.149889e+00
7408.310000 3.147871e+00
7408.870000 3.146671e+00
7409.440000 3.144794e+00
7410.000000 3.142459e+00
7410.570000 3.141337e+00
7411.130000 3.142000e+00
7411.700000 3.141232e+00
7412.260000 3.142155e+00
7412.830000 3.144529e+00
7413.390000 3.147226e+00
7413.960000 3.151895e+00
7414.520000 3.157218e+00
7415.090000 3.163118e+00
7415.650000 3.173222e+00
7416.220000 3.182983e+00
7416.780000 3.188432e+00
7417.350000 3.192897e+00
7417.910000 3.197024e+00
7418.480000 3.196142e+00
7419.040000 3.193405e+00
7419.610000 3.189256e+00
7420.170000 3.185640e+00
7420.740000 3.181180e+00
7421.300000 3.175833e+00
7421.870000 3.168858e+00
7422.430000 3.161257e+00
7423.000000 3.155083e+00
7423.560000 3.152596e+00
7424.130000 3.150378e+00
7424.690000 3.153414e+00
7425.260000 3.161557e+00
7425.820000 3.173821e+00
7426.390000 3.185623e+00
7426.950000 3.199649e+00
7427.520000 3.214685e+00
7428.080000 3.228957e+00
7428.650000 3.238353e+00
7429.210000 3.244966e+00
7429.770000 3.250512e+00
7430.340000 3.252720e+00
7430.900000 3.256108e+00
7431.470000 3.259292e+00
7432.030000 3.262443e+00
7432.600000 3.265557e+00
7433.160000 3.268117e+00
7433.730000 3.266859e+00
7434.290000 3.265569e+00
7434.860000 3.263478e+00
7435.420000 3.261735e+00
7435.990000 3.259334e+00
7436.550000 3.256162e+00
7437.120000 3.248716e+00
7437.680000 3.243804e+00
7438.250000 3.237448e+00
7438.810000 3.230010e+00
7439.380000 3.223817e+00
7439.940000 3.220184e+00
7440.510000 3.215987e+00
7441.070000 3.211875e+00
7441.640000 3.210723e+00
7442.200000 3.210397e+00
7442.770000 3.211937e+00
7443.330000 3.211681e+00
7443.900000 3.210577e+00
7444.460000 3.208628e+00
7445.030000 3.206855e+00
7445.590000 3.210175e+00
7446.160000 3.215173e+00
7446.720000 3.222120e+00
7447.290000 3.231559e+00
7447.850000 3.244474e+00
7448.420000 3.255613e+00
7448.980000 3.266101e+00
7449.550000 3.275981e+00
7450.110000 3.283373e+00
7450.680000 3.285356e+00
7451.240000 3.284130e+00
7451.810000 3.282101e+00
7452.370000 3.283502e+00
7452.940000 3.283861e+00
7453.500000 3.286553e+00
7454.070000 3.290305e+00
7454.630000 3.300241e+00
7455.200000 3.307247e+00
7455.760000 3.316877e+00
7456.330000 3.328790e+00
7456.890000 3.341247e+00
7457.460000 3.348766e+00
7458.020000 3.356111e+00
7458.590000 3.360309e+00
7459.150000 3.361914e+00
7459.720000 3.361423e+00
7460.280000 3.359271e+00
7460.850000 3.354278e+00
7461.410000 3.354183e+00
7461.980000 3.352420e+00
7462.540000 3.348157e+00
7463.110000 3.341865e+00
7463.670000 3.338006e+00
7464.240000 3.329123e+00
7464.800000 3.317328e+00
7465.370000 3.309134e+00
7465.930000 3.303061e+00
7466.500000 3.294958e+00
7467.060000 3.284014e+00
7467.630000 3.277824e+00
7468.190000 3.269560e+00
7468.760000 3.258783e+00
7469.320000 3.250922e+00
7469.890000 3.247914e+00
7470.450000 3.243288e+00
7471.020000 3.239198e+00
7471.580000 3.239300e+00
7472.150000 3.239434e+00
7472.710000 3.239703e+00
7473.280000 3.241423e+00
7473.840000 3.245176e+00
7474.410000 3.249443e+00
7474.970000 3.255361e+00
7475.540000 3.260664e+00
7476.100000 3.266850e+00
7476.670000 3.272950e+00
7477.230000 3.281327e+00
7477.800000 3.288032e+00
7478.360000 3.296438e+00
7478.930000 3.306708e+00
7479.490000 3.315432e+00
7480.060000 3.320990e+00
7480.620000 3.326518e+00
7481.190000 3.331719e+00
7481.750000 3.332458e+00
7482.320000 3.333977e+00
7482.880000 3.334838e+00
7483.450000 3.334406e+00
7484.010000 3.331196e+00
7484.580000 3.326812e+00
7485.140000 3.319961e+00
7485.710000 3.312802e+00
7486.270000 3.304355e+00
7486.840000 3.295312e+00
7487.400000 3.286884e+00
7487.970000 3.280680e+00
7488.530000 3.275069e+00
7489.100000 3.270382e+00
7489.660000 3.268120e+00
7490.230000 3.267363e+00
7490.790000 3.266693e+00
7491.360000 3.268373e+00
7491.920000 3.271179e+00
7492.490000 3.274647e+00
7493.050000 3.281125e+00
7493.620000 3.290729e+00
7494.180000 3.298757e+00
7494.750000 3.308270e+00
7495.310000 3.320459e+00
7495.880000 3.331525e+00
7496.440000 3.339684e+00
7497.000000 3.348281e+00
7497.570000 3.358558e+00
7498.130000 3.365395e+00
7498.700000 3.370695e+00
7499.260000 3.375310e+00
7499.830000 3.378920e+00
7500.400000 3.379288e+00
7500.960000 3.378970e+00
7501.520000 3.377393e+00
7502.090000 3.373791e+00
7502.650000 3.370470e+00
7503.220000 3.365922e+00
7503.780000 3.356108e+00
7504.350000 3.347995e+00
7504.910000 3.341276e+00
7505.480000 3.332335e+00
7506.040000 3.319020e+00
7506.610000 3.311624e+00
7507.170000 3.301671e+00
7507.740000 3.288572e+00
7508.300000 3.277886e+00
7508.870000 3.272515e+00
7509.430000 3.265970e+00
7510.000000 3.261759e+00
7510.560000 3.262246e+00
7511.130000 3.262523e+00
7511.690000 3.263762e+00
7512.260000 3.269378e+00
7512.820000 3.274672e+00
7513.390000 3.280826e+00
7513.950000 3.309313e+00
7514.520000 3.336141e+00
7515.080000 3.359082e+00
7515.650000 3.382160e+00
7516.210000 3.404848e+00
7516.780000 3.405607e+00
7517.340000 3.407864e+00
7517.910000 3.412368e+00
7518.470000 3.419270e+00
7519.040000 3.425843e+00
7519.600000 3.432433e+00
7520.170000 3.438913e+00
7520.730000 3.444193e+00
7521.300000 3.448656e+00
7521.860000 3.453258e+00
7522.430000 3.458478e+00
7522.990000 3.466344e+00
7523.560000 3.474855e+00
7524.120000 3.482287e+00
7524.690000 3.490071e+00
7525.250000 3.495657e+00
7525.820000 3.497794e+00
7526.380000 3.498461e+00
7526.950000 3.496749e+00
7527.510000 3.492152e+00
7528.080000 3.488829e+00
7528.640000 3.485424e+00
7529.210000 3.480246e+00
7529.770000 3.475399e+00
7530.340000 3.472048e+00
7530.900000 3.467296e+00
7531.470000 3.460770e+00
7532.030000 3.454697e+00
7532.600000 3.448973e+00
7533.160000 3.442871e+00
7533.730000 3.436533e+00
7534.290000 3.430135e+00
7534.860000 3.424281e+00
7535.420000 3.418318e+00
7535.990000 3.411459e+00
7536.550000 3.402341e+00
7537.120000 3.394744e+00
7537.680000 3.387526e+00
7538.250000 3.379632e+00
7538.810000 3.370845e+00
7539.380000 3.365781e+00
7539.940000 3.362271e+00
7540.510000 3.357473e+00
7541.070000 3.351784e+00
7541.640000 3.349208e+00
7542.200000 3.346109e+00
7542.770000 3.340693e+00
7543.330000 3.334876e+00
7543.900000 3.331757e+00
7544.460000 3.324492e+00
7545.030000 3.317845e+00
7545.590000 3.310624e+00
7546.160000 3.306324e+00
7546.720000 3.301376e+00
7547.290000 3.301728e+00
7547.850000 3.301753e+00
7548.420000 3.305486e+00
7548.980000 3.312202e+00
7549.550000 3.320007e+00
7550.110000 3.328320e+00
7550.680000 3.337969e+00
7551.240000 3.349059e+00
7551.810000 3.357585e+00
7552.370000 3.368190e+00
7552.940000 3.377261e+00
7553.500000 3.386719e+00
7554.070000 3.393316e+00
7554.630000 3.399269e+00
7555.200000 3.404127e+00
7555.760000 3.408216e+00
7556.330000 3.410229e+00
7556.890000 3.410071e+00
7557.460000 3.410119e+00
7558.020000 3.407209e+00
7558.590000 3.402907e+00
7559.150000 3.394785e+00
7559.720000 3.383597e+00
7560.280000 3.371930e+00
7560.850000 3.360490e+00
7561.410000 3.348299e+00
7561.980000 3.338720e+00
7562.540000 3.334123e+00
7563.110000 3.329902e+00
7563.670000 3.328771e+00
7564.240000 3.329249e+00
7564.800000 3.331440e+00
7565.370000 3.335019e+00
7565.930000 3.341618e+00
7566.500000 3.347145e+00
7567.060000 3.353329e+00
7567.620000 3.359983e+00
7568.190000 3.363692e+00
7568.750000 3.365101e+00
7569.320000 3.364992e+00
7569.880000 3.363962e+00
7570.450000 3.361856e+00
7571.010000 3.363561e+00
7571.580000 3.364511e+00
7572.140000 3.367919e+00
7572.710000 3.374395e+00
7573.270000 3.383256e+00
7573.840000 3.389637e+00
7574.400000 3.395172e+00
7574.970000 3.400397e+00
7575.530000 3.404849e+00
7576.100000 3.407681e+00
7576.660000 3.412852e+00
7577.230000 3.418970e+00
7577.790000 3.425205e+00
7578.360000 3.430019e+00
7578.920000 3.433984e+00
7579.490000 3.436131e+00
7580.050000 3.438863e+00
7580.620000 3.440097e+00
7581.180000 3.442558e+00
7581.750000 3.444114e+00
7582.310000 3.447640e+00
7582.880000 3.451150e+00
7583.440000 3.456533e+00
7584.010000 3.459353e+00
7584.570000 3.465727e+00
7585.140000 3.470950e+00
7585.700000 3.476338e+00
7586.270000 3.479756e+00
7586.830000 3.484949e+00
7587.400000 3.486711e+00
7587.960000 3.489503e+00
7588.530000 3.490449e+00
7589.090000 3.490642e+00
7589.660000 3.490225e+00
7590.220000 3.491533e+00
7590.790000 3.490595e+00
7591.350000 3.489499e+00
7591.920000 3.488238e+00
7592.480000 3.487290e+00
7593.050000 3.485830e+00
7593.610000 3.483145e+00
7594.180000 3.480468e+00
7594.740000 3.477583e+00
7595.310000 3.473788e+00
7595.870000 3.469089e+00
7596.440000 3.464621e+00
7597.000000 3.458802e+00
7597.570000 3.452047e+00
7598.130000 3.442625e+00
7598.700000 3.433481e+00
7599.260000 3.422512e+00
7599.830000 3.410754e+00
7600.390000 3.400226e+00
7600.960000 3.391766e+00
7601.520000 3.381952e+00
7602.090000 3.373015e+00
7602.650000 3.365681e+00
7603.220000 3.359025e+00
7603.780000 3.353005e+00
7604.350000 3.348882e+00
7604.910000 3.345967e+00
7605.480000 3.345648e+00
7606.040000 3.345991e+00
7606.610000 3.348235e+00
7607.170000 3.351017e+00
7607.740000 3.355851e+00
7608.300000 3.360652e+00
7608.870000 3.368202e+00
7609.430000 3.374924e+00
7610.000000 3.381756e+00
7610.560000 3.388357e+00
7611.130000 3.395068e+00
7611.690000 3.401324e+00
7612.260000 3.406394e+00
7612.820000 3.412130e+00
7613.390000 3.418773e+00
7613.950000 3.426332e+00
7614.520000 3.430162e+00
7615.080000 3.434682e+00
7615.650000 3.436818e+00
7616.210000 3.438670e+00
7616.780000 3.436765e+00
7617.340000 3.434899e+00
7617.910000 3.429348e+00
7618.470000 3.425559e+00
7619.040000 3.419081e+00
7619.600000 3.412242e+00
7620.170000 3.405211e+00
7620.730000 3.402539e+00
7621.300000 3.399651e+00
7621.860000 3.398776e+00
7622.430000 3.401758e+00
7622.990000 3.406807e+00
7623.560000 3.412640e+00
7624.120000 3.422817e+00
7624.690000 3.433055e+00
7625.250000 3.442287e+00
7625.820000 3.452506e+00
7626.380000 3.464219e+00
7626.950000 3.473243e+00
7627.510000 3.481710e+00
7628.080000 3.489438e+00
7628.640000 3.494356e+00
7629.210000 3.498232e+00
7629.770000 3.499998e+00
7630.340000 3.500721e+00
7630.900000 3.501460e+00
7631.470000 3.504238e+00
7632.030000 3.505078e+00
7632.600000 3.507355e+00
7633.160000 3.510501e+00
7633.730000 3.512830e+00
7634.290000 3.512518e+00
7634.850000 3.509850e+00
7635.420000 3.505284e+00
7635.980000 3.498174e+00
7636.550000 3.488865e+00
7637.110000 3.479643e+00
7637.680000 3.471733e+00
7638.240000 3.461879e+00
7638.810000 3.453486e+00
7639.370000 3.448345e+00
7639.940000 3.443714e+00
7640.500000 3.437866e+00
7641.070000 3.434537e+00
7641.630000 3.429717e+00
7642.200000 3.423823e+00
7642.760000 3.416160e+00
7643.330000 3.408177e+00
7643.890000 3.398775e+00
7644.460000 3.390888e+00
7645.020000 3.381732e+00
7645.590000 3.375348e+00
7646.150000 3.370637e+00
7646.720000 3.367267e+00
7647.280000 3.363736e+00
7647.850000 3.363458e+00
7648.410000 3.362189e+00
7648.980000 3.361281e+00
7649.540000 3.359508e+00
7650.110000 3.358524e+00
7650.670000 3.355441e+00
7651.240000 3.353096e+00
7651.800000 3.351446e+00
7652.370000 3.352550e+00
7652.930000 3.353217e+00
7653.500000 3.356563e+00
7654.060000 3.360154e+00
7654.630000 3.363577e+00
7655.190000 3.365708e+00
7655.760000 3.369335e+00
7656.320000 3.369727e+00
7656.890000 3.370279e+00
7657.450000 3.372058e+00
7658.020000 3.375738e+00
7658.580000 3.379739e+00
7659.150000 3.385717e+00
7659.710000 3.393000e+00
7660.280000 3.400041e+00
7660.840000 3.403088e+00
7661.410000 3.405285e+00
7661.970000 3.406894e+00
7662.540000 3.406290e+00
7663.100000 3.405121e+00
7663.670000 3.405577e+00
7664.230000 3.405645e+00
7664.800000 3.405217e+00
7665.360000 3.406548e+00
7665.930000 3.406575e+00
7666.490000 3.405783e+00
7667.060000 3.402194e+00
7667.620000 3.400744e+00
7668.190000 3.397608e+00
7668.750000 3.396106e+00
7669.320000 3.397648e+00
7669.880000 3.403584e+00
7670.450000 3.408594e+00
7671.010000 3.417191e+00
7671.580000 3.427418e+00
7672.140000 3.435994e+00
7672.710000 3.444025e+00
7673.270000 3.454378e+00
7673.840000 3.462059e+00
7674.400000 3.467782e+00
7674.970000 3.473643e+00
7675.530000 3.480054e+00
7676.100000 3.480317e+00
7676.660000 3.480673e+00
7677.230000 3.479694e+00
7677.790000 3.476551e+00
7678.360000 3.471616e+00
7678.920000 3.469941e+00
7679.490000 3.468021e+00
7680.050000 3.468070e+00
7680.620000 3.468966e+00
7681.180000 3.470081e+00
7681.750000 3.471332e+00
7682.310000 3.472345e+00
7682.880000 3.470373e+00
7683.440000 3.468924e+00
7684.010000 3.467178e+00
7684.570000 3.465068e+00
7685.140000 3.460806e+00
7685.700000 3.458897e+00
7686.270000 3.458572e+00
7686.830000 3.460626e+00
7687.400000 3.460758e+00
7687.960000 3.464618e+00
7688.530000 3.470318e+00
7689.090000 3.474409e+00
7689.660000 3.475076e+00
7690.220000 3.477821e+00
7690.790000 3.479201e+00
7691.350000 3.477927e+00
7691.920000 3.476483e+00
7692.480000 3.476760e+00
7693.050000 3.478217e+00
7693.610000 3.479004e+00
7694.180000 3.480563e+00
7694.740000 3.482598e+00
7695.310000 3.483343e+00
7695.870000 3.482118e+00
7696.440000 3.481666e+00
7697.000000 3.480210e+00
7697.570000 3.476623e+00
7698.130000 3.472847e+00
7698.700000 3.469640e+00
7699.260000 3.464204e+00
7699.830000 3.457526e+00
7700.390000 3.451373e+00
7700.960000 3.446273e+00
7701.520000 3.440422e+00
7702.080000 3.435845e+00
7702.650000 3.431301e+00
7703.210000 3.429529e+00
7703.780000 3.430087e+00
7704.340000 3.430867e+00
7704.910000 3.430992e+00
7705.480000 3.435687e+00
7706.040000 3.441780e+00
7706.600000 3.444860e+00
7707.170000 3.446954e+00
7707.730000 3.450521e+00
7708.300000 3.448527e+00
7708.860000 3.443379e+00
7709.430000 3.436015e+00
7709.990000 3.428538e+00
7710.560000 3.422218e+00
7711.120000 3.418649e+00
7711.690000 3.416699e+00
7712.250000 3.422183e+00
7712.820000 3.430697e+00
7713.380000 3.438360e+00
7713.950000 3.447595e+00
7714.510000 3.455647e+00
7715.080000 3.460074e+00
7715.640000 3.463188e+00
7716.210000 3.465313e+00
7716.770000 3.465611e+00
7717.340000 3.466968e+00
7717.900000 3.467856e+00
7718.470000 3.470187e+00
7719.030000 3.477020e+00
7719.600000 3.484326e+00
7720.160000 3.491855e+00
7720.730000 3.502292e+00
7721.290000 3.513647e+00
7721.860000 3.521089e+00
7722.420000 3.529962e+00
7722.990000 3.540564e+00
7723.550000 3.549595e+00
7724.120000 3.556663e+00
7724.680000 3.564775e+00
7725.250000 3.573001e+00
7725.810000 3.580450e+00
7726.380000 3.586293e+00
7726.940000 3.592925e+00
7727.510000 3.599079e+00
7728.070000 3.606074e+00
7728.640000 3.610511e+00
7729.200000 3.614837e+00
7729.770000 3.617631e+00
7730.330000 3.621394e+00
7730.900000 3.622210e+00
7731.460000 3.622118e+00
7732.030000 3.623218e+00
7732.590000 3.624874e+00
7733.160000 3.624329e+00
7733.720000 3.621664e+00
7734.290000 3.620808e+00
7734.850000 3.616727e+00
7735.420000 3.611521e+00
7735.980000 3.605017e+00
7736.550000 3.601455e+00
7737.110000 3.594407e+00
7737.680000 3.589427e+00
7738.240000 3.585465e+00
7738.810000 3.583108e+00
7739.370000 3.577470e+00
7739.940000 3.575240e+00
7740.500000 3.574263e+00
7741.070000 3.572573e+00
7741.630000 3.569971e+00
7742.200000 3.572739e+00
7742.760000 3.576505e+00
7743.330000 3.578450e+00
7743.890000 3.581057e+00
7744.460000 3.584705e+00
7745.020000 3.585998e+00
7745.590000 3.585777e+00
7746.150000 3.586554e+00
7746.720000 3.586927e+00
7747.280000 3.587729e+00
7747.850000 3.589006e+00
7748.410000 3.592623e+00
7748.980000 3.596509e+00
7749.540000 3.601446e+00
7750.110000 3.607607e+00
7750.670000 3.617094e+00
7751.240000 3.626360e+00
7751.800000 3.635335e+00
7752.370000 3.645330e+00
7752.930000 3.656921e+00
7753.500000 3.663845e+00
7754.060000 3.669727e+00
7754.630000 3.675750e+00
7755.190000 3.682773e+00
7755.760000 3.687117e+00
7756.320000 3.694015e+00
7756.890000 3.700510e+00
7757.450000 3.706945e+00
7758.020000 3.711735e+00
7758.580000 3.717397e+00
7759.150000 3.720999e+00
7759.710000 3.723944e+00
7760.280000 3.726693e+00
7760.840000 3.728500e+00
7761.410000 3.728348e+00
7761.970000 3.726347e+00
7762.540000 3.723733e+00
7763.100000 3.717453e+00
7763.670000 3.710118e+00
7764.230000 3.699920e+00
7764.800000 3.690454e+00
7765.360000 3.679134e+00
7765.930000 3.674564e+00
7766.490000 3.668946e+00
7767.060000 3.663309e+00
7767.620000 3.660153e+00
7768.190000 3.659444e+00
7768.750000 3.653431e+00
7769.320000 3.647399e+00
7769.880000 3.644108e+00
7770.450000 3.638773e+00
7771.010000 3.632156e+00
7771.580000 3.626714e+00
7772.140000 3.623833e+00
7772.710000 3.621688e+00
7773.270000 3.619793e+00
7773.830000 3.619717e+00
7774.400000 3.618974e+00
7774.960000 3.616896e+00
7775.530000 3.615112e+00
7776.090000 3.615009e+00
7776.660000 3.613874e+00
7777.220000 3.615279e+00
7777.790000 3.618853e+00
7778.350000 3.623355e+00
7778.920000 3.626046e+00
7779.480000 3.628000e+00
7780.050000 3.629729e+00
7780.610000 3.629679e+00
7781.180000 3.626149e+00
7781.740000 3.621852e+00
7782.310000 3.619101e+00
7782.870000 3.615844e+00
7783.440000 3.614081e+00
7784.000000 3.613064e+00
7784.570000 3.614140e+00
7785.130000 3.617580e+00
7785.700000 3.620716e+00
7786.260000 3.621654e+00
7786.830000 3.624219e+00
7787.390000 3.627479e+00
7787.960000 3.626992e+00
7788.520000 3.625270e+00
7789.090000 3.624940e+00
7789.650000 3.623295e+00
7790.220000 3.620197e+00
7790.780000 3.617455e+00
7791.350000 3.615504e+00
7791.910000 3.610227e+00
7792.480000 3.606237e+00
7793.040000 3.601845e+00
7793.610000 3.599028e+00
7794.170000 3.595443e+00
7794.740000 3.595708e+00
7795.300000 3.595911e+00
7795.870000 3.595208e+00
7796.430000 3.594862e+00
7797.000000 3.596250e+00
7797.560000 3.596767e+00
7798.130000 3.596037e+00
7798.690000 3.596083e+00
7799.260000 3.595719e+00
7799.820000 3.595765e+00
7800.390000 3.592967e+00
7800.950000 3.589609e+00
7801.520000 3.587411e+00
7802.080000 3.584130e+00
7802.650000 3.578160e+00
7803.210000 3.572493e+00
7803.780000 3.569217e+00
7804.340000 3.565093e+00
7804.910000 3.563282e+00
7805.470000 3.559418e+00
7806.040000 3.559177e+00
7806.600000 3.559164e+00
7807.170000 3.557639e+00
7807.730000 3.551070e+00
7808.300000 3.547813e+00
7808.860000 3.542605e+00
7809.430000 3.535620e+00
7809.990000 3.529070e+00
7810.560000 3.525755e+00
7811.120000 3.523872e+00
7811.690000 3.523153e+00
7812.250000 3.523868e+00
7812.820000 3.526010e+00
7813.380000 3.526831e+00
7813.950000 3.527345e+00
7814.510000 3.529348e+00
7815.080000 3.526658e+00
7815.640000 3.524169e+00
7816.210000 3.524315e+00
7816.770000 3.526081e+00
7817.340000 3.521313e+00
7817.900000 3.522764e+00
7818.470000 3.525538e+00
7819.030000 3.529725e+00
7819.600000 3.528267e+00
7820.160000 3.531060e+00
7820.730000 3.532969e+00
7821.290000 3.534765e+00
7821.860000 3.533096e+00
7822.420000 3.536076e+00
7822.990000 3.540592e+00
7823.550000 3.546653e+00
7824.120000 3.558202e+00
7824.680000 3.570481e+00
7825.250000 3.581905e+00
7825.810000 3.592637e+00
7826.380000 3.599773e+00
7826.940000 3.600209e+00
7827.510000 3.600312e+00
7828.070000 3.598666e+00
7828.640000 3.599586e+00
7829.200000 3.601603e+00
7829.770000 3.604606e+00
7830.330000 3.611055e+00
7830.900000 3.622183e+00
7831.460000 3.630536e+00
7832.030000 3.639031e+00
7832.590000 3.645884e+00
7833.160000 3.647391e+00
7833.720000 3.644561e+00
7834.290000 3.640366e+00
7834.850000 3.632861e+00
7835.420000 3.625521e+00
7835.980000 3.619067e+00
7836.550000 3.613176e+00
7837.110000 3.608567e+00
7837.680000 3.606450e+00
7838.240000 3.603610e+00
7838.810000 3.601835e+00
7839.370000 3.598887e+00
7839.940000 3.595736e+00
7840.500000 3.592152e+00
7841.060000 3.589624e+00
7841.630000 3.588718e+00
7842.190000 3.588939e+00
7842.760000 3.590069e+00
7843.320000 3.593731e+00
7843.890000 3.602033e+00
7844.450000 3.608952e+00
7845.020000 3.617285e+00
7845.580000 3.626405e+00
7846.150000 3.638794e+00
7846.710000 3.646860e+00
7847.280000 3.656050e+00
7847.840000 3.684544e+00
7848.410000 3.715598e+00
7848.970000 3.742333e+00
7849.540000 3.770649e+00
7850.100000 3.800155e+00
7850.670000 3.812662e+00
7851.230000 3.823440e+00
7851.800000 3.834017e+00
7852.360000 3.844191e+00
7852.930000 3.853581e+00
7853.490000 3.863150e+00
7854.060000 3.870661e+00
7854.620000 3.878272e+00
7855.190000 3.885894e+00
7855.750000 3.895047e+00
7856.320000 3.900205e+00
7856.880000 3.904850e+00
7857.450000 3.910116e+00
7858.010000 3.915826e+00
7858.580000 3.917881e+00
7859.140000 3.918652e+00
7859.710000 3.920336e+00
7860.270000 3.920656e+00
7860.840000 3.918195e+00
7861.400000 3.913783e+00
7861.970000 3.910549e+00
7862.530000 3.904219e+00
7863.100000 3.895798e+00
7863.660000 3.887629e+00
7864.230000 3.880719e+00
7864.790000 3.870231e+00
7865.360000 3.862225e+00
7865.920000 3.855403e+00
7866.490000 3.847499e+00
7867.050000 3.836255e+00
7867.620000 3.830661e+00
7868.180000 3.823671e+00
7868.750000 3.815837e+00
7869.310000 3.805167e+00
7869.880000 3.801057e+00
7870.440000 3.793712e+00
7871.010000 3.786081e+00
7871.570000 3.776893e+00
7872.140000 3.773789e+00
7872.700000 3.767662e+00
7873.270000 3.762129e+00
7873.830000 3.756931e+00
7874.400000 3.756168e+00
7874.960000 3.753555e+00
7875.530000 3.751831e+00
7876.090000 3.751298e+00
7876.660000 3.752374e+00
7877.220000 3.752695e+00
7877.790000 3.753825e+00
7878.350000 3.756841e+00
7878.920000 3.759334e+00
7879.480000 3.762085e+00
7880.050000 3.765593e+00
7880.610000 3.771123e+00
7881.180000 3.774955e+00
7881.740000 3.779472e+00
7882.310000 3.784695e+00
7882.870000 3.791593e+00
7883.440000 3.796071e+00
7884.000000 3.800861e+00
7884.570000 3.805795e+00
7885.130000 3.810240e+00
7885.700000 3.812262e+00
7886.260000 3.814328e+00
7886.830000 3.816110e+00
7887.390000 3.817267e+00
7887.960000 3.817873e+00
7888.520000 3.818522e+00
7889.090000 3.819234e+00
7889.650000 3.820660e+00
7890.220000 3.822123e+00
7890.780000 3.823629e+00
7891.350000 3.825494e+00
7891.910000 3.828287e+00
7892.480000 3.830313e+00
7893.040000 3.832090e+00
7893.610000 3.833688e+00
7894.170000 3.833455e+00
7894.740000 3.832159e+00
7895.300000 3.829834e+00
7895.870000 3.824702e+00
7896.430000 3.816234e+00
7897.000000 3.809141e+00
7897.560000 3.800668e+00
7898.130000 3.789922e+00
7898.690000 3.777070e+00
7899.260000 3.767578e+00
7899.820000 3.756973e+00
7900.390000 3.745140e+00
7900.950000 3.731710e+00
7901.520000 3.723441e+00
7902.080000 3.714462e+00
7902.650000 3.705382e+00
7903.210000 3.695592e+00
7903.780000 3.690912e+00
7904.340000 3.685873e+00
7904.910000 3.681675e+00
7905.470000 3.677439e+00
7906.040000 3.676759e+00
7906.600000 3.675936e+00
7907.170000 3.676358e+00
7907.730000 3.677713e+00
7908.290000 3.680681e+00
7908.860000 3.683526e+00
7909.430000 3.687339e+00
7909.990000 3.691925e+00
7910.560000 3.695659e+00
7911.120000 3.699224e+00
7911.690000 3.702961e+00
7912.250000 3.706366e+00
7912.810000 3.707968e+00
7913.380000 3.708664e+00
7913.940000 3.709324e+00
7914.510000 3.708726e+00
7915.070000 3.706799e+00
7915.640000 3.703587e+00
7916.200000 3.700958e+00
7916.770000 3.696855e+00
7917.330000 3.692822e+00
7917.900000 3.688203e+00
7918.460000 3.684977e+00
7919.030000 3.680895e+00
7919.590000 3.677747e+00
7920.160000 3.675255e+00
7920.720000 3.674021e+00
7921.290000 3.673740e+00
7921.850000 3.673935e+00
7922.420000 3.675463e+00
7922.980000 3.677602e+00
7923.550000 3.680886e+00
7924.110000 3.684782e+00
7924.680000 3.690498e+00
7925.240000 3.696287e+00
7925.810000 3.703303e+00
7926.370000 3.711744e+00
7926.940000 3.720169e+00
7927.500000 3.728316e+00
7928.070000 3.737341e+00
7928.630000 3.747115e+00
7929.200000 3.754468e+00
7929.760000 3.760732e+00
7930.330000 3.766737e+00
7930.890000 3.769893e+00
7931.460000 3.770813e+00
7932.020000 3.770967e+00
7932.590000 3.769479e+00
7933.150000 3.764409e+00
7933.720000 3.759995e+00
7934.280000 3.754001e+00
7934.850000 3.745686e+00
7935.410000 3.736031e+00
7935.980000 3.728469e+00
7936.540000 3.719676e+00
7937.110000 3.709589e+00
7937.670000 3.701035e+00
7938.240000 3.694330e+00
7938.800000 3.687533e+00
7939.370000 3.681312e+00
7939.930000 3.676490e+00
7940.500000 3.673194e+00
7941.060000 3.670593e+00
7941.630000 3.669628e+00
7942.190000 3.668084e+00
7942.760000 3.668665e+00
7943.320000 3.670865e+00
7943.890000 3.672450e+00
7944.450000 3.673728e+00
7945.020000 3.677106e+00
7945.580000 3.680828e+00
7946.150000 3.684561e+00
7946.710000 3.691979e+00
7947.280000 3.699136e+00
7947.840000 3.706857e+00
7948.410000 3.718094e+00
7948.970000 3.732206e+00
7949.540000 3.743369e+00
7950.100000 3.755367e+00
7950.670000 3.771348e+00
7951.230000 3.786127e+00
7951.800000 3.796270e+00
7952.360000 3.806379e+00
7952.930000 3.818594e+00
7953.490000 3.826451e+00
7954.060000 3.830591e+00
7954.620000 3.833471e+00
7955.190000 3.836932e+00
7955.750000 3.836329e+00
7956.320000 3.834429e+00
7956.880000 3.830585e+00
7957.450000 3.826177e+00
7958.010000 3.819307e+00
7958.580000 3.812009e+00
7959.140000 3.802410e+00
7959.710000 3.791210e+00
7960.270000 3.780488e+00
7960.840000 3.769582e+00
7961.400000 3.754846e+00
7961.970000 3.742924e+00
7962.530000 3.735570e+00
7963.100000 3.728278e+00
7963.660000 3.702399e+00
7964.230000 3.683151e+00
7964.790000 3.669018e+00
7965.360000 3.653852e+00
7965.920000 3.640802e+00
7966.490000 3.650658e+00
7967.050000 3.665176e+00
7967.620000 3.674956e+00
7968.180000 3.686969e+00
7968.750000 3.700114e+00
7969.310000 3.715439e+00
7969.880000 3.725368e+00
7970.440000 3.737121e+00
7971.010000 3.747767e+00
7971.570000 3.757503e+00
7972.140000 3.763398e+00
7972.700000 3.769477e+00
7973.270000 3.773078e+00
7973.830000 3.772678e+00
7974.400000 3.771221e+00
7974.960000 3.768222e+00
7975.530000 3.762414e+00
7976.090000 3.749508e+00
7976.660000 3.739371e+00
7977.220000 3.728100e+00
7977.790000 3.714810e+00
7978.350000 3.695565e+00
7978.920000 3.683800e+00
7979.480000 3.672350e+00
7980.040000 3.659664e+00
7980.610000 3.645176e+00
7981.170000 3.638920e+00
7981.740000 3.633467e+00
7982.300000 3.626907e+00
7982.870000 3.621422e+00
7983.430000 3.621053e+00
7984.000000 3.620858e+00
7984.560000 3.619720e+00
7985.130000 3.619524e+00
7985.690000 3.620663e+00
7986.260000 3.621234e+00
7986.820000 3.621249e+00
7987.390000 3.621217e+00
7987.950000 3.621176e+00
7988.520000 3.621089e+00
7989.080000 3.621377e+00
7989.650000 3.623925e+00
7990.210000 3.626822e+00
7990.780000 3.630443e+00
7991.340000 3.635511e+00
7991.910000 3.642348e+00
7992.470000 3.651814e+00
7993.040000 3.662008e+00
7993.600000 3.674063e+00
7994.170000 3.687643e+00
7994.730000 3.705203e+00
7995.300000 3.718268e+00
7995.860000 3.732922e+00
7996.430000 3.747370e+00
7996.990000 3.762252e+00
7997.560000 3.770931e+00
7998.120000 3.779988e+00
7998.690000 3.786966e+00
7999.250000 3.790854e+00
7999.820000 3.791036e+00
8000.380000 3.790879e+00
8000.950000 3.788941e+00
8001.510000 3.784295e+00
8002.080000 3.780262e+00
8002.640000 3.775613e+00
8003.210000 3.770449e+00
8003.770000 3.763841e+00
8004.340000 3.760133e+00
8004.900000 3.755699e+00
8005.470000 3.751465e+00
8006.030000 3.746725e+00
8006.600000 3.745742e+00
8007.160000 3.743619e+00
8007.730000 3.742056e+00
8008.290000 3.740262e+00
8008.860000 3.742201e+00
8009.420000 3.742200e+00
8009.990000 3.742899e+00
8010.550000 3.743339e+00
8011.120000 3.746384e+00
8011.680000 3.746963e+00
8012.250000 3.748076e+00
8012.810000 3.748710e+00
8013.380000 3.750238e+00
8013.940000 3.749989e+00
8014.510000 3.749859e+00
8015.070000 3.749278e+00
8015.640000 3.748181e+00
8016.200000 3.746715e+00
8016.770000 3.744898e+00
8017.330000 3.742684e+00
8017.900000 3.738765e+00
8018.460000 3.735886e+00
8019.030000 3.732130e+00
8019.590000 3.728088e+00
8020.160000 3.721729e+00
8020.720000 3.717739e+00
8021.290000 3.712705e+00
8021.850000 3.707855e+00
8022.420000 3.701849e+00
8022.980000 3.698878e+00
8023.550000 3.695416e+00
8024.110000 3.692831e+00
8024.680000 3.690890e+00
8025.240000 3.691018e+00
8025.810000 3.691321e+00
8026.370000 3.692362e+00
8026.940000 3.694882e+00
8027.500000 3.697448e+00
8028.070000 3.700690e+00
8028.630000 3.704034e+00
8029.200000 3.709357e+00
8029.760000 3.713091e+00
8030.330000 3.717806e+00
8030.890000 3.721930e+00
8031.460000 3.728146e+00
8032.020000 3.731829e+00
8032.590000 3.736271e+00
8033.150000 3.740678e+00
8033.720000 3.744901e+00
8034.280000 3.746450e+00
8034.850000 3.747759e+00
8035.410000 3.745088e+00
8035.980000 3.741620e+00
8036.540000 3.737669e+00
8037.110000 3.731921e+00
8037.670000 3.719604e+00
8038.240000 3.710628e+00
8038.800000 3.701000e+00
8039.370000 3.689127e+00
8039.930000 3.672099e+00
8040.500000 3.662109e+00
8041.060000 3.651663e+00
8041.630000 3.639860e+00
8042.190000 3.627738e+00
8042.760000 3.622799e+00
8043.320000 3.617878e+00
8043.890000 3.613493e+00
8044.450000 3.613439e+00
8045.020000 3.616429e+00
8045.580000 3.619772e+00
8046.150000 3.624462e+00
8046.710000 3.633014e+00
8047.270000 3.639202e+00
8047.840000 3.645650e+00
8048.400000 3.652928e+00
8048.970000 3.661358e+00
8049.530000 3.665881e+00
8050.100000 3.670469e+00
8050.660000 3.675384e+00
8051.230000 3.680337e+00
8051.790000 3.682746e+00
8052.360000 3.685163e+00
8052.920000 3.687879e+00
8053.490000 3.691079e+00
8054.050000 3.693071e+00
8054.620000 3.695157e+00
8055.180000 3.697596e+00
8055.750000 3.700743e+00
8056.310000 3.702821e+00
8056.880000 3.704908e+00
8057.440000 3.707210e+00
8058.010000 3.709578e+00
8058.570000 3.710875e+00
8059.140000 3.712155e+00
8059.700000 3.713481e+00
8060.270000 3.714677e+00
8060.830000 3.715388e+00
8061.400000 3.716026e+00
8061.960000 3.716598e+00
8062.530000 3.716536e+00
8063.090000 3.716381e+00
8063.660000 3.716152e+00
8064.220000 3.715633e+00
8064.790000 3.714228e+00
8065.350000 3.712786e+00
8065.920000 3.711212e+00
8066.480000 3.709013e+00
8067.050000 3.705926e+00
8067.610000 3.702382e+00
8068.180000 3.699322e+00
8068.740000 3.695411e+00
8069.310000 3.690920e+00
8069.870000 3.685187e+00
8070.440000 3.680833e+00
8071.000000 3.675321e+00
8071.570000 3.669087e+00
8072.130000 3.660600e+00
8072.700000 3.654531e+00
8073.260000 3.647048e+00
8073.830000 3.638984e+00
8074.390000 3.628862e+00
8074.960000 3.622308e+00
8075.520000 3.614452e+00
8076.090000 3.606631e+00
8076.650000 3.598153e+00
8077.220000 3.593386e+00
8077.780000 3.588075e+00
8078.350000 3.583922e+00
8078.910000 3.580629e+00
8079.480000 3.580012e+00
8080.040000 3.579750e+00
8080.610000 3.581406e+00
8081.170000 3.584374e+00
8081.740000 3.588223e+00
8082.300000 3.593047e+00
8082.870000 3.599820e+00
8083.430000 3.608243e+00
8084.000000 3.615751e+00
8084.560000 3.624376e+00
8085.130000 3.634108e+00
8085.690000 3.644819e+00
8086.260000 3.652616e+00
8086.820000 3.661082e+00
8087.390000 3.669250e+00
8087.950000 3.676594e+00
8088.520000 3.680686e+00
8089.080000 3.684601e+00
8089.650000 3.686865e+00
8090.210000 3.686897e+00
8090.780000 3.685221e+00
8091.340000 3.682746e+00
8091.910000 3.678506e+00
8092.470000 3.674227e+00
8093.040000 3.670716e+00
8093.600000 3.666914e+00
8094.170000 3.663119e+00
8094.730000 3.662865e+00
8095.300000 3.663099e+00
8095.860000 3.663916e+00
8096.430000 3.666095e+00
8096.990000 3.671932e+00
8097.560000 3.676171e+00
8098.120000 3.681333e+00
8098.690000 3.688114e+00
8099.250000 3.695649e+00
8099.820000 3.700684e+00
8100.380000 3.706219e+00
8100.950000 3.712273e+00
8101.510000 3.715863e+00
8102.080000 3.718277e+00
8102.640000 3.720655e+00
8103.210000 3.723070e+00
8103.770000 3.723274e+00
8104.340000 3.724533e+00
8104.900000 3.725754e+00
8105.470000 3.727351e+00
8106.030000 3.728177e+00
8106.600000 3.730341e+00
8107.160000 3.732581e+00
8107.730000 3.735565e+00
8108.290000 3.738994e+00
8108.860000 3.742970e+00
8109.420000 3.747164e+00
8109.990000 3.752527e+00
8110.550000 3.759609e+00
8111.120000 3.765882e+00
8111.680000 3.772628e+00
8112.250000 3.781281e+00
8112.810000 3.792701e+00
8113.380000 3.801869e+00
8113.940000 3.811738e+00
8114.510000 3.824111e+00
8115.070000 3.839310e+00
8115.640000 3.850841e+00
8116.200000 3.862988e+00
8116.770000 3.877556e+00
8117.330000 3.894585e+00
8117.900000 3.906894e+00
8118.460000 3.919452e+00
8119.020000 3.933629e+00
8119.590000 3.948274e+00
8120.150000 3.957496e+00
8120.720000 3.966532e+00
8121.280000 3.975589e+00
8121.850000 3.981509e+00
8122.410000 3.983392e+00
8122.980000 3.984008e+00
8123.540000 3.983053e+00
8124.110000 3.975494e+00
8124.670000 3.967723e+00
8125.240000 3.957405e+00
8125.800000 3.945512e+00
8126.370000 3.926412e+00
8126.930000 3.911983e+00
8127.500000 3.894974e+00
8128.060000 3.877525e+00
8128.630000 3.853544e+00
8129.190000 3.836909e+00
8129.760000 3.818543e+00
8130.320000 3.800420e+00
8130.890000 3.777808e+00
8131.450000 3.763484e+00
8132.020000 3.748397e+00
8132.580000 3.734093e+00
8133.150000 3.720989e+00
8133.710000 3.712852e+00
8134.280000 3.704664e+00
8134.840000 3.697831e+00
8135.410000 3.692856e+00
8135.970000 3.690147e+00
8136.540000 3.690209e+00
8137.100000 3.691571e+00
8137.670000 3.693826e+00
8138.230000 3.696727e+00
8138.800000 3.699353e+00
8139.360000 3.701571e+00
8139.930000 3.702945e+00
8140.490000 3.702058e+00
8141.060000 3.700039e+00
8141.620000 3.696785e+00
8142.190000 3.692342e+00
8142.750000 3.684808e+00
8143.320000 3.677652e+00
8143.880000 3.669771e+00
8144.450000 3.661184e+00
8145.010000 3.650246e+00
8145.580000 3.641511e+00
8146.140000 3.633193e+00
8146.710000 3.624824e+00
8147.270000 3.615588e+00
8147.840000 3.609584e+00
8148.400000 3.604254e+00
8148.970000 3.599446e+00
8149.530000 3.595971e+00
8150.100000 3.595245e+00
8150.660000 3.595397e+00
8151.230000 3.597100e+00
8151.790000 3.602824e+00
8152.360000 3.609531e+00
8152.920000 3.617174e+00
8153.490000 3.626371e+00
8154.050000 3.639509e+00
8154.620000 3.650457e+00
8155.180000 3.661627e+00
8155.750000 3.673525e+00
8156.310000 3.687191e+00
8156.880000 3.696520e+00
8157.440000 3.705155e+00
8158.010000 3.713373e+00
8158.570000 3.720181e+00
8159.140000 3.722447e+00
8159.700000 3.724046e+00
8160.270000 3.724424e+00
8160.830000 3.720781e+00
8161.400000 3.715600e+00
8161.960000 3.710151e+00
8162.530000 3.702474e+00
8163.090000 3.688251e+00
8163.660000 3.677043e+00
8164.220000 3.665163e+00
8164.790000 3.651138e+00
8165.350000 3.631825e+00
8165.920000 3.620545e+00
8166.480000 3.608019e+00
8167.050000 3.594724e+00
8167.610000 3.580068e+00
8168.180000 3.574485e+00
8168.740000 3.567456e+00
8169.310000 3.561294e+00
8169.870000 3.557792e+00
8170.440000 3.560643e+00
8171.000000 3.562136e+00
8171.570000 3.565132e+00
8172.130000 3.571537e+00
8172.700000 3.579217e+00
8173.260000 3.585483e+00
8173.830000 3.593109e+00
8174.390000 3.603861e+00
8174.960000 3.612383e+00
8175.520000 3.619921e+00
8176.090000 3.628620e+00
8176.650000 3.639670e+00
8177.220000 3.646561e+00
8177.780000 3.653302e+00
8178.350000 3.660687e+00
8178.910000 3.669244e+00
8179.480000 3.673813e+00
8180.040000 3.678776e+00
8180.610000 3.684009e+00
8181.170000 3.689177e+00
8181.740000 3.692023e+00
8182.300000 3.695063e+00
8182.870000 3.698112e+00
8183.430000 3.700663e+00
8184.000000 3.702302e+00
8184.560000 3.703529e+00
8185.120000 3.704669e+00
8185.690000 3.705099e+00
8186.250000 3.704828e+00
8186.820000 3.704335e+00
8187.380000 3.703314e+00
8187.950000 3.700658e+00
8188.510000 3.697559e+00
8189.080000 3.694757e+00
8189.640000 3.690964e+00
8190.210000 3.684410e+00
8190.770000 3.646047e+00
8191.340000 3.608376e+00
8191.900000 3.569155e+00
8192.470000 3.525631e+00
8193.030000 3.485349e+00
8193.600000 3.478384e+00
8194.160000 3.469821e+00
8194.730000 3.458347e+00
8195.290000 3.452176e+00
8195.860000 3.445896e+00
8196.420000 3.438652e+00
8196.990000 3.430923e+00
8197.550000 3.427808e+00
8198.120000 3.424672e+00
8198.680000 3.421295e+00
8199.250000 3.419428e+00
8199.810000 3.419838e+00
8200.380000 3.420255e+00
8200.940000 3.421243e+00
8201.510000 3.423425e+00
8202.070000 3.427481e+00
8202.640000 3.431574e+00
8203.200000 3.436963e+00
8203.770000 3.443230e+00
8204.330000 3.451777e+00
8204.900000 3.458134e+00
8205.460000 3.465759e+00
8206.030000 3.473249e+00
8206.590000 3.480414e+00
8207.160000 3.484519e+00
8207.720000 3.488471e+00
8208.290000 3.490549e+00
8208.850000 3.489055e+00
8209.420000 3.486409e+00
8209.980000 3.482449e+00
8210.550000 3.477047e+00
8211.110000 3.468996e+00
8211.680000 3.463358e+00
8212.240000 3.456609e+00
8212.810000 3.450068e+00
8213.370000 3.443865e+00
8213.940000 3.440890e+00
8214.500000 3.437906e+00
8215.070000 3.436322e+00
8215.630000 3.437546e+00
8216.200000 3.439997e+00
8216.760000 3.443253e+00
8217.330000 3.447681e+00
8217.890000 3.454541e+00
8218.460000 3.459697e+00
8219.020000 3.465805e+00
8219.590000 3.472388e+00
8220.150000 3.480795e+00
8220.720000 3.486451e+00
8221.280000 3.493030e+00
8221.850000 3.499940e+00
8222.410000 3.508442e+00
8222.980000 3.514018e+00
8223.540000 3.520401e+00
8224.110000 3.527027e+00
8224.670000 3.534897e+00
8225.240000 3.539926e+00
8225.800000 3.545559e+00
8226.370000 3.551377e+00
8226.930000 3.558177e+00
8227.500000 3.562426e+00
8228.060000 3.567220e+00
8228.630000 3.572199e+00
8229.190000 3.578219e+00
8229.760000 3.582123e+00
8230.320000 3.586485e+00
8230.890000 3.591119e+00
8231.450000 3.596912e+00
8232.020000 3.600732e+00
8232.580000 3.605041e+00
8233.150000 3.609767e+00
8233.710000 3.616294e+00
8234.280000 3.620790e+00
8234.840000 3.625919e+00
8235.410000 3.631818e+00
8235.970000 3.640451e+00
8236.540000 3.646499e+00
8237.100000 3.653327e+00
8237.670000 3.661187e+00
8238.230000 3.671843e+00
8238.800000 3.678861e+00
8239.360000 3.686544e+00
8239.930000 3.694851e+00
8240.490000 3.704202e+00
8241.060000 3.709447e+00
8241.620000 3.715005e+00
8242.190000 3.720398e+00
8242.750000 3.724410e+00
8243.320000 3.725773e+00
8243.880000 3.726893e+00
8244.450000 3.726970e+00
8245.010000 3.722067e+00
8245.580000 3.717201e+00
8246.140000 3.711389e+00
8246.710000 3.702923e+00
8247.270000 3.684850e+00
8247.840000 3.671198e+00
8248.400000 3.655983e+00
8248.970000 3.636764e+00
8249.530000 3.605939e+00
8250.100000 3.585536e+00
8250.660000 3.563479e+00
8251.230000 3.537706e+00
8251.790000 3.504830e+00
8252.360000 3.486394e+00
8252.920000 3.467035e+00
8253.490000 3.446302e+00
8254.050000 3.425849e+00
8254.620000 3.417442e+00
8255.180000 3.408791e+00
8255.750000 3.400321e+00
8256.310000 3.394479e+00
8256.880000 3.393570e+00
8257.440000 3.392740e+00
8258.000000 3.392467e+00
8258.570000 3.394519e+00
8259.130000 3.396945e+00
8259.700000 3.399497e+00
8260.260000 3.402599e+00
8260.830000 3.407266e+00
8261.390000 3.410340e+00
8261.960000 3.413541e+00
8262.520000 3.417351e+00
8263.090000 3.422609e+00
8263.650000 3.425981e+00
8264.220000 3.429420e+00
8264.780000 3.433381e+00
8265.350000 3.438085e+00
8265.910000 3.440726e+00
8266.480000 3.443375e+00
8267.040000 3.446517e+00
8267.610000 3.451607e+00
8268.170000 3.455192e+00
8268.740000 3.458814e+00
8269.300000 3.463694e+00
8269.870000 3.473320e+00
8270.430000 3.480380e+00
8271.000000 3.487479e+00
8271.560000 3.496721e+00
8272.130000 3.507003e+00
8272.690000 3.516867e+00
8273.260000 3.526713e+00
8273.820000 3.538761e+00
8274.390000 3.550586e+00
8274.950000 3.562964e+00
8275.520000 3.570524e+00
8276.080000 3.578755e+00
8276.650000 3.585081e+00
8277.210000 3.588867e+00
8277.780000 3.589774e+00
8278.340000 3.590112e+00
8278.910000 3.589044e+00
8279.470000 3.585874e+00
8280.040000 3.583271e+00
8280.600000 3.579952e+00
8281.170000 3.576433e+00
8281.730000 3.572522e+00
8282.300000 3.570388e+00
8282.860000 3.568038e+00
8283.430000 3.566257e+00
8283.990000 3.565441e+00
8284.560000 3.565784e+00
8285.120000 3.566325e+00
8285.690000 3.567436e+00
8286.250000 3.569896e+00
8286.820000 3.572130e+00
8287.380000 3.574917e+00
8287.950000 3.578333e+00
8288.510000 3.583397e+00
8289.080000 3.587288e+00
8289.640000 3.591792e+00
8290.210000 3.596513e+00
8290.770000 3.601226e+00
8291.340000 3.603909e+00
8291.900000 3.606585e+00
8292.470000 3.608263e+00
8293.030000 3.607124e+00
8293.600000 3.605105e+00
8294.160000 3.602160e+00
8294.730000 3.597595e+00
8295.290000 3.588581e+00
8295.860000 3.581704e+00
8296.420000 3.573395e+00
8296.990000 3.563849e+00
8297.550000 3.551065e+00
8298.120000 3.542994e+00
8298.680000 3.533816e+00
8299.250000 3.524348e+00
8299.810000 3.513388e+00
8300.380000 3.507381e+00
8300.940000 3.500534e+00
8301.510000 3.493427e+00
8301.540000 3.830219e+00
8302.070000 3.484768e+00
8302.640000 3.479792e+00
8303.200000 3.474064e+00
8303.470000 3.836389e+00
8303.770000 3.467809e+00
8304.330000 3.459409e+00
8304.900000 3.454307e+00
8305.410000 3.784395e+00
8305.460000 3.448424e+00
8306.030000 3.441717e+00
8306.590000 3.432121e+00
8307.160000 3.426033e+00
8307.340000 3.840262e+00
8307.720000 3.419073e+00
8308.290000 3.411022e+00
8308.850000 3.406494e+00
8309.270000 3.891459e+00
8309.420000 3.397607e+00
8311.200000 3.930373e+00
8313.140000 3.882393e+00
8315.070000 3.872094e+00
8317.000000 3.746947e+00
8318.940000 3.630413e+00
8320.880000 3.590358e+00
8322.810000 3.490076e+00
8324.750000 3.442941e+00
8326.680000 3.591369e+00
8328.620000 3.820462e+00
8330.560000 3.839196e+00
8332.500000 3.947977e+00
8334.430000 3.883424e+00
8336.370000 3.640471e+00
8338.310000 3.551919e+00
8340.250000 3.618312e+00
8342.190000 3.610837e+00
8344.130000 3.761221e+00
8346.070000 3.933973e+00
8348.010000 3.956483e+00
8349.960000 3.825372e+00
8351.900000 3.816590e+00
8353.840000 3.768269e+00
8355.780000 3.840406e+00
8357.730000 3.836971e+00
8359.670000 3.985938e+00
8361.620000 4.068416e+00
8363.560000 4.038355e+00
8365.510000 3.973089e+00
8367.450000 3.963911e+00
8369.400000 3.931324e+00
8371.350000 3.842223e+00
8373.290000 3.914776e+00
8375.240000 3.825522e+00
8377.190000 3.822655e+00
8379.140000 3.819604e+00
8381.090000 3.877905e+00
8383.040000 3.853566e+00
8384.990000 3.918316e+00
8386.940000 3.825690e+00
8388.890000 3.792571e+00
8390.840000 3.830308e+00
8392.790000 3.880863e+00
8394.750000 3.951175e+00
8396.700000 4.046921e+00
8398.650000 4.134049e+00
8400.600000 4.219768e+00
8402.560000 4.244603e+00
8404.510000 4.290593e+00
8406.470000 4.283203e+00
8408.420000 4.234683e+00
8410.380000 4.140585e+00
8412.340000 4.165159e+00
8414.290000 4.187096e+00
8416.250000 4.208392e+00
8418.210000 4.235741e+00
8420.170000 4.219144e+00
8422.120000 4.220061e+00
8424.080000 4.234020e+00
8426.040000 4.299718e+00
8428.000000 4.357074e+00
8429.960000 4.411426e+00
8431.930000 4.485836e+00
8433.890000 4.436374e+00
8435.850000 4.351758e+00
8437.810000 4.287885e+00
8439.770000 4.363279e+00
8441.740000 4.317625e+00
8443.700000 4.341678e+00
8445.670000 4.425246e+00
8447.630000 4.364872e+00
8449.590000 4.353141e+00
8451.560000 4.537437e+00
8453.530000 4.610581e+00
8455.490000 4.755764e+00
8457.460000 5.004950e+00
8459.430000 4.979675e+00
8461.400000 4.848233e+00
8463.360000 4.878575e+00
8465.330000 4.721009e+00
8467.300000 4.621420e+00
8469.270000 4.653526e+00
8471.240000 4.559889e+00
8473.210000 4.414845e+00
8475.180000 4.407228e+00
8477.150000 4.429892e+00
8479.130000 4.547453e+00
8481.100000 4.499080e+00
8483.070000 4.527539e+00
8485.040000 4.602192e+00
8487.020000 4.563138e+00
8488.990000 4.415869e+00
8490.970000 4.432038e+00
8492.940000 4.487670e+00
8494.920000 4.445163e+00
8496.890000 4.388197e+00
8498.870000 4.308385e+00
8500.850000 4.312102e+00
8502.820000 4.212608e+00
8504.800000 4.241666e+00
8506.780000 4.234616e+00
8508.760000 4.332305e+00
8510.740000 4.435723e+00
8512.720000 4.470169e+00
8514.700000 4.395075e+00
8516.680000 4.478790e+00
8518.660000 4.370825e+00
8520.640000 4.326270e+00
8522.630000 4.327697e+00
8524.610000 4.436222e+00
8526.590000 4.374182e+00
8528.570000 4.443817e+00
8530.560000 4.317257e+00
8532.540000 4.323364e+00
8534.530000 4.291360e+00
8536.510000 4.341460e+00
8538.500000 4.280616e+00
8540.480000 4.302365e+00
8542.470000 4.170826e+00
8544.460000 4.100331e+00
8546.450000 4.015694e+00
8548.430000 3.992066e+00
8550.420000 3.949213e+00
8552.410000 4.002171e+00
8554.400000 3.962080e+00
8556.390000 4.021860e+00
8558.380000 4.098139e+00
8560.370000 4.206667e+00
8562.360000 4.173938e+00
8564.350000 4.105373e+00
8566.350000 4.075162e+00
8568.340000 4.104021e+00
8570.330000 4.143235e+00
8572.330000 4.229112e+00
8574.320000 4.351420e+00
8576.320000 4.343643e+00
8578.310000 4.282456e+00
8580.310000 4.217959e+00
8582.300000 4.063266e+00
8584.300000 3.974391e+00
8586.300000 3.963084e+00
8588.290000 3.891166e+00
8590.290000 3.803416e+00
8592.290000 3.934927e+00
8594.290000 3.896415e+00
8596.290000 3.817280e+00
8598.290000 3.881727e+00
8600.290000 3.925334e+00
8602.290000 3.896988e+00
8604.290000 3.981205e+00
8606.290000 4.039122e+00
8608.290000 4.044569e+00
8610.290000 4.077633e+00
8612.300000 4.091978e+00
8614.300000 4.117400e+00
8616.300000 4.128987e+00
8618.310000 4.156789e+00
8620.310000 4.152838e+00
8622.320000 4.226973e+00
8624.320000 4.218890e+00
8626.330000 4.236187e+00
8628.340000 4.192950e+00
8630.340000 4.199571e+00
8632.350000 4.195053e+00
8634.360000 4.156767e+00
8636.370000 4.075939e+00
8638.380000 4.029054e+00
8640.390000 4.002095e+00
8642.400000 3.882209e+00
8644.410000 3.915350e+00
8646.420000 4.048358e+00
8648.430000 4.125836e+00
8650.440000 4.134159e+00
8652.450000 4.217220e+00
8654.470000 4.168808e+00
8656.480000 4.000610e+00
8658.490000 3.941690e+00
8660.510000 3.960658e+00
8662.520000 3.918153e+00
8664.540000 3.915331e+00
8666.550000 3.984339e+00
8668.570000 4.012472e+00
8670.580000 4.057110e+00
8672.600000 4.086950e+00
8674.620000 4.177983e+00
8676.640000 4.180933e+00
8678.660000 4.127843e+00
8680.670000 4.086651e+00
8682.690000 4.063717e+00
8684.710000 3.984024e+00
8686.730000 3.977147e+00
8688.750000 3.945976e+00
8690.780000 3.803850e+00
8692.800000 3.831520e+00
8694.820000 3.766354e+00
8696.840000 3.778513e+00
8698.870000 3.896007e+00
8700.890000 4.050392e+00
8702.910000 3.954059e+00
8704.940000 4.024637e+00
8706.960000 4.015387e+00
8708.990000 4.003102e+00
8711.010000 3.960183e+00
8713.040000 3.980281e+00
8715.070000 3.930981e+00
8717.090000 3.991270e+00
8719.120000 4.033117e+00
8721.150000 3.998914e+00
8723.180000 3.983136e+00
8725.210000 3.965050e+00
8727.240000 3.982291e+00
8729.270000 4.001678e+00
8731.300000 4.138789e+00
8733.330000 4.207534e+00
8735.360000 4.238797e+00
8737.390000 4.161671e+00
8739.430000 4.001636e+00
8741.460000 3.911278e+00
8743.490000 3.901193e+00
8745.530000 3.814723e+00
8747.560000 3.877773e+00
8749.590000 4.032183e+00
8751.630000 3.986793e+00
8753.670000 3.995309e+00
8755.700000 4.135807e+00
8757.740000 4.044943e+00
8759.780000 3.905248e+00
8761.810000 3.961570e+00
8763.850000 3.961598e+00
8765.890000 3.886143e+00
8767.930000 3.893044e+00
8769.970000 3.925024e+00
8772.010000 3.832729e+00
8774.050000 3.757664e+00
8776.090000 3.812412e+00
8778.130000 3.816438e+00
8780.180000 3.831749e+00
8782.220000 3.855290e+00
8784.260000 3.929827e+00
8786.300000 3.890083e+00
8788.350000 3.835561e+00
8790.390000 3.857847e+00
8792.440000 3.900941e+00
8794.480000 3.870652e+00
8796.530000 3.841107e+00
8798.570000 3.822745e+00
8800.620000 3.731790e+00
8802.670000 3.679141e+00
8804.710000 3.685081e+00
8806.760000 3.719120e+00
8808.810000 3.849970e+00
8810.860000 3.895401e+00
8812.910000 3.893239e+00
8814.960000 3.824469e+00
8817.010000 3.739952e+00
8819.060000 3.650573e+00
8821.110000 3.654847e+00
8823.170000 3.657693e+00
8825.220000 3.706121e+00
8827.270000 3.779326e+00
8829.330000 3.828901e+00
8831.380000 3.798745e+00
8833.430000 3.866890e+00
8835.490000 3.918452e+00
8837.540000 3.927459e+00
8839.600000 3.894373e+00
8841.660000 3.897096e+00
8843.710000 3.866208e+00
8845.770000 3.805044e+00
8847.830000 3.809510e+00
8849.890000 3.768841e+00
8851.940000 3.841594e+00
8854.000000 3.841561e+00
8856.060000 3.869727e+00
8858.120000 3.892789e+00
8860.180000 3.935183e+00
8862.250000 3.832882e+00
8864.310000 3.843687e+00
8866.370000 3.820217e+00
8868.430000 3.765030e+00
8870.490000 3.731279e+00
8872.560000 3.646007e+00
8874.620000 3.627749e+00
8876.690000 3.595383e+00
8878.750000 3.548331e+00
8880.820000 3.579598e+00
8882.880000 3.689753e+00
8884.950000 3.707431e+00
8887.010000 3.784287e+00
8889.080000 3.892419e+00
8891.150000 3.914292e+00
8893.220000 3.958634e+00
8895.290000 3.987089e+00
8897.350000 3.946037e+00
8899.420000 3.962827e+00
8901.490000 3.991763e+00
8903.560000 4.022941e+00
8905.640000 3.994258e+00
8907.710000 3.975093e+00
8909.780000 3.871647e+00
8911.850000 3.780160e+00
8913.930000 3.708451e+00
8916.000000 3.678069e+00
8918.070000 3.685114e+00
8920.150000 3.794186e+00
8922.220000 3.789887e+00
8924.300000 3.843548e+00
8926.380000 3.898047e+00
8928.450000 3.970620e+00
8930.530000 3.939884e+00
8932.610000 3.969104e+00
8934.680000 3.964249e+00
8936.760000 3.953661e+00
8938.840000 3.929281e+00
8940.920000 3.940289e+00
8943.000000 4.010195e+00
8945.080000 3.963194e+00
8947.160000 3.942968e+00
8949.240000 3.951312e+00
8951.320000 3.910899e+00
8953.410000 3.854080e+00
8955.490000 3.920546e+00
8957.570000 3.841443e+00
8959.660000 3.715871e+00
8961.740000 3.668928e+00
8963.830000 3.701119e+00
8965.910000 3.699379e+00
8968.000000 3.569110e+00
8970.080000 3.641119e+00
8972.170000 3.542032e+00
8974.250000 3.449303e+00
8976.340000 3.393945e+00
8978.430000 3.649115e+00
8980.520000 3.766736e+00
8982.610000 3.915697e+00
8984.700000 3.953176e+00
8986.790000 3.924865e+00
8988.880000 3.884330e+00
8990.970000 3.777106e+00
8993.060000 3.740079e+00
8995.150000 3.794539e+00
8997.250000 3.915172e+00
8999.340000 3.902780e+00
9001.430000 3.922609e+00
9003.530000 3.990577e+00
9005.620000 4.046111e+00
9007.710000 3.947836e+00
9009.810000 3.932674e+00
9011.910000 3.971009e+00
9014.000000 3.938115e+00
9016.100000 3.833701e+00
9018.200000 3.769903e+00
9020.290000 3.852033e+00
9022.390000 3.882255e+00
9024.490000 3.881751e+00
9026.590000 3.932338e+00
9028.690000 3.910503e+00
9030.790000 3.841083e+00
9032.890000 3.724960e+00
9034.990000 3.739121e+00
9037.090000 3.720205e+00
9039.200000 3.834078e+00
9041.300000 3.851540e+00
9043.400000 3.980483e+00
9045.510000 4.021472e+00
9047.610000 4.021333e+00
9049.710000 4.077866e+00
9051.820000 4.158070e+00
9053.930000 4.145589e+00
9056.030000 4.225675e+00
9058.140000 4.331358e+00
9060.250000 4.334435e+00
9062.350000 4.366468e+00
9064.460000 4.456281e+00
9066.570000 4.503503e+00
9068.680000 4.643970e+00
9070.790000 4.790015e+00
9072.900000 4.735988e+00
9075.010000 4.691047e+00
9077.120000 4.550986e+00
9079.230000 4.321983e+00
9081.340000 4.195308e+00
9083.460000 4.214584e+00
9085.570000 4.131656e+00
9087.680000 4.136985e+00
9089.800000 4.173314e+00
9091.910000 4.090246e+00
9094.030000 3.999675e+00
9096.140000 4.007261e+00
9098.260000 4.031451e+00
9100.370000 4.087105e+00
9102.490000 4.129206e+00
9104.610000 4.180043e+00
9106.730000 4.200217e+00
9108.850000 4.233718e+00
9110.960000 4.100693e+00
9113.080000 4.051667e+00
9115.200000 4.073421e+00
9117.320000 4.117717e+00
9119.440000 4.090160e+00
9121.570000 4.175091e+00
9123.690000 4.206209e+00
9125.810000 4.211316e+00
9127.930000 4.182850e+00
9130.060000 4.228648e+00
9132.180000 4.259450e+00
9134.300000 4.257983e+00
9136.430000 4.202455e+00
9138.550000 4.138460e+00
9140.680000 3.953494e+00
9142.810000 3.962671e+00
9144.930000 4.012130e+00
9147.060000 4.104249e+00
9149.190000 4.209161e+00
9151.320000 4.323607e+00
9153.450000 4.208145e+00
9155.580000 4.139550e+00
9157.700000 4.082712e+00
9159.830000 3.986387e+00
9161.960000 3.833868e+00
9164.100000 3.946978e+00
9166.230000 4.008943e+00
9168.360000 4.074905e+00
9170.490000 4.177567e+00
9172.630000 4.468682e+00
9174.760000 4.534873e+00
9176.890000 4.632382e+00
9179.030000 4.673425e+00
9181.160000 4.582893e+00
9183.300000 4.483074e+00
9185.440000 4.415129e+00
9187.570000 4.401166e+00
9189.710000 4.424719e+00
9191.850000 4.527654e+00
9193.990000 4.607126e+00
9196.120000 4.632139e+00
9198.260000 4.676543e+00
9200.400000 4.668853e+00
9202.540000 4.661082e+00
9204.690000 4.592312e+00
9206.830000 4.604218e+00
9208.970000 4.593410e+00
9211.110000 4.544605e+00
9213.250000 4.555771e+00
9215.400000 4.558262e+00
9217.540000 4.433909e+00
9219.680000 4.303407e+00
9221.830000 4.186837e+00
9223.970000 4.152956e+00
9226.120000 4.177444e+00
9228.260000 4.325485e+00
9230.410000 4.419990e+00
9232.560000 4.410611e+00
9234.710000 4.410758e+00
9236.850000 4.316626e+00
9239.000000 4.312321e+00
9241.150000 4.246967e+00
9243.300000 4.295464e+00
9245.450000 4.328344e+00
9247.600000 4.408993e+00
9249.750000 4.312243e+00
9251.910000 4.335352e+00
9254.060000 4.409667e+00
9256.210000 4.362523e+00
9258.360000 4.305270e+00
9260.520000 4.296103e+00
9262.670000 4.299242e+00
9264.830000 4.307561e+00
9266.980000 4.199200e+00
9269.140000 4.246349e+00
9271.290000 4.334014e+00
9273.450000 4.374129e+00
9275.610000 4.397518e+00
9277.760000 4.499031e+00
9279.920000 4.490903e+00
9282.080000 4.411251e+00
9284.240000 4.215894e+00
9286.400000 4.061413e+00
9288.560000 3.935952e+00
9290.720000 3.785092e+00
9292.880000 3.779721e+00
9295.040000 3.825845e+00
9297.210000 3.880087e+00
9299.370000 4.008384e+00
9301.530000 4.097803e+00
9303.700000 4.002588e+00
9305.860000 4.044559e+00
9308.030000 4.039701e+00
9310.190000 4.026888e+00
9312.360000 4.018285e+00
9314.520000 4.031754e+00
9316.690000 3.939221e+00
9318.860000 3.939338e+00
9321.020000 3.874427e+00
9323.190000 3.851259e+00
9325.360000 3.834052e+00
9327.530000 3.848709e+00
9329.700000 3.753877e+00
9331.870000 3.823827e+00
9334.040000 3.924379e+00
9336.210000 4.109710e+00
9338.380000 4.198859e+00
9340.560000 4.258080e+00
9342.730000 4.195902e+00
9344.900000 4.140086e+00
9347.080000 4.061944e+00
9349.250000 4.027591e+00
9351.430000 4.003668e+00
9353.600000 3.965904e+00
9355.780000 3.990905e+00
9357.950000 4.052942e+00
9360.130000 4.108940e+00
9362.310000 4.148628e+00
9364.490000 4.213169e+00
9366.670000 4.129099e+00
9368.840000 4.066684e+00
9371.020000 4.058644e+00
9373.200000 4.097563e+00
9375.380000 4.080340e+00
9377.560000 4.103872e+00
9379.750000 4.002337e+00
9381.930000 3.927236e+00
9384.110000 3.806349e+00
9386.290000 3.762094e+00
9388.480000 3.802882e+00
9390.660000 3.904737e+00
9392.840000 3.915695e+00
9395.030000 3.957495e+00
9397.210000 3.939431e+00
9399.400000 3.940279e+00
9401.590000 3.943522e+00
9403.770000 3.977755e+00
9405.960000 4.002781e+00
9408.150000 3.983060e+00
9410.340000 3.943477e+00
9412.530000 3.929728e+00
9414.720000 3.910819e+00
9416.910000 3.920534e+00
9419.100000 3.960743e+00
9421.290000 3.972473e+00
9423.480000 4.010832e+00
9425.670000 4.016326e+00
9427.860000 4.078020e+00
9430.060000 4.128763e+00
9432.250000 4.062725e+00
9434.450000 4.020214e+00
9436.640000 4.011969e+00
9438.830000 3.907348e+00
9441.030000 3.913847e+00
9443.230000 3.996212e+00
9445.420000 3.935023e+00
9447.620000 3.953632e+00
9449.820000 4.000985e+00
9452.020000 3.981331e+00
9454.220000 3.768942e+00
9456.410000 3.781330e+00
9458.610000 3.732026e+00
9460.810000 3.685670e+00
9463.010000 3.739508e+00
9465.220000 4.014845e+00
9467.420000 4.135098e+00
9469.620000 4.190243e+00
9471.820000 4.249181e+00
9474.030000 4.183376e+00
9476.230000 4.086140e+00
9478.430000 4.016438e+00
9480.640000 4.093230e+00
9482.840000 4.124677e+00
9485.050000 4.184330e+00
9487.260000 4.312054e+00
9489.460000 4.400652e+00
9491.670000 4.434010e+00
9493.880000 4.503294e+00
9496.090000 4.526761e+00
9498.300000 4.483509e+00
9500.510000 4.469447e+00
9502.720000 4.489780e+00
9504.930000 4.562042e+00
9507.140000 4.628422e+00
9509.350000 4.689378e+00
9511.560000 4.673504e+00
9513.770000 4.599105e+00
9515.990000 4.563240e+00
9518.200000 4.533136e+00
9520.420000 4.548349e+00
9522.630000 4.630412e+00
9524.850000 4.804878e+00
9527.060000 4.967979e+00
9529.280000 5.190838e+00
9531.490000 5.307495e+00
9533.710000 5.518286e+00
9535.930000 5.549758e+00
9538.150000 5.433863e+00
9540.370000 5.328898e+00
9542.580000 5.241212e+00
9544.800000 4.982148e+00
9547.030000 4.834847e+00
9549.250000 4.753325e+00
9551.470000 4.653990e+00
9553.690000 4.650736e+00
9555.910000 4.664012e+00
9558.130000 4.667201e+00
9560.360000 4.668160e+00
9562.580000 4.663997e+00
9564.810000 4.625999e+00
9567.030000 4.522058e+00
9569.260000 4.510658e+00
9571.480000 4.490726e+00
9573.710000 4.430338e+00
9575.940000 4.443090e+00
9578.160000 4.521499e+00
9580.390000 4.457918e+00
9582.620000 4.472829e+00
9584.850000 4.479376e+00
9587.080000 4.362988e+00
9589.310000 4.302452e+00
9591.540000 4.388652e+00
9593.770000 4.373077e+00
9596.000000 4.346358e+00
9598.240000 4.332143e+00
9600.470000 4.207107e+00
9602.700000 4.149732e+00
9604.930000 4.179870e+00
9607.170000 4.216475e+00
9609.400000 4.298854e+00
9611.640000 4.498729e+00
9613.880000 4.462704e+00
9616.110000 4.414028e+00
9618.350000 4.333325e+00
9620.580000 4.248396e+00
9622.820000 4.197925e+00
9625.060000 4.220877e+00
9627.300000 4.175884e+00
9629.540000 4.173002e+00
9631.780000 4.214923e+00
9634.020000 4.220795e+00
9636.260000 4.192327e+00
9638.500000 4.222764e+00
9640.750000 4.282538e+00
9642.990000 4.266372e+00
9645.230000 4.202816e+00
9647.470000 4.235951e+00
9649.720000 4.263438e+00
9651.960000 4.206840e+00
9654.210000 4.270373e+00
9656.460000 4.346557e+00
9658.700000 4.351302e+00
9660.950000 4.338437e+00
9663.200000 4.446683e+00
9665.440000 4.388235e+00
9667.690000 4.384891e+00
9669.940000 4.371610e+00
9672.190000 4.328421e+00
9674.440000 4.245418e+00
9676.690000 4.259918e+00
9678.940000 4.346149e+00
9681.190000 4.378483e+00
9683.450000 4.422631e+00
9685.700000 4.445465e+00
9687.950000 4.445351e+00
9690.200000 4.383405e+00
9692.460000 4.287713e+00
9694.710000 4.223532e+00
9696.970000 4.187729e+00
9699.220000 4.155524e+00
9701.480000 4.099332e+00
9703.740000 4.174868e+00
9705.990000 4.226154e+00
9708.250000 4.276238e+00
9710.510000 4.306983e+00
9712.770000 4.349155e+00
9715.030000 4.300074e+00
9717.290000 4.256590e+00
9719.550000 4.184623e+00
9721.810000 4.149863e+00
9724.070000 4.054723e+00
9726.330000 4.029714e+00
9728.600000 4.006284e+00
9730.860000 4.026101e+00
9733.120000 4.013874e+00
9735.390000 4.038178e+00
9737.650000 4.026697e+00
9739.920000 4.044446e+00
9742.180000 4.010059e+00
9744.450000 4.022432e+00
9746.710000 4.046786e+00
9748.980000 4.110755e+00
9751.250000 4.076624e+00
9753.520000 4.133528e+00
9755.790000 4.057752e+00
9758.060000 4.063064e+00
9760.330000 4.024974e+00
9762.600000 4.121839e+00
9764.870000 4.156605e+00
9767.140000 4.225825e+00
9769.410000 4.238585e+00
9771.690000 4.235184e+00
9773.960000 4.192368e+00
9776.230000 4.177298e+00
9778.510000 4.199973e+00
9780.780000 4.189128e+00
9783.050000 4.211037e+00
9785.330000 4.250846e+00
9787.610000 4.241662e+00
9789.880000 4.258180e+00
9792.160000 4.315342e+00
9794.440000 4.386254e+00
9796.720000 4.373147e+00
9799.000000 4.348051e+00
9801.280000 4.257402e+00
9803.560000 4.109198e+00
9805.840000 3.986318e+00
9808.120000 3.988577e+00
9810.400000 4.008529e+00
9812.680000 4.035927e+00
9814.960000 4.095401e+00
9817.250000 4.209898e+00
9819.530000 4.251375e+00
9821.810000 4.282185e+00
9824.100000 4.358234e+00
9826.380000 4.401079e+00
9828.670000 4.356930e+00
9830.960000 4.359043e+00
9833.240000 4.229320e+00
9835.530000 4.230542e+00
9837.820000 4.218609e+00
9840.110000 4.181511e+00
9842.400000 4.121462e+00
9844.690000 4.246178e+00
9846.980000 4.228846e+00
9849.270000 4.221842e+00
9851.560000 4.219173e+00
9853.850000 4.191108e+00
9856.140000 4.162448e+00
9858.430000 4.203867e+00
9860.730000 4.251537e+00
9863.020000 4.284598e+00
9865.320000 4.247040e+00
9867.610000 4.235779e+00
9869.910000 4.226274e+00
9872.200000 4.246595e+00
9874.500000 4.301413e+00
9876.790000 4.408884e+00
9879.090000 4.418787e+00
9881.390000 4.476782e+00
9883.690000 4.456136e+00
9885.990000 4.490408e+00
9888.290000 4.527528e+00
9890.590000 4.587863e+00
9892.890000 4.573371e+00
9895.190000 4.522521e+00
9897.490000 4.417315e+00
9899.790000 4.312220e+00
9902.100000 4.280328e+00
9904.400000 4.260588e+00
9906.710000 4.302506e+00
9909.010000 4.267300e+00
9911.320000 4.240856e+00
9913.620000 4.264847e+00
9915.930000 4.239728e+00
9918.230000 4.254641e+00
9920.540000 4.306062e+00
9922.850000 4.342327e+00
9925.160000 4.308167e+00
9927.460000 4.326314e+00
9929.770000 4.327055e+00
9932.080000 4.348839e+00
9934.400000 4.375193e+00
9936.710000 4.364785e+00
9939.020000 4.377351e+00
9941.330000 4.421807e+00
9943.640000 4.460178e+00
9945.960000 4.502933e+00
9948.270000 4.540396e+00
9950.580000 4.404361e+00
9952.900000 4.337949e+00
9955.210000 4.307185e+00
9957.530000 4.294139e+00
9959.850000 4.274083e+00
9962.160000 4.477363e+00
9964.480000 4.552301e+00
9966.800000 4.590224e+00
9969.120000 4.647158e+00
9971.440000 4.653255e+00
9973.750000 4.499809e+00
9976.070000 4.473653e+00
9978.400000 4.479982e+00
9980.720000 4.478852e+00
9983.040000 4.603266e+00
9985.360000 4.745632e+00
9987.680000 4.842052e+00
9990.010000 4.898523e+00
9992.330000 4.948852e+00
9994.650000 4.996647e+00
9996.980000 5.113054e+00
9999.310000 5.181275e+00
10001.600000 5.229596e+00
10004.000000 5.274202e+00
10006.300000 5.269565e+00
10008.600000 5.168547e+00
10010.900000 5.045408e+00
10013.300000 4.972577e+00
10015.600000 4.890906e+00
10017.900000 4.921726e+00
10020.300000 4.998965e+00
10022.600000 5.174678e+00
10024.900000 5.313768e+00
10027.300000 5.356702e+00
10029.600000 5.305989e+00
10031.900000 5.277129e+00
10034.300000 5.186550e+00
10036.600000 5.111074e+00
10038.900000 5.187232e+00
10041.300000 5.263042e+00
10043.600000 5.336648e+00
10045.900000 5.338224e+00
10048.300000 5.298913e+00
10050.600000 5.306292e+00
10052.900000 5.354880e+00
10055.300000 5.411882e+00
10057.600000 5.484924e+00
10060.000000 5.546041e+00
10062.300000 5.477728e+00
10064.600000 5.410265e+00
10067.000000 5.343542e+00
10069.300000 5.267361e+00
10071.700000 5.136372e+00
10074.000000 5.093761e+00
10076.300000 5.042288e+00
10078.700000 4.972605e+00
10081.000000 4.925266e+00
10083.400000 4.983235e+00
10085.700000 4.869617e+00
10088.100000 4.890362e+00
10090.400000 4.860407e+00
10092.800000 4.859740e+00
10095.100000 4.857572e+00
10097.500000 5.013187e+00
10099.800000 5.038942e+00
10102.200000 5.122450e+00
10104.500000 5.178663e+00
10106.900000 5.273954e+00
10109.200000 5.284574e+00
10111.600000 5.217956e+00
10113.900000 5.166966e+00
10116.300000 5.179806e+00
10118.600000 5.160012e+00
10121.000000 5.047959e+00
10123.300000 4.986123e+00
10125.700000 4.832958e+00
10128.000000 4.701657e+00
10130.400000 4.648448e+00
10132.800000 4.730048e+00
10135.100000 4.787994e+00
10137.500000 4.873533e+00
10139.800000 4.769353e+00
10142.200000 4.648489e+00
10144.500000 4.543620e+00
10146.900000 4.441841e+00
10149.300000 4.409688e+00
10151.600000 4.584465e+00
10154.000000 4.622729e+00
10156.400000 4.595500e+00
10158.700000 4.556482e+00
10161.100000 4.527596e+00
10163.400000 4.450701e+00
10165.800000 4.458003e+00
10168.200000 4.488034e+00
10170.500000 4.523253e+00
10172.900000 4.577597e+00
10175.300000 4.603714e+00
10177.600000 4.628828e+00
10180.000000 4.662300e+00
10182.400000 4.704631e+00
10184.700000 4.705329e+00
10187.100000 4.672644e+00
10189.500000 4.617153e+00
10191.800000 4.650911e+00
10194.200000 4.690512e+00
10196.600000 4.641118e+00
10199.000000 4.656322e+00
10201.300000 4.679369e+00
10203.700000 4.517502e+00
10206.100000 4.434790e+00
10208.500000 4.193108e+00
10210.800000 4.107665e+00
10213.200000 4.118138e+00
10215.600000 4.227893e+00
10218.000000 4.198644e+00
10220.300000 4.434843e+00
10222.700000 4.473269e+00
10225.100000 4.239537e+00
10227.500000 4.081879e+00
10229.800000 4.090214e+00
10232.200000 4.105516e+00
10234.600000 4.178640e+00
10237.000000 4.399025e+00
10239.400000 4.573157e+00
10241.800000 4.593888e+00
10244.100000 4.595726e+00
10246.500000 4.609710e+00
10248.900000 4.650179e+00
10251.300000 4.571635e+00
10253.700000 4.523809e+00
10256.100000 4.539228e+00
10258.400000 4.496176e+00
10260.800000 4.442176e+00
10263.200000 4.448535e+00
10265.600000 4.585350e+00
10268.000000 4.626309e+00
10270.400000 4.622620e+00
10272.800000 4.634675e+00
10275.200000 4.708723e+00
10277.500000 4.538801e+00
10279.900000 4.499171e+00
10282.300000 4.449366e+00
10284.700000 4.339236e+00
10287.100000 4.275381e+00
10289.500000 4.386555e+00
10291.900000 4.371377e+00
10294.300000 4.434977e+00
10296.700000 4.491440e+00
10299.100000 4.478028e+00
10301.500000 4.474647e+00
10303.900000 4.511673e+00
10306.300000 4.546896e+00
10308.700000 4.607983e+00
10311.100000 4.613467e+00
10313.500000 4.625450e+00
10315.900000 4.620189e+00
10318.300000 4.571901e+00
10320.700000 4.578462e+00
10323.100000 4.706985e+00
10325.500000 4.641310e+00
10327.900000 4.529288e+00
10330.300000 4.459703e+00
10332.700000 4.423792e+00
10335.100000 4.258747e+00
10337.500000 4.255881e+00
10339.900000 4.312856e+00
10342.300000 4.283254e+00
10344.700000 4.287645e+00
10347.100000 4.174690e+00
10349.500000 4.156302e+00
10351.900000 4.189975e+00
10354.300000 4.306346e+00
10356.700000 4.360905e+00
10359.100000 4.585910e+00
10361.600000 4.696585e+00
10364.000000 4.757708e+00
10366.400000 4.782836e+00
10368.800000 4.781999e+00
10371.200000 4.763581e+00
10373.600000 4.720105e+00
10376.000000 4.663530e+00
10378.400000 4.645489e+00
10380.900000 4.571046e+00
10383.300000 4.534553e+00
10385.700000 4.555739e+00
10388.100000 4.549440e+00
10390.500000 4.496681e+00
10392.900000 4.543123e+00
10395.300000 4.608080e+00
10397.800000 4.614501e+00
10400.200000 4.623530e+00
10402.600000 4.633837e+00
10405.000000 4.628488e+00
10407.400000 4.565615e+00
10409.900000 4.554260e+00
10412.300000 4.549506e+00
10414.700000 4.625142e+00
10417.100000 4.459589e+00
10419.600000 4.587069e+00
10422.000000 4.683295e+00
10424.400000 4.727235e+00
10426.800000 4.674326e+00
10429.300000 4.895974e+00
10431.700000 4.852174e+00
10434.100000 4.686263e+00
10436.500000 4.613167e+00
10439.000000 4.528700e+00
10441.400000 4.450527e+00
10443.800000 4.445339e+00
10446.200000 4.517856e+00
10448.700000 4.597870e+00
10451.100000 4.730671e+00
10453.500000 4.807383e+00
10456.000000 4.755233e+00
10458.400000 4.721758e+00
10460.800000 4.672866e+00
10463.300000 4.663959e+00
10465.700000 4.691104e+00
10468.100000 4.752342e+00
10470.600000 4.847124e+00
10473.000000 4.805192e+00
10475.400000 4.839818e+00
10477.900000 4.821069e+00
10480.300000 4.800508e+00
10482.800000 4.778648e+00
10485.200000 4.884860e+00
10487.600000 4.776166e+00
10490.100000 4.780668e+00
10492.500000 4.853406e+00
10495.000000 4.937104e+00
10497.400000 4.941969e+00
10499.800000 5.074100e+00
10502.300000 5.106260e+00
10504.700000 5.130900e+00
10507.200000 5.115821e+00
10509.600000 5.143478e+00
10512.100000 5.142076e+00
10514.500000 5.157452e+00
10516.900000 5.136260e+00
10519.400000 5.107957e+00
10521.800000 5.128620e+00
10524.300000 5.105953e+00
10526.700000 5.060766e+00
10529.200000 5.042906e+00
10531.600000 4.990060e+00
10534.100000 4.923180e+00
10536.500000 4.964003e+00
10539.000000 4.986518e+00
10541.400000 4.934546e+00
10543.900000 4.961702e+00
10546.300000 4.975634e+00
10548.800000 4.942146e+00
10551.300000 4.870129e+00
10553.700000 4.875554e+00
10556.200000 4.837751e+00
10558.600000 4.855486e+00
10561.100000 4.870785e+00
10563.500000 4.833502e+00
10566.000000 4.659757e+00
10568.400000 4.661600e+00
10570.900000 4.642515e+00
10573.400000 4.579046e+00
10575.800000 4.698845e+00
10578.300000 4.899850e+00
10580.700000 4.958697e+00
10583.200000 4.934305e+00
10585.700000 4.889406e+00
10588.100000 4.786112e+00
10590.600000 4.681171e+00
10593.100000 4.603928e+00
10595.500000 4.584640e+00
10598.000000 4.639921e+00
10600.400000 4.702443e+00
10602.900000 4.777758e+00
10605.400000 4.864279e+00
10607.800000 4.947640e+00
10610.300000 4.921454e+00
10612.800000 4.927891e+00
10615.300000 5.014540e+00
10617.700000 4.979668e+00
10620.200000 4.948784e+00
10622.700000 5.013429e+00
10625.100000 5.050362e+00
10627.600000 4.949903e+00
10630.100000 4.904118e+00
10632.500000 4.932637e+00
10635.000000 4.941816e+00
10637.500000 4.932460e+00
10640.000000 5.036297e+00
10642.400000 5.160934e+00
10644.900000 5.143865e+00
10647.400000 5.149694e+00
10649.900000 5.198405e+00
10652.400000 5.113537e+00
10654.800000 5.013454e+00
10657.300000 5.049464e+00
10659.800000 5.043280e+00
10662.300000 5.064666e+00
10664.700000 5.188552e+00
10667.200000 5.321800e+00
10669.700000 5.358617e+00
10672.200000 5.325124e+00
10674.700000 5.252441e+00
10677.200000 5.194643e+00
10679.600000 5.130609e+00
10682.100000 5.100131e+00
10684.600000 4.830598e+00
10687.100000 4.842575e+00
10689.600000 4.842777e+00
10692.100000 4.840843e+00
10694.600000 4.803794e+00
10697.000000 5.093502e+00
10699.500000 5.120994e+00
10702.000000 5.127328e+00
10704.500000 5.175654e+00
10707.000000 5.241035e+00
10709.500000 5.187199e+00
10712.000000 5.066490e+00
10714.500000 5.093147e+00
10717.000000 5.091424e+00
10719.500000 5.103042e+00
10722.000000 5.197486e+00
10724.400000 5.366858e+00
10726.900000 5.404942e+00
10729.400000 5.426376e+00
10731.900000 5.489238e+00
10734.400000 5.604193e+00
10736.900000 5.713402e+00
10739.400000 5.817950e+00
10741.900000 5.806416e+00
10744.400000 5.860159e+00
10746.900000 5.885687e+00
10749.400000 5.878834e+00
10751.900000 5.862974e+00
10754.400000 6.034726e+00
10756.900000 6.114967e+00
10759.400000 6.197074e+00
10761.900000 6.287573e+00
10764.400000 6.408106e+00
10766.900000 6.472359e+00
10769.400000 6.450125e+00
10771.900000 6.375418e+00
10774.500000 6.449445e+00
10777.000000 6.476016e+00
10779.500000 6.431794e+00
10782.000000 6.548024e+00
10784.500000 6.783060e+00
10787.000000 6.844007e+00
10789.500000 6.948767e+00
10792.000000 7.143586e+00
10794.500000 7.197311e+00
10797.000000 7.254343e+00
10799.500000 7.313230e+00
10802.100000 7.307618e+00
10804.600000 7.347553e+00
10807.100000 7.399879e+00
10809.600000 7.431144e+00
10812.100000 7.622369e+00
10814.600000 7.981775e+00
10817.100000 8.250775e+00
10819.700000 8.623344e+00
10822.200000 8.987538e+00
10824.700000 9.121156e+00
10827.200000 9.162225e+00
10829.700000 9.365953e+00
10832.200000 9.441484e+00
10834.800000 9.451167e+00
10837.300000 9.420524e+00
10839.800000 9.307072e+00
10842.300000 9.004977e+00
10844.800000 8.755207e+00
10847.400000 8.535673e+00
10849.900000 8.395059e+00
10852.400000 8.322847e+00
10854.900000 8.248539e+00
10857.500000 8.183031e+00
10860.000000 8.046090e+00
10862.500000 7.952055e+00
10865.000000 7.738720e+00
10867.600000 7.641037e+00
10870.100000 7.514864e+00
10872.600000 7.497781e+00
10875.200000 7.445262e+00
10877.700000 7.530210e+00
10880.200000 7.528326e+00
10882.800000 7.492907e+00
10885.300000 7.457517e+00
10887.800000 7.504535e+00
10890.300000 7.502473e+00
10892.900000 7.463188e+00
10895.400000 7.462836e+00
10898.000000 7.449491e+00
10900.500000 7.302052e+00
10903.000000 7.257087e+00
10905.600000 7.263567e+00
10908.100000 7.163473e+00
10910.600000 7.065641e+00
10913.200000 7.048110e+00
10915.700000 6.894374e+00
10918.200000 6.777356e+00
10920.800000 6.791100e+00
10923.300000 6.760237e+00
10925.900000 6.735269e+00
10928.400000 6.762545e+00
10931.000000 6.800040e+00
10933.500000 6.838883e+00
10936.000000 6.983822e+00
10938.600000 7.077355e+00
10941.100000 7.109370e+00
10943.700000 7.080298e+00
10946.200000 7.027208e+00
10948.800000 6.963987e+00
10951.300000 6.909552e+00
10953.900000 6.854364e+00
10956.400000 6.827187e+00
10959.000000 6.819632e+00
10961.500000 6.673708e+00
10964.100000 6.631015e+00
10966.600000 6.650126e+00
10969.200000 6.598787e+00
10971.700000 6.542256e+00
10974.300000 6.555199e+00
10976.800000 6.463094e+00
10979.400000 6.320884e+00
10981.900000 6.255036e+00
10984.500000 6.202783e+00
10987.000000 6.143929e+00
10989.600000 6.112815e+00
10992.100000 6.095381e+00
10994.700000 6.038528e+00
10997.300000 5.988954e+00
10999.800000 5.975597e+00
11002.400000 5.920840e+00
11004.900000 5.910978e+00
11007.500000 5.958066e+00
11010.100000 5.982518e+00
11012.600000 5.951592e+00
11015.200000 5.923144e+00
11017.700000 5.904480e+00
11020.300000 5.867204e+00
11022.900000 5.787981e+00
11025.400000 5.719923e+00
11028.000000 5.675284e+00
11030.600000 5.614170e+00
11033.100000 5.616401e+00
11035.700000 5.592230e+00
11038.300000 5.525116e+00
11040.800000 5.493279e+00
11043.400000 5.428414e+00
11046.000000 5.291434e+00
11048.500000 5.203891e+00
11051.100000 5.248603e+00
11053.700000 5.266864e+00
11056.200000 5.330022e+00
11058.800000 5.390545e+00
11061.400000 5.464016e+00
11064.000000 5.504860e+00
11066.500000 5.496550e+00
11069.100000 5.416769e+00
11071.700000 5.390475e+00
11074.300000 5.332138e+00
11076.800000 5.244611e+00
11079.400000 5.239059e+00
11082.000000 5.279685e+00
11084.600000 5.298835e+00
11087.100000 5.380739e+00
11089.700000 5.411878e+00
11092.300000 5.399281e+00
11094.900000 5.244124e+00
11097.500000 5.208584e+00
11100.000000 5.117470e+00
11102.600000 5.081887e+00
11105.200000 5.116596e+00
11107.800000 5.236803e+00
11110.400000 5.236420e+00
11113.000000 5.300909e+00
11115.600000 5.422041e+00
11118.100000 5.426767e+00
11120.700000 5.502121e+00
11123.300000 5.539016e+00
11125.900000 5.562316e+00
11128.500000 5.478789e+00
11131.100000 5.474795e+00
11133.700000 5.443819e+00
11136.300000 5.408545e+00
11138.800000 5.393684e+00
11141.400000 5.419265e+00
11144.000000 5.412768e+00
11146.600000 5.416096e+00
11149.200000 5.453106e+00
11151.800000 5.423023e+00
11154.400000 5.414207e+00
11157.000000 5.431133e+00
11159.600000 5.431736e+00
11162.200000 5.373340e+00
11164.800000 5.374074e+00
11167.400000 5.377757e+00
11170.000000 5.281503e+00
11172.600000 5.224257e+00
11175.200000 5.198920e+00
11177.800000 5.254270e+00
11180.400000 5.279090e+00
11183.000000 5.265550e+00
11185.600000 5.363035e+00
11188.200000 5.478671e+00
11190.800000 5.429403e+00
11193.400000 5.425945e+00
11196.000000 5.605457e+00
11198.600000 5.622139e+00
11201.200000 5.540677e+00
11203.800000 5.496335e+00
11206.400000 5.418409e+00
11209.000000 5.230935e+00
11211.600000 5.180030e+00
11214.200000 5.239619e+00
11216.800000 5.277974e+00
11219.500000 5.281901e+00
11222.100000 5.355379e+00
11224.700000 5.202189e+00
11227.300000 5.112312e+00
11229.900000 5.144240e+00
11232.500000 5.230535e+00
11235.100000 5.253722e+00
11237.700000 5.371419e+00
11240.300000 5.453903e+00
11243.000000 5.445651e+00
11245.600000 5.459048e+00
11248.200000 5.507390e+00
11250.800000 5.569821e+00
11253.400000 5.576481e+00
11256.000000 5.610172e+00
11258.700000 5.499741e+00
11261.300000 5.439225e+00
11263.900000 5.485451e+00
11266.500000 5.521995e+00
11269.100000 5.521540e+00
11271.800000 5.569923e+00
11274.400000 5.647335e+00
11277.000000 5.724270e+00
11279.600000 5.759522e+00
11282.300000 5.780401e+00
11284.900000 5.860238e+00
11287.500000 5.857733e+00
11290.100000 5.744046e+00
11292.800000 5.599582e+00
11295.400000 5.519576e+00
11298.000000 5.472352e+00
11300.600000 5.453209e+00
11303.300000 5.344004e+00
11305.900000 5.440910e+00
11308.500000 5.481759e+00
11311.200000 5.462443e+00
11313.800000 5.431081e+00
11316.400000 5.515059e+00
11319.100000 5.488332e+00
11321.700000 5.478008e+00
11324.300000 5.498444e+00
11327.000000 5.619092e+00
11329.600000 5.718724e+00
11332.200000 5.698097e+00
11334.900000 5.639255e+00
11337.500000 5.541449e+00
11340.100000 5.483677e+00
11342.800000 5.408842e+00
11345.400000 5.400953e+00
11348.000000 5.478327e+00
11350.700000 5.565165e+00
11353.300000 5.464940e+00
11356.000000 5.405360e+00
11358.600000 5.235820e+00
11361.300000 5.208076e+00
11363.900000 5.205022e+00
11366.500000 5.291431e+00
11369.200000 5.352206e+00
11371.800000 5.542282e+00
11374.500000 5.517982e+00
11377.100000 5.445657e+00
11379.800000 5.360732e+00
11382.400000 5.306992e+00
11385.100000 5.305870e+00
11387.700000 5.315884e+00
11390.400000 5.320615e+00
11393.000000 5.288617e+00
11395.700000 5.221191e+00
11398.300000 5.185918e+00
11401.000000 5.112329e+00
11403.600000 5.143129e+00
11406.300000 5.219494e+00
11408.900000 5.314893e+00
11411.600000 5.214511e+00
11414.200000 5.192199e+00
11416.900000 5.131728e+00
11419.500000 5.147767e+00
11422.200000 5.108601e+00
11424.900000 5.258503e+00
11427.500000 5.338050e+00
11430.200000 5.383564e+00
11432.800000 5.289518e+00
11435.500000 5.296870e+00
11438.100000 5.268658e+00
11440.800000 5.273094e+00
11443.500000 5.232435e+00
11446.100000 5.221228e+00
11448.800000 5.134745e+00
11451.500000 5.027626e+00
11454.100000 4.980650e+00
11456.800000 5.012737e+00
11459.500000 5.090539e+00
11462.100000 5.164650e+00
11464.800000 5.305184e+00
11467.400000 5.287388e+00
11470.100000 5.247588e+00
11472.800000 5.231768e+00
11475.500000 5.245445e+00
11478.100000 5.216063e+00
11480.800000 5.363335e+00
11483.500000 5.515843e+00
11486.100000 5.628585e+00
11488.800000 5.545216e+00
11491.500000 5.430439e+00
11494.200000 5.269856e+00
11496.800000 5.106632e+00
11499.500000 4.922917e+00
11502.200000 4.662165e+00
11504.900000 4.649530e+00
11507.500000 4.579660e+00
11510.200000 4.587695e+00
11512.900000 4.575824e+00
11515.600000 4.812498e+00
11518.200000 4.825450e+00
11520.900000 4.815062e+00
11523.600000 4.748093e+00
11526.300000 4.682985e+00
11529.000000 4.708091e+00
11531.600000 4.783964e+00
11534.300000 4.883849e+00
11537.000000 4.918462e+00
11539.700000 5.004863e+00
11542.400000 5.056804e+00
11545.100000 5.137936e+00
11547.700000 5.231646e+00
11550.400000 5.347473e+00
11553.100000 5.430915e+00
11555.800000 5.398420e+00
11558.500000 5.365060e+00
11561.200000 5.337254e+00
11563.900000 5.296607e+00
11566.600000 5.221126e+00
11569.300000 5.197325e+00
11571.900000 5.113180e+00
11574.600000 5.135923e+00
11577.300000 5.137524e+00
11580.000000 5.211107e+00
11582.700000 5.384825e+00
11585.400000 5.476386e+00
11588.100000 5.502520e+00
11590.800000 5.508193e+00
11593.500000 5.499990e+00
11596.200000 5.439072e+00
11598.900000 5.402370e+00
11601.600000 5.330163e+00
11604.300000 5.252263e+00
11607.000000 5.110176e+00
11609.700000 5.190030e+00
11612.400000 5.196150e+00
11615.100000 5.143224e+00
11617.800000 5.201651e+00
11620.500000 5.341497e+00
11623.200000 5.256196e+00
11625.900000 5.211040e+00
11628.600000 5.321920e+00
11631.300000 5.438947e+00
11634.000000 5.426378e+00
11636.700000 5.434366e+00
11639.400000 5.455772e+00
11642.100000 5.349324e+00
11644.800000 5.224288e+00
11647.600000 5.195602e+00
11650.300000 5.162116e+00
11653.000000 5.090845e+00
11655.700000 5.126621e+00
11658.400000 4.950136e+00
11661.100000 4.880962e+00
11663.800000 4.829551e+00
11666.500000 4.924950e+00
11669.200000 4.974515e+00
11672.000000 5.217246e+00
11674.700000 5.341625e+00
11677.400000 5.450647e+00
11680.100000 5.413668e+00
11682.800000 5.293203e+00
11685.500000 5.298375e+00
11688.300000 5.312137e+00
11691.000000 5.289238e+00
11693.700000 5.382433e+00
11696.400000 5.473370e+00
11699.100000 5.346023e+00
11701.900000 5.341179e+00
11704.600000 5.347291e+00
11707.300000 5.241347e+00
11710.000000 5.231026e+00
11712.800000 5.249306e+00
11715.500000 5.134473e+00
11718.200000 5.113306e+00
11720.900000 5.003607e+00
11723.700000 4.979592e+00
11726.400000 5.070431e+00
11729.100000 5.139526e+00
11731.800000 5.155620e+00
11734.600000 5.339772e+00
11737.300000 5.419889e+00
11740.000000 5.484619e+00
11742.800000 5.539117e+00
11745.500000 5.516851e+00
11748.200000 5.515636e+00
11751.000000 5.484325e+00
11753.700000 5.404031e+00
11756.400000 5.401360e+00
11759.200000 5.442191e+00
11761.900000 5.346529e+00
11764.600000 5.333876e+00
11767.400000 5.409632e+00
11770.100000 5.363591e+00
11772.800000 5.350941e+00
11775.600000 5.483485e+00
11778.300000 5.493793e+00
11781.100000 5.432515e+00
11783.800000 5.468306e+00
11786.500000 5.509242e+00
11789.300000 5.503150e+00
11792.000000 5.596101e+00
11794.800000 5.649706e+00
11797.500000 5.517453e+00
11800.300000 5.325633e+00
11803.000000 5.303900e+00
11805.800000 5.288212e+00
11808.500000 5.224218e+00
11811.200000 5.328438e+00
11814.000000 5.481321e+00
11816.700000 5.494973e+00
11819.500000 5.420623e+00
11822.200000 5.248496e+00
11825.000000 5.327004e+00
11827.700000 5.353588e+00
11830.500000 5.339557e+00
11833.200000 5.397605e+00
11836.000000 5.641273e+00
11838.700000 5.553857e+00
11841.500000 5.466017e+00
11844.300000 5.444709e+00
11847.000000 5.382935e+00
11849.800000 5.366795e+00
11852.500000 5.373083e+00
11855.300000 5.419496e+00
11858.000000 5.445532e+00
11860.800000 5.444728e+00
11863.600000 5.392535e+00
11866.300000 5.496640e+00
11869.100000 5.598902e+00
11871.800000 5.546326e+00
11874.600000 5.539057e+00
11877.400000 5.615770e+00
11880.100000 5.604253e+00
11882.900000 5.557637e+00
11885.700000 5.604221e+00
11888.400000 5.545034e+00
11891.200000 5.486229e+00
11893.900000 5.486214e+00
11896.700000 5.478127e+00
11899.500000 5.361026e+00
11902.200000 5.478947e+00
11905.000000 5.526614e+00
11907.800000 5.443323e+00
11910.600000 5.471192e+00
11913.300000 5.566571e+00
11916.100000 5.560510e+00
11918.900000 5.554404e+00
11921.600000 5.551774e+00
11924.400000 5.475511e+00
11927.200000 5.550879e+00
11930.000000 5.545718e+00
11932.700000 5.514828e+00
11935.500000 5.566444e+00
11938.300000 5.557832e+00
11941.100000 5.502486e+00
11943.800000 5.487072e+00
11946.600000 5.492272e+00
11949.400000 5.420760e+00
11952.200000 5.361547e+00
11955.000000 5.328334e+00
11957.700000 5.311007e+00
11960.500000 5.331970e+00
11963.300000 5.383606e+00
11966.100000 5.483600e+00
11968.900000 5.528001e+00
11971.700000 5.548790e+00
11974.400000 5.522871e+00
11977.200000 5.507993e+00
11980.000000 5.488996e+00
11982.800000 5.394748e+00
11985.600000 5.132606e+00
11988.400000 5.173099e+00
11991.200000 5.179270e+00
11994.000000 5.118111e+00
11996.700000 5.117258e+00
11999.500000 5.343719e+00
12002.300000 5.233261e+00
12005.100000 5.232901e+00
12007.900000 5.387271e+00
12010.700000 5.498650e+00
12013.500000 5.569748e+00
12016.300000 5.661658e+00
12019.100000 5.685104e+00
12021.900000 5.610235e+00
12024.700000 5.576500e+00
12027.500000 5.496386e+00
12030.300000 5.463285e+00
12033.100000 5.517373e+00
12035.900000 5.522689e+00
12038.700000 5.537781e+00
12041.500000 5.537551e+00
12044.300000 5.493197e+00
12047.100000 5.438868e+00
12049.900000 5.448016e+00
12052.700000 5.324475e+00
12055.500000 5.340638e+00
12058.300000 5.434746e+00
12061.100000 5.378353e+00
12063.900000 5.204011e+00
12066.700000 5.210353e+00
12069.500000 5.243884e+00
12072.300000 5.318558e+00
12075.100000 5.435521e+00
12077.900000 5.599897e+00
12080.700000 5.755962e+00
12083.600000 5.696499e+00
12086.400000 5.574760e+00
12089.200000 5.328870e+00
12092.000000 5.367813e+00
12094.800000 5.384688e+00
12097.600000 5.498624e+00
12100.400000 5.511220e+00
12103.300000 5.661825e+00
12106.100000 5.679926e+00
12108.900000 5.614460e+00
12111.700000 5.508344e+00
12114.500000 5.479464e+00
12117.300000 5.498037e+00
12120.200000 5.371196e+00
12123.000000 5.337807e+00
12125.800000 5.479617e+00
12128.600000 5.597503e+00
12131.400000 5.609297e+00
12134.300000 5.710370e+00
12137.100000 5.757044e+00
12139.900000 5.758294e+00
12142.700000 5.706737e+00
12145.600000 5.770884e+00
12148.400000 5.859533e+00
12151.200000 5.974826e+00
12154.000000 5.761157e+00
12156.900000 5.784106e+00
12159.700000 5.663625e+00
12162.500000 5.494100e+00
12165.300000 5.314431e+00
12168.200000 5.505263e+00
12171.000000 5.481784e+00
12173.800000 5.568493e+00
12176.700000 5.700995e+00
12179.500000 5.844849e+00
12182.300000 5.816050e+00
12185.200000 5.708216e+00
12188.000000 5.673382e+00
12190.800000 5.603033e+00
12193.700000 5.514861e+00
12196.500000 5.525833e+00
12199.300000 5.682288e+00
12202.200000 5.754105e+00
12205.000000 5.677239e+00
12207.900000 5.665727e+00
12210.700000 5.670847e+00
12213.500000 5.655343e+00
12216.400000 5.612251e+00
12219.200000 5.688467e+00
12222.100000 5.640425e+00
12224.900000 5.638774e+00
12227.800000 5.635379e+00
12230.600000 5.648853e+00
12233.400000 5.661126e+00
12236.300000 5.698146e+00
12239.100000 5.729424e+00
12242.000000 5.709683e+00
12244.800000 5.687784e+00
12247.700000 5.631537e+00
12250.500000 5.688485e+00
12253.400000 5.670049e+00
12256.200000 5.693127e+00
12259.100000 5.766986e+00
12261.900000 5.889090e+00
12264.800000 5.845773e+00
12267.600000 5.697244e+00
12270.500000 5.708466e+00
12273.300000 5.672233e+00
12276.200000 5.636653e+00
12279.100000 5.735828e+00
12281.900000 5.930861e+00
12284.800000 5.916598e+00
12287.600000 5.938367e+00
12290.500000 5.955684e+00
12293.300000 5.957833e+00
12296.200000 5.926726e+00
12299.100000 5.911175e+00
12301.900000 5.933016e+00
12304.800000 5.892881e+00
12307.600000 5.949473e+00
12310.500000 5.929712e+00
12313.400000 5.947100e+00
12316.200000 5.880906e+00
12319.100000 5.923569e+00
12322.000000 5.861188e+00
12324.800000 5.861755e+00
12327.700000 5.855827e+00
12330.600000 5.878141e+00
12333.400000 5.818268e+00
12336.300000 5.739680e+00
12339.200000 5.677111e+00
12342.000000 5.679609e+00
12344.900000 5.698789e+00
12347.800000 5.755337e+00
12350.700000 5.811161e+00
12353.500000 5.839624e+00
12356.400000 5.804260e+00
12359.300000 5.767573e+00
12362.200000 5.794566e+00
12365.000000 5.834246e+00
12367.900000 5.913054e+00
12370.800000 6.008408e+00
12373.700000 6.036545e+00
12376.500000 5.954852e+00
12379.400000 5.836730e+00
12382.300000 5.715660e+00
12385.200000 5.635047e+00
12388.100000 5.580805e+00
12390.900000 5.643345e+00
12393.800000 5.741602e+00
12396.700000 5.852757e+00
12399.600000 5.981056e+00
12402.500000 6.078174e+00
12405.400000 6.069910e+00
12408.200000 6.064711e+00
12411.100000 6.104169e+00
12414.000000 6.138451e+00
12416.900000 6.158288e+00
12419.800000 6.214385e+00
12422.700000 6.201046e+00
12425.600000 6.012931e+00
12428.500000 5.893658e+00
12431.400000 5.892089e+00
12434.200000 5.853902e+00
12437.100000 5.891719e+00
12440.000000 6.046464e+00
12442.900000 5.955807e+00
12445.800000 6.035176e+00
12448.700000 6.043954e+00
12451.600000 5.976874e+00
12454.500000 5.944454e+00
12457.400000 6.108102e+00
12460.300000 6.077412e+00
12463.200000 6.037065e+00
12466.100000 6.148832e+00
12469.000000 6.169581e+00
12471.900000 5.938062e+00
12474.800000 5.771905e+00
12477.700000 5.632543e+00
12480.600000 5.466823e+00
12483.500000 5.509236e+00
12486.400000 5.717829e+00
12489.300000 5.854121e+00
12492.200000 6.056158e+00
12495.100000 6.203299e+00
12498.000000 6.173738e+00
12500.900000 6.128883e+00
12503.900000 6.100100e+00
12506.800000 6.117206e+00
12509.700000 6.006034e+00
12512.600000 6.061800e+00
12515.500000 6.089300e+00
12518.400000 6.092897e+00
12521.300000 6.089922e+00
12524.200000 6.233872e+00
12527.100000 6.246323e+00
12530.100000 6.235831e+00
12533.000000 6.174059e+00
12535.900000 6.165792e+00
12538.800000 6.226865e+00
12541.700000 6.227662e+00
12544.600000 6.237845e+00
12547.600000 6.252787e+00
12550.500000 6.291644e+00
12553.400000 6.205087e+00
12556.300000 6.243763e+00
12559.200000 6.348183e+00
12562.200000 6.489151e+00
12565.100000 6.511507e+00
12568.000000 6.476816e+00
12570.900000 6.470304e+00
12573.900000 6.422285e+00
12576.800000 6.234242e+00
12579.700000 6.275986e+00
12582.600000 6.414935e+00
12585.600000 6.343930e+00
12588.500000 6.277880e+00
12591.400000 6.387329e+00
12594.300000 6.297999e+00
12597.300000 6.103105e+00
12600.200000 6.134047e+00
12603.100000 6.200287e+00
12606.100000 6.306997e+00
12609.000000 6.349606e+00
12611.900000 6.493027e+00
12614.900000 6.476309e+00
12617.800000 6.451042e+00
12620.700000 6.342221e+00
12623.700000 6.347224e+00
12626.600000 6.371849e+00
12629.500000 6.458792e+00
12632.500000 6.457976e+00
12635.400000 6.358253e+00
12638.400000 6.314469e+00
12641.300000 6.317271e+00
12644.200000 6.319008e+00
12647.200000 6.409415e+00
12650.100000 6.579186e+00
12653.100000 6.678205e+00
12656.000000 6.727291e+00
12658.900000 6.683295e+00
12661.900000 6.673513e+00
12664.800000 6.640478e+00
12667.800000 6.633113e+00
12670.700000 6.628278e+00
12673.700000 6.551898e+00
12676.600000 6.365871e+00
12679.600000 6.361009e+00
12682.500000 6.367834e+00
12685.500000 6.302931e+00
12688.400000 6.420174e+00
12691.400000 6.591984e+00
12694.300000 6.602849e+00
12697.300000 6.579830e+00
12700.200000 6.613900e+00
12703.200000 6.700080e+00
12706.100000 6.768416e+00
12709.100000 6.835947e+00
12712.100000 6.779105e+00
12715.000000 6.737837e+00
12718.000000 6.637962e+00
12720.900000 6.651081e+00
12723.900000 6.715772e+00
12726.800000 6.839237e+00
12729.800000 6.983614e+00
12732.800000 7.070370e+00
12735.700000 7.103587e+00
12738.700000 7.110843e+00
12741.700000 7.181294e+00
12744.600000 7.124068e+00
12747.600000 7.074445e+00
12750.600000 7.056939e+00
12753.500000 7.022794e+00
12756.500000 7.005102e+00
12759.500000 7.168183e+00
12762.400000 7.328569e+00
12765.400000 7.473586e+00
12768.400000 7.593565e+00
12771.300000 7.710167e+00
12774.300000 7.751899e+00
12777.300000 7.891969e+00
12780.200000 7.878482e+00
12783.200000 7.942622e+00
12786.200000 7.993180e+00
12789.200000 8.075227e+00
12792.100000 8.097962e+00
12795.100000 8.293984e+00
12798.100000 8.493710e+00
12801.100000 8.670715e+00
12804.000000 8.806637e+00
12807.000000 8.876087e+00
12810.000000 8.893867e+00
12813.000000 8.910602e+00
12816.000000 8.942042e+00
12818.900000 8.910541e+00
12821.900000 8.944762e+00
12824.900000 8.988634e+00
12827.900000 8.980525e+00
12830.900000 8.888430e+00
12833.900000 8.890107e+00
12836.900000 8.856418e+00
12839.800000 8.584602e+00
12842.800000 8.502070e+00
12845.800000 8.440608e+00
12848.800000 8.303537e+00
12851.800000 8.190915e+00
12854.800000 8.285780e+00
12857.800000 8.201124e+00
12860.800000 8.060971e+00
12863.700000 7.928604e+00
12866.700000 7.780501e+00
12869.700000 7.669726e+00
12872.700000 7.590061e+00
12875.700000 7.574062e+00
12878.700000 7.657772e+00
12881.700000 7.656059e+00
12884.700000 7.611001e+00
12887.700000 7.572828e+00
12890.700000 7.538691e+00
12893.700000 7.397053e+00
12896.700000 7.375531e+00
12899.700000 7.370589e+00
12902.700000 7.282870e+00
12905.700000 7.253449e+00
12908.700000 7.255388e+00
12911.700000 7.255677e+00
12914.700000 7.297571e+00
12917.700000 7.333687e+00
12920.700000 7.385129e+00
12923.700000 7.386619e+00
12926.700000 7.353109e+00
12929.700000 7.264345e+00
12932.800000 7.240134e+00
12935.800000 7.133634e+00
12938.800000 7.152682e+00
12941.800000 7.079657e+00
12944.800000 7.104538e+00
12947.800000 6.939660e+00
12950.800000 6.932417e+00
12953.800000 6.953209e+00
12956.800000 7.027037e+00
12959.900000 6.932815e+00
12962.900000 7.069978e+00
12965.900000 7.098782e+00
12968.900000 7.084923e+00
12971.900000 7.010120e+00
12974.900000 7.000591e+00
12978.000000 6.855444e+00
12981.000000 6.787040e+00
12984.000000 6.650162e+00
12987.000000 6.671508e+00
12990.000000 6.663632e+00
12993.100000 6.783820e+00
12996.100000 6.801866e+00
12999.100000 6.758938e+00
13002.100000 6.711162e+00
13005.100000 6.710855e+00
13008.200000 6.679159e+00
13011.200000 6.597249e+00
13014.200000 6.588272e+00
13017.300000 6.570714e+00
13020.300000 6.589091e+00
13023.300000 6.569690e+00
13026.300000 6.630998e+00
13029.400000 6.734409e+00
13032.400000 6.943059e+00
13035.400000 7.043227e+00
13038.500000 7.146439e+00
13041.500000 7.203413e+00
13044.500000 7.153026e+00
13047.600000 6.971148e+00
13050.600000 6.877237e+00
13053.600000 6.780834e+00
13056.700000 6.680153e+00
13059.700000 6.689194e+00
13062.700000 6.508791e+00
13065.800000 6.526051e+00
13068.800000 6.406957e+00
13071.900000 6.402846e+00
13074.900000 6.377067e+00
13077.900000 6.516106e+00
13081.000000 6.511005e+00
13084.000000 6.604899e+00
13087.100000 6.601407e+00
13090.100000 6.711425e+00
13093.200000 6.848787e+00
13096.200000 6.857141e+00
13099.300000 6.974171e+00
13102.300000 7.049169e+00
13105.400000 6.971656e+00
13108.400000 6.889433e+00
13111.400000 6.812425e+00
13114.500000 6.771620e+00
13117.600000 6.730307e+00
13120.600000 6.664662e+00
13123.700000 6.662582e+00
13126.700000 6.779111e+00
13129.800000 6.810525e+00
13132.800000 6.816730e+00
13135.900000 6.844840e+00
13138.900000 6.589501e+00
13142.000000 6.482437e+00
13145.000000 6.449569e+00
13148.100000 6.484627e+00
13151.200000 6.458481e+00
13154.200000 6.587576e+00
13157.300000 6.747713e+00
13160.300000 6.723342e+00
13163.400000 6.683927e+00
13166.500000 6.759367e+00
13169.500000 6.909969e+00
13172.600000 6.785050e+00
13175.600000 6.766526e+00
13178.700000 6.816068e+00
13181.800000 6.800711e+00
13184.800000 6.784054e+00
13187.900000 6.818840e+00
13191.000000 6.906140e+00
13194.000000 6.882613e+00
13197.100000 6.837526e+00
13200.200000 6.769680e+00
13203.300000 6.535809e+00
13206.300000 6.363751e+00
13209.400000 6.458452e+00
13212.500000 6.576964e+00
13215.500000 6.629106e+00
13218.600000 6.746632e+00
13221.700000 6.876611e+00
13224.800000 6.779350e+00
13227.800000 6.747305e+00
13230.900000 6.792479e+00
13234.000000 6.950101e+00
13237.100000 7.021287e+00
13240.200000 7.083784e+00
13243.200000 7.156654e+00
13246.300000 7.192455e+00
13249.400000 7.220035e+00
13252.500000 7.232727e+00
13255.600000 7.330054e+00
13258.700000 7.284580e+00
13261.700000 7.232637e+00
13264.800000 7.184347e+00
13267.900000 7.090167e+00
13271.000000 6.974770e+00
13274.100000 6.901588e+00
13277.200000 6.858153e+00
13280.300000 6.839192e+00
13283.300000 6.871560e+00
13286.400000 6.775089e+00
13289.500000 6.761517e+00
13292.600000 6.432672e+00
13295.700000 6.417882e+00
13298.800000 6.374399e+00
13301.900000 6.433975e+00
13305.000000 6.511206e+00
13308.100000 6.873439e+00
13311.200000 6.775660e+00
13314.300000 6.643106e+00
13317.400000 6.563622e+00
13320.500000 6.580239e+00
13323.600000 6.587211e+00
13326.700000 6.631410e+00
13329.800000 6.796176e+00
13332.900000 6.909616e+00
13336.000000 6.922008e+00
13339.100000 6.930025e+00
13342.200000 6.934004e+00
13345.300000 6.806115e+00
13348.400000 6.774977e+00
13351.500000 6.771339e+00
13354.600000 6.854846e+00
13357.700000 6.976768e+00
13360.800000 7.150840e+00
13363.900000 7.241761e+00
13367.000000 7.145966e+00
13370.100000 7.078327e+00
13373.200000 7.066080e+00
13376.400000 7.053971e+00
13379.500000 7.013133e+00
13382.600000 7.070055e+00
13385.700000 7.029529e+00
13388.800000 6.954469e+00
13391.900000 6.872181e+00
13395.000000 6.859103e+00
13398.200000 6.952047e+00
13401.300000 7.076124e+00
13404.400000 7.180709e+00
13407.500000 7.283610e+00
13410.600000 7.293669e+00
13413.700000 7.115211e+00
13416.900000 7.025646e+00
13420.000000 6.936688e+00
13423.100000 6.861897e+00
13426.200000 6.737121e+00
13429.400000 6.758561e+00
13432.500000 6.756102e+00
13435.600000 6.673874e+00
13438.700000 6.694345e+00
13441.900000 6.865978e+00
13445.000000 6.943113e+00
13448.100000 6.879804e+00
13451.200000 6.959860e+00
13454.400000 6.953377e+00
13457.500000 6.896965e+00
13460.600000 6.854898e+00
13463.800000 6.946358e+00
13466.900000 6.990117e+00
13470.000000 7.003745e+00
13473.200000 6.961862e+00
13476.300000 6.899173e+00
13479.400000 6.825063e+00
13482.600000 6.808884e+00
13485.700000 6.770951e+00
13488.800000 6.794105e+00
13492.000000 6.812181e+00
13495.100000 6.881317e+00
13498.200000 6.882763e+00
13501.400000 6.850857e+00
13504.500000 6.895033e+00
13507.700000 6.945329e+00
13510.800000 6.917954e+00
13514.000000 6.881778e+00
13517.100000 6.878272e+00
13520.200000 6.804625e+00
13523.400000 6.842801e+00
13526.500000 6.811700e+00
13529.700000 6.868230e+00
13532.800000 6.981743e+00
13536.000000 7.120025e+00
13539.100000 7.172671e+00
13542.300000 7.209497e+00
13545.400000 7.256965e+00
13548.600000 7.310945e+00
13551.700000 7.254476e+00
13554.900000 7.191326e+00
13558.000000 7.190046e+00
13561.200000 7.115223e+00
13564.300000 6.950123e+00
13567.500000 6.915932e+00
13570.700000 6.979107e+00
13573.800000 6.992645e+00
13577.000000 6.978183e+00
13580.100000 7.076764e+00
13583.300000 7.065626e+00
13586.400000 7.013873e+00
13589.600000 7.001642e+00
13592.800000 7.017479e+00
13595.900000 6.947659e+00
13599.100000 6.889518e+00
13602.300000 6.928681e+00
13605.400000 6.991971e+00
13608.600000 6.997140e+00
13611.800000 7.019229e+00
13614.900000 7.123715e+00
13618.100000 7.056859e+00
13621.300000 6.975980e+00
13624.400000 7.067333e+00
13627.600000 7.162379e+00
13630.800000 7.166102e+00
13633.900000 7.235350e+00
13637.100000 7.276755e+00
13640.300000 7.169581e+00
13643.400000 7.149784e+00
13646.600000 7.091321e+00
13649.800000 6.993512e+00
13653.000000 6.965485e+00
13656.100000 7.012208e+00
13659.300000 6.988653e+00
13662.500000 6.927815e+00
13665.700000 6.987244e+00
13668.900000 7.042291e+00
13672.000000 7.109350e+00
13675.200000 7.189667e+00
13678.400000 7.325934e+00
13681.600000 7.326923e+00
13684.800000 7.290345e+00
13687.900000 7.250843e+00
13691.100000 7.181347e+00
13694.300000 7.214773e+00
13697.500000 7.187571e+00
13700.700000 7.309951e+00
13703.900000 7.404361e+00
13707.100000 7.444522e+00
13710.200000 7.408316e+00
13713.400000 7.509447e+00
13716.600000 7.452749e+00
13719.800000 7.338839e+00
13723.000000 7.256207e+00
13726.200000 7.157223e+00
13729.400000 7.104501e+00
13732.600000 7.109435e+00
13735.800000 7.089087e+00
13739.000000 7.128955e+00
13742.200000 7.165488e+00
13745.400000 7.204604e+00
13748.600000 7.155969e+00
13751.800000 7.107507e+00
13755.000000 7.104444e+00
13758.200000 7.131481e+00
13761.400000 7.036719e+00
13764.600000 6.994669e+00
13767.800000 6.949448e+00
13771.000000 6.955305e+00
13774.200000 6.961296e+00
13777.400000 7.051156e+00
13780.600000 7.187367e+00
13783.800000 7.404272e+00
13787.000000 7.409575e+00
13790.200000 7.594113e+00
13793.400000 7.634452e+00
13796.600000 7.586829e+00
13799.800000 7.602593e+00
13803.000000 7.674041e+00
13806.300000 7.505059e+00
13809.500000 7.455776e+00
13812.700000 7.507391e+00
13815.900000 7.498400e+00
13819.100000 7.542127e+00
13822.300000 7.609294e+00
13825.500000 7.565638e+00
13828.700000 7.554279e+00
13832.000000 7.503954e+00
13835.200000 7.442029e+00
13838.400000 7.384639e+00
13841.600000 7.400332e+00
13844.800000 7.352947e+00
13848.100000 7.125581e+00
13851.300000 6.972466e+00
13854.500000 6.956701e+00
13857.700000 6.984841e+00
13860.900000 6.967914e+00
13864.200000 7.147880e+00
13867.400000 7.229323e+00
13870.600000 7.226172e+00
13873.900000 7.189973e+00
13877.100000 7.244757e+00
13880.300000 7.185339e+00
13883.500000 7.158427e+00
13886.800000 7.193605e+00
13890.000000 7.161033e+00
13893.200000 7.010147e+00
13896.500000 7.010355e+00
13899.700000 7.058895e+00
13902.900000 7.046907e+00
13906.200000 7.069432e+00
13909.400000 7.192541e+00
13912.600000 7.317976e+00
13915.900000 7.325770e+00
13919.100000 7.272687e+00
13922.300000 7.358670e+00
13925.600000 7.363810e+00
13928.800000 7.372802e+00
13932.100000 7.309920e+00
13935.300000 7.249177e+00
13938.500000 7.240725e+00
13941.800000 7.272970e+00
13945.000000 7.193108e+00
13948.300000 7.348543e+00
13951.500000 7.531817e+00
13954.800000 7.592709e+00
13958.000000 7.512140e+00
13961.300000 7.442130e+00
13964.500000 7.318840e+00
13967.700000 7.179961e+00
13971.000000 6.930318e+00
13974.200000 6.961469e+00
13977.500000 7.075672e+00
13980.800000 7.098844e+00
13984.000000 7.116821e+00
13987.300000 7.276108e+00
13990.500000 7.175085e+00
13993.800000 6.886707e+00
13997.000000 6.695854e+00
14000.300000 6.727421e+00
14003.500000 6.784626e+00
14006.800000 6.885357e+00
14010.000000 7.123598e+00
14013.300000 7.397885e+00
14016.600000 7.528715e+00
14019.800000 7.558452e+00
14023.100000 7.641520e+00
14026.300000 7.818797e+00
14029.600000 7.820326e+00
14032.900000 7.749797e+00
14036.100000 7.640189e+00
14039.400000 7.598217e+00
14042.700000 7.558196e+00
14045.900000 7.524968e+00
14049.200000 7.508725e+00
14052.500000 7.646214e+00
14055.700000 7.582486e+00
14059.000000 7.455099e+00
14062.300000 7.381732e+00
14065.600000 7.374357e+00
14068.800000 7.357154e+00
14072.100000 7.454546e+00
14075.400000 7.548703e+00
14078.600000 7.567617e+00
14081.900000 7.610840e+00
14085.200000 7.562478e+00
14088.500000 7.571391e+00
14091.800000 7.548634e+00
14095.000000 7.612036e+00
14098.300000 7.489194e+00
14101.600000 7.446945e+00
14104.900000 7.262804e+00
14108.200000 7.285943e+00
14111.400000 7.156903e+00
14114.700000 7.246809e+00
14118.000000 7.186119e+00
14121.300000 7.209376e+00
14124.600000 7.258840e+00
14127.900000 7.412640e+00
14131.100000 7.391582e+00
14134.400000 7.422384e+00
14137.700000 7.570552e+00
14141.000000 7.502601e+00
14144.300000 7.288731e+00
14147.600000 7.151040e+00
14150.900000 7.134620e+00
14154.200000 7.099338e+00
14157.500000 7.124484e+00
14160.800000 7.322667e+00
14164.000000 7.434668e+00
14167.300000 7.511551e+00
14170.600000 7.545140e+00
14173.900000 7.516029e+00
14177.200000 7.481926e+00
14180.500000 7.522373e+00
14183.800000 7.420184e+00
14187.100000 7.404714e+00
14190.400000 7.402235e+00
14193.700000 7.386365e+00
14197.000000 7.417132e+00
14200.300000 7.497325e+00
14203.600000 7.512237e+00
14206.900000 7.520581e+00
14210.200000 7.562409e+00
14213.500000 7.557355e+00
14216.900000 7.578070e+00
14220.200000 7.519457e+00
14223.500000 7.591599e+00
14226.800000 7.628793e+00
14230.100000 7.606815e+00
14233.400000 7.702484e+00
14236.700000 7.808553e+00
14240.000000 7.785486e+00
14243.300000 7.846446e+00
14246.600000 7.908770e+00
14250.000000 7.977845e+00
14253.300000 8.053599e+00
14256.600000 8.131920e+00
14259.900000 8.105268e+00
14263.200000 8.135767e+00
14266.500000 7.952781e+00
14269.900000 7.839777e+00
14273.200000 7.819729e+00
14276.500000 7.859785e+00
14279.800000 7.829120e+00
14283.100000 7.939572e+00
14286.500000 7.979448e+00
14289.800000 7.924206e+00
14293.100000 7.854105e+00
14296.400000 7.850823e+00
14299.800000 7.841128e+00
14303.100000 7.898859e+00
14306.400000 7.921492e+00
14309.700000 7.943077e+00
14313.100000 7.930429e+00
14316.400000 7.859493e+00
14319.700000 7.701260e+00
14323.100000 7.662133e+00
14326.400000 7.600722e+00
14329.700000 7.691540e+00
14333.100000 7.753293e+00
14336.400000 7.805146e+00
14339.700000 7.829116e+00
14343.100000 7.862408e+00
14346.400000 7.845516e+00
14349.700000 7.851065e+00
14353.100000 7.881650e+00
14356.400000 7.834854e+00
14359.800000 7.798959e+00
14363.100000 7.718848e+00
14366.400000 7.586875e+00
14369.800000 7.578433e+00
14373.100000 7.714887e+00
14376.500000 7.827021e+00
14379.800000 7.826461e+00
14383.200000 7.949220e+00
14386.500000 7.949699e+00
14389.800000 7.800018e+00
14393.200000 7.720744e+00
14396.500000 7.741284e+00
14399.900000 7.504186e+00
14403.200000 7.594145e+00
14406.600000 7.621493e+00
14409.900000 7.661163e+00
14413.300000 7.744352e+00
14416.600000 7.957631e+00
14420.000000 7.850383e+00
14423.400000 7.826483e+00
14426.700000 7.761211e+00
14430.100000 7.696135e+00
14433.400000 7.723695e+00
14436.800000 7.717016e+00
14440.100000 7.733396e+00
14443.500000 7.786439e+00
14446.900000 7.862555e+00
14450.200000 7.817400e+00
14453.600000 7.860604e+00
14456.900000 7.908149e+00
14460.300000 7.916393e+00
14463.700000 7.860248e+00
14467.000000 7.979882e+00
14470.400000 8.033633e+00
14473.800000 7.995296e+00
14477.100000 7.982654e+00
14480.500000 8.024398e+00
14483.900000 7.959929e+00
14487.200000 7.836390e+00
14490.600000 7.829638e+00
14494.000000 7.813706e+00
14497.400000 7.784279e+00
14500.700000 7.789171e+00
14504.100000 7.874362e+00
14507.500000 7.890030e+00
14510.800000 7.781814e+00
14514.200000 7.738275e+00
14517.600000 7.763366e+00
14521.000000 7.788341e+00
14524.400000 7.807032e+00
14527.700000 7.950659e+00
14531.100000 8.001704e+00
14534.500000 8.016697e+00
14537.900000 7.978025e+00
14541.300000 8.002783e+00
14544.600000 8.003759e+00
14548.000000 7.958657e+00
14551.400000 7.925522e+00
14554.800000 7.961480e+00
14558.200000 8.002609e+00
14561.600000 7.998194e+00
14564.900000 7.999950e+00
14568.300000 7.959360e+00
14571.700000 7.895405e+00
14575.100000 7.890484e+00
14578.500000 7.893617e+00
14581.900000 7.759987e+00
14585.300000 7.689735e+00
14588.700000 7.682345e+00
14592.100000 7.582352e+00
14595.500000 7.499368e+00
14598.900000 7.556247e+00
14602.300000 7.602044e+00
14605.700000 7.666790e+00
14609.100000 7.766484e+00
14612.500000 7.747701e+00
14615.900000 7.791788e+00
14619.300000 7.806867e+00
14622.700000 7.783213e+00
14626.100000 7.679536e+00
14629.500000 7.755558e+00
14632.900000 7.792758e+00
14636.300000 7.881677e+00
14639.700000 7.829508e+00
14643.100000 7.837664e+00
14646.500000 7.905362e+00
14649.900000 7.985960e+00
14653.300000 7.926326e+00
14656.700000 7.939715e+00
14660.100000 8.015820e+00
14663.500000 8.004382e+00
14666.900000 7.781431e+00
14670.300000 7.857247e+00
14673.800000 7.969605e+00
14677.200000 7.925965e+00
14680.600000 7.919144e+00
14684.000000 8.123789e+00
14687.400000 8.150959e+00
14690.800000 8.071259e+00
14694.200000 8.162307e+00
14697.700000 8.237642e+00
14701.100000 8.308016e+00
14704.500000 8.210421e+00
14707.900000 8.249210e+00
14711.400000 8.226217e+00
14714.800000 8.171128e+00
14718.200000 8.113805e+00
14721.600000 8.118784e+00
14725.000000 8.073064e+00
14728.500000 7.998308e+00
14731.900000 8.026568e+00
14735.300000 8.029704e+00
14738.700000 8.138544e+00
14742.200000 8.188828e+00
14745.600000 8.158239e+00
14749.000000 8.061052e+00
14752.500000 8.072666e+00
14755.900000 7.939880e+00
14759.300000 7.985240e+00
14762.800000 8.080446e+00
14766.200000 8.131704e+00
14769.600000 8.160865e+00
14773.100000 8.207995e+00
14776.500000 8.144132e+00
14779.900000 8.023283e+00
14783.400000 7.857018e+00
14786.800000 7.786766e+00
14790.300000 7.905346e+00
14793.700000 7.852590e+00
14797.100000 7.899245e+00
14800.600000 7.906393e+00
14804.000000 7.966938e+00
14807.500000 7.834119e+00
14810.900000 7.536398e+00
14814.400000 7.556318e+00
14817.800000 7.627080e+00
14821.300000 7.592902e+00
14824.700000 7.700066e+00
14828.100000 8.068475e+00
14831.600000 8.188407e+00
14835.000000 8.420539e+00
14838.500000 8.409030e+00
14842.000000 8.304906e+00
14845.400000 8.381526e+00
14848.900000 8.205131e+00
14852.300000 8.085649e+00
14855.800000 8.190946e+00
14859.200000 8.295079e+00
14862.700000 8.282894e+00
14866.100000 8.408281e+00
14869.600000 8.191612e+00
14873.100000 7.900252e+00
14876.500000 7.863554e+00
14880.000000 7.742488e+00
14883.400000 7.684539e+00
14886.900000 7.834101e+00
14890.400000 7.926022e+00
14893.800000 7.833255e+00
14897.300000 7.755767e+00
14900.800000 7.838739e+00
14904.200000 7.776396e+00
14907.700000 7.879330e+00
14911.200000 7.946928e+00
14914.600000 8.058335e+00
14918.100000 8.138049e+00
14921.600000 8.328343e+00
14925.000000 8.377780e+00
14928.500000 8.378355e+00
14932.000000 8.368427e+00
14935.500000 7.918300e+00
14938.900000 7.987913e+00
14942.400000 8.004197e+00
14945.900000 8.134975e+00
14949.400000 8.249792e+00
14952.800000 8.640153e+00
14956.300000 8.595508e+00
14959.800000 8.589136e+00
14963.300000 8.538777e+00
14966.800000 8.592079e+00
14970.200000 8.692485e+00
14973.700000 8.567969e+00
14977.200000 8.450541e+00
14980.700000 8.435293e+00
14984.200000 8.331690e+00
14987.700000 8.106566e+00
14991.100000 8.182040e+00
14994.600000 8.260861e+00
14998.100000 8.257491e+00
15001.600000 8.284334e+00
15005.100000 8.337557e+00
15008.600000 8.307936e+00
15012.100000 8.343777e+00
15015.600000 8.366655e+00
15019.100000 8.158168e+00
15022.600000 8.294178e+00
15026.000000 8.185835e+00
15029.500000 8.069366e+00
15033.000000 7.901147e+00
15036.500000 8.070418e+00
15040.000000 8.060205e+00
15043.500000 8.244770e+00
15047.000000 8.294929e+00
15050.500000 8.246989e+00
15054.000000 8.208768e+00
15057.500000 8.149231e+00
15061.000000 8.076018e+00
15064.500000 8.143282e+00
15068.000000 8.332385e+00
15071.600000 8.444193e+00
15075.100000 8.529583e+00
15078.600000 8.549747e+00
15082.100000 8.468486e+00
15085.600000 8.471173e+00
15089.100000 8.435710e+00
15092.600000 8.351806e+00
15096.100000 8.410626e+00
15099.600000 8.594828e+00
15103.100000 8.352227e+00
15106.600000 8.335821e+00
15110.200000 8.296323e+00
15113.700000 8.273906e+00
15117.200000 8.263890e+00
15120.700000 8.471719e+00
15124.200000 8.462272e+00
15127.700000 8.558777e+00
15131.300000 8.422815e+00
15134.800000 8.381266e+00
15138.300000 8.467245e+00
15141.800000 8.464978e+00
15145.300000 8.226116e+00
15148.900000 8.347826e+00
15152.400000 8.340940e+00
15155.900000 8.386395e+00
15159.400000 8.331807e+00
15163.000000 8.521765e+00
15166.500000 8.481231e+00
15170.000000 8.359269e+00
15173.600000 8.277404e+00
15177.100000 8.465668e+00
15180.600000 8.496522e+00
15184.100000 8.605133e+00
15187.700000 8.694869e+00
15191.200000 8.735154e+00
15194.700000 8.751899e+00
15198.300000 8.632660e+00
15201.800000 8.666832e+00
15205.400000 8.778440e+00
15208.900000 8.503788e+00
15212.400000 8.445854e+00
15216.000000 8.631341e+00
15219.500000 8.414768e+00
15223.000000 8.356754e+00
15226.600000 8.673664e+00
15230.100000 8.691848e+00
15233.700000 8.495602e+00
15237.200000 8.420871e+00
15240.800000 8.392792e+00
15244.300000 8.030810e+00
15247.900000 7.963708e+00
15251.400000 7.950307e+00
15254.900000 8.017461e+00
15258.500000 7.939246e+00
15262.000000 7.988240e+00
15265.600000 7.923113e+00
15269.100000 8.002092e+00
15272.700000 7.920904e+00
15276.200000 7.809094e+00
15279.800000 8.094475e+00
15283.400000 8.183611e+00
15286.900000 8.184917e+00
15290.500000 8.463497e+00
15294.000000 8.516233e+00
15297.600000 8.491538e+00
15301.100000 8.449790e+00
15304.700000 8.423907e+00
15308.300000 8.443029e+00
15311.800000 8.626547e+00
15315.400000 8.676021e+00
15318.900000 8.702837e+00
15322.500000 8.716954e+00
15326.100000 8.542715e+00
15329.600000 8.521734e+00
15333.200000 8.092099e+00
15336.800000 8.075050e+00
15340.300000 8.196939e+00
15343.900000 8.156750e+00
15347.500000 7.919127e+00
15351.000000 7.793780e+00
15354.600000 7.788736e+00
15358.200000 7.711454e+00
15361.800000 7.895587e+00
15365.300000 8.037402e+00
15368.900000 8.535820e+00
15372.500000 8.586785e+00
15376.100000 8.502008e+00
15379.600000 8.448839e+00
15383.200000 8.549565e+00
15386.800000 8.581039e+00
15390.400000 8.729459e+00
15394.000000 9.011489e+00
15397.500000 9.115616e+00
15401.100000 9.112473e+00
15404.700000 9.065958e+00
15408.300000 8.898560e+00
15411.900000 8.690416e+00
15415.500000 8.668547e+00
15419.000000 8.695469e+00
15422.600000 8.722834e+00
15426.200000 8.759300e+00
15429.800000 8.779802e+00
15433.400000 8.568914e+00
15437.000000 8.521964e+00
15440.600000 8.544201e+00
15444.200000 8.578993e+00
15447.800000 8.691107e+00
15451.300000 8.800683e+00
15454.900000 8.858727e+00
15458.500000 8.910090e+00
15462.100000 8.670456e+00
15465.700000 8.521246e+00
15469.300000 8.381816e+00
15472.900000 8.407310e+00
15476.500000 8.344272e+00
15480.100000 8.683739e+00
15483.700000 8.932822e+00
15487.300000 9.136868e+00
15490.900000 9.072535e+00
15494.500000 9.034036e+00
15498.100000 8.902163e+00
15501.700000 8.806318e+00
15505.400000 8.791817e+00
15509.000000 8.799862e+00
15512.600000 8.834966e+00
15516.200000 9.097773e+00
15519.800000 9.161343e+00
15523.400000 8.976045e+00
15527.000000 9.050355e+00
15530.600000 9.248540e+00
15534.200000 8.857428e+00
15537.800000 8.700624e+00
15541.500000 8.939127e+00
15545.100000 8.765922e+00
15548.700000 8.482107e+00
15552.300000 8.334582e+00
15555.900000 8.311767e+00
15559.500000 8.210460e+00
15563.200000 8.136225e+00
15566.800000 8.213862e+00
15570.400000 8.348258e+00
15574.000000 8.369937e+00
15577.600000 8.472202e+00
15581.300000 8.536653e+00
15584.900000 8.389168e+00
15588.500000 8.497022e+00
15592.100000 8.465815e+00
15595.800000 8.535005e+00
15599.400000 8.341268e+00
15603.000000 8.460337e+00
15606.700000 8.561606e+00
15610.300000 8.728212e+00
15613.900000 8.607999e+00
15617.600000 8.784853e+00
15621.200000 8.707472e+00
15624.800000 8.568530e+00
15628.500000 8.398050e+00
15632.100000 8.459092e+00
15635.700000 8.605976e+00
15639.400000 8.794373e+00
15643.000000 9.092547e+00
15646.600000 9.316730e+00
15650.300000 9.364211e+00
15653.900000 9.385540e+00
15657.600000 9.313143e+00
15661.200000 9.001709e+00
15664.800000 8.879076e+00
15668.500000 8.805570e+00
15672.100000 8.771714e+00
15675.800000 8.773753e+00
15679.400000 8.937485e+00
15683.100000 8.804480e+00
15686.700000 8.863185e+00
15690.400000 8.900942e+00
15694.000000 8.692667e+00
15697.700000 8.582826e+00
15701.300000 8.641018e+00
15705.000000 8.638345e+00
15708.600000 8.590440e+00
15712.300000 8.772878e+00
15715.900000 8.873777e+00
15719.600000 9.070594e+00
15723.300000 9.070930e+00
15726.900000 9.151665e+00
15730.600000 9.030218e+00
15734.200000 8.819252e+00
15737.900000 8.606090e+00
15741.500000 8.671041e+00
15745.200000 8.702019e+00
15748.900000 8.743872e+00
15752.500000 8.833397e+00
15756.200000 8.859468e+00
15759.900000 8.762853e+00
15763.500000 8.530072e+00
15767.200000 8.736725e+00
15770.900000 8.956053e+00
15774.500000 8.994625e+00
15778.200000 8.915479e+00
15781.900000 9.040408e+00
15785.500000 9.144169e+00
15789.200000 9.035028e+00
15792.900000 9.244804e+00
15796.600000 9.344233e+00
15800.200000 9.383044e+00
15803.900000 9.214772e+00
15807.600000 9.146867e+00
15811.300000 8.764646e+00
15814.900000 8.718972e+00
15818.600000 8.626001e+00
15822.300000 8.510135e+00
15826.000000 8.548963e+00
15829.700000 8.749600e+00
15833.400000 8.780582e+00
15837.000000 8.840721e+00
15840.700000 8.907771e+00
15844.400000 8.936301e+00
15848.100000 9.028718e+00
15851.800000 8.814672e+00
15855.500000 9.023172e+00
15859.100000 9.131417e+00
15862.800000 9.163232e+00
15866.500000 9.048104e+00
15870.200000 9.233235e+00
15873.900000 9.176624e+00
15877.600000 9.162644e+00
15881.300000 9.099877e+00
15885.000000 8.983633e+00
15888.700000 9.033898e+00
15892.400000 8.929838e+00
15896.100000 8.981836e+00
15899.800000 8.961315e+00
15903.500000 8.977332e+00
15907.200000 8.920000e+00
15910.900000 8.834695e+00
15914.600000 8.787487e+00
15918.300000 8.617335e+00
15922.000000 8.605303e+00
15925.700000 8.554391e+00
15929.400000 8.616763e+00
15933.100000 8.631783e+00
15936.800000 8.794128e+00
15940.500000 8.891355e+00
15944.200000 8.986626e+00
15947.900000 8.819563e+00
15951.600000 8.764462e+00
15955.300000 8.818980e+00
15959.100000 8.759955e+00
15962.800000 8.780949e+00
15966.500000 9.053609e+00
15970.200000 9.164822e+00
15973.900000 9.293617e+00
15977.600000 9.534178e+00
15981.300000 9.486912e+00
15985.100000 9.287663e+00
15988.800000 9.155573e+00
15992.500000 9.084439e+00
15996.200000 9.036887e+00
15999.900000 9.085218e+00
16003.700000 9.227325e+00
16007.400000 9.232341e+00
16011.100000 9.220127e+00
16014.800000 9.210964e+00
16018.600000 9.204322e+00
16022.300000 9.233792e+00
16026.000000 9.201285e+00
16029.700000 9.167397e+00
16033.500000 9.069572e+00
16037.200000 9.035607e+00
16040.900000 8.781649e+00
16044.700000 8.769468e+00
16048.400000 8.814298e+00
16052.100000 8.781837e+00
16055.900000 8.798058e+00
16059.600000 8.953735e+00
16063.300000 9.004416e+00
16067.100000 9.031537e+00
16070.800000 9.012504e+00
16074.500000 9.003652e+00
16078.300000 9.091830e+00
16082.000000 9.122822e+00
16085.800000 9.096152e+00
16089.500000 9.226972e+00
16093.200000 9.409049e+00
16097.000000 9.256405e+00
16100.700000 8.716198e+00
16104.500000 8.454344e+00
16108.200000 8.403224e+00
16112.000000 8.223470e+00
16115.700000 8.474977e+00
16119.500000 9.112882e+00
16123.200000 9.184618e+00
16127.000000 9.218020e+00
16130.700000 9.251212e+00
16134.500000 9.065853e+00
16138.200000 8.965593e+00
16142.000000 9.120118e+00
16145.700000 9.180335e+00
16149.500000 9.234595e+00
16153.300000 9.207384e+00
16157.000000 9.117810e+00
16160.800000 9.081268e+00
16164.500000 8.915354e+00
16168.300000 8.958807e+00
16172.000000 9.132070e+00
16175.800000 9.309464e+00
16179.600000 9.379679e+00
16183.300000 9.569622e+00
16187.100000 9.545459e+00
16190.900000 9.500469e+00
16194.600000 9.431336e+00
16198.400000 9.407629e+00
16202.200000 9.159446e+00
16205.900000 9.072080e+00
16209.700000 8.952785e+00
16213.500000 8.943732e+00
16217.300000 9.012422e+00
16221.000000 9.197633e+00
16224.800000 9.298019e+00
16228.600000 9.372240e+00
16232.300000 9.311535e+00
16236.100000 9.405587e+00
16239.900000 9.488381e+00
16243.700000 9.444774e+00
16247.500000 9.375066e+00
16251.200000 9.386458e+00
16255.000000 9.325949e+00
16258.800000 9.267790e+00
16262.600000 9.266083e+00
16266.400000 9.348503e+00
16270.100000 9.432634e+00
16273.900000 9.277176e+00
16277.700000 9.206571e+00
16281.500000 9.224596e+00
16285.300000 9.352981e+00
16289.100000 9.445719e+00
16292.900000 9.574881e+00
16296.700000 9.627321e+00
16300.400000 9.699950e+00
16304.200000 9.666573e+00
16308.000000 9.647791e+00
16311.800000 9.660058e+00
16315.600000 9.737226e+00
16319.400000 9.783581e+00
16323.200000 9.825106e+00
16327.000000 9.830002e+00
16330.800000 9.456131e+00
16334.600000 9.382246e+00
16338.400000 9.288186e+00
16342.200000 9.185180e+00
16346.000000 9.106161e+00
16349.800000 9.482539e+00
16353.600000 9.620258e+00
16357.400000 9.638688e+00
16361.200000 9.714144e+00
16365.000000 9.827736e+00
16368.800000 9.917402e+00
16372.600000 9.879869e+00
16376.500000 9.991063e+00
16380.300000 9.955980e+00
16384.100000 9.946168e+00
16387.900000 9.878707e+00
16391.700000 9.799901e+00
16395.500000 9.666173e+00
16399.300000 9.547492e+00
16403.100000 9.542047e+00
16407.000000 9.469235e+00
16410.800000 9.550602e+00
16414.600000 9.647047e+00
16418.400000 9.810497e+00
16422.200000 9.872396e+00
16426.000000 1.001319e+01
16429.900000 1.001409e+01
16433.700000 1.001967e+01
16437.500000 1.011399e+01
16441.300000 1.015570e+01
16445.200000 1.016096e+01
16449.000000 1.018778e+01
16452.800000 1.009108e+01
16456.600000 9.943943e+00
16460.500000 9.867726e+00
16464.300000 9.828283e+00
16468.100000 9.794423e+00
16472.000000 9.783286e+00
16475.800000 9.783516e+00
16479.600000 9.683141e+00
16483.500000 9.722630e+00
16487.300000 9.810962e+00
16491.100000 9.917139e+00
16495.000000 1.000585e+01
16498.800000 1.016589e+01
16502.600000 1.024997e+01
16506.500000 1.017953e+01
16510.300000 1.016160e+01
16514.200000 1.014771e+01
16518.000000 1.004587e+01
16521.800000 9.939410e+00
16525.700000 9.952807e+00
16529.500000 9.948054e+00
16533.400000 9.930035e+00
16537.200000 9.941611e+00
16541.100000 9.955361e+00
16544.900000 9.930692e+00
16548.800000 9.975127e+00
16552.600000 1.003646e+01
16556.500000 1.002724e+01
16560.300000 1.006762e+01
16564.200000 1.007761e+01
16568.000000 1.004207e+01
16571.900000 1.002630e+01
16575.700000 1.007813e+01
16579.600000 1.002930e+01
16583.400000 1.010023e+01
16587.300000 1.010877e+01
16591.200000 1.017017e+01
16595.000000 1.023090e+01
16598.900000 1.023774e+01
16602.700000 1.018547e+01
16606.600000 1.022311e+01
16610.500000 1.019254e+01
16614.300000 1.010753e+01
16618.200000 1.012678e+01
16622.100000 1.014396e+01
16625.900000 1.009164e+01
16629.800000 1.005402e+01
16633.700000 1.011314e+01
16637.500000 1.014435e+01
16641.400000 1.016765e+01
16645.300000 1.015670e+01
16649.100000 1.018902e+01
16653.000000 1.021361e+01
16656.900000 1.017676e+01
16660.800000 9.986910e+00
16664.600000 9.942651e+00
16668.500000 9.895373e+00
16672.400000 9.833283e+00
16676.300000 9.757364e+00
16680.100000 9.915205e+00
16684.000000 1.006322e+01
16687.900000 1.015031e+01
16691.800000 1.017264e+01
16695.700000 1.022306e+01
16699.600000 1.020912e+01
16703.400000 1.015751e+01
16707.300000 1.011014e+01
16711.200000 1.007281e+01
16715.100000 1.004961e+01
16719.000000 1.008042e+01
16722.900000 1.018625e+01
16726.800000 1.026808e+01
16730.700000 1.025153e+01
16734.600000 1.038464e+01
16738.400000 1.035903e+01
16742.300000 1.024893e+01
16746.200000 1.017320e+01
16750.100000 1.019654e+01
16754.000000 1.007553e+01
16757.900000 1.013389e+01
16761.800000 1.011103e+01
16765.700000 1.010742e+01
16769.600000 1.024849e+01
16773.500000 1.031944e+01
16777.400000 1.027912e+01
16781.300000 1.038297e+01
16785.200000 1.048377e+01
16789.100000 1.044661e+01
16793.000000 1.044478e+01
16796.900000 1.050835e+01
16800.900000 1.058425e+01
16804.800000 1.037109e+01
16808.700000 1.034256e+01
16812.600000 1.035587e+01
16816.500000 1.041607e+01
16820.400000 1.031804e+01
16824.300000 1.052164e+01
16828.200000 1.061557e+01
16832.100000 1.063240e+01
16836.100000 1.052165e+01
16840.000000 1.048315e+01
16843.900000 1.047072e+01
16847.800000 1.042945e+01
16851.700000 1.042579e+01
16855.700000 1.052852e+01
16859.600000 1.053533e+01
16863.500000 1.052787e+01
16867.400000 1.050440e+01
16871.300000 1.057419e+01
16875.300000 1.055299e+01
16879.200000 1.060762e+01
16883.100000 1.047464e+01
16887.000000 1.034396e+01
16891.000000 1.030261e+01
16894.900000 1.035985e+01
16898.800000 1.030973e+01
16902.800000 1.048683e+01
16906.700000 1.068338e+01
16910.600000 1.075599e+01
16914.600000 1.077773e+01
16918.500000 1.076022e+01
16922.400000 1.072245e+01
16926.400000 1.062978e+01
16930.300000 1.050443e+01
16934.200000 1.032940e+01
16938.200000 1.030747e+01
16942.100000 1.020958e+01
16946.100000 9.966891e+00
16950.000000 9.853215e+00
16953.900000 9.890349e+00
16957.900000 9.861153e+00
16961.800000 1.001122e+01
16965.800000 1.027293e+01
16969.700000 1.023985e+01
16973.700000 9.878769e+00
16977.600000 1.006312e+01
16981.600000 9.950860e+00
16985.500000 9.845146e+00
16989.500000 1.006224e+01
16993.400000 1.040792e+01
16997.400000 1.034487e+01
17001.300000 1.042270e+01
17005.300000 1.057137e+01
17009.200000 1.054505e+01
17013.200000 1.052648e+01
17017.200000 1.052377e+01
17021.100000 1.052990e+01
17025.100000 1.049968e+01
17029.000000 1.055461e+01
17033.000000 1.059997e+01
17037.000000 1.063184e+01
17040.900000 1.060762e+01
17044.900000 1.066243e+01
17048.900000 1.064147e+01
17052.800000 1.065574e+01
17056.800000 1.057833e+01
17060.800000 1.051826e+01
17064.700000 1.048481e+01
17068.700000 1.042999e+01
17072.700000 1.035433e+01
17076.600000 1.039943e+01
17080.600000 1.048396e+01
17084.600000 1.038349e+01
17088.600000 1.043417e+01
17092.500000 1.057466e+01
17096.500000 1.060967e+01
17100.500000 1.058660e+01
17104.500000 1.077869e+01
17108.400000 1.080815e+01
17112.400000 1.076159e+01
17116.400000 1.075097e+01
17120.400000 1.073196e+01
17124.400000 1.067919e+01
17128.300000 1.067140e+01
17132.300000 1.069713e+01
17136.300000 1.073771e+01
17140.300000 1.076504e+01
17144.300000 1.070913e+01
17148.300000 1.073019e+01
17152.300000 1.077350e+01
17156.300000 1.079022e+01
17160.200000 1.083311e+01
17164.200000 1.090301e+01
17168.200000 1.090650e+01
17172.200000 1.080192e+01
17176.200000 1.078523e+01
17180.200000 1.074662e+01
17184.200000 1.077057e+01
17188.200000 1.079192e+01
17192.200000 1.091274e+01
17196.200000 1.086913e+01
17200.200000 1.085910e+01
17204.200000 1.078366e+01
17208.200000 1.078597e+01
17212.200000 1.080466e+01
17216.200000 1.082576e+01
17220.200000 1.083777e+01
17224.200000 1.089380e+01
17228.200000 1.089600e+01
17232.200000 1.083146e+01
17236.200000 1.089147e+01
17240.300000 1.095297e+01
17244.300000 1.097745e+01
17248.300000 1.094698e+01
17252.300000 1.099467e+01
17256.300000 1.082146e+01
17260.300000 1.083246e+01
17264.300000 1.083698e+01
17268.400000 1.086328e+01
17272.400000 1.080219e+01
17276.400000 1.094237e+01
17280.400000 1.096548e+01
17284.400000 1.094875e+01
17288.400000 1.080174e+01
17292.500000 1.080653e+01
17296.500000 1.079827e+01
17300.500000 1.084673e+01
17304.500000 1.080413e+01
17308.600000 1.093307e+01
17312.600000 1.101728e+01
17316.600000 1.104178e+01
17320.600000 1.096379e+01
17324.700000 1.091668e+01
17328.700000 1.086440e+01
17332.700000 1.092413e+01
17336.800000 1.098714e+01
17340.800000 1.101679e+01
17344.800000 1.108420e+01
17348.900000 1.112718e+01
17352.900000 1.108249e+01
17356.900000 1.106794e+01
17361.000000 1.109084e+01
17365.000000 1.116601e+01
17369.100000 1.125148e+01
17373.100000 1.133128e+01
17377.100000 1.135067e+01
17381.200000 1.137099e+01
17385.200000 1.129116e+01
17389.300000 1.111857e+01
17393.300000 1.096673e+01
17397.400000 1.092148e+01
17401.400000 1.094227e+01
17405.500000 1.095531e+01
17409.500000 1.098443e+01
17413.600000 1.099599e+01
17417.600000 1.096196e+01
17421.700000 1.092125e+01
17425.700000 1.094552e+01
17429.800000 1.102629e+01
17433.800000 1.110258e+01
17437.900000 1.108820e+01
17441.900000 1.088676e+01
17446.000000 1.084387e+01
17450.000000 1.090798e+01
17454.100000 1.090202e+01
17458.200000 1.097343e+01
17462.200000 1.113748e+01
17466.300000 1.118796e+01
17470.300000 1.108312e+01
17474.400000 1.101944e+01
17478.500000 1.091979e+01
17482.500000 1.088233e+01
17486.600000 1.089233e+01
17490.700000 1.100271e+01
17494.700000 1.104032e+01
17498.800000 1.105931e+01
17502.900000 1.109152e+01
17507.000000 1.102479e+01
17511.000000 1.097173e+01
17515.100000 1.091236e+01
17519.200000 1.084448e+01
17523.300000 1.079241e+01
17527.300000 1.083102e+01
17531.400000 1.082370e+01
17535.500000 1.083539e+01
17539.600000 1.086921e+01
17543.600000 1.090269e+01
17547.700000 1.097769e+01
17551.800000 1.100236e+01
17555.900000 1.103174e+01
17560.000000 1.106686e+01
17564.100000 1.109250e+01
17568.100000 1.100286e+01
17572.200000 1.092959e+01
17576.300000 1.084063e+01
17580.400000 1.078034e+01
17584.500000 1.050026e+01
17588.600000 1.049817e+01
17592.700000 1.055522e+01
17596.800000 1.071339e+01
17600.900000 1.093239e+01
17605.000000 1.117336e+01
17609.100000 1.127883e+01
17613.200000 1.126616e+01
17617.200000 1.116188e+01
17621.300000 1.114807e+01
17625.400000 1.118445e+01
17629.500000 1.110401e+01
17633.600000 1.104738e+01
17637.700000 1.105641e+01
17641.900000 1.092389e+01
17646.000000 1.096329e+01
17650.100000 1.111780e+01
17654.200000 1.128066e+01
17658.300000 1.120789e+01
17662.400000 1.124619e+01
17666.500000 1.119037e+01
17670.600000 1.101601e+01
17674.700000 1.083958e+01
17678.800000 1.092542e+01
17682.900000 1.100538e+01
17687.000000 1.118619e+01
17691.200000 1.126987e+01
17695.300000 1.146478e+01
17699.400000 1.154491e+01
17703.500000 1.161215e+01
17707.600000 1.151875e+01
17711.700000 1.152292e+01
17715.900000 1.152807e+01
17720.000000 1.154102e+01
17724.100000 1.138888e+01
17728.200000 1.143773e+01
17732.400000 1.155709e+01
17736.500000 1.153726e+01
17740.600000 1.155078e+01
17744.700000 1.170458e+01
17748.900000 1.160343e+01
17753.000000 1.143986e+01
17757.100000 1.120599e+01
17761.300000 1.098764e+01
17765.400000 1.081726e+01
17769.500000 1.077616e+01
17773.700000 1.058233e+01
17777.800000 1.065389e+01
17781.900000 1.076133e+01
17786.100000 1.077611e+01
17790.200000 1.071686e+01
17794.300000 1.087096e+01
17798.500000 1.106884e+01
17802.600000 1.114174e+01
17806.800000 1.123619e+01
17810.900000 1.133925e+01
17815.000000 1.139629e+01
17819.200000 1.122401e+01
17823.300000 1.117204e+01
17827.500000 1.090469e+01
17831.600000 1.085726e+01
17835.800000 1.083046e+01
17839.900000 1.085910e+01
17844.100000 1.089558e+01
17848.200000 1.114129e+01
17852.400000 1.125170e+01
17856.500000 1.141394e+01
17860.700000 1.151383e+01
17864.800000 1.146465e+01
17869.000000 1.140282e+01
17873.100000 1.128631e+01
17877.300000 1.102894e+01
17881.500000 1.088749e+01
17885.600000 1.085924e+01
17889.800000 1.084375e+01
17893.900000 1.095394e+01
17898.100000 1.103989e+01
17902.300000 1.117765e+01
17906.400000 1.133598e+01
17910.600000 1.140462e+01
17914.800000 1.142035e+01
17918.900000 1.144899e+01
17923.100000 1.145375e+01
17927.300000 1.144223e+01
17931.400000 1.145515e+01
17935.600000 1.144366e+01
17939.800000 1.150413e+01
17944.000000 1.146281e+01
17948.100000 1.139270e+01
17952.300000 1.126634e+01
17956.500000 1.118910e+01
17960.700000 1.109897e+01
17964.800000 1.105597e+01
17969.000000 1.110609e+01
17973.200000 1.124277e+01
17977.400000 1.126741e+01
17981.600000 1.140630e+01
17985.700000 1.147278e+01
17989.900000 1.149640e+01
17994.100000 1.155758e+01
17998.300000 1.158884e+01
18002.500000 1.143420e+01
18006.700000 1.145511e+01
18010.900000 1.142849e+01
18015.000000 1.148082e+01
18019.200000 1.146221e+01
18023.400000 1.157661e+01
18027.600000 1.160619e+01
18031.800000 1.180368e+01
18036.000000 1.174874e+01
18040.200000 1.174476e+01
18044.400000 1.173226e+01
18048.600000 1.170162e+01
18052.800000 1.149432e+01
18057.000000 1.145218e+01
18061.200000 1.154086e+01
18065.400000 1.151917e+01
18069.600000 1.151491e+01
18073.800000 1.155974e+01
18078.000000 1.158757e+01
18082.200000 1.163879e+01
18086.400000 1.175978e+01
18090.600000 1.188717e+01
18094.800000 1.194362e+01
18099.100000 1.203046e+01
18103.300000 1.203687e+01
18107.500000 1.195798e+01
18111.700000 1.190911e+01
18115.900000 1.182072e+01
18120.100000 1.170411e+01
18124.300000 1.159683e+01
18128.500000 1.164921e+01
18132.800000 1.164515e+01
18137.000000 1.168111e+01
18141.200000 1.167486e+01
18145.400000 1.172670e+01
18149.600000 1.177509e+01
18153.900000 1.174666e+01
18158.100000 1.167676e+01
18162.300000 1.172661e+01
18166.500000 1.176952e+01
18170.800000 1.175696e+01
18175.000000 1.180061e+01
18179.200000 1.195386e+01
18183.400000 1.208377e+01
18187.700000 1.198947e+01
18191.900000 1.200746e+01
18196.100000 1.190549e+01
18200.400000 1.177214e+01
18204.600000 1.168317e+01
18208.800000 1.189552e+01
18213.100000 1.192552e+01
18217.300000 1.205514e+01
18221.500000 1.217708e+01
18225.800000 1.212513e+01
18230.000000 1.193541e+01
18234.300000 1.173647e+01
18238.500000 1.147496e+01
18242.700000 1.132761e+01
18247.000000 1.117529e+01
18251.200000 1.114423e+01
18255.500000 1.127827e+01
18259.700000 1.145969e+01
18264.000000 1.153186e+01
18268.200000 1.166883e+01
18272.500000 1.175633e+01
18276.700000 1.169532e+01
18281.000000 1.163249e+01
18285.200000 1.165019e+01
18289.500000 1.166814e+01
18293.700000 1.154975e+01
18298.000000 1.150733e+01
18302.200000 1.154027e+01
18306.500000 1.154110e+01
18310.800000 1.140882e+01
18315.000000 1.142955e+01
18319.300000 1.145827e+01
18323.500000 1.146374e+01
18327.800000 1.141844e+01
18332.100000 1.159913e+01
18336.300000 1.174980e+01
18340.600000 1.180581e+01
18344.900000 1.193018e+01
18349.100000 1.213643e+01
18353.400000 1.215496e+01
18357.700000 1.209124e+01
18361.900000 1.208517e+01
18366.200000 1.207955e+01
18370.500000 1.196054e+01
18374.800000 1.184927e+01
18379.000000 1.175641e+01
18383.300000 1.168699e+01
18387.600000 1.133962e+01
18391.900000 1.116112e+01
18396.100000 1.110208e+01
18400.400000 1.132246e+01
18404.700000 1.143453e+01
18409.000000 1.186016e+01
18413.300000 1.215020e+01
18417.500000 1.225727e+01
18421.800000 1.221744e+01
18426.100000 1.216165e+01
18430.400000 1.198702e+01
18434.700000 1.189893e+01
18439.000000 1.191891e+01
18443.300000 1.194655e+01
18447.600000 1.199126e+01
18451.800000 1.208314e+01
18456.100000 1.205272e+01
18460.400000 1.199099e+01
18464.700000 1.181583e+01
18469.000000 1.171540e+01
18473.300000 1.176298e+01
18477.600000 1.185173e+01
18481.900000 1.202915e+01
18486.200000 1.225639e+01
18490.500000 1.256474e+01
18494.800000 1.272205e+01
18499.100000 1.290781e+01
18503.400000 1.302833e+01
18507.700000 1.303268e+01
18512.000000 1.295523e+01
18516.300000 1.288101e+01
18520.600000 1.270356e+01
18524.900000 1.260451e+01
18529.300000 1.262983e+01
18533.600000 1.263822e+01
18537.900000 1.270703e+01
18542.200000 1.281998e+01
18546.500000 1.288043e+01
18550.800000 1.283968e+01
18555.100000 1.279531e+01
18559.500000 1.273173e+01
18563.800000 1.274770e+01
18568.100000 1.278061e+01
18572.400000 1.285642e+01
18576.700000 1.299802e+01
18581.000000 1.300408e+01
18585.400000 1.291633e+01
18589.700000 1.294866e+01
18594.000000 1.309086e+01
18598.300000 1.308787e+01
18602.700000 1.275618e+01
18607.000000 1.297432e+01
18611.300000 1.310069e+01
18615.700000 1.324750e+01
18620.000000 1.339700e+01
18624.300000 1.390659e+01
18628.600000 1.397546e+01
18633.000000 1.387943e+01
18637.300000 1.361730e+01
18641.700000 1.347273e+01
18646.000000 1.339198e+01
18650.300000 1.330709e+01
18654.700000 1.328408e+01
18659.000000 1.350469e+01
18663.300000 1.376468e+01
18667.700000 1.390739e+01
18672.000000 1.404221e+01
18676.400000 1.443168e+01
18680.700000 1.461298e+01
18685.100000 1.475851e+01
18689.400000 1.512197e+01
18693.800000 1.535739e+01
18698.100000 1.531288e+01
18702.500000 1.544194e+01
18706.800000 1.546425e+01
18711.200000 1.540617e+01
18715.500000 1.542124e+01
18719.900000 1.563814e+01
18724.200000 1.559330e+01
18728.600000 1.575375e+01
18732.900000 1.590225e+01
18737.300000 1.608609e+01
18741.600000 1.638005e+01
18746.000000 1.678795e+01
18750.400000 1.709538e+01
18754.700000 1.726917e+01
18759.100000 1.761811e+01
18763.500000 1.764304e+01
18767.800000 1.755478e+01
18772.200000 1.722351e+01
18776.600000 1.693939e+01
18780.900000 1.645549e+01
18785.300000 1.612095e+01
18789.700000 1.570016e+01
18794.000000 1.539045e+01
18798.400000 1.513122e+01
18802.800000 1.496271e+01
18807.100000 1.477022e+01
18811.500000 1.486985e+01
18815.900000 1.490088e+01
18820.300000 1.508653e+01
18824.700000 1.507228e+01
18829.000000 1.501720e+01
18833.400000 1.493806e+01
18837.800000 1.495543e+01
18842.200000 1.473026e+01
18846.600000 1.457503e+01
18850.900000 1.447207e+01
18855.300000 1.426879e+01
18859.700000 1.421090e+01
18864.100000 1.415686e+01
18868.500000 1.389757e+01
18872.900000 1.369126e+01
18877.300000 1.345301e+01
18881.700000 1.327443e+01
18886.100000 1.322259e+01
18890.400000 1.342421e+01
18894.800000 1.357250e+01
18899.200000 1.375087e+01
18903.600000 1.367925e+01
18908.000000 1.369457e+01
18912.400000 1.354322e+01
18916.800000 1.335132e+01
18921.200000 1.320066e+01
18925.600000 1.324023e+01
18930.000000 1.323342e+01
18934.400000 1.331613e+01
18938.800000 1.331010e+01
18943.200000 1.333276e+01
18947.700000 1.331562e+01
18952.100000 1.308165e+01
18956.500000 1.305513e+01
18960.900000 1.313957e+01
18965.300000 1.316527e+01
18969.700000 1.320718e+01
18974.100000 1.343254e+01
18978.500000 1.349903e+01
18982.900000 1.360030e+01
18987.400000 1.363199e+01
18991.800000 1.358991e+01
18996.200000 1.350791e+01
19000.600000 1.341851e+01
19005.000000 1.328137e+01
19009.400000 1.321208e+01
19013.900000 1.321110e+01
19018.300000 1.321805e+01
19022.700000 1.328432e+01
19027.100000 1.331024e+01
19031.600000 1.331995e+01
19036.000000 1.314710e+01
19040.400000 1.298671e+01
19044.900000 1.292810e+01
19049.300000 1.296368e+01
19053.700000 1.287775e+01
19058.100000 1.293800e+01
19062.600000 1.297072e+01
19067.000000 1.288971e+01
19071.400000 1.275692e+01
19075.900000 1.273128e+01
19080.300000 1.260872e+01
19084.800000 1.275844e+01
19089.200000 1.283701e+01
19093.600000 1.294129e+01
19098.100000 1.308393e+01
19102.500000 1.330429e+01
19107.000000 1.319683e+01
19111.400000 1.318125e+01
19115.900000 1.310500e+01
19120.300000 1.303735e+01
19124.800000 1.296652e+01
19129.200000 1.288943e+01
19133.700000 1.281331e+01
19138.100000 1.275573e+01
19142.600000 1.283120e+01
19147.000000 1.292714e+01
19151.500000 1.312177e+01
19155.900000 1.323014e+01
19160.400000 1.310499e+01
19164.800000 1.315647e+01
19169.300000 1.317351e+01
19173.800000 1.286604e+01
19178.200000 1.292817e+01
19182.700000 1.321020e+01
19187.100000 1.323529e+01
19191.600000 1.315168e+01
19196.100000 1.321676e+01
19200.500000 1.311159e+01
19205.000000 1.320514e+01
19209.500000 1.306364e+01
19213.900000 1.318925e+01
19218.400000 1.341461e+01
19222.900000 1.346237e+01
19227.300000 1.334213e+01
19231.800000 1.349126e+01
19236.300000 1.336416e+01
19240.800000 1.320678e+01
19245.200000 1.326701e+01
19249.700000 1.328897e+01
19254.200000 1.322132e+01
19258.700000 1.342875e+01
19263.200000 1.351992e+01
19267.600000 1.350489e+01
19272.100000 1.349657e+01
19276.600000 1.360113e+01
19281.100000 1.354314e+01
19285.600000 1.358966e+01
19290.100000 1.362193e+01
19294.500000 1.359380e+01
19299.000000 1.336000e+01
19303.500000 1.311703e+01
19308.000000 1.318253e+01
19312.500000 1.320401e+01
19317.000000 1.335257e+01
19321.500000 1.328268e+01
19326.000000 1.344531e+01
19330.500000 1.335703e+01
19335.000000 1.333069e+01
19339.500000 1.320412e+01
19344.000000 1.345352e+01
19348.500000 1.339014e+01
19353.000000 1.348534e+01
19357.500000 1.343115e+01
19362.000000 1.344800e+01
19366.500000 1.330954e+01
19371.000000 1.342739e+01
19375.500000 1.343624e+01
19380.000000 1.345140e+01
19384.500000 1.352055e+01
19389.000000 1.371871e+01
19393.500000 1.369535e+01
19398.000000 1.368543e+01
19402.500000 1.372604e+01
19407.100000 1.364353e+01
19411.600000 1.337253e+01
19416.100000 1.325036e+01
19420.600000 1.312929e+01
19425.100000 1.319100e+01
19429.600000 1.323201e+01
19434.200000 1.355093e+01
19438.700000 1.362508e+01
19443.200000 1.365278e+01
19447.700000 1.351550e+01
19452.300000 1.331635e+01
19456.800000 1.302995e+01
19461.300000 1.300192e+01
19465.800000 1.324190e+01
19470.400000 1.357805e+01
19474.900000 1.384472e+01
19479.400000 1.389501e+01
19483.900000 1.392648e+01
19488.500000 1.383629e+01
19493.000000 1.350529e+01
19497.600000 1.356716e+01
19502.100000 1.362315e+01
19506.600000 1.352084e+01
19511.200000 1.330071e+01
19515.700000 1.327694e+01
19520.200000 1.310640e+01
19524.800000 1.297313e+01
19529.300000 1.321257e+01
19533.900000 1.348532e+01
19538.400000 1.367695e+01
19543.000000 1.364093e+01
19547.500000 1.384790e+01
19552.000000 1.393591e+01
19556.600000 1.398670e+01
19561.100000 1.393343e+01
19565.700000 1.409903e+01
19570.200000 1.427963e+01
19574.800000 1.414371e+01
19579.400000 1.408263e+01
19583.900000 1.399854e+01
19588.500000 1.394965e+01
19593.000000 1.388568e+01
19597.600000 1.374008e+01
19602.100000 1.363085e+01
19606.700000 1.364381e+01
19611.300000 1.360653e+01
19615.800000 1.350639e+01
19620.400000 1.364573e+01
19624.900000 1.365078e+01
19629.500000 1.357836e+01
19634.100000 1.354671e+01
19638.600000 1.357623e+01
19643.200000 1.360210e+01
19647.800000 1.351218e+01
19652.300000 1.363388e+01
19656.900000 1.369563e+01
19661.500000 1.368382e+01
19666.100000 1.365744e+01
19670.600000 1.380518e+01
19675.200000 1.364333e+01
19679.800000 1.360775e+01
19684.400000 1.339543e+01
19689.000000 1.340053e+01
19693.500000 1.335421e+01
19698.100000 1.339203e+01
19702.700000 1.338517e+01
19707.300000 1.356260e+01
19711.900000 1.351404e+01
19716.400000 1.337240e+01
19721.000000 1.332612e+01
19725.600000 1.332171e+01
19730.200000 1.332412e+01
19734.800000 1.330005e+01
19739.400000 1.327250e+01
19744.000000 1.330234e+01
19748.600000 1.335722e+01
19753.200000 1.328578e+01
19757.800000 1.324435e+01
19762.400000 1.341396e+01
19767.000000 1.340289e+01
19771.600000 1.320559e+01
19776.200000 1.319608e+01
19780.800000 1.322033e+01
19785.400000 1.305677e+01
19790.000000 1.313365e+01
19794.600000 1.332383e+01
19799.200000 1.331161e+01
19803.800000 1.319092e+01
19808.400000 1.336758e+01
19813.000000 1.329991e+01
19817.600000 1.312345e+01
19822.200000 1.312815e+01
19826.800000 1.324608e+01
19831.400000 1.316187e+01
19836.000000 1.327980e+01
19840.700000 1.345298e+01
19845.300000 1.358068e+01
19849.900000 1.365473e+01
19854.500000 1.358846e+01
19859.100000 1.347933e+01
19863.700000 1.328815e+01
19868.400000 1.321712e+01
19873.000000 1.316933e+01
19877.600000 1.327965e+01
19882.200000 1.351334e+01
19886.900000 1.360621e+01
19891.500000 1.356700e+01
19896.100000 1.375556e+01
19900.700000 1.387492e+01
19905.400000 1.380508e+01
19910.000000 1.411473e+01
19914.600000 1.430601e+01
19919.300000 1.430314e+01
19923.900000 1.417841e+01
19928.500000 1.422438e+01
19933.200000 1.404880e+01
19937.800000 1.409916e+01
19942.400000 1.421847e+01
19947.100000 1.440810e+01
19951.700000 1.446050e+01
19956.400000 1.450090e+01
19961.000000 1.443938e+01
19965.600000 1.449984e+01
19970.300000 1.443399e+01
19974.900000 1.430902e+01
19979.600000 1.432178e+01
19984.200000 1.423001e+01
19988.900000 1.386595e+01
19993.500000 1.367402e+01
19998.200000 1.358351e+01
20002.800000 1.336601e+01
20007.500000 1.333123e+01
20012.100000 1.353033e+01
20016.800000 1.381992e+01
20021.500000 1.408317e+01
20026.100000 1.438128e+01
20030.800000 1.452615e+01
20035.400000 1.445496e+01
20040.100000 1.430947e+01
20044.800000 1.417460e+01
20049.400000 1.401761e+01
20054.100000 1.393924e+01
20058.700000 1.400556e+01
20063.400000 1.404062e+01
20068.100000 1.391303e+01
20072.700000 1.399893e+01
20077.400000 1.403753e+01
20082.100000 1.409043e+01
20086.800000 1.424808e+01
20091.400000 1.442919e+01
20096.100000 1.446172e+01
20100.800000 1.452307e+01
20105.500000 1.449771e+01
20110.100000 1.446067e+01
20114.800000 1.453702e+01
20119.500000 1.459256e+01
20124.200000 1.468335e+01
20128.800000 1.466959e+01
20133.500000 1.458324e+01
20138.200000 1.447556e+01
20142.900000 1.457659e+01
20147.600000 1.448272e+01
20152.300000 1.461363e+01
20157.000000 1.474761e+01
20161.600000 1.489445e+01
20166.300000 1.477245e+01
20171.000000 1.492262e+01
20175.700000 1.491839e+01
20180.400000 1.499789e+01
20185.100000 1.518954e+01
20189.800000 1.539882e+01
20194.500000 1.546008e+01
20199.200000 1.551966e+01
20203.900000 1.552548e+01
20208.600000 1.542200e+01
20213.300000 1.530286e+01
20218.000000 1.536506e+01
20222.700000 1.525851e+01
20227.400000 1.523828e+01
20232.100000 1.519022e+01
20236.800000 1.530075e+01
20241.500000 1.538605e+01
20246.200000 1.561039e+01
20250.900000 1.571809e+01
20255.700000 1.577906e+01
20260.400000 1.566206e+01
20265.100000 1.558503e+01
20269.800000 1.546492e+01
20274.500000 1.524587e+01
20279.200000 1.516343e+01
20283.900000 1.515543e+01
20288.700000 1.498787e+01
20293.400000 1.507121e+01
20298.100000 1.521063e+01
20302.800000 1.519020e+01
20307.500000 1.529134e+01
20312.300000 1.530240e+01
20317.000000 1.516038e+01
20321.700000 1.511631e+01
20326.400000 1.528120e+01
20331.200000 1.510349e+01
20335.900000 1.512328e+01
20340.600000 1.521560e+01
20345.400000 1.523241e+01
20350.100000 1.514347e+01
20354.800000 1.531157e+01
20359.600000 1.536281e+01
20364.300000 1.520863e+01
20369.000000 1.512102e+01
20373.800000 1.503096e+01
20378.500000 1.501552e+01
20383.300000 1.505681e+01
20388.000000 1.522106e+01
20392.700000 1.525743e+01
20397.500000 1.535188e+01
20402.200000 1.535276e+01
20407.000000 1.525526e+01
20411.700000 1.504956e+01
20416.500000 1.502782e+01
20421.200000 1.501317e+01
20426.000000 1.501902e+01
20430.700000 1.514317e+01
20435.500000 1.521415e+01
20440.200000 1.528891e+01
20445.000000 1.528538e+01
20449.700000 1.526277e+01
20454.500000 1.516089e+01
20459.300000 1.525287e+01
20464.000000 1.518670e+01
20468.800000 1.516087e+01
20473.500000 1.506790e+01
20478.300000 1.503282e+01
20483.100000 1.498820e+01
20487.800000 1.495748e+01
20492.600000 1.484218e+01
20497.400000 1.487143e+01
20502.100000 1.484719e+01
20506.900000 1.485767e+01
20511.700000 1.482138e+01
20516.400000 1.488561e+01
20521.200000 1.478228e+01
20526.000000 1.391170e+01
20530.800000 1.382256e+01
20535.500000 1.394582e+01
20540.300000 1.395073e+01
20545.100000 1.404991e+01
20549.900000 1.496552e+01
20554.700000 1.498176e+01
20559.400000 1.483473e+01
20564.200000 1.485675e+01
20569.000000 1.490068e+01
20573.800000 1.485217e+01
20578.600000 1.496055e+01
20583.400000 1.521665e+01
20588.100000 1.527199e+01
20592.900000 1.526738e+01
20597.700000 1.541663e+01
20602.500000 1.550390e+01
20607.300000 1.539942e+01
20612.100000 1.534478e+01
20616.900000 1.535423e+01
20621.700000 1.527895e+01
20626.500000 1.505229e+01
20631.300000 1.489587e+01
20636.100000 1.475958e+01
20640.900000 1.467354e+01
20645.700000 1.460673e+01
20650.500000 1.462665e+01
20655.300000 1.480950e+01
20660.100000 1.502502e+01
20664.900000 1.512475e+01
20669.700000 1.496227e+01
20674.500000 1.496793e+01
20679.300000 1.490440e+01
20684.100000 1.482966e+01
20689.000000 1.472332e+01
20693.800000 1.489409e+01
20698.600000 1.499068e+01
20703.400000 1.496586e+01
20708.200000 1.497680e+01
20713.000000 1.498415e+01
20717.800000 1.491168e+01
20722.700000 1.484388e+01
20727.500000 1.496744e+01
20732.300000 1.495354e+01
20737.100000 1.502153e+01
20742.000000 1.514891e+01
20746.800000 1.529161e+01
20751.600000 1.531647e+01
20756.400000 1.552796e+01
20761.300000 1.566424e+01
20766.100000 1.570216e+01
20770.900000 1.553225e+01
20775.800000 1.541557e+01
20780.600000 1.522241e+01
20785.400000 1.515432e+01
20790.300000 1.508727e+01
20795.100000 1.524753e+01
20799.900000 1.533239e+01
20804.800000 1.534322e+01
20809.600000 1.532466e+01
20814.400000 1.533022e+01
20819.300000 1.527342e+01
20824.100000 1.519014e+01
20829.000000 1.524995e+01
20833.800000 1.520745e+01
20838.700000 1.523095e+01
20843.500000 1.530835e+01
20848.400000 1.524829e+01
20853.200000 1.518598e+01
20858.100000 1.530082e+01
20862.900000 1.521760e+01
20867.800000 1.512389e+01
20872.600000 1.527269e+01
20877.500000 1.539989e+01
20882.300000 1.556298e+01
20887.200000 1.579691e+01
20892.100000 1.581883e+01
20896.900000 1.576820e+01
20901.800000 1.569008e+01
20906.600000 1.544964e+01
20911.500000 1.531178e+01
20916.400000 1.517472e+01
20921.200000 1.512852e+01
20926.100000 1.507805e+01
20931.000000 1.512058e+01
20935.800000 1.518016e+01
20940.700000 1.532287e+01
20945.600000 1.537980e+01
20950.400000 1.534636e+01
20955.300000 1.523270e+01
20960.200000 1.517035e+01
20965.100000 1.505155e+01
20969.900000 1.492668e+01
20974.800000 1.501422e+01
20979.700000 1.524355e+01
20984.600000 1.538868e+01
20989.500000 1.562430e+01
20994.300000 1.582308e+01
20999.200000 1.580621e+01
21004.100000 1.573191e+01
21009.000000 1.564057e+01
21013.900000 1.554778e+01
21018.800000 1.542712e+01
21023.700000 1.558603e+01
21028.600000 1.561673e+01
21033.400000 1.562019e+01
21038.300000 1.568002e+01
21043.200000 1.578411e+01
21048.100000 1.567006e+01
21053.000000 1.557886e+01
21057.900000 1.555121e+01
21062.800000 1.566451e+01
21067.700000 1.545928e+01
21072.600000 1.554537e+01
21077.500000 1.560359e+01
21082.400000 1.555559e+01
21087.300000 1.527883e+01
21092.200000 1.535330e+01
21097.100000 1.522409e+01
21102.100000 1.514299e+01
21107.000000 1.503453e+01
21111.900000 1.513596e+01
21116.800000 1.525882e+01
21121.700000 1.520191e+01
21126.600000 1.519317e+01
21131.500000 1.526327e+01
21136.400000 1.535306e+01
21141.400000 1.525414e+01
21146.300000 1.524429e+01
21151.200000 1.536164e+01
21156.100000 1.465890e+01
21161.000000 1.467711e+01
21166.000000 1.480419e+01
21170.900000 1.431956e+01
21175.800000 1.398508e+01
21180.700000 1.412978e+01
21185.700000 1.367336e+01
21190.600000 1.355228e+01
21195.500000 1.399446e+01
21200.400000 1.386778e+01
21205.400000 1.422047e+01
21210.300000 1.456214e+01
21215.200000 1.472928e+01
21220.200000 1.459671e+01
21225.100000 1.504058e+01
21230.100000 1.553473e+01
21235.000000 1.577440e+01
21239.900000 1.568381e+01
21244.900000 1.615308e+01
21249.800000 1.570090e+01
21254.800000 1.490448e+01
21259.700000 1.462354e+01
21264.600000 1.493433e+01
21269.600000 1.468314e+01
21274.500000 1.493912e+01
21279.500000 1.560037e+01
21284.400000 1.484063e+01
21289.400000 1.499733e+01
21294.300000 1.486296e+01
21299.300000 1.491657e+01
21304.200000 1.477578e+01
21309.200000 1.557636e+01
21314.200000 1.513881e+01
21319.100000 1.533891e+01
21324.100000 1.501624e+01
21329.000000 1.470275e+01
21334.000000 1.443438e+01
21339.000000 1.439883e+01
21343.900000 1.430203e+01
21348.900000 1.463464e+01
21353.900000 1.508222e+01
21358.800000 1.562563e+01
21363.800000 1.572909e+01
21368.800000 1.570114e+01
21373.700000 1.574772e+01
21378.700000 1.574610e+01
21383.700000 1.553319e+01
21388.700000 1.574596e+01
21393.600000 1.612571e+01
21398.600000 1.591778e+01
21403.600000 1.576673e+01
21408.600000 1.565858e+01
21413.500000 1.516842e+01
21418.500000 1.480083e+01
21423.500000 1.445158e+01
21428.500000 1.361227e+01
21433.500000 1.321374e+01
21438.500000 1.299565e+01
21443.400000 1.324282e+01
21448.400000 1.350391e+01
21453.400000 1.330795e+01
21458.400000 1.337190e+01
21463.400000 1.368254e+01
21468.400000 1.349850e+01
21473.400000 1.415856e+01
21478.400000 1.469558e+01
21483.400000 1.501316e+01
21488.400000 1.500187e+01
21493.400000 1.426975e+01
21498.400000 1.360877e+01
21503.400000 1.405814e+01
21508.400000 1.421954e+01
21513.400000 1.462683e+01
21518.400000 1.567499e+01
21523.400000 1.714893e+01
21528.400000 1.714073e+01
21533.400000 1.614560e+01
21538.400000 1.621044e+01
21543.400000 1.576248e+01
21548.400000 1.414139e+01
21553.500000 1.460602e+01
21558.500000 1.582764e+01
21563.500000 1.579180e+01
21568.500000 1.686754e+01
21573.500000 1.778298e+01
21578.500000 1.534108e+01
21583.600000 1.540908e+01
21588.600000 1.497016e+01
21593.600000 1.385265e+01
21598.600000 1.319910e+01
21603.600000 1.575199e+01
21608.700000 1.533469e+01
21613.700000 1.583124e+01
21618.700000 1.647395e+01
21623.800000 1.642522e+01
21628.800000 1.641964e+01
21633.800000 1.675861e+01
21638.900000 1.709068e+01
21643.900000 1.714460e+01
21648.900000 1.685589e+01
21654.000000 1.795392e+01
21659.000000 1.895156e+01
21664.000000 1.869281e+01
21669.100000 1.825164e+01
21674.100000 1.891958e+01
21679.200000 1.758440e+01
21684.200000 1.665351e+01
21689.200000 1.643511e+01
21694.300000 1.616474e+01
21699.300000 1.569273e+01
21704.400000 1.436038e+01
21709.400000 1.425595e+01
21714.500000 1.318320e+01
21719.500000 1.338839e+01
21724.600000 1.414910e+01
21729.600000 1.547062e+01
21734.700000 1.524515e+01
21739.700000 1.475046e+01
21744.800000 1.492621e+01
21749.900000 1.516495e+01
21754.900000 1.654542e+01
21760.000000 1.705534e+01
21765.000000 1.800643e+01
21770.100000 1.814151e+01
21775.200000 1.761097e+01
21780.200000 1.621615e+01
21785.300000 1.565678e+01
21790.400000 1.575042e+01
21795.400000 1.542560e+01
21800.500000 1.493449e+01
21805.600000 1.492497e+01
21810.700000 1.467668e+01
21815.700000 1.439746e+01
21820.800000 1.428738e+01
21825.900000 1.582569e+01
21831.000000 1.638568e+01
21836.000000 1.695528e+01
21841.100000 1.541790e+01
21846.200000 1.529915e+01
21851.300000 1.342747e+01
21856.400000 1.253992e+01
21861.400000 1.264942e+01
21866.500000 1.526952e+01
21871.600000 1.671750e+01
21876.700000 1.794009e+01
21881.800000 1.822058e+01
21886.900000 1.716243e+01
21892.000000 1.637636e+01
21897.100000 1.526385e+01
21902.200000 1.403841e+01
21907.300000 1.386908e+01
21912.300000 1.486280e+01
21917.400000 1.542335e+01
21922.500000 1.648800e+01
21927.600000 1.737763e+01
21932.700000 1.613330e+01
21937.800000 1.433093e+01
21942.900000 1.261398e+01
21948.100000 1.130728e+01
21953.200000 1.086144e+01
21958.300000 1.286429e+01
21963.400000 1.476988e+01
21968.500000 1.636456e+01
21973.600000 1.639670e+01
21978.700000 1.599189e+01
21983.800000 1.600048e+01
21988.900000 1.812344e+01
21994.000000 2.024619e+01
21999.200000 2.148347e+01
22004.300000 2.155029e+01
22009.400000 1.897399e+01
22014.500000 1.556131e+01
22019.600000 1.317179e+01
22024.800000 8.978924e+00
22029.900000 9.320116e+00
22035.000000 1.114046e+01
22040.100000 1.204636e+01
22045.300000 1.053485e+01
22050.400000 1.287370e+01
22055.500000 1.353780e+01
22060.700000 1.407879e+01
22065.800000 1.571469e+01
22070.900000 1.873321e+01
22076.000000 1.640245e+01
22081.200000 1.695800e+01
22086.300000 1.685890e+01
22091.500000 1.663759e+01
22096.600000 1.413866e+01
22101.700000 1.414518e+01
22106.900000 1.011302e+01
22112.000000 8.825240e+00
22117.200000 4.222445e+00
22122.300000 2.181045e+00
22127.500000 2.182071e+00
22132.600000 5.624581e+00
22137.800000 6.659763e+00
22142.900000 1.065963e+01
22148.100000 1.472773e+01
22153.200000 2.043800e+01
22158.400000 2.278360e+01
22163.500000 1.956991e+01
22168.700000 1.817926e+01
22173.800000 1.738359e+01
22179.000000 1.167497e+01
22184.100000 1.075013e+01
22189.300000 1.376435e+01
22194.500000 1.317408e+01
22199.600000 9.904004e+00
22204.800000 1.508700e+01
22210.000000 1.317755e+01
22215.100000 1.384534e+01
22220.300000 1.655338e+01
22225.500000 2.095926e+01
22230.600000 1.577848e+01
22235.800000 1.281542e+01
22241.000000 9.134920e+00
22246.100000 7.318431e+00
22251.300000 8.435512e+00
22256.500000 1.230363e+01
22261.700000 1.743929e+01
22266.900000 2.115770e+01
22272.000000 2.309141e+01
22277.200000 2.143224e+01
22282.400000 2.276235e+01
22287.600000 2.003466e+01
22292.800000 1.981253e+01
22297.900000 1.845321e+01
22303.100000 1.458784e+01
22308.300000 1.290732e+01
22313.500000 1.050423e+01
22318.700000 7.013578e+00
22323.900000 6.267762e+00
22329.100000 1.125127e+01
22334.300000 7.730369e+00
22339.500000 1.188334e+01
22344.700000 1.634061e+01
22349.900000 1.579210e+01
22355.100000 1.539747e+01
22360.300000 2.043253e+01
22365.500000 1.883860e+01
22370.700000 1.438525e+01
22375.900000 1.635010e+01
22381.100000 1.175680e+01
22386.300000 1.155082e+01
22391.500000 1.292511e+01
22396.700000 1.787197e+01
22401.900000 1.864282e+01
22407.100000 2.071633e+01
22412.300000 2.019780e+01
22417.600000 2.037352e+01
22422.800000 1.888082e+01
22428.000000 1.559433e+01
22433.200000 1.837233e+01
22438.400000 1.833959e+01
22443.600000 1.676217e+01
22448.900000 1.688728e+01
22454.100000 2.038437e+01
22459.300000 1.951182e+01
22464.500000 1.777332e+01
22469.800000 1.824564e+01
22475.000000 1.811679e+01
22480.200000 1.720844e+01
22485.400000 1.780358e+01
22490.700000 1.686941e+01
22495.900000 1.677433e+01
22501.100000 1.872104e+01
22506.400000 2.027156e+01
22511.600000 2.032857e+01
22516.800000 2.162118e+01
22522.100000 2.216849e+01
22527.300000 2.045825e+01
22532.600000 1.807421e+01
22537.800000 1.742404e+01
22543.000000 1.779347e+01
22548.300000 1.801876e+01
22553.500000 1.692323e+01
22558.800000 1.671466e+01
22564.000000 1.502573e+01
22569.300000 1.458386e+01
22574.500000 1.187891e+01
22579.800000 1.306818e+01
22585.000000 1.196282e+01
22590.300000 1.306392e+01
22595.500000 1.365348e+01
22600.800000 1.638646e+01
22606.100000 1.649340e+01
22611.300000 1.760962e+01
22616.600000 1.598305e+01
22621.800000 1.707169e+01
22627.100000 1.774185e+01
22632.400000 1.584993e+01
22637.600000 1.580883e+01
22642.900000 1.816039e+01
22648.200000 1.684797e+01
22653.400000 1.649979e+01
22658.700000 1.837507e+01
22664.000000 1.969746e+01
22669.200000 2.026291e+01
22674.500000 2.159328e+01
22679.800000 1.897206e+01
22685.100000 1.760322e+01
22690.300000 1.735258e+01
22695.600000 1.591693e+01
22700.900000 1.474561e+01
22706.200000 1.803248e+01
22711.500000 1.986009e+01
22716.700000 1.975559e+01
22722.000000 2.064184e+01
22727.300000 2.285576e+01
22732.600000 2.264350e+01
22737.900000 2.268786e+01
22743.200000 2.149410e+01
22748.500000 2.046495e+01
22753.800000 1.777059e+01
22759.100000 1.843241e+01
22764.300000 1.791607e+01
22769.600000 1.859442e+01
22774.900000 1.982627e+01
22780.200000 2.308771e+01
22785.500000 2.205579e+01
22790.800000 2.174320e+01
22796.100000 2.002510e+01
22801.400000 1.921334e+01
22806.700000 1.492630e+01
22812.000000 1.336501e+01
22817.400000 1.268555e+01
22822.700000 1.346206e+01
22828.000000 1.305654e+01
22833.300000 1.566087e+01
22838.600000 1.600626e+01
22843.900000 1.644681e+01
22849.200000 1.657419e+01
22854.500000 1.806381e+01
22859.900000 1.839927e+01
22865.200000 1.847857e+01
22870.500000 1.844239e+01
22875.800000 1.928415e+01
22881.100000 1.888553e+01
22886.500000 1.930247e+01
22891.800000 2.121657e+01
22897.100000 2.317353e+01
22902.400000 2.392825e+01
22907.800000 2.274831e+01
22913.100000 2.059599e+01
22918.400000 1.890317e+01
22923.700000 1.749565e+01
22929.100000 1.742186e+01
22934.400000 1.919301e+01
22939.700000 1.938964e+01
22945.100000 2.004724e+01
22950.400000 1.913176e+01
22955.800000 1.869521e+01
22961.100000 1.841694e+01
22966.400000 1.928472e+01
22971.800000 1.830733e+01
22977.100000 1.774195e+01
22982.500000 1.654197e+01
22987.800000 1.562789e+01
22993.200000 1.405254e+01
22998.500000 1.371297e+01
23003.900000 1.498549e+01
23009.200000 1.544581e+01
23014.600000 1.555243e+01
23019.900000 1.617342e+01
23025.300000 1.577247e+01
23030.600000 1.489656e+01
23036.000000 1.594833e+01
23041.300000 1.756817e+01
23046.700000 1.722223e+01
23052.100000 1.905064e+01
23057.400000 1.907671e+01
23062.800000 1.797863e+01
23068.200000 1.752927e+01
23073.500000 1.858824e+01
23078.900000 1.762134e+01
23084.300000 1.759745e+01
23089.600000 1.756259e+01
23095.000000 1.571744e+01
23100.400000 1.557657e+01
23105.700000 1.747903e+01
23111.100000 1.868912e+01
23116.500000 2.147004e+01
23121.900000 2.175188e+01
23127.300000 2.176906e+01
23132.600000 2.053192e+01
23138.000000 1.821098e+01
23143.400000 1.520013e+01
23148.800000 1.552954e+01
23154.200000 1.589443e+01
23159.600000 1.452180e+01
23164.900000 1.523459e+01
23170.300000 1.507490e+01
23175.700000 1.364341e+01
23181.100000 1.297334e+01
23186.500000 1.380721e+01
23191.900000 1.420990e+01
23197.300000 1.515215e+01
23202.700000 1.712719e+01
23208.100000 1.727916e+01
23213.500000 1.695815e+01
23218.900000 1.773843e+01
23224.300000 1.655491e+01
23229.700000 1.627861e+01
23235.100000 1.547913e+01
23240.500000 1.702359e+01
23245.900000 1.779719e+01
23251.300000 1.860375e+01
23256.700000 1.677293e+01
23262.100000 1.731916e+01
23267.500000 1.552918e+01
23272.900000 1.499101e+01
23278.400000 1.646407e+01
23283.800000 1.762509e+01
23289.200000 1.718972e+01
23294.600000 1.771622e+01
23300.000000 1.830026e+01
23305.500000 1.762677e+01
23310.900000 1.652045e+01
23316.300000 1.756763e+01
23321.700000 1.862020e+01
23327.100000 1.653593e+01
23332.600000 1.573411e+01
23338.000000 1.637397e+01
23343.400000 1.779833e+01
23348.900000 1.560527e+01
23354.300000 1.569400e+01
23359.700000 1.587570e+01
23365.200000 1.739486e+01
23370.600000 1.459595e+01
23376.000000 1.897591e+01
23381.500000 1.782560e+01
23386.900000 1.850287e+01
23392.300000 1.762847e+01
23397.800000 1.817855e+01
23403.200000 1.558347e+01
23408.700000 1.704384e+01
23414.100000 1.620386e+01
23419.600000 1.508093e+01
23425.000000 1.392480e+01
23430.500000 1.301742e+01
23435.900000 1.183425e+01
23441.400000 1.334109e+01
23446.800000 1.589272e+01
23452.300000 1.927357e+01
23457.700000 1.876551e+01
23463.200000 2.131088e+01
23468.600000 1.939442e+01
23474.100000 1.693658e+01
23479.600000 1.589264e+01
23485.000000 1.683746e+01
23490.500000 1.650407e+01
23496.000000 1.708870e+01
23501.400000 1.970113e+01
23506.900000 1.775521e+01
23512.400000 1.708852e+01
23517.800000 1.683933e+01
23523.300000 1.764879e+01
23528.800000 1.466087e+01
23534.200000 1.562181e+01
23539.700000 1.750334e+01
23545.200000 1.667015e+01
23550.700000 1.540518e+01
23556.100000 1.533676e+01
23561.600000 1.494770e+01
23567.100000 1.368145e+01
23572.600000 1.320492e+01
23578.100000 1.347215e+01
23583.600000 1.383512e+01
23589.000000 1.370148e+01
23594.500000 1.288323e+01
23600.000000 1.372636e+01
23605.500000 1.270870e+01
23611.000000 1.398257e+01
23616.500000 1.483736e+01
23622.000000 1.495455e+01
23627.500000 1.431103e+01
23633.000000 1.451159e+01
23638.500000 1.446132e+01
23644.000000 1.363028e+01
23649.500000 1.206291e+01
23655.000000 1.281086e+01
23660.500000 1.434001e+01
23666.000000 1.493192e+01
23671.500000 1.700639e+01
23677.000000 2.031044e+01
23682.500000 2.171190e+01
23688.000000 2.123923e+01
23693.500000 2.028388e+01
23699.000000 1.896133e+01
23704.500000 1.693588e+01
23710.100000 1.636189e+01
23715.600000 1.674773e+01
23721.100000 1.643932e+01
23726.600000 1.603144e+01
23732.100000 1.737090e+01
23737.600000 1.748951e+01
23743.200000 1.660375e+01
23748.700000 1.665785e+01
23754.200000 1.724880e+01
23759.700000 1.992027e+01
23765.300000 1.925092e+01
23770.800000 2.046624e+01
23776.300000 1.975514e+01
23781.900000 1.871758e+01
23787.400000 1.496446e+01
23792.900000 1.387142e+01
23798.500000 1.392757e+01
23804.000000 1.786487e+01
23809.500000 1.927944e+01
23815.100000 2.202745e+01
23820.600000 2.417755e+01
23826.100000 2.345830e+01
23831.700000 2.110467e+01
23837.200000 2.135946e+01
23842.800000 2.072156e+01
23848.300000 1.918037e+01
23853.900000 1.923194e+01
23859.400000 1.897663e+01
23865.000000 1.799364e+01
23870.500000 1.700756e+01
23876.100000 1.944404e+01
23881.600000 1.970547e+01
23887.200000 2.040647e+01
23892.700000 2.045611e+01
23898.300000 1.917842e+01
23903.900000 1.695526e+01
23909.400000 1.807843e+01
23915.000000 1.551635e+01
23920.500000 1.664219e+01
23926.100000 1.853992e+01
23931.700000 1.991618e+01
23937.200000 1.676877e+01
23942.800000 1.891756e+01
23948.400000 1.703308e+01
23954.000000 1.573032e+01
23959.500000 1.527214e+01
23965.100000 1.639908e+01
23970.700000 1.585724e+01
23976.200000 1.751293e+01
23981.800000 1.843333e+01
23987.400000 1.853157e+01
23993.000000 1.917709e+01
23998.600000 1.997287e+01
24004.100000 1.954032e+01
24009.700000 2.023261e+01
24015.300000 1.985311e+01
24020.900000 1.878508e+01
24026.500000 1.812120e+01
24032.100000 1.758681e+01
24037.700000 1.813490e+01
24043.300000 2.018759e+01
24048.900000 2.242039e+01
24054.400000 2.338707e+01
24060.000000 2.328316e+01
24065.600000 2.200450e+01
24071.200000 2.012965e+01
24076.800000 1.921572e+01
24082.400000 1.883771e+01
24088.000000 1.907160e+01
24093.600000 1.807915e+01
24099.200000 1.763218e+01
24104.900000 1.718880e+01
24110.500000 1.688047e+01
24116.100000 1.751232e+01
24121.700000 1.701057e+01
24127.300000 1.761481e+01
24132.900000 1.745159e+01
24138.500000 1.652308e+01
24144.100000 1.522600e+01
24149.700000 1.736668e+01
24155.400000 1.643867e+01
24161.000000 1.801861e+01
24166.600000 1.991032e+01
24172.200000 2.004289e+01
24177.800000 1.943724e+01
24183.500000 1.901153e+01
24189.100000 1.866161e+01
24194.700000 1.857433e+01
24200.400000 1.964110e+01
24206.000000 2.036854e+01
24211.600000 2.072080e+01
24217.200000 1.993395e+01
24222.900000 1.840308e+01
24228.500000 1.763219e+01
24234.200000 1.658638e+01
24239.800000 1.685610e+01
24245.400000 1.673912e+01
24251.100000 1.738729e+01
24256.700000 1.830790e+01
24262.400000 1.865012e+01
24268.000000 2.113310e+01
24273.600000 2.256885e+01
24279.300000 2.141197e+01
24284.900000 2.128703e+01
24290.600000 2.061727e+01
24296.200000 1.932639e+01
24301.900000 1.721822e+01
24307.500000 1.966265e+01
24313.200000 1.895787e+01
24318.800000 1.897248e+01
24324.500000 1.931825e+01
24330.200000 2.043489e+01
24335.800000 1.768993e+01
24341.500000 1.945647e+01
24347.100000 2.033645e+01
24352.800000 2.062400e+01
24358.500000 2.083423e+01
24364.100000 2.210851e+01
24369.800000 2.018992e+01
24375.500000 2.111365e+01
24381.200000 2.025888e+01
24386.800000 1.917526e+01
24392.500000 1.994763e+01
24398.200000 2.052613e+01
24403.800000 2.068837e+01
24409.500000 2.053867e+01
24415.200000 2.060469e+01
24420.900000 1.982694e+01
24426.600000 2.007573e+01
24432.200000 1.908272e+01
24437.900000 1.918268e+01
24443.600000 2.036093e+01
24449.300000 2.032626e+01
24455.000000 2.121813e+01
24460.700000 2.032968e+01
24466.400000 1.935121e+01
24472.100000 1.806706e+01
24477.700000 1.789319e+01
24483.400000 1.630153e+01
24489.100000 1.702011e+01
24494.800000 1.884876e+01
24500.500000 1.978973e+01
24506.200000 2.004775e+01
24511.900000 2.069280e+01
24517.600000 2.117279e+01
24523.300000 1.923479e+01
24529.000000 1.881650e+01
24534.700000 1.888899e+01
24540.500000 1.874906e+01
24546.200000 1.759377e+01
24551.900000 1.937065e+01
24557.600000 1.780483e+01
24563.300000 1.759592e+01
24569.000000 1.790389e+01
24574.700000 1.871803e+01
24580.400000 1.742938e+01
24586.200000 1.885743e+01
24591.900000 1.992252e+01
24597.600000 1.906070e+01
24603.300000 1.836867e+01
24609.000000 1.842068e+01
24614.800000 1.827014e+01
24620.500000 1.870126e+01
24626.200000 1.841634e+01
24632.000000 1.916334e+01
24637.700000 1.878395e+01
24643.400000 1.740726e+01
24649.100000 1.598009e+01
24654.900000 1.744516e+01
24660.600000 1.631428e+01
24666.300000 1.688744e+01
24672.100000 1.853516e+01
24677.800000 1.824186e+01
24683.600000 1.751609e+01
24689.300000 1.827588e+01
24695.100000 1.826606e+01
24700.800000 1.712572e+01
24706.500000 1.773054e+01
24712.300000 1.667659e+01
24718.000000 1.650843e+01
24723.800000 1.656216e+01
24729.500000 1.729468e+01
24735.300000 1.809551e+01
24741.000000 1.937905e+01
24746.800000 1.926763e+01
24752.600000 1.932721e+01
24758.300000 1.916844e+01
24764.100000 1.693961e+01
24769.800000 1.662575e+01
24775.600000 1.726592e+01
24781.400000 1.751433e+01
24787.100000 1.893087e+01
24792.900000 1.975574e+01
24798.700000 2.067044e+01
24804.400000 2.006787e+01
24810.200000 1.915888e+01
24816.000000 1.894887e+01
24821.700000 1.976681e+01
24827.500000 1.918529e+01
24833.300000 1.944720e+01
24839.100000 2.053857e+01
24844.800000 2.000247e+01
24850.600000 1.934669e+01
24856.400000 1.953649e+01
24862.200000 1.949975e+01
24868.000000 1.883557e+01
24873.800000 2.033125e+01
24879.500000 2.129686e+01
24885.300000 2.114887e+01
24891.100000 2.170486e+01
24896.900000 2.288990e+01
24902.700000 2.086099e+01
24908.500000 2.011552e+01
24914.300000 2.003244e+01
24920.100000 1.891511e+01
24925.900000 1.724969e+01
24931.700000 1.893331e+01
24937.500000 1.910741e+01
24943.300000 1.909133e+01
24949.100000 1.995100e+01
24954.900000 2.086387e+01
24960.700000 2.046115e+01
24966.500000 2.037710e+01
24972.300000 2.046086e+01
24978.100000 1.952151e+01
24983.900000 1.979802e+01
24989.700000 1.966449e+01
24995.500000 2.030887e+01
25001.400000 2.086554e+01
25007.200000 2.289239e+01
25013.000000 2.301411e+01
25018.800000 2.198588e+01
25024.600000 2.165596e+01
25030.500000 2.169668e+01
25036.300000 2.163068e+01
25042.100000 2.137469e+01
25047.900000 2.331057e+01
25053.800000 2.290200e+01
25059.600000 2.139145e+01
25065.400000 2.034577e+01
25071.200000 2.055499e+01
25077.100000 1.932642e+01
25082.900000 1.937582e+01
25088.700000 2.007659e+01
25094.600000 2.004942e+01
25100.400000 1.932572e+01
25106.300000 1.985691e+01
25112.100000 2.040223e+01
25117.900000 2.071852e+01
25123.800000 2.143235e+01
25129.600000 2.177042e+01
25135.500000 2.012779e+01
25141.300000 2.016320e+01
25147.200000 2.034083e+01
25153.000000 1.984962e+01
25158.900000 1.988763e+01
25164.700000 2.012874e+01
25170.600000 1.966340e+01
25176.400000 1.928882e+01
25182.300000 1.845357e+01
25188.100000 1.935055e+01
25194.000000 2.163782e+01
25199.900000 2.211895e+01
25205.700000 2.123354e+01
25211.600000 2.128782e+01
25217.400000 2.007486e+01
25223.300000 1.914891e+01
25229.200000 1.902559e+01
25235.100000 1.932379e+01
25240.900000 2.028678e+01
25246.800000 2.082458e+01
25252.700000 1.899363e+01
25258.500000 1.959996e+01
25264.400000 2.105518e+01
25270.300000 1.965747e+01
25276.200000 1.848481e+01
25282.100000 1.959625e+01
25287.900000 1.933527e+01
25293.800000 1.858537e+01
25299.700000 1.942767e+01
25305.600000 2.000373e+01
25311.500000 2.019939e+01
25317.400000 1.851917e+01
25323.200000 1.780534e+01
25329.100000 1.755482e+01
25335.000000 1.807511e+01
25340.900000 1.892236e+01
25346.800000 2.022697e+01
25352.700000 2.126293e+01
25358.600000 2.153812e+01
25364.500000 2.098514e+01
25370.400000 1.981052e+01
25376.300000 1.931016e+01
25382.200000 1.913552e+01
25388.100000 1.864329e+01
25394.000000 1.873719e+01
25399.900000 1.845560e+01
25405.800000 1.896339e+01
25411.800000 1.872125e+01
25417.700000 1.919767e+01
25423.600000 1.952513e+01
25429.500000 2.068544e+01
25435.400000 2.126618e+01
25441.300000 2.135719e+01
25447.200000 2.089430e+01
25453.200000 2.071889e+01
25459.100000 2.059151e+01
25465.000000 2.019975e+01
25470.900000 1.944042e+01
25476.900000 1.960242e+01
25482.800000 1.919598e+01
25488.700000 1.829903e+01
25494.600000 1.811165e+01
25500.600000 1.830376e+01
25506.500000 1.728808e+01
25512.400000 1.761884e+01
25518.400000 1.841855e+01
25524.300000 1.853321e+01
25530.200000 1.853580e+01
25536.200000 2.029545e+01
25542.100000 2.077989e+01
25548.100000 2.063489e+01
25554.000000 2.083588e+01
25559.900000 2.197895e+01
25565.900000 2.146525e+01
25571.800000 2.145274e+01
25577.800000 1.974233e+01
25583.700000 1.914983e+01
25589.700000 1.791638e+01
25595.600000 1.760203e+01
25601.600000 1.709765e+01
25607.600000 1.868452e+01
25613.500000 1.838640e+01
25619.500000 1.875138e+01
25625.400000 1.949067e+01
25631.400000 1.990693e+01
25637.400000 2.109301e+01
25643.300000 2.077740e+01
25649.300000 2.110900e+01
25655.200000 2.050520e+01
25661.200000 2.063360e+01
25667.200000 1.889612e+01
25673.200000 1.848978e+01
25679.100000 1.772114e+01
25685.100000 1.860765e+01
25691.100000 1.808273e+01
25697.100000 1.775173e+01
25703.000000 1.835929e+01
25709.000000 1.958066e+01
25715.000000 1.989121e+01
25721.000000 1.954355e+01
25727.000000 1.945118e+01
25732.900000 2.076866e+01
25738.900000 2.003474e+01
25744.900000 1.924619e+01
25750.900000 1.838652e+01
25756.900000 1.990978e+01
25762.900000 1.828816e+01
25768.900000 1.807626e+01
25774.900000 1.770692e+01
25780.900000 1.930277e+01
25786.900000 1.872902e+01
25792.900000 1.866025e+01
25798.900000 1.875464e+01
25804.900000 1.801542e+01
25810.900000 1.811457e+01
25816.900000 1.871968e+01
25822.900000 1.988472e+01
25828.900000 2.039330e+01
25834.900000 2.136313e+01
25840.900000 2.142434e+01
25846.900000 1.995492e+01
25852.900000 1.994831e+01
25858.900000 1.976906e+01
25865.000000 1.913134e+01
25871.000000 1.770362e+01
25877.000000 1.892611e+01
25883.000000 1.872034e+01
25889.000000 1.871432e+01
25895.000000 1.963101e+01
25901.100000 2.087936e+01
25907.100000 2.017311e+01
25913.100000 2.023216e+01
25919.200000 2.061846e+01
25925.200000 1.942944e+01
25931.200000 1.935726e+01
25937.200000 1.959022e+01
25943.300000 1.985342e+01
25949.300000 1.975661e+01
25955.300000 2.007739e+01
25961.400000 2.033751e+01
25967.400000 2.119267e+01
25973.500000 2.088106e+01
25979.500000 2.066858e+01
25985.600000 2.128642e+01
25991.600000 2.037550e+01
25997.600000 2.079774e+01
26003.700000 2.101794e+01
26009.700000 2.143096e+01
26015.800000 2.285057e+01
26021.800000 2.386182e+01
26027.900000 2.379263e+01
26033.900000 2.424076e+01
26040.000000 2.339101e+01
26046.100000 2.266504e+01
26052.100000 2.205568e+01
26058.200000 2.085462e+01
26064.200000 2.068197e+01
26070.300000 2.201270e+01
26076.400000 2.128261e+01
26082.400000 2.123099e+01
26088.500000 2.139571e+01
26094.600000 2.093762e+01
26100.600000 1.974255e+01
26106.700000 2.049996e+01
26112.800000 2.133896e+01
26118.900000 2.181879e+01
26124.900000 2.054115e+01
26131.000000 2.093601e+01
26137.100000 2.050598e+01
26143.200000 1.969417e+01
26149.300000 1.913048e+01
26155.300000 2.053752e+01
26161.400000 2.027944e+01
26167.500000 2.071032e+01
26173.600000 2.018080e+01
26179.700000 2.093648e+01
26185.800000 2.213015e+01
26191.900000 2.217330e+01
26198.000000 2.111928e+01
26204.000000 2.137378e+01
26210.100000 2.209286e+01
26216.200000 2.140037e+01
26222.300000 2.100452e+01
26228.400000 2.211463e+01
26234.500000 2.250165e+01
26240.600000 2.103720e+01
26246.700000 2.123307e+01
26252.900000 2.170229e+01
26259.000000 2.177902e+01
26265.100000 2.208589e+01
26271.200000 2.207576e+01
26277.300000 2.223922e+01
26283.400000 2.337777e+01
26289.500000 2.260180e+01
26295.600000 2.241646e+01
26301.800000 2.322260e+01
26307.900000 2.280021e+01
26314.000000 2.225564e+01
26320.100000 2.233041e+01
26326.200000 2.220850e+01
26332.400000 2.121623e+01
26338.500000 2.089425e+01
26344.600000 2.083794e+01
26350.700000 2.158411e+01
26356.900000 2.216391e+01
26363.000000 2.211230e+01
26369.100000 2.278595e+01
26375.300000 2.269509e+01
26381.400000 2.261426e+01
26387.500000 2.256803e+01
26393.700000 2.349467e+01
26399.800000 2.324163e+01
26406.000000 2.240635e+01
26412.100000 2.194998e+01
26418.200000 2.213287e+01
26424.400000 2.235963e+01
26430.500000 2.261767e+01
26436.700000 2.199885e+01
26442.800000 2.255927e+01
26449.000000 2.228283e+01
26455.100000 2.119338e+01
26461.300000 1.972462e+01
26467.400000 2.162986e+01
26473.600000 2.031899e+01
26479.800000 1.990864e+01
26485.900000 1.768572e+01
26492.100000 1.700253e+01
26498.200000 1.594917e+01
26504.400000 1.665036e+01
26510.600000 1.754235e+01
26516.700000 2.065378e+01
26522.900000 2.194598e+01
26529.100000 2.236596e+01
26535.200000 2.299793e+01
26541.400000 2.219911e+01
26547.600000 2.193907e+01
26553.800000 2.131952e+01
26559.900000 2.034889e+01
26566.100000 1.944599e+01
26572.300000 1.931453e+01
26578.500000 1.900319e+01
26584.700000 1.894479e+01
26590.900000 2.042288e+01
26597.000000 2.080546e+01
26603.200000 1.989346e+01
26609.400000 1.894094e+01
26615.600000 2.004387e+01
26621.800000 1.884076e+01
26628.000000 1.905791e+01
26634.200000 1.999754e+01
26640.400000 2.080801e+01
26646.600000 2.025070e+01
26652.800000 2.010253e+01
26659.000000 1.868098e+01
26665.200000 1.850839e+01
26671.400000 1.901465e+01
26677.600000 2.002750e+01
26683.800000 2.148431e+01
26690.000000 2.358969e+01
26696.200000 2.322189e+01
26702.400000 2.317953e+01
26708.600000 2.291390e+01
26714.800000 2.266692e+01
26721.100000 2.162230e+01
26727.300000 2.224412e+01
26733.500000 2.186706e+01
26739.700000 2.108276e+01
26745.900000 2.010665e+01
26752.100000 2.005096e+01
26758.400000 1.943487e+01
26764.600000 2.015788e+01
26770.800000 2.017986e+01
26777.000000 2.015969e+01
26783.300000 2.017541e+01
26789.500000 2.030319e+01
26795.700000 1.901659e+01
26802.000000 1.951769e+01
26808.200000 1.975724e+01
26814.400000 1.941407e+01
26820.700000 1.955790e+01
26826.900000 1.965835e+01
26833.200000 1.856168e+01
26839.400000 1.805432e+01
26845.600000 1.760427e+01
26851.900000 1.826102e+01
26858.100000 1.858057e+01
26864.400000 2.023632e+01
26870.600000 1.958798e+01
26876.900000 2.085791e+01
26883.100000 2.026466e+01
26889.400000 2.035654e+01
26895.600000 1.897590e+01
26901.900000 2.119554e+01
26908.200000 2.049543e+01
26914.400000 2.096532e+01
26920.700000 2.170188e+01
26926.900000 2.211303e+01
26933.200000 2.063839e+01
26939.500000 2.111787e+01
26945.700000 2.077525e+01
26952.000000 2.005706e+01
26958.300000 2.085720e+01
26964.500000 2.209127e+01
26970.800000 2.179077e+01
26977.100000 2.160157e+01
26983.400000 2.209951e+01
26989.600000 2.180963e+01
26995.900000 2.141990e+01
27002.200000 2.152209e+01
27008.500000 2.238272e+01
27014.800000 2.213469e+01
27021.100000 2.195292e+01
27027.300000 2.229881e+01
27033.600000 2.195485e+01
27039.900000 2.205172e+01
27046.200000 2.159352e+01
27052.500000 2.093923e+01
27058.800000 1.987482e+01
27065.100000 2.050485e+01
27071.400000 2.001081e+01
27077.700000 1.998462e+01
27084.000000 2.059975e+01
27090.300000 2.114449e+01
27096.600000 2.079446e+01
27102.900000 2.034104e+01
27109.200000 2.030796e+01
27115.500000 2.007267e+01
27121.800000 1.939950e+01
27128.100000 1.845153e+01
27134.400000 1.728408e+01
27140.700000 1.842308e+01
27147.000000 1.779630e+01
27153.400000 1.897887e+01
27159.700000 2.028772e+01
27166.000000 2.214409e+01
27172.300000 2.200229e+01
27178.600000 2.183728e+01
27185.000000 2.136943e+01
27191.300000 2.109057e+01
27197.600000 1.952756e+01
27203.900000 1.861017e+01
27210.300000 1.936327e+01
27216.600000 1.874603e+01
27222.900000 1.890907e+01
27229.200000 1.999324e+01
27235.600000 2.032365e+01
27241.900000 1.992218e+01
27248.300000 2.051128e+01
27254.600000 1.974521e+01
27260.900000 1.942759e+01
27267.300000 1.916027e+01
27273.600000 1.898085e+01
27280.000000 1.892504e+01
27286.300000 1.944017e+01
27292.700000 2.048892e+01
27299.000000 2.060579e+01
27305.400000 2.131710e+01
27311.700000 2.105700e+01
27318.100000 2.051292e+01
27324.400000 1.914699e+01
27330.800000 1.960737e+01
27337.100000 1.939049e+01
27343.500000 1.924557e+01
27349.800000 2.024975e+01
27356.200000 2.109938e+01
27362.600000 1.977748e+01
27368.900000 2.063319e+01
27375.300000 2.154596e+01
27381.700000 2.002863e+01
27388.000000 1.874396e+01
27394.400000 1.929554e+01
27400.800000 1.889601e+01
27407.200000 1.909606e+01
27413.500000 1.988316e+01
27419.900000 2.113810e+01
27426.300000 2.156688e+01
27432.700000 2.131349e+01
27439.100000 2.079429e+01
27445.400000 2.155002e+01
27451.800000 2.035460e+01
27458.200000 2.010085e+01
27464.600000 1.909571e+01
27471.000000 1.972508e+01
27477.400000 1.975545e+01
27483.800000 2.051422e+01
27490.200000 2.161764e+01
27496.600000 2.231580e+01
27502.900000 2.119030e+01
27509.300000 2.098073e+01
27515.700000 2.172588e+01
27522.200000 2.142457e+01
27528.500000 2.251933e+01
27535.000000 2.303702e+01
27541.400000 2.325864e+01
27547.800000 2.357746e+01
27554.200000 2.265312e+01
27560.600000 2.145908e+01
27567.000000 2.075592e+01
27573.400000 2.009470e+01
27579.800000 1.991834e+01
27586.200000 2.002407e+01
27592.700000 2.009153e+01
27599.100000 2.074354e+01
27605.500000 2.126286e+01
27611.900000 2.037527e+01
27618.300000 2.025159e+01
27624.800000 2.070743e+01
27631.200000 2.050188e+01
27637.600000 1.955605e+01
27644.000000 1.941304e+01
27650.500000 1.965238e+01
27656.900000 1.963785e+01
27663.300000 1.985601e+01
27669.800000 2.023947e+01
27676.200000 2.045911e+01
27682.700000 2.102550e+01
27689.100000 2.118779e+01
27695.500000 2.162173e+01
27702.000000 2.183612e+01
27708.400000 2.227643e+01
27714.900000 2.204466e+01
27721.300000 2.204579e+01
27727.800000 2.196440e+01
27734.200000 2.214048e+01
27740.700000 2.168081e+01
27747.100000 2.153443e+01
27753.600000 2.237709e+01
27760.000000 2.240906e+01
27766.500000 2.255159e+01
27772.900000 2.289602e+01
27779.400000 2.362818e+01
27785.900000 2.151524e+01
27792.300000 2.200512e+01
27798.800000 2.091537e+01
27805.300000 2.120962e+01
27811.700000 2.016226e+01
27818.200000 2.110948e+01
27824.700000 2.031221e+01
27831.100000 2.101167e+01
27837.600000 2.139887e+01
27844.100000 2.168572e+01
27850.600000 2.157889e+01
27857.000000 2.121050e+01
27863.500000 2.105024e+01
27870.000000 2.035465e+01
27876.500000 1.981435e+01
27883.000000 1.909776e+01
27889.500000 1.972525e+01
27895.900000 2.005744e+01
27902.400000 1.977056e+01
27908.900000 2.009715e+01
27915.400000 2.125444e+01
27921.900000 2.100227e+01
27928.400000 2.072894e+01
27934.900000 2.128136e+01
27941.400000 2.142380e+01
27947.900000 2.089060e+01
27954.400000 2.084298e+01
27960.900000 2.120761e+01
27967.400000 2.026633e+01
27973.900000 2.095112e+01
27980.400000 2.112599e+01
27986.900000 2.149541e+01
27993.400000 2.202028e+01
28000.000000 2.217522e+01
28006.500000 2.147986e+01
28013.000000 2.212760e+01
28019.500000 2.199403e+01
28026.000000 2.155954e+01
28032.500000 2.165897e+01
28039.100000 2.220078e+01
28045.600000 2.175022e+01
28052.100000 2.194391e+01
28058.600000 2.154529e+01
28065.200000 2.182643e+01
28071.700000 2.164329e+01
28078.200000 2.191695e+01
28084.700000 2.122645e+01
28091.300000 2.073372e+01
28097.800000 2.049969e+01
28104.300000 1.945939e+01
28110.900000 1.847300e+01
28117.400000 1.751102e+01
28124.000000 1.787446e+01
28130.500000 1.896472e+01
28137.100000 1.957372e+01
28143.600000 1.912959e+01
28150.100000 2.038928e+01
28156.700000 2.013380e+01
28163.200000 1.912960e+01
28169.800000 1.947150e+01
28176.300000 2.170471e+01
28182.900000 2.186836e+01
28189.500000 2.243131e+01
28196.000000 2.287094e+01
28202.600000 2.280479e+01
28209.100000 2.126699e+01
28215.700000 2.125356e+01
28222.300000 2.125939e+01
28228.800000 2.158243e+01
28235.400000 2.207832e+01
28242.000000 2.344345e+01
28248.500000 2.148881e+01
28255.100000 2.041836e+01
28261.700000 2.001530e+01
28268.200000 1.985882e+01
28274.800000 1.837267e+01
28281.400000 2.083975e+01
28288.000000 2.115134e+01
28294.600000 2.158087e+01
28301.100000 2.193502e+01
28307.700000 2.162532e+01
28314.300000 2.047891e+01
28320.900000 2.001073e+01
28327.500000 1.880792e+01
28334.100000 1.764393e+01
28340.700000 1.818859e+01
28347.300000 1.907417e+01
28353.900000 2.008788e+01
28360.400000 2.073685e+01
28367.000000 1.992614e+01
28373.600000 1.960859e+01
28380.200000 1.894627e+01
28386.800000 1.823273e+01
28393.400000 1.769719e+01
28400.100000 1.909832e+01
28406.700000 1.949392e+01
28413.300000 1.988596e+01
28419.900000 2.137319e+01
28426.500000 2.216077e+01
28433.100000 2.245409e+01
28439.700000 2.285909e+01
28446.300000 2.250153e+01
28452.900000 2.200857e+01
28459.600000 2.214511e+01
28466.200000 2.270693e+01
28472.800000 2.285996e+01
28479.400000 2.327967e+01
28486.100000 2.260366e+01
28492.700000 2.176048e+01
28499.300000 2.056320e+01
28505.900000 2.099567e+01
28512.600000 2.069436e+01
28519.200000 2.144410e+01
28525.800000 2.215764e+01
28532.500000 2.239154e+01
28539.100000 2.195780e+01
28545.800000 2.231654e+01
28552.400000 2.208910e+01
28559.000000 2.212913e+01
28565.700000 2.230614e+01
28572.300000 2.232028e+01
28579.000000 2.252515e+01
28585.600000 2.274304e+01
28592.300000 2.270817e+01
28598.900000 2.216065e+01
28605.600000 2.188600e+01
28612.200000 2.125026e+01
28618.900000 2.143905e+01
28625.500000 2.114177e+01
28632.200000 2.101483e+01
28638.900000 2.037984e+01
28645.500000 2.040730e+01
28652.200000 2.095614e+01
28658.800000 2.093627e+01
28665.500000 2.105158e+01
28672.200000 2.166798e+01
28678.800000 2.134654e+01
28685.500000 2.046324e+01
28692.200000 2.081592e+01
28698.900000 2.111983e+01
28705.500000 2.073500e+01
28712.200000 2.035725e+01
28718.900000 1.952343e+01
28725.600000 1.914873e+01
28732.300000 1.894633e+01
28738.900000 1.945654e+01
28745.600000 2.106523e+01
28752.300000 2.248933e+01
28759.000000 2.292596e+01
28765.700000 2.366880e+01
28772.400000 2.372939e+01
28779.100000 2.353790e+01
28785.800000 2.283923e+01
28792.500000 2.287097e+01
28799.200000 2.256076e+01
28805.900000 2.293831e+01
28812.600000 2.253295e+01
28819.300000 2.298951e+01
28826.000000 2.233527e+01
28832.700000 2.171581e+01
28839.400000 2.164717e+01
28846.100000 2.221709e+01
28852.800000 2.236257e+01
28859.500000 2.266329e+01
28866.200000 2.267617e+01
28872.900000 2.207754e+01
28879.700000 2.032195e+01
28886.400000 1.995689e+01
28893.100000 1.884630e+01
28899.800000 1.926806e+01
28906.500000 1.959957e+01
28913.300000 2.126471e+01
28920.000000 2.130079e+01
28926.700000 2.391419e+01
28933.500000 2.501320e+01
28940.200000 2.520918e+01
28946.900000 2.489565e+01
28953.600000 2.397080e+01
28960.400000 2.201374e+01
28967.100000 2.129000e+01
28973.900000 2.152270e+01
28980.600000 2.136360e+01
28987.300000 2.281975e+01
28994.100000 2.353372e+01
29000.800000 2.268362e+01
29007.600000 2.194254e+01
29014.300000 2.186440e+01
29021.100000 2.115954e+01
29027.800000 2.123922e+01
29034.600000 2.199348e+01
29041.300000 2.222015e+01
29048.100000 2.262402e+01
29054.800000 2.237591e+01
29061.600000 2.237473e+01
29068.400000 2.078630e+01
29075.100000 2.186848e+01
29081.900000 2.087945e+01
29088.700000 2.179985e+01
29095.400000 2.297785e+01
29102.200000 2.481101e+01
29109.000000 2.370702e+01
29115.700000 2.495894e+01
29122.500000 2.471687e+01
29129.300000 2.349847e+01
29136.100000 2.221072e+01
29142.800000 2.248361e+01
29149.600000 2.156547e+01
29156.400000 2.112049e+01
29163.200000 2.112833e+01
29170.000000 2.057911e+01
29176.700000 1.870412e+01
29183.500000 1.902764e+01
29190.300000 1.878889e+01
29197.100000 1.881660e+01
29203.900000 2.041749e+01
29210.700000 2.182676e+01
29217.500000 2.187728e+01
29224.300000 2.358650e+01
29231.100000 2.433617e+01
29237.900000 2.434606e+01
29244.700000 2.506694e+01
29251.500000 2.424797e+01
29258.300000 2.259937e+01
29265.100000 2.105217e+01
29271.900000 2.136060e+01
29278.700000 2.127434e+01
29285.500000 2.110687e+01
29292.300000 2.059715e+01
29299.100000 2.118614e+01
29306.000000 2.055274e+01
29312.800000 2.114776e+01
29319.600000 2.091056e+01
29326.400000 2.277467e+01
29333.200000 2.265549e+01
29340.100000 2.364350e+01
29346.900000 2.213227e+01
29353.700000 2.300491e+01
29360.500000 2.181833e+01
29367.400000 2.258432e+01
29374.200000 2.190090e+01
29381.000000 2.244901e+01
29387.900000 2.194536e+01
29394.700000 2.199930e+01
29401.500000 2.149630e+01
29408.400000 2.110199e+01
29415.200000 2.094552e+01
29422.100000 2.179423e+01
29428.900000 2.274765e+01
29435.800000 2.299507e+01
29442.600000 2.227290e+01
29449.500000 2.239170e+01
29456.300000 2.195513e+01
29463.200000 2.098436e+01
29470.000000 2.153782e+01
29476.900000 2.305877e+01
29483.700000 2.306896e+01
29490.600000 2.311189e+01
29497.400000 2.403871e+01
29504.300000 2.394595e+01
29511.200000 2.432939e+01
29518.000000 2.432333e+01
29524.900000 2.482344e+01
29531.800000 2.444537e+01
29538.600000 2.386386e+01
29545.500000 2.156572e+01
29552.400000 2.089894e+01
29559.300000 2.067083e+01
29566.100000 1.891805e+01
29573.000000 1.844814e+01
29579.900000 2.014030e+01
29586.800000 2.091178e+01
29593.700000 2.103815e+01
29600.500000 2.222898e+01
29607.400000 2.298459e+01
29614.300000 2.295740e+01
29621.200000 2.338829e+01
29628.100000 2.350641e+01
29635.000000 2.352356e+01
29641.900000 2.288401e+01
29648.800000 2.204798e+01
29655.700000 2.082497e+01
29662.600000 2.056224e+01
29669.500000 2.057192e+01
29676.400000 2.103742e+01
29683.300000 2.139394e+01
29690.200000 2.208267e+01
29697.100000 2.257905e+01
29704.000000 2.347783e+01
29710.900000 2.277043e+01
29717.800000 2.254715e+01
29724.700000 2.203617e+01
29731.600000 2.139435e+01
29738.600000 2.078805e+01
29745.500000 2.164721e+01
29752.400000 2.167976e+01
29759.300000 2.263530e+01
29766.200000 2.273276e+01
29773.200000 2.335806e+01
29780.100000 2.293475e+01
29787.000000 2.239240e+01
29793.900000 2.294678e+01
29800.900000 2.364187e+01
29807.800000 2.321574e+01
29814.700000 2.407266e+01
29821.700000 2.546445e+01
29828.600000 2.478207e+01
29835.500000 2.345324e+01
29842.500000 2.285022e+01
29849.400000 2.305526e+01
29856.400000 2.324059e+01
29863.300000 2.275087e+01
29870.300000 2.304231e+01
29877.200000 2.249959e+01
29884.200000 2.169946e+01
29891.100000 2.037659e+01
29898.100000 1.888065e+01
29905.000000 2.026423e+01
29912.000000 2.180911e+01
29918.900000 2.235666e+01
29925.900000 2.399211e+01
29932.900000 2.563502e+01
29939.800000 2.521339e+01
29946.800000 2.286084e+01
29953.800000 2.190889e+01
29960.700000 2.095556e+01
29967.700000 2.066601e+01
29974.700000 2.064394e+01
29981.600000 2.287325e+01
29988.600000 2.308889e+01
29995.600000 2.405687e+01
30002.600000 2.469632e+01
30009.500000 2.350504e+01
30016.500000 2.271534e+01
30023.500000 2.265123e+01
30030.500000 2.218247e+01
30037.500000 2.139286e+01
30044.500000 2.156713e+01
30051.500000 2.152012e+01
30058.400000 2.135809e+01
30065.400000 2.220560e+01
30072.400000 2.309617e+01
30079.400000 2.487381e+01
30086.400000 2.617187e+01
30093.400000 2.739155e+01
30100.400000 2.756648e+01
30107.400000 2.757451e+01
30114.400000 2.500467e+01
30121.400000 2.392903e+01
30128.400000 2.278754e+01
30135.400000 2.079578e+01
30142.500000 2.068851e+01
30149.500000 2.198214e+01
30156.500000 2.179377e+01
30163.500000 2.230269e+01
30170.500000 2.349143e+01
30177.500000 2.361377e+01
30184.600000 2.326378e+01
30191.600000 2.329081e+01
30198.600000 2.310346e+01
30205.600000 2.339379e+01
30212.600000 2.390793e+01
30219.700000 2.390252e+01
30226.700000 2.462346e+01
30233.700000 2.401206e+01
30240.800000 2.326951e+01
30247.800000 2.217144e+01
30254.800000 2.264125e+01
30261.900000 2.215387e+01
30268.900000 2.182890e+01
30276.000000 2.182030e+01
30283.000000 2.351538e+01
30290.000000 2.356381e+01
30297.100000 2.450663e+01
30304.100000 2.623673e+01
30311.200000 2.594547e+01
30318.200000 2.543099e+01
30325.300000 2.539773e+01
30332.300000 2.510144e+01
30339.400000 2.354838e+01
30346.500000 2.444462e+01
30353.500000 2.291736e+01
30360.600000 2.271750e+01
30367.600000 2.181955e+01
30374.700000 2.256246e+01
30381.800000 2.228646e+01
30388.800000 2.352937e+01
30395.900000 2.267308e+01
30403.000000 2.283132e+01
30410.100000 2.310604e+01
30417.100000 2.325476e+01
30424.200000 2.339046e+01
30431.300000 2.459186e+01
30438.400000 2.385740e+01
30445.400000 2.343726e+01
30452.500000 2.257860e+01
30459.600000 2.249088e+01
30466.700000 2.203445e+01
30473.800000 2.344558e+01
30480.900000 2.237482e+01
30488.000000 2.309209e+01
30495.000000 2.239297e+01
30502.100000 2.197853e+01
30509.200000 2.119422e+01
30516.300000 2.073925e+01
30523.400000 2.016239e+01
30530.500000 1.953079e+01
30537.600000 2.023225e+01
30544.700000 2.147711e+01
30551.800000 2.391200e+01
30559.000000 2.456634e+01
30566.100000 2.568699e+01
30573.200000 2.613599e+01
30580.300000 2.607481e+01
30587.400000 2.613630e+01
30594.500000 2.625873e+01
30601.600000 2.663147e+01
30608.700000 2.515430e+01
30615.900000 2.417233e+01
30623.000000 2.240397e+01
30630.100000 2.056318e+01
30637.200000 2.022776e+01
30644.400000 2.109467e+01
30651.500000 2.186007e+01
30658.600000 2.251535e+01
30665.800000 2.336981e+01
30672.900000 2.239976e+01
30680.000000 2.368893e+01
30687.200000 2.370223e+01
30694.300000 2.376884e+01
30701.400000 2.451773e+01
30708.600000 2.427067e+01
30715.700000 2.394994e+01
30722.900000 2.368300e+01
30730.000000 2.190232e+01
30737.200000 2.229292e+01
30744.300000 2.459007e+01
30751.500000 2.350147e+01
30758.600000 2.364803e+01
30765.800000 2.597358e+01
30772.900000 2.603538e+01
30780.100000 2.479419e+01
30787.200000 2.512841e+01
30794.400000 2.464671e+01
30801.600000 2.355693e+01
30808.700000 2.309494e+01
30815.900000 2.218324e+01
30823.100000 2.315899e+01
30830.200000 2.233661e+01
30837.400000 2.268459e+01
30844.600000 2.294805e+01
30851.800000 2.462069e+01
30858.900000 2.414600e+01
30866.100000 2.466774e+01
30873.300000 2.469868e+01
30880.500000 2.445444e+01
30887.700000 2.251976e+01
30894.900000 2.229413e+01
30902.000000 2.207939e+01
30909.200000 2.264074e+01
30916.400000 2.303187e+01
30923.600000 2.357858e+01
30930.800000 2.344666e+01
30938.000000 2.412257e+01
30945.200000 2.376301e+01
30952.400000 2.330821e+01
30959.600000 2.379387e+01
30966.800000 2.415216e+01
30974.000000 2.438311e+01
30981.200000 2.423110e+01
30988.400000 2.348694e+01
30995.600000 2.329502e+01
31002.800000 2.323941e+01
31010.000000 2.215289e+01
31017.300000 2.325610e+01
31024.500000 2.377687e+01
31031.700000 2.431575e+01
31038.900000 2.393597e+01
31046.100000 2.474897e+01
31053.300000 2.413590e+01
31060.600000 2.351195e+01
31067.800000 2.385972e+01
31075.000000 2.497191e+01
31082.200000 2.447889e+01
31089.500000 2.425410e+01
31096.700000 2.456216e+01
31103.900000 2.442887e+01
31111.200000 2.373798e+01
31118.400000 2.405512e+01
31125.700000 2.426603e+01
31132.900000 2.418434e+01
31140.100000 2.380571e+01
31147.400000 2.395823e+01
31154.600000 2.503990e+01
31161.900000 2.628877e+01
31169.100000 2.710513e+01
31176.400000 2.813397e+01
31183.600000 2.888338e+01
31190.900000 2.685937e+01
31198.100000 2.597648e+01
31205.400000 2.630421e+01
31212.700000 2.493364e+01
31219.900000 2.461791e+01
31227.200000 2.651226e+01
31234.400000 2.574048e+01
31241.700000 2.453838e+01
31249.000000 2.479486e+01
31256.200000 2.435696e+01
31263.500000 2.330585e+01
31270.800000 2.345859e+01
31278.100000 2.518264e+01
31285.300000 2.571491e+01
31292.600000 2.330356e+01
31299.900000 2.281240e+01
31307.200000 2.388706e+01
31314.500000 2.397517e+01
31321.700000 2.430324e+01
31329.000000 2.644685e+01
31336.300000 2.778149e+01
31343.600000 2.784611e+01
31350.900000 2.770788e+01
31358.200000 2.791748e+01
31365.500000 2.775273e+01
31372.800000 2.584177e+01
31380.100000 2.517872e+01
31387.400000 2.494413e+01
31394.700000 2.443044e+01
31402.000000 2.422614e+01
31409.300000 2.627579e+01
31416.600000 2.598932e+01
31423.900000 2.532423e+01
31431.200000 2.427513e+01
31438.500000 2.422630e+01
31445.800000 2.377990e+01
31453.100000 2.481636e+01
31460.500000 2.435842e+01
31467.800000 2.354398e+01
31475.100000 2.509054e+01
31482.400000 2.616932e+01
31489.700000 2.511941e+01
31497.100000 2.648787e+01
31504.400000 2.758065e+01
31511.700000 2.726340e+01
31519.100000 2.700416e+01
31526.400000 2.654457e+01
31533.700000 2.546597e+01
31541.100000 2.564077e+01
31548.400000 2.430141e+01
31555.700000 2.399189e+01
31563.100000 2.442286e+01
31570.400000 2.414344e+01
31577.800000 2.508870e+01
31585.100000 2.593324e+01
31592.500000 2.592818e+01
31599.800000 2.722851e+01
31607.200000 2.724174e+01
31614.500000 2.652605e+01
31621.900000 2.699184e+01
31629.200000 2.644101e+01
31636.600000 2.672207e+01
31643.900000 2.685150e+01
31651.300000 2.710552e+01
31658.700000 2.704121e+01
31666.000000 2.647600e+01
31673.400000 2.465543e+01
31680.800000 2.641749e+01
31688.100000 2.494655e+01
31695.500000 2.308562e+01
31702.900000 2.377260e+01
31710.200000 2.370212e+01
31717.600000 2.285870e+01
31725.000000 2.307490e+01
31732.400000 2.398382e+01
31739.800000 2.389708e+01
31747.100000 2.441602e+01
31754.500000 2.377498e+01
31761.900000 2.517131e+01
31769.300000 2.426973e+01
31776.700000 2.410676e+01
31784.100000 2.453710e+01
31791.500000 2.428762e+01
31798.900000 2.421339e+01
31806.300000 2.491541e+01
31813.700000 2.518923e+01
31821.100000 2.505214e+01
31828.500000 2.635517e+01
31835.900000 2.554963e+01
31843.300000 2.558152e+01
31850.700000 2.467913e+01
31858.100000 2.508363e+01
31865.500000 2.396498e+01
31872.900000 2.512792e+01
31880.300000 2.542022e+01
31887.800000 2.542020e+01
31895.200000 2.411704e+01
31902.600000 2.407234e+01
31910.000000 2.243512e+01
31917.400000 2.282552e+01
31924.900000 2.383414e+01
31932.300000 2.459835e+01
31939.700000 2.260278e+01
31947.100000 2.448596e+01
31954.600000 2.284802e+01
31962.000000 2.257346e+01
31969.400000 2.240962e+01
31976.900000 2.407914e+01
31984.300000 2.323092e+01
31991.800000 2.354858e+01
31999.200000 2.291854e+01
32006.600000 2.264007e+01
32014.100000 2.340493e+01
32021.500000 2.289007e+01
32029.000000 2.432594e+01
32036.400000 2.586019e+01
32043.900000 2.647246e+01
32051.300000 2.697414e+01
32058.800000 2.745549e+01
32066.300000 2.632020e+01
32073.700000 2.523448e+01
32081.200000 2.521742e+01
32088.600000 2.518460e+01
32096.100000 2.560124e+01
32103.600000 2.686224e+01
32111.000000 2.746492e+01
32118.500000 2.762816e+01
32126.000000 2.628984e+01
32133.400000 2.437332e+01
32140.900000 2.364135e+01
32148.400000 2.393508e+01
32155.900000 2.343386e+01
32163.400000 2.427986e+01
32170.800000 2.567042e+01
32178.300000 2.593841e+01
32185.800000 2.537251e+01
32193.300000 2.494648e+01
32200.800000 2.413215e+01
32208.300000 2.396636e+01
32215.800000 2.372876e+01
32223.300000 2.388933e+01
32230.800000 2.504046e+01
32238.300000 2.547068e+01
32245.800000 2.545043e+01
32253.300000 2.393808e+01
32260.800000 2.366641e+01
32268.300000 2.296474e+01
32275.800000 2.325679e+01
32283.300000 2.356976e+01
32290.800000 2.441290e+01
32298.300000 2.430947e+01
32305.800000 2.307009e+01
32313.300000 2.178984e+01
32320.800000 2.166023e+01
32328.400000 2.263243e+01
32335.900000 2.272689e+01
32343.400000 2.365327e+01
32350.900000 2.425224e+01
32358.500000 2.444561e+01
32366.000000 2.356717e+01
32373.500000 2.258230e+01
32381.000000 2.255195e+01
32388.600000 2.272789e+01
32396.100000 2.147998e+01
32403.600000 2.271888e+01
32411.200000 2.409406e+01
32418.700000 2.493248e+01
32426.300000 2.566510e+01
32433.800000 2.714032e+01
32441.400000 2.593444e+01
32448.900000 2.556010e+01
32456.400000 2.526370e+01
32464.000000 2.391050e+01
32471.600000 2.361541e+01
32479.100000 2.433472e+01
32486.700000 2.450607e+01
32494.200000 2.482314e+01
32501.800000 2.511976e+01
32509.300000 2.542235e+01
32516.900000 2.477794e+01
32524.500000 2.411681e+01
32532.000000 2.399011e+01
32539.600000 2.534826e+01
32547.200000 2.481507e+01
32554.700000 2.573708e+01
32562.300000 2.682782e+01
32569.900000 2.694030e+01
32577.500000 2.547147e+01
32585.000000 2.560933e+01
32592.600000 2.426624e+01
32600.200000 2.302858e+01
32607.800000 2.269767e+01
32615.400000 2.288233e+01
32623.000000 2.250883e+01
32630.500000 2.366329e+01
32638.100000 2.465415e+01
32645.700000 2.504378e+01
32653.300000 2.671067e+01
32660.900000 2.790036e+01
32668.500000 2.886986e+01
32676.100000 2.859876e+01
32683.700000 2.892200e+01
32691.300000 2.846491e+01
32698.900000 2.800988e+01
32706.500000 2.721216e+01
32714.100000 2.746071e+01
32721.800000 2.737325e+01
32729.400000 2.781305e+01
32737.000000 2.775093e+01
32744.600000 2.712015e+01
32752.200000 2.652509e+01
32759.800000 2.550528e+01
32767.400000 2.440416e+01
32775.100000 2.376144e+01
32782.700000 2.389305e+01
32790.300000 2.338117e+01
32797.900000 2.309698e+01
32805.600000 2.318711e+01
32813.200000 2.273913e+01
32820.800000 2.423971e+01
32828.500000 2.518719e+01
32836.100000 2.480979e+01
32843.700000 2.404209e+01
32851.400000 2.504215e+01
32859.000000 2.426598e+01
32866.700000 2.367353e+01
32874.300000 2.444778e+01
32882.000000 2.531841e+01
32889.600000 2.398395e+01
32897.300000 2.547933e+01
32904.900000 2.549814e+01
32912.600000 2.383316e+01
32920.200000 2.462899e+01
32927.900000 2.506472e+01
32935.500000 2.133286e+01
32943.200000 2.194905e+01
32950.900000 2.397888e+01
32958.500000 2.319880e+01
32966.200000 2.448992e+01
32973.900000 2.742780e+01
32981.500000 2.737826e+01
32989.200000 2.662386e+01
32996.900000 2.808176e+01
33004.600000 2.744821e+01
33012.200000 2.656917e+01
33019.900000 2.724721e+01
33027.600000 2.826742e+01
33035.300000 2.665692e+01
33043.000000 2.673138e+01
33050.700000 2.686491e+01
33058.300000 2.530307e+01
33066.000000 2.613717e+01
33073.700000 2.687018e+01
33081.400000 2.643550e+01
33089.100000 2.636474e+01
33096.800000 2.621683e+01
33104.500000 2.460048e+01
33112.200000 2.345840e+01
33119.900000 2.308793e+01
33127.600000 2.269762e+01
33135.300000 2.392147e+01
33143.000000 2.362504e+01
33150.700000 2.316611e+01
33158.500000 2.367906e+01
33166.200000 2.261741e+01
33173.900000 2.192694e+01
33181.600000 2.271433e+01
33189.300000 2.268560e+01
33197.000000 2.229069e+01
33204.800000 2.470074e+01
33212.500000 2.590606e+01
33220.200000 2.548065e+01
33227.900000 2.534156e+01
33235.700000 2.593381e+01
33243.400000 2.641181e+01
33251.100000 2.551372e+01
33258.900000 2.676100e+01
33266.600000 2.702104e+01
33274.300000 2.649789e+01
33282.100000 2.442622e+01
33289.800000 2.457032e+01
33297.600000 2.484415e+01
33305.300000 2.570182e+01
33313.100000 2.639119e+01
33320.800000 2.567236e+01
33328.600000 2.579541e+01
33336.300000 2.310260e+01
33344.100000 2.330899e+01
33351.800000 2.273238e+01
33359.600000 2.390134e+01
33367.300000 2.377063e+01
33375.100000 2.613265e+01
33382.900000 2.586367e+01
33390.600000 2.699081e+01
33398.400000 2.667000e+01
33406.200000 2.588087e+01
33413.900000 2.509291e+01
33421.700000 2.515987e+01
33429.500000 2.525568e+01
33437.300000 2.617543e+01
33445.000000 2.729566e+01
33452.800000 2.645556e+01
33460.600000 2.605354e+01
33468.400000 2.484199e+01
33476.200000 2.409079e+01
33484.000000 2.362998e+01
33491.800000 2.554726e+01
33499.500000 2.583330e+01
33507.300000 2.587783e+01
33515.100000 2.620655e+01
33522.900000 2.677284e+01
33530.700000 2.631403e+01
33538.500000 2.671678e+01
33546.300000 2.682794e+01
33554.100000 2.663545e+01
33561.900000 2.784869e+01
33569.700000 2.761062e+01
33577.600000 2.857427e+01
33585.400000 2.918033e+01
33593.200000 2.823628e+01
33601.000000 2.495551e+01
33608.800000 2.566335e+01
33616.600000 2.548877e+01
33624.400000 2.667015e+01
33632.300000 2.772537e+01
33640.100000 3.117075e+01
33647.900000 2.921925e+01
33655.700000 2.881375e+01
33663.600000 2.740331e+01
33671.400000 2.806225e+01
33679.200000 2.747096e+01
33687.100000 2.804606e+01
33694.900000 2.805158e+01
33702.700000 2.840458e+01
33710.600000 2.854610e+01
33718.400000 2.691370e+01
33726.300000 2.825735e+01
33734.100000 2.797608e+01
33742.000000 2.787857e+01
33749.800000 2.701108e+01
33757.700000 2.657521e+01
33765.500000 2.583256e+01
33773.400000 2.657340e+01
33781.200000 2.757710e+01
33789.100000 2.750176e+01
33796.900000 2.922467e+01
33804.800000 2.957491e+01
33812.700000 3.017781e+01
33820.500000 2.852552e+01
33828.400000 2.947403e+01
33836.300000 2.917724e+01
33844.100000 2.832834e+01
33852.000000 2.508350e+01
33859.900000 2.619308e+01
33867.800000 2.605134e+01
33875.600000 2.557932e+01
33883.500000 2.510354e+01
33891.400000 2.586560e+01
33899.300000 2.609359e+01
33907.200000 2.638454e+01
33915.100000 2.729986e+01
33923.000000 2.849477e+01
33930.800000 2.915277e+01
33938.700000 2.892638e+01
33946.600000 2.905850e+01
33954.500000 2.886422e+01
33962.400000 3.034015e+01
33970.300000 2.998834e+01
33978.200000 2.996440e+01
33986.100000 2.990034e+01
33994.000000 2.984118e+01
34001.900000 2.858611e+01
34009.900000 2.880233e+01
34017.800000 2.819105e+01
34025.700000 2.711462e+01
34033.600000 2.604500e+01
34041.500000 2.319575e+01
34049.400000 2.385424e+01
34057.300000 2.481269e+01
34065.300000 2.558566e+01
34073.200000 2.388435e+01
34081.100000 2.517928e+01
34089.100000 2.486045e+01
34097.000000 2.357916e+01
34104.900000 2.346723e+01
34112.800000 2.572063e+01
34120.800000 2.722198e+01
34128.700000 2.605865e+01
34136.700000 2.700589e+01
34144.600000 2.704421e+01
34152.500000 2.713865e+01
34160.500000 2.648973e+01
34168.400000 2.509349e+01
34176.400000 2.333625e+01
34184.300000 2.225729e+01
34192.300000 2.318390e+01
34200.200000 2.444264e+01
34208.200000 2.794896e+01
34216.100000 2.846498e+01
34224.100000 2.727210e+01
34232.100000 2.644253e+01
34240.000000 2.418921e+01
34248.000000 2.376955e+01
34256.000000 2.493798e+01
34263.900000 2.737142e+01
34271.900000 2.735430e+01
34279.900000 2.840587e+01
34287.800000 2.870394e+01
34295.800000 2.688705e+01
34303.800000 2.540997e+01
34311.800000 2.441092e+01
34319.800000 2.468998e+01
34327.700000 2.482850e+01
34335.700000 2.718243e+01
34343.700000 2.726292e+01
34351.700000 2.795946e+01
34359.700000 2.834304e+01
34367.700000 2.827522e+01
34375.700000 2.818033e+01
34383.700000 2.830547e+01
34391.700000 2.934545e+01
34399.700000 3.040141e+01
34407.700000 3.054081e+01
34415.700000 2.974047e+01
34423.700000 3.188702e+01
34431.700000 3.090966e+01
34439.700000 3.073365e+01
34447.700000 2.890997e+01
34455.700000 2.972039e+01
34463.800000 2.919160e+01
34471.800000 2.951481e+01
34479.800000 2.757213e+01
34487.800000 2.949219e+01
34495.800000 2.876936e+01
34503.900000 2.530391e+01
34511.900000 2.480840e+01
34519.900000 2.577807e+01
34527.900000 2.435568e+01
34536.000000 2.494888e+01
34544.000000 2.729918e+01
34552.000000 2.850494e+01
34560.100000 2.748100e+01
34568.100000 2.732567e+01
34576.200000 2.677612e+01
34584.200000 2.821729e+01
34592.200000 2.743933e+01
34600.300000 2.873107e+01
34608.300000 2.724409e+01
34616.400000 3.058800e+01
34624.400000 3.101179e+01
34632.500000 2.981442e+01
34640.600000 2.863459e+01
34648.600000 3.087073e+01
34656.700000 2.716770e+01
34664.700000 2.620446e+01
34672.800000 2.782624e+01
34680.900000 2.762410e+01
34688.900000 2.694656e+01
34697.000000 2.912101e+01
34705.100000 2.884995e+01
34713.100000 2.906045e+01
34721.200000 2.943681e+01
34729.300000 3.008361e+01
34737.400000 2.735120e+01
34745.500000 2.386336e+01
34753.500000 2.248157e+01
34761.600000 2.253456e+01
34769.700000 2.115317e+01
34777.800000 2.152565e+01
34785.900000 2.572410e+01
34794.000000 2.549194e+01
34802.100000 2.433566e+01
34810.200000 2.368382e+01
34818.300000 2.294376e+01
34826.400000 2.139170e+01
34834.500000 2.171056e+01
34842.600000 2.340420e+01
34850.700000 2.586459e+01
34858.800000 2.970456e+01
34866.900000 3.015657e+01
34875.000000 2.800856e+01
34883.100000 2.825775e+01
34891.200000 2.775567e+01
34899.300000 2.534171e+01
34907.500000 2.395041e+01
34915.600000 2.719300e+01
34923.700000 2.688999e+01
34931.800000 2.772038e+01
34940.000000 2.864541e+01
34948.100000 3.154319e+01
34956.200000 2.917670e+01
34964.300000 2.740530e+01
34972.500000 2.771589e+01
34980.600000 2.699674e+01
34988.800000 2.305850e+01
34996.900000 2.397510e+01
35005.000000 2.021794e+01
35013.200000 1.365430e+01
35021.300000 1.213282e+01
35029.500000 1.156395e+01
35037.600000 1.058439e+01
35045.800000 1.346976e+01
35053.900000 1.347599e+01
35062.100000 9.130601e+00
35070.200000 1.045588e+01
35078.400000 1.046394e+01
35086.500000 1.363163e+01
35094.700000 1.925475e+01
35102.900000 2.138279e+01
35111.000000 1.744619e+01
35119.200000 1.380691e+01
35127.400000 1.175504e+01
35135.500000 9.523275e+00
35143.700000 1.056508e+01
35151.900000 1.538018e+01
35160.100000 2.016420e+01
35168.200000 2.148742e+01
35176.400000 2.420746e+01
35184.600000 2.502959e+01
35192.800000 3.058126e+01
35201.000000 1.991616e+01
